[KC] Starting: C:/Users/15041/.openclaw/workspace/kill-chain-sim/src/sim/kill_chain_np_multi.txt
[KC] Output EVT: C:\Users\15041\.openclaw\workspace\kill-chain-sim\output\kill_chain_np_multi.evt

[DECISION] t=300.0s | tracks=2 | weapons=6 available
  track 2 (ASM, d=2.6km, v=0m/s) -> threat=101.38
  track 4 (ASM, d=3.6km, v=0m/s) -> threat=101.28
    -> FIRE:aim120_sim_1:2
    -> FIRE:aim120_sim_2:4
  [FIRE] FIRE:aim120_sim_1:radar1:2
  [FIRE] FIRE:aim120_sim_2:radar1:4
  [RETRY] weapon aim120_sim_1 failed, will retry next frame
  [RETRY] weapon aim120_sim_2 failed, will retry next frame
  [ACK] No weapons confirmed fired, may retry next frame

[DECISION] t=0.5s | tracks=2 | weapons=6 available
  track 2 (ASM, d=2.6km, v=0m/s) -> threat=101.38
  track 4 (ASM, d=3.6km, v=0m/s) -> threat=101.28
    -> FIRE:aim120_sim_1:2
    -> FIRE:aim120_sim_2:4
  [FIRE] FIRE:aim120_sim_1:radar1:2
  [FIRE] FIRE:aim120_sim_2:radar1:4
  [ACK] Timeout, retrying (1/2)...
  [ACK] Timeout, retrying (2/2)...
  [ACK] No ACK after 3 attempts, continuing...

[DECISION] t=24.9s | tracks=2 | weapons=4 available
  track 2 (ASM, d=2.6km, v=0m/s) -> threat=101.38
  track 4 (ASM, d=3.6km, v=0m/s) -> threat=101.28
    -> FIRE:aim120_sim_3:2
    -> FIRE:aim120_sim_4:4
  [FIRE] FIRE:aim120_sim_3:radar1:2
  [FIRE] FIRE:aim120_sim_4:radar1:4
  [CONFIRMED] weapon aim120_sim_3 fired OK
  [RETRY] weapon aim120_sim_4 failed, will retry next frame

[DECISION] t=25.3s | tracks=2 | weapons=3 available
  track 2 (ASM, d=2.6km, v=0m/s) -> threat=101.38
  track 4 (ASM, d=3.6km, v=0m/s) -> threat=101.28
    -> FIRE:aim120_sim_4:2
    -> FIRE:aim120_sim_5:4
  [FIRE] FIRE:aim120_sim_4:radar1:2
  [FIRE] FIRE:aim120_sim_5:radar1:4
  [CONFIRMED] weapon aim120_sim_4 fired OK
  [RETRY] weapon aim120_sim_5 failed, will retry next frame

[DECISION] t=25.5s | tracks=2 | weapons=2 available
  track 2 (ASM, d=2.6km, v=0m/s) -> threat=101.38
  track 4 (ASM, d=3.6km, v=0m/s) -> threat=101.28
    -> FIRE:aim120_sim_5:2
    -> FIRE:aim120_sim_6:4
  [FIRE] FIRE:aim120_sim_5:radar1:2
  [FIRE] FIRE:aim120_sim_6:radar1:4
  [ACK] Timeout, retrying (1/2)...
  [ACK] Timeout, retrying (2/2)...
  [ACK] No ACK after 3 attempts, continuing...
  [WEAPON_FIRED] 00:00:25.5 WEAPON_FIRED radar1 asm1 radar1_aim120_sim_3_1 Engagement: 1 Start_Time: 00:00:25.5   Launch: LLA: 38:04:06.0
  [WEAPON_FIRED] 00:00:25.9 WEAPON_FIRED radar1 asm1 radar1_aim120_sim_4_1 Engagement: 2 Start_Time: 00:00:25.9   Launch: LLA: 38:04:06.0
  [KILLED] 00:00:34.7 WEAPON_HIT radar1 asm1 radar1_aim120_sim_3_1 Engagement: 1 Start_Time: 00:00:25.5   Intercept_Pk: 1 Pk_Degrad

[DECISION] t=39.5s | tracks=2 | weapons=0 available
  track 2 (ASM, d=2.6km, v=0m/s) -> threat=101.38
  track 4 (ASM, d=3.6km, v=0m/s) -> threat=101.28

[DECISION] t=39.7s | tracks=2 | weapons=0 available
  track 2 (ASM, d=2.6km, v=0m/s) -> threat=101.38
  track 4 (ASM, d=3.6km, v=0m/s) -> threat=101.28

[DECISION] t=40.0s | tracks=2 | weapons=0 available
  track 2 (ASM, d=2.6km, v=0m/s) -> threat=101.38
  track 4 (ASM, d=3.6km, v=0m/s) -> threat=101.28

[DECISION] t=40.2s | tracks=2 | weapons=0 available
  track 2 (ASM, d=2.6km, v=0m/s) -> threat=101.38
  track 4 (ASM, d=3.6km, v=0m/s) -> threat=101.28

[DECISION] t=40.4s | tracks=2 | weapons=0 available
  track 2 (ASM, d=2.6km, v=0m/s) -> threat=101.38
  track 4 (ASM, d=3.6km, v=0m/s) -> threat=101.28

[DECISION] t=40.6s | tracks=2 | weapons=0 available
  track 2 (ASM, d=2.6km, v=0m/s) -> threat=101.38
  track 4 (ASM, d=3.6km, v=0m/s) -> threat=101.28

[DECISION] t=40.8s | tracks=2 | weapons=0 available
  track 2 (ASM, d=2.6km, v=0m/s) -> threat=101.38
  track 4 (ASM, d=3.6km, v=0m/s) -> threat=101.28

[DECISION] t=41.0s | tracks=2 | weapons=0 available
  track 2 (ASM, d=2.6km, v=0m/s) -> threat=101.38
  track 4 (ASM, d=3.6km, v=0m/s) -> threat=101.28

[DECISION] t=41.2s | tracks=2 | weapons=0 available
  track 2 (ASM, d=2.6km, v=0m/s) -> threat=101.38
  track 4 (ASM, d=3.6km, v=0m/s) -> threat=101.28

[DECISION] t=41.5s | tracks=2 | weapons=0 available
  track 2 (ASM, d=2.6km, v=0m/s) -> threat=101.38
  track 4 (ASM, d=3.6km, v=0m/s) -> threat=101.28

[DECISION] t=41.6s | tracks=2 | weapons=0 available
  track 2 (ASM, d=2.6km, v=0m/s) -> threat=101.38
  track 4 (ASM, d=3.6km, v=0m/s) -> threat=101.28

[DECISION] t=41.8s | tracks=2 | weapons=0 available
  track 2 (ASM, d=2.6km, v=0m/s) -> threat=101.38
  track 4 (ASM, d=3.6km, v=0m/s) -> threat=101.28

[DECISION] t=42.0s | tracks=2 | weapons=0 available
  track 2 (ASM, d=2.6km, v=0m/s) -> threat=101.38
  track 4 (ASM, d=3.6km, v=0m/s) -> threat=101.28

[DECISION] t=42.2s | tracks=2 | weapons=0 available
  track 2 (ASM, d=2.6km, v=0m/s) -> threat=101.38
  track 4 (ASM, d=3.6km, v=0m/s) -> threat=101.28

[DECISION] t=42.3s | tracks=2 | weapons=0 available
  track 2 (ASM, d=2.6km, v=0m/s) -> threat=101.38
  track 4 (ASM, d=3.6km, v=0m/s) -> threat=101.28

[DECISION] t=42.4s | tracks=2 | weapons=0 available
  track 2 (ASM, d=2.6km, v=0m/s) -> threat=101.38
  track 4 (ASM, d=3.6km, v=0m/s) -> threat=101.28

[DECISION] t=42.6s | tracks=2 | weapons=0 available
  track 2 (ASM, d=2.6km, v=0m/s) -> threat=101.38
  track 4 (ASM, d=3.6km, v=0m/s) -> threat=101.28

[DECISION] t=42.7s | tracks=2 | weapons=0 available
  track 2 (ASM, d=2.6km, v=0m/s) -> threat=101.38
  track 4 (ASM, d=3.6km, v=0m/s) -> threat=101.28

[DECISION] t=43.0s | tracks=2 | weapons=0 available
  track 2 (ASM, d=2.6km, v=0m/s) -> threat=101.38
  track 4 (ASM, d=3.6km, v=0m/s) -> threat=101.28

[DECISION] t=43.2s | tracks=2 | weapons=0 available
  track 2 (ASM, d=2.6km, v=0m/s) -> threat=101.38
  track 4 (ASM, d=3.6km, v=0m/s) -> threat=101.28

[DECISION] t=43.4s | tracks=2 | weapons=0 available
  track 2 (ASM, d=2.6km, v=0m/s) -> threat=101.38
  track 4 (ASM, d=3.6km, v=0m/s) -> threat=101.28

[DECISION] t=43.6s | tracks=2 | weapons=0 available
  track 2 (ASM, d=2.6km, v=0m/s) -> threat=101.38
  track 4 (ASM, d=3.6km, v=0m/s) -> threat=101.28

[DECISION] t=43.8s | tracks=2 | weapons=0 available
  track 2 (ASM, d=2.6km, v=0m/s) -> threat=101.38
  track 4 (ASM, d=3.6km, v=0m/s) -> threat=101.28

[DECISION] t=44.0s | tracks=2 | weapons=0 available
  track 2 (ASM, d=2.6km, v=0m/s) -> threat=101.38
  track 4 (ASM, d=3.6km, v=0m/s) -> threat=101.28

[DECISION] t=44.3s | tracks=2 | weapons=0 available
  track 2 (ASM, d=2.6km, v=0m/s) -> threat=101.38
  track 4 (ASM, d=3.6km, v=0m/s) -> threat=101.28

[DECISION] t=0.0s | tracks=2 | weapons=0 available
  track 2 (ASM, d=2.6km, v=0m/s) -> threat=101.38
  track 4 (ASM, d=3.6km, v=0m/s) -> threat=101.28

[DECISION] t=0.0s | tracks=2 | weapons=0 available
  track 2 (ASM, d=2.6km, v=0m/s) -> threat=101.38
  track 4 (ASM, d=3.6km, v=0m/s) -> threat=101.28

[DECISION] t=45.1s | tracks=2 | weapons=0 available
  track 2 (ASM, d=2.6km, v=0m/s) -> threat=101.38
  track 4 (ASM, d=3.6km, v=0m/s) -> threat=101.28

[DECISION] t=0.0s | tracks=2 | weapons=0 available
  track 2 (ASM, d=2.6km, v=0m/s) -> threat=101.38
  track 4 (ASM, d=3.6km, v=0m/s) -> threat=101.28

[DECISION] t=0.0s | tracks=2 | weapons=0 available
  track 2 (ASM, d=2.6km, v=0m/s) -> threat=101.38
  track 4 (ASM, d=3.6km, v=0m/s) -> threat=101.28

[DECISION] t=45.8s | tracks=2 | weapons=0 available
  track 2 (ASM, d=2.6km, v=0m/s) -> threat=101.38
  track 4 (ASM, d=3.6km, v=0m/s) -> threat=101.28

[DECISION] t=46.1s | tracks=2 | weapons=0 available
  track 2 (ASM, d=2.6km, v=0m/s) -> threat=101.38
  track 4 (ASM, d=3.6km, v=0m/s) -> threat=101.28

[DECISION] t=0.0s | tracks=2 | weapons=0 available
  track 2 (ASM, d=2.6km, v=0m/s) -> threat=101.38
  track 4 (ASM, d=3.6km, v=0m/s) -> threat=101.28

[DECISION] t=46.5s | tracks=2 | weapons=0 available
  track 2 (ASM, d=2.6km, v=0m/s) -> threat=101.38
  track 4 (ASM, d=3.6km, v=0m/s) -> threat=101.28

[DECISION] t=46.8s | tracks=2 | weapons=0 available
  track 2 (ASM, d=2.6km, v=0m/s) -> threat=101.38
  track 4 (ASM, d=3.6km, v=0m/s) -> threat=101.28

[DECISION] t=46.9s | tracks=2 | weapons=0 available
  track 2 (ASM, d=2.6km, v=0m/s) -> threat=101.38
  track 4 (ASM, d=3.6km, v=0m/s) -> threat=101.28

[DECISION] t=47.1s | tracks=2 | weapons=0 available
  track 2 (ASM, d=2.6km, v=0m/s) -> threat=101.38
  track 4 (ASM, d=3.6km, v=0m/s) -> threat=101.28

[DECISION] t=47.2s | tracks=2 | weapons=0 available
  track 2 (ASM, d=2.6km, v=0m/s) -> threat=101.38
  track 4 (ASM, d=3.6km, v=0m/s) -> threat=101.28

[DECISION] t=47.5s | tracks=2 | weapons=0 available
  track 2 (ASM, d=2.6km, v=0m/s) -> threat=101.38
  track 4 (ASM, d=3.6km, v=0m/s) -> threat=101.28

[DECISION] t=47.8s | tracks=2 | weapons=0 available
  track 2 (ASM, d=2.6km, v=0m/s) -> threat=101.38
  track 4 (ASM, d=3.6km, v=0m/s) -> threat=101.28

[DECISION] t=47.9s | tracks=2 | weapons=0 available
  track 2 (ASM, d=2.6km, v=0m/s) -> threat=101.38
  track 4 (ASM, d=3.6km, v=0m/s) -> threat=101.28

[DECISION] t=48.1s | tracks=2 | weapons=0 available
  track 2 (ASM, d=2.6km, v=0m/s) -> threat=101.38
  track 4 (ASM, d=3.6km, v=0m/s) -> threat=101.28

[DECISION] t=48.4s | tracks=2 | weapons=0 available
  track 2 (ASM, d=2.6km, v=0m/s) -> threat=101.38
  track 4 (ASM, d=3.6km, v=0m/s) -> threat=101.28

[DECISION] t=48.6s | tracks=2 | weapons=0 available
  track 2 (ASM, d=2.6km, v=0m/s) -> threat=101.38
  track 4 (ASM, d=3.6km, v=0m/s) -> threat=101.28

[DECISION] t=0.0s | tracks=2 | weapons=0 available
  track 2 (ASM, d=2.6km, v=0m/s) -> threat=101.38
  track 4 (ASM, d=3.6km, v=0m/s) -> threat=101.28

[DECISION] t=48.9s | tracks=2 | weapons=0 available
  track 2 (ASM, d=2.6km, v=0m/s) -> threat=101.38
  track 4 (ASM, d=3.6km, v=0m/s) -> threat=101.28

[DECISION] t=49.2s | tracks=2 | weapons=0 available
  track 2 (ASM, d=2.6km, v=0m/s) -> threat=101.38
  track 4 (ASM, d=3.6km, v=0m/s) -> threat=101.28

[DECISION] t=49.3s | tracks=2 | weapons=0 available
  track 2 (ASM, d=2.6km, v=0m/s) -> threat=101.38
  track 4 (ASM, d=3.6km, v=0m/s) -> threat=101.28

[DECISION] t=49.4s | tracks=2 | weapons=0 available
  track 2 (ASM, d=2.6km, v=0m/s) -> threat=101.38
  track 4 (ASM, d=3.6km, v=0m/s) -> threat=101.28

[DECISION] t=49.7s | tracks=2 | weapons=0 available
  track 2 (ASM, d=2.6km, v=0m/s) -> threat=101.38
  track 4 (ASM, d=3.6km, v=0m/s) -> threat=101.28

[DECISION] t=49.9s | tracks=2 | weapons=0 available
  track 2 (ASM, d=2.6km, v=0m/s) -> threat=101.38
  track 4 (ASM, d=3.6km, v=0m/s) -> threat=101.28

[DECISION] t=50.1s | tracks=2 | weapons=0 available
  track 2 (ASM, d=2.6km, v=0m/s) -> threat=101.38
  track 4 (ASM, d=3.6km, v=0m/s) -> threat=101.28

[DECISION] t=50.4s | tracks=2 | weapons=0 available
  track 2 (ASM, d=2.6km, v=0m/s) -> threat=101.38
  track 4 (ASM, d=3.6km, v=0m/s) -> threat=101.28

[DECISION] t=50.5s | tracks=2 | weapons=0 available
  track 2 (ASM, d=2.6km, v=0m/s) -> threat=101.38
  track 4 (ASM, d=3.6km, v=0m/s) -> threat=101.28

[DECISION] t=50.7s | tracks=2 | weapons=0 available
  track 2 (ASM, d=2.6km, v=0m/s) -> threat=101.38
  track 4 (ASM, d=3.6km, v=0m/s) -> threat=101.28

[DECISION] t=50.7s | tracks=2 | weapons=0 available
  track 2 (ASM, d=2.6km, v=0m/s) -> threat=101.38
  track 4 (ASM, d=3.6km, v=0m/s) -> threat=101.28

[DECISION] t=50.9s | tracks=2 | weapons=0 available
  track 2 (ASM, d=2.6km, v=0m/s) -> threat=101.38
  track 4 (ASM, d=3.6km, v=0m/s) -> threat=101.28

[DECISION] t=51.1s | tracks=2 | weapons=0 available
  track 2 (ASM, d=2.6km, v=0m/s) -> threat=101.38
  track 4 (ASM, d=3.6km, v=0m/s) -> threat=101.28

[DECISION] t=51.4s | tracks=2 | weapons=0 available
  track 2 (ASM, d=2.6km, v=0m/s) -> threat=101.38
  track 4 (ASM, d=3.6km, v=0m/s) -> threat=101.28

[DECISION] t=51.5s | tracks=2 | weapons=0 available
  track 2 (ASM, d=2.6km, v=0m/s) -> threat=101.38
  track 4 (ASM, d=3.6km, v=0m/s) -> threat=101.28

[DECISION] t=51.6s | tracks=2 | weapons=0 available
  track 2 (ASM, d=2.6km, v=0m/s) -> threat=101.38
  track 4 (ASM, d=3.6km, v=0m/s) -> threat=101.28

[DECISION] t=51.9s | tracks=2 | weapons=0 available
  track 2 (ASM, d=2.6km, v=0m/s) -> threat=101.38
  track 4 (ASM, d=3.6km, v=0m/s) -> threat=101.28

[DECISION] t=52.0s | tracks=2 | weapons=0 available
  track 2 (ASM, d=2.6km, v=0m/s) -> threat=101.38
  track 4 (ASM, d=3.6km, v=0m/s) -> threat=101.28

[DECISION] t=52.2s | tracks=2 | weapons=0 available
  track 2 (ASM, d=2.6km, v=0m/s) -> threat=101.38
  track 4 (ASM, d=3.6km, v=0m/s) -> threat=101.28

[DECISION] t=52.4s | tracks=2 | weapons=0 available
  track 2 (ASM, d=2.6km, v=0m/s) -> threat=101.38
  track 4 (ASM, d=3.6km, v=0m/s) -> threat=101.28

[DECISION] t=0.0s | tracks=2 | weapons=0 available
  track 2 (ASM, d=2.6km, v=0m/s) -> threat=101.38
  track 4 (ASM, d=3.6km, v=0m/s) -> threat=101.28

[DECISION] t=53.0s | tracks=2 | weapons=0 available
  track 2 (ASM, d=2.6km, v=0m/s) -> threat=101.38
  track 4 (ASM, d=3.6km, v=0m/s) -> threat=101.28

[DECISION] t=53.1s | tracks=2 | weapons=0 available
  track 2 (ASM, d=2.6km, v=0m/s) -> threat=101.38
  track 4 (ASM, d=3.6km, v=0m/s) -> threat=101.28

[DECISION] t=53.3s | tracks=2 | weapons=0 available
  track 2 (ASM, d=2.6km, v=0m/s) -> threat=101.38
  track 4 (ASM, d=3.6km, v=0m/s) -> threat=101.28

[DECISION] t=53.5s | tracks=2 | weapons=0 available
  track 2 (ASM, d=2.6km, v=0m/s) -> threat=101.38
  track 4 (ASM, d=3.6km, v=0m/s) -> threat=101.28

[DECISION] t=53.7s | tracks=2 | weapons=0 available
  track 2 (ASM, d=2.6km, v=0m/s) -> threat=101.38
  track 4 (ASM, d=3.6km, v=0m/s) -> threat=101.28

[DECISION] t=53.8s | tracks=2 | weapons=0 available
  track 2 (ASM, d=2.6km, v=0m/s) -> threat=101.38
  track 4 (ASM, d=3.6km, v=0m/s) -> threat=101.28

[DECISION] t=0.0s | tracks=2 | weapons=0 available
  track 2 (ASM, d=2.6km, v=0m/s) -> threat=101.38
  track 4 (ASM, d=3.6km, v=0m/s) -> threat=101.28

[DECISION] t=54.1s | tracks=2 | weapons=0 available
  track 2 (ASM, d=2.6km, v=0m/s) -> threat=101.38
  track 4 (ASM, d=3.6km, v=0m/s) -> threat=101.28

[DECISION] t=54.5s | tracks=2 | weapons=0 available
  track 2 (ASM, d=2.6km, v=0m/s) -> threat=101.38
  track 4 (ASM, d=3.6km, v=0m/s) -> threat=101.28

[DECISION] t=0.0s | tracks=2 | weapons=0 available
  track 2 (ASM, d=2.6km, v=0m/s) -> threat=101.38
  track 4 (ASM, d=3.6km, v=0m/s) -> threat=101.28

[DECISION] t=54.7s | tracks=2 | weapons=0 available
  track 2 (ASM, d=2.6km, v=0m/s) -> threat=101.38
  track 4 (ASM, d=3.6km, v=0m/s) -> threat=101.28

[DECISION] t=0.0s | tracks=2 | weapons=0 available
  track 2 (ASM, d=2.6km, v=0m/s) -> threat=101.38
  track 4 (ASM, d=3.6km, v=0m/s) -> threat=101.28

[DECISION] t=55.2s | tracks=2 | weapons=0 available
  track 2 (ASM, d=2.6km, v=0m/s) -> threat=101.38
  track 4 (ASM, d=3.6km, v=0m/s) -> threat=101.28

[DECISION] t=55.3s | tracks=2 | weapons=0 available
  track 2 (ASM, d=2.6km, v=0m/s) -> threat=101.38
  track 4 (ASM, d=3.6km, v=0m/s) -> threat=101.28

[DECISION] t=55.5s | tracks=2 | weapons=0 available
  track 2 (ASM, d=2.6km, v=0m/s) -> threat=101.38
  track 4 (ASM, d=3.6km, v=0m/s) -> threat=101.28

[DECISION] t=55.9s | tracks=2 | weapons=0 available
  track 2 (ASM, d=2.6km, v=0m/s) -> threat=101.38
  track 4 (ASM, d=3.6km, v=0m/s) -> threat=101.28

[DECISION] t=56.1s | tracks=2 | weapons=0 available
  track 2 (ASM, d=2.6km, v=0m/s) -> threat=101.38
  track 4 (ASM, d=3.6km, v=0m/s) -> threat=101.28

[DECISION] t=56.3s | tracks=2 | weapons=0 available
  track 2 (ASM, d=2.6km, v=0m/s) -> threat=101.38
  track 4 (ASM, d=3.6km, v=0m/s) -> threat=101.28

[DECISION] t=56.5s | tracks=2 | weapons=0 available
  track 2 (ASM, d=2.6km, v=0m/s) -> threat=101.38
  track 4 (ASM, d=3.6km, v=0m/s) -> threat=101.28

[DECISION] t=56.7s | tracks=2 | weapons=0 available
  track 2 (ASM, d=2.6km, v=0m/s) -> threat=101.38
  track 4 (ASM, d=3.6km, v=0m/s) -> threat=101.28

[DECISION] t=56.9s | tracks=2 | weapons=0 available
  track 2 (ASM, d=2.6km, v=0m/s) -> threat=101.38
  track 4 (ASM, d=3.6km, v=0m/s) -> threat=101.28

[DECISION] t=57.0s | tracks=2 | weapons=0 available
  track 2 (ASM, d=2.6km, v=0m/s) -> threat=101.38
  track 4 (ASM, d=3.6km, v=0m/s) -> threat=101.28

[DECISION] t=57.2s | tracks=2 | weapons=0 available
  track 2 (ASM, d=2.6km, v=0m/s) -> threat=101.38
  track 4 (ASM, d=3.6km, v=0m/s) -> threat=101.28

[DECISION] t=0.0s | tracks=2 | weapons=0 available
  track 2 (ASM, d=2.6km, v=0m/s) -> threat=101.38
  track 4 (ASM, d=3.6km, v=0m/s) -> threat=101.28

[DECISION] t=57.5s | tracks=2 | weapons=0 available
  track 2 (ASM, d=2.6km, v=0m/s) -> threat=101.38
  track 4 (ASM, d=3.6km, v=0m/s) -> threat=101.28

[DECISION] t=0.0s | tracks=2 | weapons=0 available
  track 2 (ASM, d=2.6km, v=0m/s) -> threat=101.38
  track 4 (ASM, d=3.6km, v=0m/s) -> threat=101.28

[DECISION] t=57.8s | tracks=2 | weapons=0 available
  track 2 (ASM, d=2.6km, v=0m/s) -> threat=101.38
  track 4 (ASM, d=3.6km, v=0m/s) -> threat=101.28

[DECISION] t=58.0s | tracks=2 | weapons=0 available
  track 2 (ASM, d=2.6km, v=0m/s) -> threat=101.38
  track 4 (ASM, d=3.6km, v=0m/s) -> threat=101.28

[DECISION] t=59.0s | tracks=2 | weapons=0 available
  track 2 (ASM, d=2.6km, v=0m/s) -> threat=101.38
  track 4 (ASM, d=3.6km, v=0m/s) -> threat=101.28

[DECISION] t=59.1s | tracks=2 | weapons=0 available
  track 2 (ASM, d=2.6km, v=0m/s) -> threat=101.38
  track 4 (ASM, d=3.6km, v=0m/s) -> threat=101.28

[DECISION] t=59.3s | tracks=2 | weapons=0 available
  track 2 (ASM, d=2.6km, v=0m/s) -> threat=101.38
  track 4 (ASM, d=3.6km, v=0m/s) -> threat=101.28

[DECISION] t=59.5s | tracks=2 | weapons=0 available
  track 2 (ASM, d=2.6km, v=0m/s) -> threat=101.38
  track 4 (ASM, d=3.6km, v=0m/s) -> threat=101.28

[DECISION] t=59.7s | tracks=2 | weapons=0 available
  track 2 (ASM, d=2.6km, v=0m/s) -> threat=101.38
  track 4 (ASM, d=3.6km, v=0m/s) -> threat=101.28

[DECISION] t=60.0s | tracks=2 | weapons=0 available
  track 2 (ASM, d=2.6km, v=0m/s) -> threat=101.38
  track 4 (ASM, d=3.6km, v=0m/s) -> threat=101.28

[DECISION] t=60.2s | tracks=3 | weapons=0 available
  track 6 (FIGHTER, d=9.1km, v=300m/s) -> threat=150.81
  track 2 (ASM, d=2.6km, v=0m/s) -> threat=101.38
  track 4 (ASM, d=3.6km, v=0m/s) -> threat=101.28

[DECISION] t=60.5s | tracks=3 | weapons=0 available
  track 6 (FIGHTER, d=9.1km, v=300m/s) -> threat=150.81
  track 2 (ASM, d=2.6km, v=0m/s) -> threat=101.38
  track 4 (ASM, d=3.6km, v=0m/s) -> threat=101.28

[DECISION] t=60.6s | tracks=3 | weapons=0 available
  track 6 (FIGHTER, d=8.9km, v=300m/s) -> threat=150.81
  track 2 (ASM, d=2.6km, v=0m/s) -> threat=101.38
  track 4 (ASM, d=3.6km, v=0m/s) -> threat=101.28

[DECISION] t=60.8s | tracks=3 | weapons=0 available
  track 6 (FIGHTER, d=8.9km, v=300m/s) -> threat=150.81
  track 2 (ASM, d=2.6km, v=0m/s) -> threat=101.38
  track 4 (ASM, d=3.6km, v=0m/s) -> threat=101.28

[DECISION] t=61.0s | tracks=3 | weapons=0 available
  track 6 (FIGHTER, d=8.8km, v=300m/s) -> threat=150.81
  track 2 (ASM, d=2.6km, v=0m/s) -> threat=101.38
  track 4 (ASM, d=3.6km, v=0m/s) -> threat=101.28

[DECISION] t=61.2s | tracks=3 | weapons=0 available
  track 6 (FIGHTER, d=8.8km, v=300m/s) -> threat=150.81
  track 2 (ASM, d=2.6km, v=0m/s) -> threat=101.38
  track 4 (ASM, d=3.6km, v=0m/s) -> threat=101.28

[DECISION] t=61.4s | tracks=3 | weapons=0 available
  track 6 (FIGHTER, d=8.8km, v=300m/s) -> threat=150.81
  track 2 (ASM, d=2.6km, v=0m/s) -> threat=101.38
  track 4 (ASM, d=3.6km, v=0m/s) -> threat=101.28

[DECISION] t=0.0s | tracks=3 | weapons=0 available
  track 6 (FIGHTER, d=8.6km, v=300m/s) -> threat=150.82
  track 2 (ASM, d=2.6km, v=0m/s) -> threat=101.38
  track 4 (ASM, d=3.6km, v=0m/s) -> threat=101.28

[DECISION] t=61.7s | tracks=3 | weapons=0 available
  track 6 (FIGHTER, d=8.6km, v=300m/s) -> threat=150.82
  track 2 (ASM, d=2.6km, v=0m/s) -> threat=101.38
  track 4 (ASM, d=3.6km, v=0m/s) -> threat=101.28

[DECISION] t=61.9s | tracks=3 | weapons=0 available
  track 6 (FIGHTER, d=8.6km, v=300m/s) -> threat=150.82
  track 2 (ASM, d=2.6km, v=0m/s) -> threat=101.38
  track 4 (ASM, d=3.6km, v=0m/s) -> threat=101.28

[DECISION] t=62.0s | tracks=3 | weapons=0 available
  track 6 (FIGHTER, d=8.5km, v=300m/s) -> threat=150.82
  track 2 (ASM, d=2.6km, v=0m/s) -> threat=101.38
  track 4 (ASM, d=3.6km, v=0m/s) -> threat=101.28

[DECISION] t=62.3s | tracks=3 | weapons=0 available
  track 6 (FIGHTER, d=8.5km, v=300m/s) -> threat=150.82
  track 2 (ASM, d=2.6km, v=0m/s) -> threat=101.38
  track 4 (ASM, d=3.6km, v=0m/s) -> threat=101.28

[DECISION] t=63.0s | tracks=3 | weapons=0 available
  track 6 (FIGHTER, d=8.5km, v=300m/s) -> threat=150.82
  track 2 (ASM, d=2.6km, v=0m/s) -> threat=101.38
  track 4 (ASM, d=3.6km, v=0m/s) -> threat=101.28

[DECISION] t=63.2s | tracks=3 | weapons=0 available
  track 6 (FIGHTER, d=8.5km, v=300m/s) -> threat=150.82
  track 2 (ASM, d=2.6km, v=0m/s) -> threat=101.38
  track 4 (ASM, d=3.6km, v=0m/s) -> threat=101.28

[DECISION] t=63.4s | tracks=3 | weapons=0 available
  track 6 (FIGHTER, d=8.2km, v=300m/s) -> threat=150.82
  track 2 (ASM, d=2.6km, v=0m/s) -> threat=101.38
  track 4 (ASM, d=3.6km, v=0m/s) -> threat=101.28

[DECISION] t=0.0s | tracks=3 | weapons=0 available
  track 6 (FIGHTER, d=8.0km, v=300m/s) -> threat=150.82
  track 2 (ASM, d=2.6km, v=0m/s) -> threat=101.38
  track 4 (ASM, d=3.6km, v=0m/s) -> threat=101.28

[DECISION] t=63.6s | tracks=3 | weapons=0 available
  track 6 (FIGHTER, d=8.0km, v=300m/s) -> threat=150.82
  track 2 (ASM, d=2.6km, v=0m/s) -> threat=101.38
  track 4 (ASM, d=3.6km, v=0m/s) -> threat=101.28

[DECISION] t=63.9s | tracks=3 | weapons=0 available
  track 6 (FIGHTER, d=8.0km, v=300m/s) -> threat=150.82
  track 2 (ASM, d=2.6km, v=0m/s) -> threat=101.38
  track 4 (ASM, d=3.6km, v=0m/s) -> threat=101.28

[DECISION] t=0.0s | tracks=3 | weapons=0 available
  track 6 (FIGHTER, d=8.0km, v=300m/s) -> threat=150.82
  track 2 (ASM, d=2.6km, v=0m/s) -> threat=101.38
  track 4 (ASM, d=3.6km, v=0m/s) -> threat=101.28

[DECISION] t=64.2s | tracks=3 | weapons=0 available
  track 6 (FIGHTER, d=7.9km, v=300m/s) -> threat=150.83
  track 2 (ASM, d=2.6km, v=0m/s) -> threat=101.38
  track 4 (ASM, d=3.6km, v=0m/s) -> threat=101.28

[DECISION] t=64.6s | tracks=3 | weapons=0 available
  track 6 (FIGHTER, d=7.9km, v=300m/s) -> threat=150.83
  track 2 (ASM, d=2.6km, v=0m/s) -> threat=101.38
  track 4 (ASM, d=3.6km, v=0m/s) -> threat=101.28

[DECISION] t=64.8s | tracks=3 | weapons=0 available
  track 6 (FIGHTER, d=7.7km, v=300m/s) -> threat=150.83
  track 2 (ASM, d=2.6km, v=0m/s) -> threat=101.38
  track 4 (ASM, d=3.6km, v=0m/s) -> threat=101.28

[DECISION] t=65.0s | tracks=3 | weapons=0 available
  track 6 (FIGHTER, d=7.6km, v=300m/s) -> threat=150.83
  track 2 (ASM, d=2.6km, v=0m/s) -> threat=101.38
  track 4 (ASM, d=3.6km, v=0m/s) -> threat=101.28

[DECISION] t=65.4s | tracks=3 | weapons=0 available
  track 6 (FIGHTER, d=7.6km, v=300m/s) -> threat=150.83
  track 2 (ASM, d=2.6km, v=0m/s) -> threat=101.38
  track 4 (ASM, d=3.6km, v=0m/s) -> threat=101.28

[DECISION] t=65.8s | tracks=3 | weapons=0 available
  track 6 (FIGHTER, d=7.4km, v=300m/s) -> threat=150.83
  track 2 (ASM, d=2.6km, v=0m/s) -> threat=101.38
  track 4 (ASM, d=3.6km, v=0m/s) -> threat=101.28

[DECISION] t=66.0s | tracks=3 | weapons=0 available
  track 6 (FIGHTER, d=7.3km, v=300m/s) -> threat=150.84
  track 2 (ASM, d=2.6km, v=0m/s) -> threat=101.38
  track 4 (ASM, d=3.6km, v=0m/s) -> threat=101.28

[DECISION] t=66.2s | tracks=3 | weapons=0 available
  track 6 (FIGHTER, d=7.3km, v=300m/s) -> threat=150.84
  track 2 (ASM, d=2.6km, v=0m/s) -> threat=101.38
  track 4 (ASM, d=3.6km, v=0m/s) -> threat=101.28

[DECISION] t=66.4s | tracks=3 | weapons=0 available
  track 6 (FIGHTER, d=7.3km, v=300m/s) -> threat=150.84
  track 2 (ASM, d=2.6km, v=0m/s) -> threat=101.38
  track 4 (ASM, d=3.6km, v=0m/s) -> threat=101.28

[DECISION] t=66.8s | tracks=3 | weapons=0 available
  track 6 (FIGHTER, d=7.1km, v=300m/s) -> threat=150.84
  track 2 (ASM, d=2.6km, v=0m/s) -> threat=101.38
  track 4 (ASM, d=3.6km, v=0m/s) -> threat=101.28

[DECISION] t=67.0s | tracks=3 | weapons=0 available
  track 6 (FIGHTER, d=7.0km, v=300m/s) -> threat=150.84
  track 2 (ASM, d=2.6km, v=0m/s) -> threat=101.38
  track 4 (ASM, d=3.6km, v=0m/s) -> threat=101.28

[DECISION] t=67.2s | tracks=3 | weapons=0 available
  track 6 (FIGHTER, d=7.0km, v=300m/s) -> threat=150.84
  track 2 (ASM, d=2.6km, v=0m/s) -> threat=101.38
  track 4 (ASM, d=3.6km, v=0m/s) -> threat=101.28

[DECISION] t=67.6s | tracks=3 | weapons=0 available
  track 6 (FIGHTER, d=7.0km, v=300m/s) -> threat=150.84
  track 2 (ASM, d=2.6km, v=0m/s) -> threat=101.38
  track 4 (ASM, d=3.6km, v=0m/s) -> threat=101.28

[DECISION] t=67.8s | tracks=3 | weapons=0 available
  track 6 (FIGHTER, d=6.8km, v=300m/s) -> threat=150.85
  track 2 (ASM, d=2.6km, v=0m/s) -> threat=101.38
  track 4 (ASM, d=3.6km, v=0m/s) -> threat=101.28

[DECISION] t=68.0s | tracks=3 | weapons=0 available
  track 6 (FIGHTER, d=6.7km, v=300m/s) -> threat=150.85
  track 2 (ASM, d=2.6km, v=0m/s) -> threat=101.38
  track 4 (ASM, d=3.6km, v=0m/s) -> threat=101.28

[DECISION] t=68.4s | tracks=3 | weapons=0 available
  track 6 (FIGHTER, d=6.7km, v=300m/s) -> threat=150.85
  track 2 (ASM, d=2.6km, v=0m/s) -> threat=101.38
  track 4 (ASM, d=3.6km, v=0m/s) -> threat=101.28

[DECISION] t=68.6s | tracks=3 | weapons=0 available
  track 6 (FIGHTER, d=6.5km, v=300m/s) -> threat=150.85
  track 2 (ASM, d=2.6km, v=0m/s) -> threat=101.38
  track 4 (ASM, d=3.6km, v=0m/s) -> threat=101.28

[DECISION] t=68.8s | tracks=3 | weapons=0 available
  track 6 (FIGHTER, d=6.5km, v=300m/s) -> threat=150.85
  track 2 (ASM, d=2.6km, v=0m/s) -> threat=101.38
  track 4 (ASM, d=3.6km, v=0m/s) -> threat=101.28

[DECISION] t=69.0s | tracks=3 | weapons=0 available
  track 6 (FIGHTER, d=6.4km, v=300m/s) -> threat=150.86
  track 2 (ASM, d=2.6km, v=0m/s) -> threat=101.38
  track 4 (ASM, d=3.6km, v=0m/s) -> threat=101.28

[DECISION] t=69.2s | tracks=3 | weapons=0 available
  track 6 (FIGHTER, d=6.4km, v=300m/s) -> threat=150.86
  track 2 (ASM, d=2.6km, v=0m/s) -> threat=101.38
  track 4 (ASM, d=3.6km, v=0m/s) -> threat=101.28

[DECISION] t=69.6s | tracks=3 | weapons=0 available
  track 6 (FIGHTER, d=6.4km, v=300m/s) -> threat=150.86
  track 2 (ASM, d=2.6km, v=0m/s) -> threat=101.38
  track 4 (ASM, d=3.6km, v=0m/s) -> threat=101.28

[DECISION] t=0.0s | tracks=3 | weapons=0 available
  track 6 (FIGHTER, d=6.2km, v=300m/s) -> threat=150.86
  track 2 (ASM, d=2.6km, v=0m/s) -> threat=101.38
  track 4 (ASM, d=3.6km, v=0m/s) -> threat=101.28

[DECISION] t=70.0s | tracks=3 | weapons=0 available
  track 6 (FIGHTER, d=6.1km, v=300m/s) -> threat=150.86
  track 2 (ASM, d=2.6km, v=0m/s) -> threat=101.38
  track 4 (ASM, d=3.6km, v=0m/s) -> threat=101.28

[DECISION] t=70.2s | tracks=3 | weapons=0 available
  track 6 (FIGHTER, d=6.1km, v=300m/s) -> threat=150.86
  track 2 (ASM, d=2.6km, v=0m/s) -> threat=101.38
  track 4 (ASM, d=3.6km, v=0m/s) -> threat=101.28

[DECISION] t=70.4s | tracks=3 | weapons=0 available
  track 6 (FIGHTER, d=6.1km, v=300m/s) -> threat=150.86
  track 2 (ASM, d=2.6km, v=0m/s) -> threat=101.38
  track 4 (ASM, d=3.6km, v=0m/s) -> threat=101.28

[DECISION] t=70.6s | tracks=3 | weapons=0 available
  track 6 (FIGHTER, d=5.9km, v=300m/s) -> threat=150.87
  track 2 (ASM, d=2.6km, v=0m/s) -> threat=101.38
  track 4 (ASM, d=3.6km, v=0m/s) -> threat=101.28

[DECISION] t=70.8s | tracks=3 | weapons=0 available
  track 6 (FIGHTER, d=5.9km, v=300m/s) -> threat=150.87
  track 2 (ASM, d=2.6km, v=0m/s) -> threat=101.38
  track 4 (ASM, d=3.6km, v=0m/s) -> threat=101.28

[DECISION] t=71.0s | tracks=3 | weapons=0 available
  track 6 (FIGHTER, d=5.8km, v=300m/s) -> threat=150.87
  track 2 (ASM, d=2.6km, v=0m/s) -> threat=101.38
  track 4 (ASM, d=3.6km, v=0m/s) -> threat=101.28

[DECISION] t=71.2s | tracks=3 | weapons=0 available
  track 6 (FIGHTER, d=5.8km, v=300m/s) -> threat=150.87
  track 2 (ASM, d=2.6km, v=0m/s) -> threat=101.38
  track 4 (ASM, d=3.6km, v=0m/s) -> threat=101.28

[DECISION] t=71.4s | tracks=3 | weapons=0 available
  track 6 (FIGHTER, d=5.8km, v=300m/s) -> threat=150.87
  track 2 (ASM, d=2.6km, v=0m/s) -> threat=101.38
  track 4 (ASM, d=3.6km, v=0m/s) -> threat=101.28

[DECISION] t=71.6s | tracks=3 | weapons=0 available
  track 6 (FIGHTER, d=5.6km, v=300m/s) -> threat=150.88
  track 2 (ASM, d=2.6km, v=0m/s) -> threat=101.38
  track 4 (ASM, d=3.6km, v=0m/s) -> threat=101.28

[DECISION] t=71.8s | tracks=3 | weapons=0 available
  track 6 (FIGHTER, d=5.6km, v=300m/s) -> threat=150.88
  track 2 (ASM, d=2.6km, v=0m/s) -> threat=101.38
  track 4 (ASM, d=3.6km, v=0m/s) -> threat=101.28

[DECISION] t=72.0s | tracks=3 | weapons=0 available
  track 6 (FIGHTER, d=5.5km, v=300m/s) -> threat=150.88
  track 2 (ASM, d=2.6km, v=0m/s) -> threat=101.38
  track 4 (ASM, d=3.6km, v=0m/s) -> threat=101.28

[DECISION] t=72.2s | tracks=3 | weapons=0 available
  track 6 (FIGHTER, d=5.5km, v=300m/s) -> threat=150.88
  track 2 (ASM, d=2.6km, v=0m/s) -> threat=101.38
  track 4 (ASM, d=3.6km, v=0m/s) -> threat=101.28

[DECISION] t=72.4s | tracks=3 | weapons=0 available
  track 6 (FIGHTER, d=5.5km, v=300m/s) -> threat=150.88
  track 2 (ASM, d=2.6km, v=0m/s) -> threat=101.38
  track 4 (ASM, d=3.6km, v=0m/s) -> threat=101.28

[DECISION] t=72.6s | tracks=3 | weapons=0 available
  track 6 (FIGHTER, d=5.3km, v=300m/s) -> threat=150.89
  track 2 (ASM, d=2.6km, v=0m/s) -> threat=101.38
  track 4 (ASM, d=3.6km, v=0m/s) -> threat=101.28

[DECISION] t=73.0s | tracks=3 | weapons=0 available
  track 6 (FIGHTER, d=5.3km, v=300m/s) -> threat=150.89
  track 2 (ASM, d=2.6km, v=0m/s) -> threat=101.38
  track 4 (ASM, d=3.6km, v=0m/s) -> threat=101.28

[DECISION] t=73.2s | tracks=3 | weapons=0 available
  track 6 (FIGHTER, d=5.3km, v=300m/s) -> threat=150.89
  track 2 (ASM, d=2.6km, v=0m/s) -> threat=101.38
  track 4 (ASM, d=3.6km, v=0m/s) -> threat=101.28

[DECISION] t=73.4s | tracks=3 | weapons=0 available
  track 6 (FIGHTER, d=5.2km, v=300m/s) -> threat=150.89
  track 2 (ASM, d=2.6km, v=0m/s) -> threat=101.38
  track 4 (ASM, d=3.6km, v=0m/s) -> threat=101.28

[DECISION] t=73.8s | tracks=3 | weapons=0 available
  track 6 (FIGHTER, d=5.0km, v=300m/s) -> threat=150.90
  track 2 (ASM, d=2.6km, v=0m/s) -> threat=101.38
  track 4 (ASM, d=3.6km, v=0m/s) -> threat=101.28

[DECISION] t=73.8s | tracks=3 | weapons=0 available
  track 6 (FIGHTER, d=5.0km, v=300m/s) -> threat=150.90
  track 2 (ASM, d=2.6km, v=0m/s) -> threat=101.38
  track 4 (ASM, d=3.6km, v=0m/s) -> threat=101.28

[DECISION] t=74.0s | tracks=3 | weapons=0 available
  track 6 (FIGHTER, d=4.9km, v=300m/s) -> threat=150.91
  track 2 (ASM, d=2.6km, v=0m/s) -> threat=101.38
  track 4 (ASM, d=3.6km, v=0m/s) -> threat=101.28

[DECISION] t=74.2s | tracks=3 | weapons=0 available
  track 6 (FIGHTER, d=4.9km, v=300m/s) -> threat=150.91
  track 2 (ASM, d=2.6km, v=0m/s) -> threat=101.38
  track 4 (ASM, d=3.6km, v=0m/s) -> threat=101.28

[DECISION] t=74.4s | tracks=3 | weapons=0 available
  track 6 (FIGHTER, d=4.9km, v=300m/s) -> threat=150.91
  track 2 (ASM, d=2.6km, v=0m/s) -> threat=101.38
  track 4 (ASM, d=3.6km, v=0m/s) -> threat=101.28

[DECISION] t=74.6s | tracks=3 | weapons=0 available
  track 6 (FIGHTER, d=4.7km, v=300m/s) -> threat=150.91
  track 2 (ASM, d=2.6km, v=0m/s) -> threat=101.38
  track 4 (ASM, d=3.6km, v=0m/s) -> threat=101.28

[DECISION] t=74.8s | tracks=3 | weapons=0 available
  track 6 (FIGHTER, d=4.7km, v=300m/s) -> threat=150.91
  track 2 (ASM, d=2.6km, v=0m/s) -> threat=101.38
  track 4 (ASM, d=3.6km, v=0m/s) -> threat=101.28

[DECISION] t=75.0s | tracks=3 | weapons=0 available
  track 6 (FIGHTER, d=4.6km, v=300m/s) -> threat=150.92
  track 2 (ASM, d=2.6km, v=0m/s) -> threat=101.38
  track 4 (ASM, d=3.6km, v=0m/s) -> threat=101.28

[DECISION] t=75.2s | tracks=3 | weapons=0 available
  track 6 (FIGHTER, d=4.6km, v=300m/s) -> threat=150.92
  track 2 (ASM, d=2.6km, v=0m/s) -> threat=101.38
  track 4 (ASM, d=3.6km, v=0m/s) -> threat=101.28

[DECISION] t=75.4s | tracks=3 | weapons=0 available
  track 6 (FIGHTER, d=4.6km, v=300m/s) -> threat=150.92
  track 2 (ASM, d=2.6km, v=0m/s) -> threat=101.38
  track 4 (ASM, d=3.6km, v=0m/s) -> threat=101.28

[DECISION] t=75.8s | tracks=3 | weapons=0 available
  track 6 (FIGHTER, d=4.6km, v=300m/s) -> threat=150.92
  track 2 (ASM, d=2.6km, v=0m/s) -> threat=101.38
  track 4 (ASM, d=3.6km, v=0m/s) -> threat=101.28

[DECISION] t=76.0s | tracks=3 | weapons=0 available
  track 6 (FIGHTER, d=4.4km, v=300m/s) -> threat=150.93
  track 2 (ASM, d=2.6km, v=0m/s) -> threat=101.38
  track 4 (ASM, d=3.6km, v=0m/s) -> threat=101.28

[DECISION] t=76.0s | tracks=3 | weapons=0 available
  track 6 (FIGHTER, d=4.4km, v=300m/s) -> threat=150.93
  track 2 (ASM, d=2.6km, v=0m/s) -> threat=101.38
  track 4 (ASM, d=3.6km, v=0m/s) -> threat=101.28

[DECISION] t=76.2s | tracks=3 | weapons=0 available
  track 6 (FIGHTER, d=4.3km, v=300m/s) -> threat=150.93
  track 2 (ASM, d=2.6km, v=0m/s) -> threat=101.38
  track 4 (ASM, d=3.6km, v=0m/s) -> threat=101.28

[DECISION] t=76.4s | tracks=3 | weapons=0 available
  track 6 (FIGHTER, d=4.3km, v=300m/s) -> threat=150.93
  track 2 (ASM, d=2.6km, v=0m/s) -> threat=101.38
  track 4 (ASM, d=3.6km, v=0m/s) -> threat=101.28

[DECISION] t=77.0s | tracks=3 | weapons=0 available
  track 6 (FIGHTER, d=4.1km, v=300m/s) -> threat=150.94
  track 2 (ASM, d=2.6km, v=0m/s) -> threat=101.38
  track 4 (ASM, d=3.6km, v=0m/s) -> threat=101.28

[DECISION] t=77.2s | tracks=3 | weapons=0 available
  track 6 (FIGHTER, d=4.1km, v=300m/s) -> threat=150.94
  track 2 (ASM, d=2.6km, v=0m/s) -> threat=101.38
  track 4 (ASM, d=3.6km, v=0m/s) -> threat=101.28

[DECISION] t=77.2s | tracks=3 | weapons=0 available
  track 6 (FIGHTER, d=4.0km, v=300m/s) -> threat=150.95
  track 2 (ASM, d=2.6km, v=0m/s) -> threat=101.38
  track 4 (ASM, d=3.6km, v=0m/s) -> threat=101.28

[DECISION] t=77.6s | tracks=3 | weapons=0 available
  track 6 (FIGHTER, d=4.0km, v=300m/s) -> threat=150.95
  track 2 (ASM, d=2.6km, v=0m/s) -> threat=101.38
  track 4 (ASM, d=3.6km, v=0m/s) -> threat=101.28

[DECISION] t=77.6s | tracks=3 | weapons=0 available
  track 6 (FIGHTER, d=3.8km, v=300m/s) -> threat=150.96
  track 2 (ASM, d=2.6km, v=0m/s) -> threat=101.38
  track 4 (ASM, d=3.6km, v=0m/s) -> threat=101.28

[DECISION] t=77.8s | tracks=3 | weapons=0 available
  track 6 (FIGHTER, d=3.8km, v=300m/s) -> threat=150.96
  track 2 (ASM, d=2.6km, v=0m/s) -> threat=101.38
  track 4 (ASM, d=3.6km, v=0m/s) -> threat=101.28

[DECISION] t=78.0s | tracks=3 | weapons=0 available
  track 6 (FIGHTER, d=3.8km, v=300m/s) -> threat=150.96
  track 2 (ASM, d=2.6km, v=0m/s) -> threat=101.38
  track 4 (ASM, d=3.6km, v=0m/s) -> threat=101.28

[DECISION] t=78.2s | tracks=3 | weapons=0 available
  track 6 (FIGHTER, d=3.7km, v=300m/s) -> threat=150.97
  track 2 (ASM, d=2.6km, v=0m/s) -> threat=101.38
  track 4 (ASM, d=3.6km, v=0m/s) -> threat=101.28

[DECISION] t=78.4s | tracks=3 | weapons=0 available
  track 6 (FIGHTER, d=3.7km, v=300m/s) -> threat=150.97
  track 2 (ASM, d=2.6km, v=0m/s) -> threat=101.38
  track 4 (ASM, d=3.6km, v=0m/s) -> threat=101.28

[DECISION] t=0.0s | tracks=3 | weapons=0 available
  track 6 (FIGHTER, d=3.5km, v=300m/s) -> threat=150.98
  track 2 (ASM, d=2.6km, v=0m/s) -> threat=101.38
  track 4 (ASM, d=3.6km, v=0m/s) -> threat=101.28

[DECISION] t=79.0s | tracks=3 | weapons=0 available
  track 6 (FIGHTER, d=3.5km, v=300m/s) -> threat=150.98
  track 2 (ASM, d=2.6km, v=0m/s) -> threat=101.38
  track 4 (ASM, d=3.6km, v=0m/s) -> threat=101.28

[DECISION] t=0.0s | tracks=3 | weapons=0 available
  track 6 (FIGHTER, d=3.5km, v=300m/s) -> threat=150.98
  track 2 (ASM, d=2.6km, v=0m/s) -> threat=101.38
  track 4 (ASM, d=3.6km, v=0m/s) -> threat=101.28

[DECISION] t=79.2s | tracks=3 | weapons=0 available
  track 6 (FIGHTER, d=3.4km, v=300m/s) -> threat=151.00
  track 2 (ASM, d=2.6km, v=0m/s) -> threat=101.38
  track 4 (ASM, d=3.6km, v=0m/s) -> threat=101.28

[DECISION] t=79.4s | tracks=3 | weapons=0 available
  track 6 (FIGHTER, d=3.4km, v=300m/s) -> threat=151.00
  track 2 (ASM, d=2.6km, v=0m/s) -> threat=101.38
  track 4 (ASM, d=3.6km, v=0m/s) -> threat=101.28

[DECISION] t=79.6s | tracks=3 | weapons=0 available
  track 6 (FIGHTER, d=3.2km, v=300m/s) -> threat=151.01
  track 2 (ASM, d=2.6km, v=0m/s) -> threat=101.38
  track 4 (ASM, d=3.6km, v=0m/s) -> threat=101.28

[DECISION] t=79.8s | tracks=3 | weapons=0 available
  track 6 (FIGHTER, d=3.2km, v=300m/s) -> threat=151.01
  track 2 (ASM, d=2.6km, v=0m/s) -> threat=101.38
  track 4 (ASM, d=3.6km, v=0m/s) -> threat=101.28

[DECISION] t=80.0s | tracks=3 | weapons=0 available
  track 6 (FIGHTER, d=3.2km, v=300m/s) -> threat=151.01
  track 2 (ASM, d=2.6km, v=0m/s) -> threat=101.38
  track 4 (ASM, d=3.6km, v=0m/s) -> threat=101.28

[DECISION] t=80.2s | tracks=3 | weapons=0 available
  track 6 (FIGHTER, d=3.1km, v=300m/s) -> threat=151.03
  track 2 (ASM, d=2.6km, v=0m/s) -> threat=101.38
  track 4 (ASM, d=3.6km, v=0m/s) -> threat=101.28

[DECISION] t=80.4s | tracks=3 | weapons=0 available
  track 6 (FIGHTER, d=3.1km, v=300m/s) -> threat=151.03
  track 2 (ASM, d=2.6km, v=0m/s) -> threat=101.38
  track 4 (ASM, d=3.6km, v=0m/s) -> threat=101.28

[DECISION] t=80.6s | tracks=3 | weapons=0 available
  track 6 (FIGHTER, d=2.9km, v=300m/s) -> threat=151.04
  track 2 (ASM, d=2.6km, v=0m/s) -> threat=101.38
  track 4 (ASM, d=3.6km, v=0m/s) -> threat=101.28

[DECISION] t=80.8s | tracks=3 | weapons=0 available
  track 6 (FIGHTER, d=2.9km, v=300m/s) -> threat=151.04
  track 2 (ASM, d=2.6km, v=0m/s) -> threat=101.38
  track 4 (ASM, d=3.6km, v=0m/s) -> threat=101.28

[DECISION] t=81.0s | tracks=3 | weapons=0 available
  track 6 (FIGHTER, d=2.9km, v=300m/s) -> threat=151.04
  track 2 (ASM, d=2.6km, v=0m/s) -> threat=101.38
  track 4 (ASM, d=3.6km, v=0m/s) -> threat=101.28

[DECISION] t=81.2s | tracks=3 | weapons=0 available
  track 6 (FIGHTER, d=2.8km, v=300m/s) -> threat=151.06
  track 2 (ASM, d=2.6km, v=0m/s) -> threat=101.38
  track 4 (ASM, d=3.6km, v=0m/s) -> threat=101.28

[DECISION] t=81.4s | tracks=3 | weapons=0 available
  track 6 (FIGHTER, d=2.8km, v=300m/s) -> threat=151.06
  track 2 (ASM, d=2.6km, v=0m/s) -> threat=101.38
  track 4 (ASM, d=3.6km, v=0m/s) -> threat=101.28

[DECISION] t=82.2s | tracks=3 | weapons=0 available
  track 6 (FIGHTER, d=2.6km, v=300m/s) -> threat=151.08
  track 2 (ASM, d=2.6km, v=0m/s) -> threat=101.38
  track 4 (ASM, d=3.6km, v=0m/s) -> threat=101.28

[DECISION] t=82.2s | tracks=3 | weapons=0 available
  track 6 (FIGHTER, d=2.5km, v=300m/s) -> threat=151.10
  track 2 (ASM, d=2.6km, v=0m/s) -> threat=101.38
  track 4 (ASM, d=3.6km, v=0m/s) -> threat=101.28

[DECISION] t=82.4s | tracks=3 | weapons=0 available
  track 6 (FIGHTER, d=2.5km, v=300m/s) -> threat=151.10
  track 2 (ASM, d=2.6km, v=0m/s) -> threat=101.38
  track 4 (ASM, d=3.6km, v=0m/s) -> threat=101.28

[DECISION] t=82.6s | tracks=3 | weapons=0 available
  track 6 (FIGHTER, d=2.3km, v=300m/s) -> threat=151.13
  track 2 (ASM, d=2.6km, v=0m/s) -> threat=101.38
  track 4 (ASM, d=3.6km, v=0m/s) -> threat=101.28

[DECISION] t=82.8s | tracks=3 | weapons=0 available
  track 6 (FIGHTER, d=2.3km, v=300m/s) -> threat=151.13
  track 2 (ASM, d=2.6km, v=0m/s) -> threat=101.38
  track 4 (ASM, d=3.6km, v=0m/s) -> threat=101.28

[DECISION] t=83.0s | tracks=3 | weapons=0 available
  track 6 (FIGHTER, d=2.3km, v=300m/s) -> threat=151.13
  track 2 (ASM, d=2.6km, v=0m/s) -> threat=101.38
  track 4 (ASM, d=3.6km, v=0m/s) -> threat=101.28

[DECISION] t=83.2s | tracks=3 | weapons=0 available
  track 6 (FIGHTER, d=2.2km, v=300m/s) -> threat=151.16
  track 2 (ASM, d=2.6km, v=0m/s) -> threat=101.38
  track 4 (ASM, d=3.6km, v=0m/s) -> threat=101.28

[DECISION] t=83.4s | tracks=3 | weapons=0 available
  track 6 (FIGHTER, d=2.2km, v=300m/s) -> threat=151.16
  track 2 (ASM, d=2.6km, v=0m/s) -> threat=101.38
  track 4 (ASM, d=3.6km, v=0m/s) -> threat=101.28

[DECISION] t=83.8s | tracks=3 | weapons=0 available
  track 6 (FIGHTER, d=2.0km, v=300m/s) -> threat=151.19
  track 2 (ASM, d=2.6km, v=0m/s) -> threat=101.38
  track 4 (ASM, d=3.6km, v=0m/s) -> threat=101.28

[DECISION] t=84.0s | tracks=3 | weapons=0 available
  track 6 (FIGHTER, d=2.0km, v=300m/s) -> threat=151.19
  track 2 (ASM, d=2.6km, v=0m/s) -> threat=101.38
  track 4 (ASM, d=3.6km, v=0m/s) -> threat=101.28

[DECISION] t=84.0s | tracks=3 | weapons=0 available
  track 6 (FIGHTER, d=2.0km, v=300m/s) -> threat=151.19
  track 2 (ASM, d=2.6km, v=0m/s) -> threat=101.38
  track 4 (ASM, d=3.6km, v=0m/s) -> threat=101.28

[DECISION] t=84.2s | tracks=3 | weapons=0 available
  track 6 (FIGHTER, d=1.9km, v=300m/s) -> threat=151.23
  track 2 (ASM, d=2.6km, v=0m/s) -> threat=101.38
  track 4 (ASM, d=3.6km, v=0m/s) -> threat=101.28

[DECISION] t=84.8s | tracks=3 | weapons=0 available
  track 6 (FIGHTER, d=1.7km, v=300m/s) -> threat=151.28
  track 2 (ASM, d=2.6km, v=0m/s) -> threat=101.38
  track 4 (ASM, d=3.6km, v=0m/s) -> threat=101.28

[DECISION] t=85.0s | tracks=3 | weapons=0 available
  track 6 (FIGHTER, d=1.7km, v=300m/s) -> threat=151.28
  track 2 (ASM, d=2.6km, v=0m/s) -> threat=101.38
  track 4 (ASM, d=3.6km, v=0m/s) -> threat=101.28

[DECISION] t=85.4s | tracks=3 | weapons=0 available
  track 6 (FIGHTER, d=1.7km, v=300m/s) -> threat=151.28
  track 2 (ASM, d=2.6km, v=0m/s) -> threat=101.38
  track 4 (ASM, d=3.6km, v=0m/s) -> threat=101.28

[DECISION] t=85.6s | tracks=3 | weapons=0 available
  track 6 (FIGHTER, d=1.4km, v=300m/s) -> threat=151.40
  track 2 (ASM, d=2.6km, v=0m/s) -> threat=101.38
  track 4 (ASM, d=3.6km, v=0m/s) -> threat=101.28

[DECISION] t=85.8s | tracks=3 | weapons=0 available
  track 6 (FIGHTER, d=1.4km, v=300m/s) -> threat=151.40
  track 2 (ASM, d=2.6km, v=0m/s) -> threat=101.38
  track 4 (ASM, d=3.6km, v=0m/s) -> threat=101.28

[DECISION] t=86.0s | tracks=3 | weapons=0 available
  track 6 (FIGHTER, d=1.4km, v=300m/s) -> threat=151.40
  track 2 (ASM, d=2.6km, v=0m/s) -> threat=101.38
  track 4 (ASM, d=3.6km, v=0m/s) -> threat=101.28

[DECISION] t=0.0s | tracks=3 | weapons=0 available
  track 6 (FIGHTER, d=1.3km, v=300m/s) -> threat=151.49
  track 2 (ASM, d=2.6km, v=0m/s) -> threat=101.38
  track 4 (ASM, d=3.6km, v=0m/s) -> threat=101.28

[DECISION] t=86.4s | tracks=3 | weapons=0 available
  track 6 (FIGHTER, d=1.3km, v=300m/s) -> threat=151.49
  track 2 (ASM, d=2.6km, v=0m/s) -> threat=101.38
  track 4 (ASM, d=3.6km, v=0m/s) -> threat=101.28

[DECISION] t=86.6s | tracks=3 | weapons=0 available
  track 6 (FIGHTER, d=1.1km, v=300m/s) -> threat=151.59
  track 2 (ASM, d=2.6km, v=0m/s) -> threat=101.38
  track 4 (ASM, d=3.6km, v=0m/s) -> threat=101.28

[DECISION] t=87.0s | tracks=3 | weapons=0 available
  track 6 (FIGHTER, d=1.1km, v=300m/s) -> threat=151.59
  track 2 (ASM, d=2.6km, v=0m/s) -> threat=101.38
  track 4 (ASM, d=3.6km, v=0m/s) -> threat=101.28

[DECISION] t=87.2s | tracks=3 | weapons=0 available
  track 6 (FIGHTER, d=1.1km, v=300m/s) -> threat=151.59
  track 2 (ASM, d=2.6km, v=0m/s) -> threat=101.38
  track 4 (ASM, d=3.6km, v=0m/s) -> threat=101.28

[DECISION] t=87.4s | tracks=3 | weapons=0 available
  track 6 (FIGHTER, d=1.0km, v=300m/s) -> threat=151.74
  track 2 (ASM, d=2.6km, v=0m/s) -> threat=101.38
  track 4 (ASM, d=3.6km, v=0m/s) -> threat=101.28

[DECISION] t=87.6s | tracks=3 | weapons=0 available
  track 6 (FIGHTER, d=0.8km, v=300m/s) -> threat=151.92
  track 2 (ASM, d=2.6km, v=0m/s) -> threat=101.38
  track 4 (ASM, d=3.6km, v=0m/s) -> threat=101.28

[DECISION] t=87.8s | tracks=3 | weapons=0 available
  track 6 (FIGHTER, d=0.8km, v=300m/s) -> threat=151.92
  track 2 (ASM, d=2.6km, v=0m/s) -> threat=101.38
  track 4 (ASM, d=3.6km, v=0m/s) -> threat=101.28

[DECISION] t=88.0s | tracks=3 | weapons=0 available
  track 6 (FIGHTER, d=0.8km, v=300m/s) -> threat=151.92
  track 2 (ASM, d=2.6km, v=0m/s) -> threat=101.38
  track 4 (ASM, d=3.6km, v=0m/s) -> threat=101.28

[DECISION] t=88.4s | tracks=3 | weapons=0 available
  track 6 (FIGHTER, d=0.7km, v=300m/s) -> threat=152.21
  track 2 (ASM, d=2.6km, v=0m/s) -> threat=101.38
  track 4 (ASM, d=3.6km, v=0m/s) -> threat=101.28

[DECISION] t=88.6s | tracks=3 | weapons=0 available
  track 6 (FIGHTER, d=0.5km, v=300m/s) -> threat=152.62
  track 2 (ASM, d=2.6km, v=0m/s) -> threat=101.38
  track 4 (ASM, d=3.6km, v=0m/s) -> threat=101.28

[DECISION] t=88.8s | tracks=3 | weapons=0 available
  track 6 (FIGHTER, d=0.5km, v=300m/s) -> threat=152.62
  track 2 (ASM, d=2.6km, v=0m/s) -> threat=101.38
  track 4 (ASM, d=3.6km, v=0m/s) -> threat=101.28

[DECISION] t=89.0s | tracks=3 | weapons=0 available
  track 6 (FIGHTER, d=0.5km, v=300m/s) -> threat=152.62
  track 2 (ASM, d=2.6km, v=0m/s) -> threat=101.38
  track 4 (ASM, d=3.6km, v=0m/s) -> threat=101.28

[DECISION] t=89.2s | tracks=3 | weapons=0 available
  track 6 (FIGHTER, d=0.4km, v=300m/s) -> threat=153.44
  track 2 (ASM, d=2.6km, v=0m/s) -> threat=101.38
  track 4 (ASM, d=3.6km, v=0m/s) -> threat=101.28

[DECISION] t=89.4s | tracks=3 | weapons=0 available
  track 6 (FIGHTER, d=0.4km, v=300m/s) -> threat=153.44
  track 2 (ASM, d=2.6km, v=0m/s) -> threat=101.38
  track 4 (ASM, d=3.6km, v=0m/s) -> threat=101.28

[DECISION] t=89.8s | tracks=3 | weapons=0 available
  track 6 (FIGHTER, d=0.2km, v=300m/s) -> threat=155.23
  track 2 (ASM, d=2.6km, v=0m/s) -> threat=101.38
  track 4 (ASM, d=3.6km, v=0m/s) -> threat=101.28

[DECISION] t=90.4s | tracks=4 | weapons=0 available
  track 6 (FIGHTER, d=0.1km, v=300m/s) -> threat=160.70
  track 8 (FIGHTER, d=9.4km, v=300m/s) -> threat=150.81
  track 2 (ASM, d=2.6km, v=0m/s) -> threat=101.38
  track 4 (ASM, d=3.6km, v=0m/s) -> threat=101.28

[DECISION] t=90.6s | tracks=4 | weapons=0 available
  track 6 (FIGHTER, d=0.1km, v=300m/s) -> threat=160.70
  track 8 (FIGHTER, d=9.4km, v=300m/s) -> threat=150.81
  track 2 (ASM, d=2.6km, v=0m/s) -> threat=101.38
  track 4 (ASM, d=3.6km, v=0m/s) -> threat=101.28

[DECISION] t=90.8s | tracks=4 | weapons=0 available
  track 6 (FIGHTER, d=0.1km, v=300m/s) -> threat=160.70
  track 8 (FIGHTER, d=9.3km, v=300m/s) -> threat=150.81
  track 2 (ASM, d=2.6km, v=0m/s) -> threat=101.38
  track 4 (ASM, d=3.6km, v=0m/s) -> threat=101.28

[DECISION] t=91.2s | tracks=4 | weapons=0 available
  track 6 (FIGHTER, d=0.1km, v=300m/s) -> threat=160.70
  track 8 (FIGHTER, d=9.3km, v=300m/s) -> threat=150.81
  track 2 (ASM, d=2.6km, v=0m/s) -> threat=101.38
  track 4 (ASM, d=3.6km, v=0m/s) -> threat=101.28

[DECISION] t=91.4s | tracks=4 | weapons=0 available
  track 6 (FIGHTER, d=0.2km, v=300m/s) -> threat=154.88
  track 8 (FIGHTER, d=9.1km, v=300m/s) -> threat=150.81
  track 2 (ASM, d=2.6km, v=0m/s) -> threat=101.38
  track 4 (ASM, d=3.6km, v=0m/s) -> threat=101.28

[DECISION] t=91.8s | tracks=4 | weapons=0 available
  track 6 (FIGHTER, d=0.2km, v=300m/s) -> threat=154.88
  track 8 (FIGHTER, d=9.1km, v=300m/s) -> threat=150.81
  track 2 (ASM, d=2.6km, v=0m/s) -> threat=101.38
  track 4 (ASM, d=3.6km, v=0m/s) -> threat=101.28

[DECISION] t=92.0s | tracks=4 | weapons=0 available
  track 6 (FIGHTER, d=0.4km, v=300m/s) -> threat=153.31
  track 8 (FIGHTER, d=9.0km, v=300m/s) -> threat=150.81
  track 2 (ASM, d=2.6km, v=0m/s) -> threat=101.38
  track 4 (ASM, d=3.6km, v=0m/s) -> threat=101.28

[DECISION] t=92.4s | tracks=4 | weapons=0 available
  track 6 (FIGHTER, d=0.5km, v=300m/s) -> threat=152.56
  track 8 (FIGHTER, d=8.8km, v=300m/s) -> threat=150.81
  track 2 (ASM, d=2.6km, v=0m/s) -> threat=101.38
  track 4 (ASM, d=3.6km, v=0m/s) -> threat=101.28

[DECISION] t=92.4s | tracks=4 | weapons=0 available
  track 6 (FIGHTER, d=0.5km, v=300m/s) -> threat=152.56
  track 8 (FIGHTER, d=8.8km, v=300m/s) -> threat=150.81
  track 2 (ASM, d=2.6km, v=0m/s) -> threat=101.38
  track 4 (ASM, d=3.6km, v=0m/s) -> threat=101.28

[DECISION] t=92.6s | tracks=4 | weapons=0 available
  track 6 (FIGHTER, d=0.7km, v=300m/s) -> threat=152.16
  track 8 (FIGHTER, d=8.8km, v=300m/s) -> threat=150.81
  track 2 (ASM, d=2.6km, v=0m/s) -> threat=101.38
  track 4 (ASM, d=3.6km, v=0m/s) -> threat=101.28

[DECISION] t=92.8s | tracks=4 | weapons=0 available
  track 6 (FIGHTER, d=0.7km, v=300m/s) -> threat=152.16
  track 8 (FIGHTER, d=8.7km, v=300m/s) -> threat=150.82
  track 2 (ASM, d=2.6km, v=0m/s) -> threat=101.38
  track 4 (ASM, d=3.6km, v=0m/s) -> threat=101.28

[DECISION] t=93.2s | tracks=4 | weapons=0 available
  track 6 (FIGHTER, d=0.7km, v=300m/s) -> threat=152.16
  track 8 (FIGHTER, d=8.7km, v=300m/s) -> threat=150.82
  track 2 (ASM, d=2.6km, v=0m/s) -> threat=101.38
  track 4 (ASM, d=3.6km, v=0m/s) -> threat=101.28

[DECISION] t=93.4s | tracks=4 | weapons=0 available
  track 6 (FIGHTER, d=0.8km, v=300m/s) -> threat=151.89
  track 8 (FIGHTER, d=8.5km, v=300m/s) -> threat=150.82
  track 2 (ASM, d=2.6km, v=0m/s) -> threat=101.38
  track 4 (ASM, d=3.6km, v=0m/s) -> threat=101.28

[DECISION] t=93.6s | tracks=4 | weapons=0 available
  track 6 (FIGHTER, d=1.0km, v=300m/s) -> threat=151.72
  track 8 (FIGHTER, d=8.5km, v=300m/s) -> threat=150.82
  track 2 (ASM, d=2.6km, v=0m/s) -> threat=101.38
  track 4 (ASM, d=3.6km, v=0m/s) -> threat=101.28

[DECISION] t=93.8s | tracks=4 | weapons=0 available
  track 6 (FIGHTER, d=1.0km, v=300m/s) -> threat=151.72
  track 8 (FIGHTER, d=8.4km, v=300m/s) -> threat=150.82
  track 2 (ASM, d=2.6km, v=0m/s) -> threat=101.38
  track 4 (ASM, d=3.6km, v=0m/s) -> threat=101.28

[DECISION] t=94.0s | tracks=4 | weapons=0 available
  track 6 (FIGHTER, d=1.0km, v=300m/s) -> threat=151.72
  track 8 (FIGHTER, d=8.4km, v=300m/s) -> threat=150.82
  track 2 (ASM, d=2.6km, v=0m/s) -> threat=101.38
  track 4 (ASM, d=3.6km, v=0m/s) -> threat=101.28

[DECISION] t=94.4s | tracks=4 | weapons=0 available
  track 6 (FIGHTER, d=1.1km, v=300m/s) -> threat=151.58
  track 8 (FIGHTER, d=8.2km, v=300m/s) -> threat=150.82
  track 2 (ASM, d=2.6km, v=0m/s) -> threat=101.38
  track 4 (ASM, d=3.6km, v=0m/s) -> threat=101.28

[DECISION] t=94.4s | tracks=4 | weapons=0 available
  track 6 (FIGHTER, d=1.1km, v=300m/s) -> threat=151.58
  track 8 (FIGHTER, d=8.2km, v=300m/s) -> threat=150.82
  track 2 (ASM, d=2.6km, v=0m/s) -> threat=101.38
  track 4 (ASM, d=3.6km, v=0m/s) -> threat=101.28

[DECISION] t=94.8s | tracks=4 | weapons=0 available
  track 6 (FIGHTER, d=1.3km, v=300m/s) -> threat=151.48
  track 8 (FIGHTER, d=8.2km, v=300m/s) -> threat=150.82
  track 2 (ASM, d=2.6km, v=0m/s) -> threat=101.38
  track 4 (ASM, d=3.6km, v=0m/s) -> threat=101.28

[DECISION] t=95.2s | tracks=4 | weapons=0 available
  track 6 (FIGHTER, d=1.3km, v=300m/s) -> threat=151.48
  track 8 (FIGHTER, d=8.1km, v=300m/s) -> threat=150.82
  track 2 (ASM, d=2.6km, v=0m/s) -> threat=101.38
  track 4 (ASM, d=3.6km, v=0m/s) -> threat=101.28

[DECISION] t=95.2s | tracks=4 | weapons=0 available
  track 6 (FIGHTER, d=1.4km, v=300m/s) -> threat=151.40
  track 8 (FIGHTER, d=7.9km, v=300m/s) -> threat=150.83
  track 2 (ASM, d=2.6km, v=0m/s) -> threat=101.38
  track 4 (ASM, d=3.6km, v=0m/s) -> threat=101.28

[DECISION] t=95.6s | tracks=4 | weapons=0 available
  track 6 (FIGHTER, d=1.4km, v=300m/s) -> threat=151.40
  track 8 (FIGHTER, d=7.9km, v=300m/s) -> threat=150.83
  track 2 (ASM, d=2.6km, v=0m/s) -> threat=101.38
  track 4 (ASM, d=3.6km, v=0m/s) -> threat=101.28

[DECISION] t=96.0s | tracks=4 | weapons=0 available
  track 6 (FIGHTER, d=1.4km, v=300m/s) -> threat=151.40
  track 8 (FIGHTER, d=7.9km, v=300m/s) -> threat=150.83
  track 2 (ASM, d=2.6km, v=0m/s) -> threat=101.38
  track 4 (ASM, d=3.6km, v=0m/s) -> threat=101.28

[DECISION] t=96.2s | tracks=4 | weapons=0 available
  track 6 (FIGHTER, d=1.7km, v=300m/s) -> threat=151.28
  track 8 (FIGHTER, d=7.6km, v=300m/s) -> threat=150.83
  track 2 (ASM, d=2.6km, v=0m/s) -> threat=101.38
  track 4 (ASM, d=3.6km, v=0m/s) -> threat=101.28

[DECISION] t=96.6s | tracks=4 | weapons=0 available
  track 6 (FIGHTER, d=1.7km, v=300m/s) -> threat=151.28
  track 8 (FIGHTER, d=7.6km, v=300m/s) -> threat=150.83
  track 2 (ASM, d=2.6km, v=0m/s) -> threat=101.38
  track 4 (ASM, d=3.6km, v=0m/s) -> threat=101.28

[DECISION] t=96.8s | tracks=4 | weapons=0 available
  track 6 (FIGHTER, d=1.9km, v=300m/s) -> threat=151.23
  track 8 (FIGHTER, d=7.5km, v=300m/s) -> threat=150.83
  track 2 (ASM, d=2.6km, v=0m/s) -> threat=101.38
  track 4 (ASM, d=3.6km, v=0m/s) -> threat=101.28

[DECISION] t=97.2s | tracks=4 | weapons=0 available
  track 6 (FIGHTER, d=1.9km, v=300m/s) -> threat=151.23
  track 8 (FIGHTER, d=7.5km, v=300m/s) -> threat=150.83
  track 2 (ASM, d=2.6km, v=0m/s) -> threat=101.38
  track 4 (ASM, d=3.6km, v=0m/s) -> threat=101.28

[DECISION] t=97.2s | tracks=4 | weapons=0 available
  track 6 (FIGHTER, d=2.0km, v=300m/s) -> threat=151.19
  track 8 (FIGHTER, d=7.3km, v=300m/s) -> threat=150.84
  track 2 (ASM, d=2.6km, v=0m/s) -> threat=101.38
  track 4 (ASM, d=3.6km, v=0m/s) -> threat=101.28

[DECISION] t=97.4s | tracks=4 | weapons=0 available
  track 6 (FIGHTER, d=2.0km, v=300m/s) -> threat=151.19
  track 8 (FIGHTER, d=7.3km, v=300m/s) -> threat=150.84
  track 2 (ASM, d=2.6km, v=0m/s) -> threat=101.38
  track 4 (ASM, d=3.6km, v=0m/s) -> threat=101.28

[DECISION] t=97.6s | tracks=4 | weapons=0 available
  track 6 (FIGHTER, d=2.2km, v=300m/s) -> threat=151.16
  track 8 (FIGHTER, d=7.3km, v=300m/s) -> threat=150.84
  track 2 (ASM, d=2.6km, v=0m/s) -> threat=101.38
  track 4 (ASM, d=3.6km, v=0m/s) -> threat=101.28

[DECISION] t=97.8s | tracks=4 | weapons=0 available
  track 6 (FIGHTER, d=2.2km, v=300m/s) -> threat=151.16
  track 8 (FIGHTER, d=7.2km, v=300m/s) -> threat=150.84
  track 2 (ASM, d=2.6km, v=0m/s) -> threat=101.38
  track 4 (ASM, d=3.6km, v=0m/s) -> threat=101.28

[DECISION] t=98.0s | tracks=4 | weapons=0 available
  track 6 (FIGHTER, d=2.2km, v=300m/s) -> threat=151.16
  track 8 (FIGHTER, d=7.2km, v=300m/s) -> threat=150.84
  track 2 (ASM, d=2.6km, v=0m/s) -> threat=101.38
  track 4 (ASM, d=3.6km, v=0m/s) -> threat=101.28

[DECISION] t=98.2s | tracks=4 | weapons=0 available
  track 6 (FIGHTER, d=2.3km, v=300m/s) -> threat=151.13
  track 8 (FIGHTER, d=7.0km, v=300m/s) -> threat=150.84
  track 2 (ASM, d=2.6km, v=0m/s) -> threat=101.38
  track 4 (ASM, d=3.6km, v=0m/s) -> threat=101.28

[DECISION] t=98.4s | tracks=4 | weapons=0 available
  track 6 (FIGHTER, d=2.3km, v=300m/s) -> threat=151.13
  track 8 (FIGHTER, d=7.0km, v=300m/s) -> threat=150.84
  track 2 (ASM, d=2.6km, v=0m/s) -> threat=101.38
  track 4 (ASM, d=3.6km, v=0m/s) -> threat=101.28

[DECISION] t=98.4s | tracks=4 | weapons=0 available
  track 6 (FIGHTER, d=2.3km, v=300m/s) -> threat=151.13
  track 8 (FIGHTER, d=7.0km, v=300m/s) -> threat=150.84
  track 2 (ASM, d=2.6km, v=0m/s) -> threat=101.38
  track 4 (ASM, d=3.6km, v=0m/s) -> threat=101.28

[DECISION] t=98.6s | tracks=4 | weapons=0 available
  track 6 (FIGHTER, d=2.5km, v=300m/s) -> threat=151.10
  track 8 (FIGHTER, d=7.0km, v=300m/s) -> threat=150.84
  track 2 (ASM, d=2.6km, v=0m/s) -> threat=101.38
  track 4 (ASM, d=3.6km, v=0m/s) -> threat=101.28

[DECISION] t=98.8s | tracks=4 | weapons=0 available
  track 6 (FIGHTER, d=2.5km, v=300m/s) -> threat=151.10
  track 8 (FIGHTER, d=7.0km, v=300m/s) -> threat=150.84
  track 2 (ASM, d=2.6km, v=0m/s) -> threat=101.38
  track 4 (ASM, d=3.6km, v=0m/s) -> threat=101.28

[DECISION] t=99.0s | tracks=4 | weapons=0 available
  track 6 (FIGHTER, d=2.5km, v=300m/s) -> threat=151.10
  track 8 (FIGHTER, d=6.8km, v=300m/s) -> threat=150.85
  track 2 (ASM, d=2.6km, v=0m/s) -> threat=101.38
  track 4 (ASM, d=3.6km, v=0m/s) -> threat=101.28

[DECISION] t=99.2s | tracks=4 | weapons=0 available
  track 6 (FIGHTER, d=2.6km, v=300m/s) -> threat=151.08
  track 8 (FIGHTER, d=6.7km, v=300m/s) -> threat=150.85
  track 2 (ASM, d=2.6km, v=0m/s) -> threat=101.38
  track 4 (ASM, d=3.6km, v=0m/s) -> threat=101.28

[DECISION] t=99.6s | tracks=4 | weapons=0 available
  track 6 (FIGHTER, d=2.6km, v=300m/s) -> threat=151.08
  track 8 (FIGHTER, d=6.7km, v=300m/s) -> threat=150.85
  track 2 (ASM, d=2.6km, v=0m/s) -> threat=101.38
  track 4 (ASM, d=3.6km, v=0m/s) -> threat=101.28

[DECISION] t=99.6s | tracks=4 | weapons=0 available
  track 6 (FIGHTER, d=2.8km, v=300m/s) -> threat=151.06
  track 8 (FIGHTER, d=6.7km, v=300m/s) -> threat=150.85
  track 2 (ASM, d=2.6km, v=0m/s) -> threat=101.38
  track 4 (ASM, d=3.6km, v=0m/s) -> threat=101.28

[DECISION] t=99.8s | tracks=4 | weapons=0 available
  track 6 (FIGHTER, d=2.8km, v=300m/s) -> threat=151.06
  track 8 (FIGHTER, d=6.5km, v=300m/s) -> threat=150.85
  track 2 (ASM, d=2.6km, v=0m/s) -> threat=101.38
  track 4 (ASM, d=3.6km, v=0m/s) -> threat=101.28

[DECISION] t=100.0s | tracks=4 | weapons=0 available
  track 6 (FIGHTER, d=2.8km, v=300m/s) -> threat=151.06
  track 8 (FIGHTER, d=6.5km, v=300m/s) -> threat=150.85
  track 2 (ASM, d=2.6km, v=0m/s) -> threat=101.38
  track 4 (ASM, d=3.6km, v=0m/s) -> threat=101.28

[DECISION] t=100.4s | tracks=4 | weapons=0 available
  track 6 (FIGHTER, d=2.9km, v=300m/s) -> threat=151.04
  track 8 (FIGHTER, d=6.4km, v=300m/s) -> threat=150.86
  track 2 (ASM, d=2.6km, v=0m/s) -> threat=101.38
  track 4 (ASM, d=3.6km, v=0m/s) -> threat=101.28

[DECISION] t=100.4s | tracks=4 | weapons=0 available
  track 6 (FIGHTER, d=2.9km, v=300m/s) -> threat=151.04
  track 8 (FIGHTER, d=6.4km, v=300m/s) -> threat=150.86
  track 2 (ASM, d=2.6km, v=0m/s) -> threat=101.38
  track 4 (ASM, d=3.6km, v=0m/s) -> threat=101.28

[DECISION] t=100.6s | tracks=4 | weapons=0 available
  track 6 (FIGHTER, d=3.1km, v=300m/s) -> threat=151.02
  track 8 (FIGHTER, d=6.4km, v=300m/s) -> threat=150.86
  track 2 (ASM, d=2.6km, v=0m/s) -> threat=101.38
  track 4 (ASM, d=3.6km, v=0m/s) -> threat=101.28

[DECISION] t=100.8s | tracks=4 | weapons=0 available
  track 6 (FIGHTER, d=3.1km, v=300m/s) -> threat=151.02
  track 8 (FIGHTER, d=6.2km, v=300m/s) -> threat=150.86
  track 2 (ASM, d=2.6km, v=0m/s) -> threat=101.38
  track 4 (ASM, d=3.6km, v=0m/s) -> threat=101.28

[DECISION] t=101.2s | tracks=4 | weapons=0 available
  track 6 (FIGHTER, d=3.1km, v=300m/s) -> threat=151.02
  track 8 (FIGHTER, d=6.2km, v=300m/s) -> threat=150.86
  track 2 (ASM, d=2.6km, v=0m/s) -> threat=101.38
  track 4 (ASM, d=3.6km, v=0m/s) -> threat=101.28

[DECISION] t=101.2s | tracks=4 | weapons=0 available
  track 6 (FIGHTER, d=3.2km, v=300m/s) -> threat=151.01
  track 8 (FIGHTER, d=6.1km, v=300m/s) -> threat=150.86
  track 2 (ASM, d=2.6km, v=0m/s) -> threat=101.38
  track 4 (ASM, d=3.6km, v=0m/s) -> threat=101.28

[DECISION] t=101.4s | tracks=4 | weapons=0 available
  track 6 (FIGHTER, d=3.2km, v=300m/s) -> threat=151.01
  track 8 (FIGHTER, d=6.1km, v=300m/s) -> threat=150.86
  track 2 (ASM, d=2.6km, v=0m/s) -> threat=101.38
  track 4 (ASM, d=3.6km, v=0m/s) -> threat=101.28

[DECISION] t=101.6s | tracks=4 | weapons=0 available
  track 6 (FIGHTER, d=3.4km, v=300m/s) -> threat=151.00
  track 8 (FIGHTER, d=6.1km, v=300m/s) -> threat=150.86
  track 2 (ASM, d=2.6km, v=0m/s) -> threat=101.38
  track 4 (ASM, d=3.6km, v=0m/s) -> threat=101.28

[DECISION] t=101.8s | tracks=4 | weapons=0 available
  track 6 (FIGHTER, d=3.4km, v=300m/s) -> threat=151.00
  track 8 (FIGHTER, d=5.9km, v=300m/s) -> threat=150.87
  track 2 (ASM, d=2.6km, v=0m/s) -> threat=101.38
  track 4 (ASM, d=3.6km, v=0m/s) -> threat=101.28

[DECISION] t=102.0s | tracks=4 | weapons=0 available
  track 6 (FIGHTER, d=3.4km, v=300m/s) -> threat=151.00
  track 8 (FIGHTER, d=5.9km, v=300m/s) -> threat=150.87
  track 2 (ASM, d=2.6km, v=0m/s) -> threat=101.38
  track 4 (ASM, d=3.6km, v=0m/s) -> threat=101.28

[DECISION] t=102.2s | tracks=4 | weapons=0 available
  track 6 (FIGHTER, d=3.5km, v=300m/s) -> threat=150.98
  track 8 (FIGHTER, d=5.8km, v=300m/s) -> threat=150.87
  track 2 (ASM, d=2.6km, v=0m/s) -> threat=101.38
  track 4 (ASM, d=3.6km, v=0m/s) -> threat=101.28

[DECISION] t=102.4s | tracks=4 | weapons=0 available
  track 6 (FIGHTER, d=3.5km, v=300m/s) -> threat=150.98
  track 8 (FIGHTER, d=5.8km, v=300m/s) -> threat=150.87
  track 2 (ASM, d=2.6km, v=0m/s) -> threat=101.38
  track 4 (ASM, d=3.6km, v=0m/s) -> threat=101.28

[DECISION] t=102.6s | tracks=4 | weapons=0 available
  track 6 (FIGHTER, d=3.7km, v=300m/s) -> threat=150.97
  track 8 (FIGHTER, d=5.8km, v=300m/s) -> threat=150.87
  track 2 (ASM, d=2.6km, v=0m/s) -> threat=101.38
  track 4 (ASM, d=3.6km, v=0m/s) -> threat=101.28

[DECISION] t=102.8s | tracks=4 | weapons=0 available
  track 6 (FIGHTER, d=3.7km, v=300m/s) -> threat=150.97
  track 8 (FIGHTER, d=5.6km, v=300m/s) -> threat=150.88
  track 2 (ASM, d=2.6km, v=0m/s) -> threat=101.38
  track 4 (ASM, d=3.6km, v=0m/s) -> threat=101.28

[DECISION] t=103.0s | tracks=4 | weapons=0 available
  track 6 (FIGHTER, d=3.7km, v=300m/s) -> threat=150.97
  track 8 (FIGHTER, d=5.6km, v=300m/s) -> threat=150.88
  track 2 (ASM, d=2.6km, v=0m/s) -> threat=101.38
  track 4 (ASM, d=3.6km, v=0m/s) -> threat=101.28

[DECISION] t=103.2s | tracks=4 | weapons=0 available
  track 6 (FIGHTER, d=3.8km, v=300m/s) -> threat=150.96
  track 8 (FIGHTER, d=5.5km, v=300m/s) -> threat=150.88
  track 2 (ASM, d=2.6km, v=0m/s) -> threat=101.38
  track 4 (ASM, d=3.6km, v=0m/s) -> threat=101.28

[DECISION] t=103.4s | tracks=4 | weapons=0 available
  track 6 (FIGHTER, d=3.8km, v=300m/s) -> threat=150.96
  track 8 (FIGHTER, d=5.5km, v=300m/s) -> threat=150.88
  track 2 (ASM, d=2.6km, v=0m/s) -> threat=101.38
  track 4 (ASM, d=3.6km, v=0m/s) -> threat=101.28

[DECISION] t=103.6s | tracks=4 | weapons=0 available
  track 6 (FIGHTER, d=4.0km, v=300m/s) -> threat=150.95
  track 8 (FIGHTER, d=5.5km, v=300m/s) -> threat=150.88
  track 2 (ASM, d=2.6km, v=0m/s) -> threat=101.38
  track 4 (ASM, d=3.6km, v=0m/s) -> threat=101.28

[DECISION] t=103.8s | tracks=4 | weapons=0 available
  track 6 (FIGHTER, d=4.0km, v=300m/s) -> threat=150.95
  track 8 (FIGHTER, d=5.3km, v=300m/s) -> threat=150.89
  track 2 (ASM, d=2.6km, v=0m/s) -> threat=101.38
  track 4 (ASM, d=3.6km, v=0m/s) -> threat=101.28

[DECISION] t=104.0s | tracks=4 | weapons=0 available
  track 6 (FIGHTER, d=4.0km, v=300m/s) -> threat=150.95
  track 8 (FIGHTER, d=5.3km, v=300m/s) -> threat=150.89
  track 2 (ASM, d=2.6km, v=0m/s) -> threat=101.38
  track 4 (ASM, d=3.6km, v=0m/s) -> threat=101.28

[DECISION] t=104.2s | tracks=4 | weapons=0 available
  track 6 (FIGHTER, d=4.1km, v=300m/s) -> threat=150.94
  track 8 (FIGHTER, d=5.2km, v=300m/s) -> threat=150.89
  track 2 (ASM, d=2.6km, v=0m/s) -> threat=101.38
  track 4 (ASM, d=3.6km, v=0m/s) -> threat=101.28

[DECISION] t=104.6s | tracks=4 | weapons=0 available
  track 6 (FIGHTER, d=4.3km, v=300m/s) -> threat=150.93
  track 8 (FIGHTER, d=5.2km, v=300m/s) -> threat=150.89
  track 2 (ASM, d=2.6km, v=0m/s) -> threat=101.38
  track 4 (ASM, d=3.6km, v=0m/s) -> threat=101.28

[DECISION] t=105.0s | tracks=4 | weapons=0 available
  track 6 (FIGHTER, d=4.3km, v=300m/s) -> threat=150.93
  track 8 (FIGHTER, d=5.0km, v=300m/s) -> threat=150.90
  track 2 (ASM, d=2.6km, v=0m/s) -> threat=101.38
  track 4 (ASM, d=3.6km, v=0m/s) -> threat=101.28

[DECISION] t=105.2s | tracks=4 | weapons=0 available
  track 6 (FIGHTER, d=4.4km, v=300m/s) -> threat=150.93
  track 8 (FIGHTER, d=4.9km, v=300m/s) -> threat=150.90
  track 2 (ASM, d=2.6km, v=0m/s) -> threat=101.38
  track 4 (ASM, d=3.6km, v=0m/s) -> threat=101.28

[DECISION] t=105.4s | tracks=4 | weapons=0 available
  track 6 (FIGHTER, d=4.4km, v=300m/s) -> threat=150.93
  track 8 (FIGHTER, d=4.9km, v=300m/s) -> threat=150.90
  track 2 (ASM, d=2.6km, v=0m/s) -> threat=101.38
  track 4 (ASM, d=3.6km, v=0m/s) -> threat=101.28

[DECISION] t=105.6s | tracks=4 | weapons=0 available
  track 6 (FIGHTER, d=4.6km, v=300m/s) -> threat=150.92
  track 8 (FIGHTER, d=4.9km, v=300m/s) -> threat=150.90
  track 2 (ASM, d=2.6km, v=0m/s) -> threat=101.38
  track 4 (ASM, d=3.6km, v=0m/s) -> threat=101.28

[DECISION] t=105.8s | tracks=4 | weapons=0 available
  track 6 (FIGHTER, d=4.6km, v=300m/s) -> threat=150.92
  track 8 (FIGHTER, d=4.7km, v=300m/s) -> threat=150.91
  track 2 (ASM, d=2.6km, v=0m/s) -> threat=101.38
  track 4 (ASM, d=3.6km, v=0m/s) -> threat=101.28

[DECISION] t=106.0s | tracks=4 | weapons=0 available
  track 6 (FIGHTER, d=4.6km, v=300m/s) -> threat=150.92
  track 8 (FIGHTER, d=4.7km, v=300m/s) -> threat=150.91
  track 2 (ASM, d=2.6km, v=0m/s) -> threat=101.38
  track 4 (ASM, d=3.6km, v=0m/s) -> threat=101.28

[DECISION] t=106.2s | tracks=4 | weapons=0 available
  track 8 (FIGHTER, d=4.6km, v=300m/s) -> threat=150.92
  track 6 (FIGHTER, d=4.7km, v=300m/s) -> threat=150.91
  track 2 (ASM, d=2.6km, v=0m/s) -> threat=101.38
  track 4 (ASM, d=3.6km, v=0m/s) -> threat=101.28

[DECISION] t=106.6s | tracks=4 | weapons=0 available
  track 8 (FIGHTER, d=4.6km, v=300m/s) -> threat=150.92
  track 6 (FIGHTER, d=4.7km, v=300m/s) -> threat=150.91
  track 2 (ASM, d=2.6km, v=0m/s) -> threat=101.38
  track 4 (ASM, d=3.6km, v=0m/s) -> threat=101.28

[DECISION] t=107.0s | tracks=4 | weapons=0 available
  track 8 (FIGHTER, d=4.4km, v=300m/s) -> threat=150.93
  track 6 (FIGHTER, d=4.9km, v=300m/s) -> threat=150.90
  track 2 (ASM, d=2.6km, v=0m/s) -> threat=101.38
  track 4 (ASM, d=3.6km, v=0m/s) -> threat=101.28

[DECISION] t=107.4s | tracks=4 | weapons=0 available
  track 8 (FIGHTER, d=4.3km, v=300m/s) -> threat=150.93
  track 6 (FIGHTER, d=5.0km, v=300m/s) -> threat=150.90
  track 2 (ASM, d=2.6km, v=0m/s) -> threat=101.38
  track 4 (ASM, d=3.6km, v=0m/s) -> threat=101.28

[DECISION] t=108.0s | tracks=4 | weapons=0 available
  track 8 (FIGHTER, d=4.3km, v=300m/s) -> threat=150.93
  track 6 (FIGHTER, d=5.2km, v=300m/s) -> threat=150.89
  track 2 (ASM, d=2.6km, v=0m/s) -> threat=101.38
  track 4 (ASM, d=3.6km, v=0m/s) -> threat=101.28

[DECISION] t=108.4s | tracks=4 | weapons=0 available
  track 8 (FIGHTER, d=4.0km, v=300m/s) -> threat=150.95
  track 6 (FIGHTER, d=5.3km, v=300m/s) -> threat=150.89
  track 2 (ASM, d=2.6km, v=0m/s) -> threat=101.38
  track 4 (ASM, d=3.6km, v=0m/s) -> threat=101.28

[DECISION] t=108.6s | tracks=4 | weapons=0 available
  track 8 (FIGHTER, d=4.0km, v=300m/s) -> threat=150.95
  track 6 (FIGHTER, d=5.3km, v=300m/s) -> threat=150.89
  track 2 (ASM, d=2.6km, v=0m/s) -> threat=101.38
  track 4 (ASM, d=3.6km, v=0m/s) -> threat=101.28

[DECISION] t=108.6s | tracks=4 | weapons=0 available
  track 8 (FIGHTER, d=4.0km, v=300m/s) -> threat=150.95
  track 6 (FIGHTER, d=5.5km, v=300m/s) -> threat=150.88
  track 2 (ASM, d=2.6km, v=0m/s) -> threat=101.38
  track 4 (ASM, d=3.6km, v=0m/s) -> threat=101.28

[DECISION] t=108.8s | tracks=4 | weapons=0 available
  track 8 (FIGHTER, d=3.8km, v=300m/s) -> threat=150.96
  track 6 (FIGHTER, d=5.5km, v=300m/s) -> threat=150.88
  track 2 (ASM, d=2.6km, v=0m/s) -> threat=101.38
  track 4 (ASM, d=3.6km, v=0m/s) -> threat=101.28

[DECISION] t=109.0s | tracks=4 | weapons=0 available
  track 8 (FIGHTER, d=3.8km, v=300m/s) -> threat=150.96
  track 6 (FIGHTER, d=5.5km, v=300m/s) -> threat=150.88
  track 2 (ASM, d=2.6km, v=0m/s) -> threat=101.38
  track 4 (ASM, d=3.6km, v=0m/s) -> threat=101.28

[DECISION] t=109.2s | tracks=4 | weapons=0 available
  track 8 (FIGHTER, d=3.7km, v=300m/s) -> threat=150.97
  track 6 (FIGHTER, d=5.6km, v=300m/s) -> threat=150.88
  track 2 (ASM, d=2.6km, v=0m/s) -> threat=101.38
  track 4 (ASM, d=3.6km, v=0m/s) -> threat=101.28

[DECISION] t=109.4s | tracks=4 | weapons=0 available
  track 8 (FIGHTER, d=3.7km, v=300m/s) -> threat=150.97
  track 6 (FIGHTER, d=5.6km, v=300m/s) -> threat=150.88
  track 2 (ASM, d=2.6km, v=0m/s) -> threat=101.38
  track 4 (ASM, d=3.6km, v=0m/s) -> threat=101.28

[DECISION] t=109.8s | tracks=4 | weapons=0 available
  track 8 (FIGHTER, d=3.7km, v=300m/s) -> threat=150.97
  track 6 (FIGHTER, d=5.8km, v=300m/s) -> threat=150.87
  track 2 (ASM, d=2.6km, v=0m/s) -> threat=101.38
  track 4 (ASM, d=3.6km, v=0m/s) -> threat=101.28

[DECISION] t=110.0s | tracks=4 | weapons=0 available
  track 8 (FIGHTER, d=3.5km, v=300m/s) -> threat=150.98
  track 6 (FIGHTER, d=5.8km, v=300m/s) -> threat=150.87
  track 2 (ASM, d=2.6km, v=0m/s) -> threat=101.38
  track 4 (ASM, d=3.6km, v=0m/s) -> threat=101.28

[DECISION] t=110.2s | tracks=4 | weapons=0 available
  track 8 (FIGHTER, d=3.4km, v=300m/s) -> threat=150.99
  track 6 (FIGHTER, d=5.9km, v=300m/s) -> threat=150.87
  track 2 (ASM, d=2.6km, v=0m/s) -> threat=101.38
  track 4 (ASM, d=3.6km, v=0m/s) -> threat=101.28

[DECISION] t=110.4s | tracks=4 | weapons=0 available
  track 8 (FIGHTER, d=3.4km, v=300m/s) -> threat=150.99
  track 6 (FIGHTER, d=5.9km, v=300m/s) -> threat=150.87
  track 2 (ASM, d=2.6km, v=0m/s) -> threat=101.38
  track 4 (ASM, d=3.6km, v=0m/s) -> threat=101.28

[DECISION] t=110.6s | tracks=4 | weapons=0 available
  track 8 (FIGHTER, d=3.4km, v=300m/s) -> threat=150.99
  track 6 (FIGHTER, d=6.1km, v=300m/s) -> threat=150.86
  track 2 (ASM, d=2.6km, v=0m/s) -> threat=101.38
  track 4 (ASM, d=3.6km, v=0m/s) -> threat=101.28

[DECISION] t=111.0s | tracks=4 | weapons=0 available
  track 8 (FIGHTER, d=3.2km, v=300m/s) -> threat=151.01
  track 6 (FIGHTER, d=6.1km, v=300m/s) -> threat=150.86
  track 2 (ASM, d=2.6km, v=0m/s) -> threat=101.38
  track 4 (ASM, d=3.6km, v=0m/s) -> threat=101.28

[DECISION] t=111.0s | tracks=4 | weapons=0 available
  track 8 (FIGHTER, d=3.2km, v=300m/s) -> threat=151.01
  track 6 (FIGHTER, d=6.1km, v=300m/s) -> threat=150.86
  track 2 (ASM, d=2.6km, v=0m/s) -> threat=101.38
  track 4 (ASM, d=3.6km, v=0m/s) -> threat=101.28

[DECISION] t=111.2s | tracks=4 | weapons=0 available
  track 8 (FIGHTER, d=3.1km, v=300m/s) -> threat=151.02
  track 6 (FIGHTER, d=6.2km, v=300m/s) -> threat=150.86
  track 2 (ASM, d=2.6km, v=0m/s) -> threat=101.38
  track 4 (ASM, d=3.6km, v=0m/s) -> threat=101.28

[DECISION] t=111.4s | tracks=4 | weapons=0 available
  track 8 (FIGHTER, d=3.1km, v=300m/s) -> threat=151.02
  track 6 (FIGHTER, d=6.2km, v=300m/s) -> threat=150.86
  track 2 (ASM, d=2.6km, v=0m/s) -> threat=101.38
  track 4 (ASM, d=3.6km, v=0m/s) -> threat=101.28

[DECISION] t=111.8s | tracks=4 | weapons=0 available
  track 8 (FIGHTER, d=3.1km, v=300m/s) -> threat=151.02
  track 6 (FIGHTER, d=6.4km, v=300m/s) -> threat=150.86
  track 2 (ASM, d=2.6km, v=0m/s) -> threat=101.38
  track 4 (ASM, d=3.6km, v=0m/s) -> threat=101.28

[DECISION] t=111.8s | tracks=4 | weapons=0 available
  track 8 (FIGHTER, d=2.9km, v=300m/s) -> threat=151.04
  track 6 (FIGHTER, d=6.4km, v=300m/s) -> threat=150.86
  track 2 (ASM, d=2.6km, v=0m/s) -> threat=101.38
  track 4 (ASM, d=3.6km, v=0m/s) -> threat=101.28

[DECISION] t=112.0s | tracks=4 | weapons=0 available
  track 8 (FIGHTER, d=2.9km, v=300m/s) -> threat=151.04
  track 6 (FIGHTER, d=6.4km, v=300m/s) -> threat=150.86
  track 2 (ASM, d=2.6km, v=0m/s) -> threat=101.38
  track 4 (ASM, d=3.6km, v=0m/s) -> threat=101.28

[DECISION] t=112.2s | tracks=4 | weapons=0 available
  track 8 (FIGHTER, d=2.8km, v=300m/s) -> threat=151.06
  track 6 (FIGHTER, d=6.5km, v=300m/s) -> threat=150.85
  track 2 (ASM, d=2.6km, v=0m/s) -> threat=101.38
  track 4 (ASM, d=3.6km, v=0m/s) -> threat=101.28

[DECISION] t=112.8s | tracks=4 | weapons=0 available
  track 8 (FIGHTER, d=2.8km, v=300m/s) -> threat=151.06
  track 6 (FIGHTER, d=6.7km, v=300m/s) -> threat=150.85
  track 2 (ASM, d=2.6km, v=0m/s) -> threat=101.38
  track 4 (ASM, d=3.6km, v=0m/s) -> threat=101.28

[DECISION] t=112.8s | tracks=4 | weapons=0 available
  track 8 (FIGHTER, d=2.6km, v=300m/s) -> threat=151.08
  track 6 (FIGHTER, d=6.7km, v=300m/s) -> threat=150.85
  track 2 (ASM, d=2.6km, v=0m/s) -> threat=101.38
  track 4 (ASM, d=3.6km, v=0m/s) -> threat=101.28

[DECISION] t=113.0s | tracks=4 | weapons=0 available
  track 8 (FIGHTER, d=2.6km, v=300m/s) -> threat=151.08
  track 6 (FIGHTER, d=6.7km, v=300m/s) -> threat=150.85
  track 2 (ASM, d=2.6km, v=0m/s) -> threat=101.38
  track 4 (ASM, d=3.6km, v=0m/s) -> threat=101.28

[DECISION] t=113.2s | tracks=4 | weapons=0 available
  track 8 (FIGHTER, d=2.5km, v=300m/s) -> threat=151.10
  track 6 (FIGHTER, d=6.8km, v=300m/s) -> threat=150.85
  track 2 (ASM, d=2.6km, v=0m/s) -> threat=101.38
  track 4 (ASM, d=3.6km, v=0m/s) -> threat=101.28

[DECISION] t=113.4s | tracks=4 | weapons=0 available
  track 8 (FIGHTER, d=2.5km, v=300m/s) -> threat=151.10
  track 6 (FIGHTER, d=6.8km, v=300m/s) -> threat=150.85
  track 2 (ASM, d=2.6km, v=0m/s) -> threat=101.38
  track 4 (ASM, d=3.6km, v=0m/s) -> threat=101.28

[DECISION] t=113.8s | tracks=4 | weapons=0 available
  track 8 (FIGHTER, d=2.5km, v=300m/s) -> threat=151.10
  track 6 (FIGHTER, d=7.0km, v=300m/s) -> threat=150.84
  track 2 (ASM, d=2.6km, v=0m/s) -> threat=101.38
  track 4 (ASM, d=3.6km, v=0m/s) -> threat=101.28

[DECISION] t=113.8s | tracks=4 | weapons=0 available
  track 8 (FIGHTER, d=2.3km, v=300m/s) -> threat=151.13
  track 6 (FIGHTER, d=7.0km, v=300m/s) -> threat=150.84
  track 2 (ASM, d=2.6km, v=0m/s) -> threat=101.38
  track 4 (ASM, d=3.6km, v=0m/s) -> threat=101.28

[DECISION] t=114.0s | tracks=4 | weapons=0 available
  track 8 (FIGHTER, d=2.3km, v=300m/s) -> threat=151.13
  track 6 (FIGHTER, d=7.0km, v=300m/s) -> threat=150.84
  track 2 (ASM, d=2.6km, v=0m/s) -> threat=101.38
  track 4 (ASM, d=3.6km, v=0m/s) -> threat=101.28

[DECISION] t=114.2s | tracks=4 | weapons=0 available
  track 8 (FIGHTER, d=2.2km, v=300m/s) -> threat=151.16
  track 6 (FIGHTER, d=7.1km, v=300m/s) -> threat=150.84
  track 2 (ASM, d=2.6km, v=0m/s) -> threat=101.38
  track 4 (ASM, d=3.6km, v=0m/s) -> threat=101.28

[DECISION] t=114.4s | tracks=4 | weapons=0 available
  track 8 (FIGHTER, d=2.2km, v=300m/s) -> threat=151.16
  track 6 (FIGHTER, d=7.1km, v=300m/s) -> threat=150.84
  track 2 (ASM, d=2.6km, v=0m/s) -> threat=101.38
  track 4 (ASM, d=3.6km, v=0m/s) -> threat=101.28

[DECISION] t=114.6s | tracks=4 | weapons=0 available
  track 8 (FIGHTER, d=2.2km, v=300m/s) -> threat=151.16
  track 6 (FIGHTER, d=7.3km, v=300m/s) -> threat=150.84
  track 2 (ASM, d=2.6km, v=0m/s) -> threat=101.38
  track 4 (ASM, d=3.6km, v=0m/s) -> threat=101.28

[DECISION] t=114.8s | tracks=4 | weapons=0 available
  track 8 (FIGHTER, d=2.0km, v=300m/s) -> threat=151.19
  track 6 (FIGHTER, d=7.3km, v=300m/s) -> threat=150.84
  track 2 (ASM, d=2.6km, v=0m/s) -> threat=101.38
  track 4 (ASM, d=3.6km, v=0m/s) -> threat=101.28

[DECISION] t=115.0s | tracks=4 | weapons=0 available
  track 8 (FIGHTER, d=2.0km, v=300m/s) -> threat=151.19
  track 6 (FIGHTER, d=7.3km, v=300m/s) -> threat=150.84
  track 2 (ASM, d=2.6km, v=0m/s) -> threat=101.38
  track 4 (ASM, d=3.6km, v=0m/s) -> threat=101.28

[DECISION] t=115.2s | tracks=4 | weapons=0 available
  track 8 (FIGHTER, d=1.9km, v=300m/s) -> threat=151.23
  track 6 (FIGHTER, d=7.4km, v=300m/s) -> threat=150.83
  track 2 (ASM, d=2.6km, v=0m/s) -> threat=101.38
  track 4 (ASM, d=3.6km, v=0m/s) -> threat=101.28

[DECISION] t=115.4s | tracks=4 | weapons=0 available
  track 8 (FIGHTER, d=1.9km, v=300m/s) -> threat=151.23
  track 6 (FIGHTER, d=7.4km, v=300m/s) -> threat=150.83
  track 2 (ASM, d=2.6km, v=0m/s) -> threat=101.38
  track 4 (ASM, d=3.6km, v=0m/s) -> threat=101.28

[DECISION] t=115.6s | tracks=4 | weapons=0 available
  track 8 (FIGHTER, d=1.9km, v=300m/s) -> threat=151.23
  track 6 (FIGHTER, d=7.6km, v=300m/s) -> threat=150.83
  track 2 (ASM, d=2.6km, v=0m/s) -> threat=101.38
  track 4 (ASM, d=3.6km, v=0m/s) -> threat=101.28

[DECISION] t=115.8s | tracks=4 | weapons=0 available
  track 8 (FIGHTER, d=1.7km, v=300m/s) -> threat=151.28
  track 6 (FIGHTER, d=7.6km, v=300m/s) -> threat=150.83
  track 2 (ASM, d=2.6km, v=0m/s) -> threat=101.38
  track 4 (ASM, d=3.6km, v=0m/s) -> threat=101.28

[DECISION] t=116.0s | tracks=4 | weapons=0 available
  track 8 (FIGHTER, d=1.7km, v=300m/s) -> threat=151.28
  track 6 (FIGHTER, d=7.6km, v=300m/s) -> threat=150.83
  track 2 (ASM, d=2.6km, v=0m/s) -> threat=101.38
  track 4 (ASM, d=3.6km, v=0m/s) -> threat=101.28

[DECISION] t=116.2s | tracks=4 | weapons=0 available
  track 8 (FIGHTER, d=1.6km, v=300m/s) -> threat=151.33
  track 6 (FIGHTER, d=7.7km, v=300m/s) -> threat=150.83
  track 2 (ASM, d=2.6km, v=0m/s) -> threat=101.38
  track 4 (ASM, d=3.6km, v=0m/s) -> threat=101.28

[DECISION] t=116.4s | tracks=4 | weapons=0 available
  track 8 (FIGHTER, d=1.6km, v=300m/s) -> threat=151.33
  track 6 (FIGHTER, d=7.7km, v=300m/s) -> threat=150.83
  track 2 (ASM, d=2.6km, v=0m/s) -> threat=101.38
  track 4 (ASM, d=3.6km, v=0m/s) -> threat=101.28

[DECISION] t=116.6s | tracks=4 | weapons=0 available
  track 8 (FIGHTER, d=1.6km, v=300m/s) -> threat=151.33
  track 6 (FIGHTER, d=7.9km, v=300m/s) -> threat=150.83
  track 2 (ASM, d=2.6km, v=0m/s) -> threat=101.38
  track 4 (ASM, d=3.6km, v=0m/s) -> threat=101.28

[DECISION] t=116.8s | tracks=4 | weapons=0 available
  track 8 (FIGHTER, d=1.4km, v=300m/s) -> threat=151.40
  track 6 (FIGHTER, d=7.9km, v=300m/s) -> threat=150.83
  track 2 (ASM, d=2.6km, v=0m/s) -> threat=101.38
  track 4 (ASM, d=3.6km, v=0m/s) -> threat=101.28

[DECISION] t=117.0s | tracks=4 | weapons=0 available
  track 8 (FIGHTER, d=1.4km, v=300m/s) -> threat=151.40
  track 6 (FIGHTER, d=7.9km, v=300m/s) -> threat=150.83
  track 2 (ASM, d=2.6km, v=0m/s) -> threat=101.38
  track 4 (ASM, d=3.6km, v=0m/s) -> threat=101.28

[DECISION] t=117.4s | tracks=4 | weapons=0 available
  track 8 (FIGHTER, d=1.4km, v=300m/s) -> threat=151.40
  track 6 (FIGHTER, d=8.0km, v=300m/s) -> threat=150.82
  track 2 (ASM, d=2.6km, v=0m/s) -> threat=101.38
  track 4 (ASM, d=3.6km, v=0m/s) -> threat=101.28

[DECISION] t=117.6s | tracks=4 | weapons=0 available
  track 8 (FIGHTER, d=1.3km, v=300m/s) -> threat=151.47
  track 6 (FIGHTER, d=8.2km, v=300m/s) -> threat=150.82
  track 2 (ASM, d=2.6km, v=0m/s) -> threat=101.38
  track 4 (ASM, d=3.6km, v=0m/s) -> threat=101.28

[DECISION] t=117.8s | tracks=4 | weapons=0 available
  track 8 (FIGHTER, d=1.1km, v=300m/s) -> threat=151.58
  track 6 (FIGHTER, d=8.2km, v=300m/s) -> threat=150.82
  track 2 (ASM, d=2.6km, v=0m/s) -> threat=101.38
  track 4 (ASM, d=3.6km, v=0m/s) -> threat=101.28

[DECISION] t=118.0s | tracks=4 | weapons=0 available
  track 8 (FIGHTER, d=1.1km, v=300m/s) -> threat=151.58
  track 6 (FIGHTER, d=8.2km, v=300m/s) -> threat=150.82
  track 2 (ASM, d=2.6km, v=0m/s) -> threat=101.38
  track 4 (ASM, d=3.6km, v=0m/s) -> threat=101.28

[DECISION] t=118.4s | tracks=4 | weapons=0 available
  track 8 (FIGHTER, d=1.0km, v=300m/s) -> threat=151.71
  track 6 (FIGHTER, d=8.3km, v=300m/s) -> threat=150.82
  track 2 (ASM, d=2.6km, v=0m/s) -> threat=101.38
  track 4 (ASM, d=3.6km, v=0m/s) -> threat=101.28

[DECISION] t=118.6s | tracks=4 | weapons=0 available
  track 8 (FIGHTER, d=1.0km, v=300m/s) -> threat=151.71
  track 6 (FIGHTER, d=8.5km, v=300m/s) -> threat=150.82
  track 2 (ASM, d=2.6km, v=0m/s) -> threat=101.38
  track 4 (ASM, d=3.6km, v=0m/s) -> threat=101.28

[DECISION] t=118.8s | tracks=4 | weapons=0 available
  track 8 (FIGHTER, d=0.8km, v=300m/s) -> threat=151.89
  track 6 (FIGHTER, d=8.5km, v=300m/s) -> threat=150.82
  track 2 (ASM, d=2.6km, v=0m/s) -> threat=101.38
  track 4 (ASM, d=3.6km, v=0m/s) -> threat=101.28

[DECISION] t=119.0s | tracks=4 | weapons=0 available
  track 8 (FIGHTER, d=0.8km, v=300m/s) -> threat=151.89
  track 6 (FIGHTER, d=8.5km, v=300m/s) -> threat=150.82
  track 2 (ASM, d=2.6km, v=0m/s) -> threat=101.38
  track 4 (ASM, d=3.6km, v=0m/s) -> threat=101.28

[DECISION] t=119.6s | tracks=4 | weapons=0 available
  track 8 (FIGHTER, d=0.7km, v=300m/s) -> threat=152.14
  track 6 (FIGHTER, d=8.6km, v=300m/s) -> threat=150.82
  track 2 (ASM, d=2.6km, v=0m/s) -> threat=101.38
  track 4 (ASM, d=3.6km, v=0m/s) -> threat=101.28

[DECISION] t=119.8s | tracks=4 | weapons=0 available
  track 8 (FIGHTER, d=0.7km, v=300m/s) -> threat=152.14
  track 6 (FIGHTER, d=8.8km, v=300m/s) -> threat=150.81
  track 2 (ASM, d=2.6km, v=0m/s) -> threat=101.38
  track 4 (ASM, d=3.6km, v=0m/s) -> threat=101.28

[DECISION] t=120.0s | tracks=4 | weapons=0 available
  track 8 (FIGHTER, d=0.5km, v=300m/s) -> threat=152.56
  track 6 (FIGHTER, d=8.8km, v=300m/s) -> threat=150.81
  track 2 (ASM, d=2.6km, v=0m/s) -> threat=101.38
  track 4 (ASM, d=3.6km, v=0m/s) -> threat=101.28

[DECISION] t=120.2s | tracks=4 | weapons=0 available
  track 8 (FIGHTER, d=0.4km, v=300m/s) -> threat=153.17
  track 6 (FIGHTER, d=8.9km, v=300m/s) -> threat=150.81
  track 2 (ASM, d=2.6km, v=0m/s) -> threat=101.38
  track 4 (ASM, d=3.6km, v=0m/s) -> threat=101.28

[DECISION] t=120.4s | tracks=5 | weapons=0 available
  track 8 (FIGHTER, d=0.4km, v=300m/s) -> threat=153.17
  track 10 (FIGHTER, d=7.2km, v=300m/s) -> threat=150.84
  track 6 (FIGHTER, d=8.9km, v=300m/s) -> threat=150.81
  track 2 (ASM, d=2.6km, v=0m/s) -> threat=101.38
  track 4 (ASM, d=3.6km, v=0m/s) -> threat=101.28

[DECISION] t=120.6s | tracks=5 | weapons=0 available
  track 8 (FIGHTER, d=0.4km, v=300m/s) -> threat=153.17
  track 10 (FIGHTER, d=7.2km, v=300m/s) -> threat=150.84
  track 6 (FIGHTER, d=9.1km, v=300m/s) -> threat=150.81
  track 2 (ASM, d=2.6km, v=0m/s) -> threat=101.38
  track 4 (ASM, d=3.6km, v=0m/s) -> threat=101.28

[DECISION] t=120.8s | tracks=5 | weapons=0 available
  track 8 (FIGHTER, d=0.3km, v=300m/s) -> threat=154.70
  track 10 (FIGHTER, d=7.1km, v=300m/s) -> threat=150.84
  track 6 (FIGHTER, d=9.1km, v=300m/s) -> threat=150.81
  track 2 (ASM, d=2.6km, v=0m/s) -> threat=101.38
  track 4 (ASM, d=3.6km, v=0m/s) -> threat=101.28

[DECISION] t=121.2s | tracks=5 | weapons=0 available
  track 8 (FIGHTER, d=0.3km, v=300m/s) -> threat=154.70
  track 10 (FIGHTER, d=7.1km, v=300m/s) -> threat=150.84
  track 6 (FIGHTER, d=9.1km, v=300m/s) -> threat=150.81
  track 2 (ASM, d=2.6km, v=0m/s) -> threat=101.38
  track 4 (ASM, d=3.6km, v=0m/s) -> threat=101.28

[DECISION] t=0.0s | tracks=5 | weapons=0 available
  track 8 (FIGHTER, d=0.1km, v=300m/s) -> threat=159.98
  track 10 (FIGHTER, d=7.1km, v=300m/s) -> threat=150.84
  track 6 (FIGHTER, d=9.2km, v=300m/s) -> threat=150.81
  track 2 (ASM, d=2.6km, v=0m/s) -> threat=101.38
  track 4 (ASM, d=3.6km, v=0m/s) -> threat=101.28

[DECISION] t=121.4s | tracks=5 | weapons=0 available
  track 8 (FIGHTER, d=0.1km, v=300m/s) -> threat=159.98
  track 10 (FIGHTER, d=6.9km, v=300m/s) -> threat=150.85
  track 6 (FIGHTER, d=9.2km, v=300m/s) -> threat=150.81
  track 2 (ASM, d=2.6km, v=0m/s) -> threat=101.38
  track 4 (ASM, d=3.6km, v=0m/s) -> threat=101.28

[DECISION] t=121.6s | tracks=5 | weapons=0 available
  track 8 (FIGHTER, d=0.1km, v=300m/s) -> threat=159.98
  track 10 (FIGHTER, d=6.9km, v=300m/s) -> threat=150.85
  track 6 (FIGHTER, d=9.4km, v=300m/s) -> threat=150.81
  track 2 (ASM, d=2.6km, v=0m/s) -> threat=101.38
  track 4 (ASM, d=3.6km, v=0m/s) -> threat=101.28

[DECISION] t=121.8s | tracks=5 | weapons=0 available
  track 8 (FIGHTER, d=0.1km, v=300m/s) -> threat=160.70
  track 10 (FIGHTER, d=6.8km, v=300m/s) -> threat=150.85
  track 6 (FIGHTER, d=9.4km, v=300m/s) -> threat=150.81
  track 2 (ASM, d=2.6km, v=0m/s) -> threat=101.38
  track 4 (ASM, d=3.6km, v=0m/s) -> threat=101.28

[DECISION] t=122.0s | tracks=5 | weapons=0 available
  track 8 (FIGHTER, d=0.1km, v=300m/s) -> threat=160.70
  track 10 (FIGHTER, d=6.8km, v=300m/s) -> threat=150.85
  track 6 (FIGHTER, d=9.4km, v=300m/s) -> threat=150.81
  track 2 (ASM, d=2.6km, v=0m/s) -> threat=101.38
  track 4 (ASM, d=3.6km, v=0m/s) -> threat=101.28

[DECISION] t=122.2s | tracks=5 | weapons=0 available
  track 8 (FIGHTER, d=0.2km, v=300m/s) -> threat=155.74
  track 10 (FIGHTER, d=6.8km, v=300m/s) -> threat=150.85
  track 6 (FIGHTER, d=9.5km, v=300m/s) -> threat=150.80
  track 2 (ASM, d=2.6km, v=0m/s) -> threat=101.38
  track 4 (ASM, d=3.6km, v=0m/s) -> threat=101.28

[DECISION] t=122.4s | tracks=5 | weapons=0 available
  track 8 (FIGHTER, d=0.2km, v=300m/s) -> threat=155.74
  track 10 (FIGHTER, d=6.6km, v=300m/s) -> threat=150.85
  track 6 (FIGHTER, d=9.5km, v=300m/s) -> threat=150.80
  track 2 (ASM, d=2.6km, v=0m/s) -> threat=101.38
  track 4 (ASM, d=3.6km, v=0m/s) -> threat=101.28

[DECISION] t=122.6s | tracks=5 | weapons=0 available
  track 8 (FIGHTER, d=0.2km, v=300m/s) -> threat=155.74
  track 10 (FIGHTER, d=6.6km, v=300m/s) -> threat=150.85
  track 6 (FIGHTER, d=9.7km, v=300m/s) -> threat=150.80
  track 2 (ASM, d=2.6km, v=0m/s) -> threat=101.38
  track 4 (ASM, d=3.6km, v=0m/s) -> threat=101.28

[DECISION] t=123.0s | tracks=5 | weapons=0 available
  track 8 (FIGHTER, d=0.4km, v=300m/s) -> threat=153.53
  track 10 (FIGHTER, d=6.4km, v=300m/s) -> threat=150.86
  track 6 (FIGHTER, d=9.7km, v=300m/s) -> threat=150.80
  track 2 (ASM, d=2.6km, v=0m/s) -> threat=101.38
  track 4 (ASM, d=3.6km, v=0m/s) -> threat=101.28

[DECISION] t=123.4s | tracks=5 | weapons=0 available
  track 8 (FIGHTER, d=0.5km, v=300m/s) -> threat=152.71
  track 10 (FIGHTER, d=6.4km, v=300m/s) -> threat=150.86
  track 6 (FIGHTER, d=9.8km, v=300m/s) -> threat=150.80
  track 2 (ASM, d=2.6km, v=0m/s) -> threat=101.38
  track 4 (ASM, d=3.6km, v=0m/s) -> threat=101.28

[DECISION] t=123.8s | tracks=5 | weapons=0 available
  track 8 (FIGHTER, d=0.5km, v=300m/s) -> threat=152.71
  track 10 (FIGHTER, d=6.4km, v=300m/s) -> threat=150.86
  track 6 (FIGHTER, d=9.8km, v=300m/s) -> threat=150.80
  track 2 (ASM, d=2.6km, v=0m/s) -> threat=101.38
  track 4 (ASM, d=3.6km, v=0m/s) -> threat=101.28

[DECISION] t=124.0s | tracks=5 | weapons=0 available
  track 8 (FIGHTER, d=0.7km, v=300m/s) -> threat=152.23
  track 10 (FIGHTER, d=6.2km, v=300m/s) -> threat=150.86
  track 6 (FIGHTER, d=10.0km, v=300m/s) -> threat=150.80
  track 2 (ASM, d=2.6km, v=0m/s) -> threat=101.38
  track 4 (ASM, d=3.6km, v=0m/s) -> threat=101.28

[DECISION] t=124.2s | tracks=5 | weapons=0 available
  track 8 (FIGHTER, d=0.8km, v=300m/s) -> threat=151.95
  track 10 (FIGHTER, d=6.2km, v=300m/s) -> threat=150.86
  track 6 (FIGHTER, d=10.1km, v=300m/s) -> threat=150.80
  track 2 (ASM, d=2.6km, v=0m/s) -> threat=101.38
  track 4 (ASM, d=3.6km, v=0m/s) -> threat=101.28

[DECISION] t=124.4s | tracks=5 | weapons=0 available
  track 8 (FIGHTER, d=0.8km, v=300m/s) -> threat=151.95
  track 10 (FIGHTER, d=6.0km, v=300m/s) -> threat=150.87
  track 6 (FIGHTER, d=10.1km, v=300m/s) -> threat=150.80
  track 2 (ASM, d=2.6km, v=0m/s) -> threat=101.38
  track 4 (ASM, d=3.6km, v=0m/s) -> threat=101.28

[DECISION] t=124.6s | tracks=5 | weapons=0 available
  track 8 (FIGHTER, d=0.8km, v=300m/s) -> threat=151.95
  track 10 (FIGHTER, d=6.0km, v=300m/s) -> threat=150.87
  track 6 (FIGHTER, d=10.3km, v=300m/s) -> threat=150.80
  track 2 (ASM, d=2.6km, v=0m/s) -> threat=101.38
  track 4 (ASM, d=3.6km, v=0m/s) -> threat=101.28

[DECISION] t=125.0s | tracks=5 | weapons=0 available
  track 8 (FIGHTER, d=1.0km, v=300m/s) -> threat=151.75
  track 10 (FIGHTER, d=5.8km, v=300m/s) -> threat=150.87
  track 6 (FIGHTER, d=10.3km, v=300m/s) -> threat=150.80
  track 2 (ASM, d=2.6km, v=0m/s) -> threat=101.38
  track 4 (ASM, d=3.6km, v=0m/s) -> threat=101.28

[DECISION] t=125.2s | tracks=5 | weapons=0 available
  track 8 (FIGHTER, d=1.0km, v=300m/s) -> threat=151.75
  track 10 (FIGHTER, d=5.8km, v=300m/s) -> threat=150.87
  track 6 (FIGHTER, d=10.3km, v=300m/s) -> threat=150.80
  track 2 (ASM, d=2.6km, v=0m/s) -> threat=101.38
  track 4 (ASM, d=3.6km, v=0m/s) -> threat=101.28

[DECISION] t=125.4s | tracks=5 | weapons=0 available
  track 8 (FIGHTER, d=1.1km, v=300m/s) -> threat=151.61
  track 10 (FIGHTER, d=5.8km, v=300m/s) -> threat=150.87
  track 6 (FIGHTER, d=10.4km, v=300m/s) -> threat=150.80
  track 2 (ASM, d=2.6km, v=0m/s) -> threat=101.38
  track 4 (ASM, d=3.6km, v=0m/s) -> threat=101.28

[DECISION] t=125.6s | tracks=5 | weapons=0 available
  track 8 (FIGHTER, d=1.1km, v=300m/s) -> threat=151.61
  track 10 (FIGHTER, d=5.7km, v=300m/s) -> threat=150.87
  track 6 (FIGHTER, d=10.4km, v=300m/s) -> threat=150.80
  track 2 (ASM, d=2.6km, v=0m/s) -> threat=101.38
  track 4 (ASM, d=3.6km, v=0m/s) -> threat=101.28

[DECISION] t=125.8s | tracks=5 | weapons=0 available
  track 8 (FIGHTER, d=1.1km, v=300m/s) -> threat=151.61
  track 10 (FIGHTER, d=5.7km, v=300m/s) -> threat=150.87
  track 6 (FIGHTER, d=10.6km, v=300m/s) -> threat=150.79
  track 2 (ASM, d=2.6km, v=0m/s) -> threat=101.38
  track 4 (ASM, d=3.6km, v=0m/s) -> threat=101.28

[DECISION] t=126.2s | tracks=5 | weapons=0 available
  track 8 (FIGHTER, d=1.4km, v=300m/s) -> threat=151.42
  track 10 (FIGHTER, d=5.6km, v=300m/s) -> threat=150.88
  track 6 (FIGHTER, d=10.7km, v=300m/s) -> threat=150.79
  track 2 (ASM, d=2.6km, v=0m/s) -> threat=101.38
  track 4 (ASM, d=3.6km, v=0m/s) -> threat=101.28

[DECISION] t=126.4s | tracks=5 | weapons=0 available
  track 8 (FIGHTER, d=1.4km, v=300m/s) -> threat=151.42
  track 10 (FIGHTER, d=5.4km, v=300m/s) -> threat=150.89
  track 6 (FIGHTER, d=10.7km, v=300m/s) -> threat=150.79
  track 2 (ASM, d=2.6km, v=0m/s) -> threat=101.38
  track 4 (ASM, d=3.6km, v=0m/s) -> threat=101.28

[DECISION] t=126.6s | tracks=5 | weapons=0 available
  track 8 (FIGHTER, d=1.4km, v=300m/s) -> threat=151.42
  track 10 (FIGHTER, d=5.4km, v=300m/s) -> threat=150.89
  track 6 (FIGHTER, d=10.9km, v=300m/s) -> threat=150.79
  track 2 (ASM, d=2.6km, v=0m/s) -> threat=101.38
  track 4 (ASM, d=3.6km, v=0m/s) -> threat=101.28

[DECISION] t=127.0s | tracks=5 | weapons=0 available
  track 8 (FIGHTER, d=1.6km, v=300m/s) -> threat=151.34
  track 10 (FIGHTER, d=5.3km, v=300m/s) -> threat=150.89
  track 6 (FIGHTER, d=10.9km, v=300m/s) -> threat=150.79
  track 2 (ASM, d=2.6km, v=0m/s) -> threat=101.38
  track 4 (ASM, d=3.6km, v=0m/s) -> threat=101.28

[DECISION] t=127.0s | tracks=5 | weapons=0 available
  track 8 (FIGHTER, d=1.6km, v=300m/s) -> threat=151.34
  track 10 (FIGHTER, d=5.3km, v=300m/s) -> threat=150.89
  track 6 (FIGHTER, d=10.9km, v=300m/s) -> threat=150.79
  track 2 (ASM, d=2.6km, v=0m/s) -> threat=101.38
  track 4 (ASM, d=3.6km, v=0m/s) -> threat=101.28

[DECISION] t=127.2s | tracks=5 | weapons=0 available
  track 8 (FIGHTER, d=1.7km, v=300m/s) -> threat=151.29
  track 10 (FIGHTER, d=5.3km, v=300m/s) -> threat=150.89
  track 6 (FIGHTER, d=11.0km, v=300m/s) -> threat=150.79
  track 2 (ASM, d=2.6km, v=0m/s) -> threat=101.38
  track 4 (ASM, d=3.6km, v=0m/s) -> threat=101.28

[DECISION] t=127.6s | tracks=5 | weapons=0 available
  track 8 (FIGHTER, d=1.7km, v=300m/s) -> threat=151.29
  track 10 (FIGHTER, d=5.3km, v=300m/s) -> threat=150.89
  track 6 (FIGHTER, d=11.0km, v=300m/s) -> threat=150.79
  track 2 (ASM, d=2.6km, v=0m/s) -> threat=101.38
  track 4 (ASM, d=3.6km, v=0m/s) -> threat=101.28

[DECISION] t=128.1s | tracks=5 | weapons=0 available
  track 8 (FIGHTER, d=1.9km, v=300m/s) -> threat=151.24
  track 10 (FIGHTER, d=5.0km, v=300m/s) -> threat=150.90
  track 6 (FIGHTER, d=11.2km, v=300m/s) -> threat=150.79
  track 2 (ASM, d=2.6km, v=0m/s) -> threat=101.38
  track 4 (ASM, d=3.6km, v=0m/s) -> threat=101.28

[DECISION] t=128.3s | tracks=5 | weapons=0 available
  track 8 (FIGHTER, d=1.9km, v=300m/s) -> threat=151.24
  track 10 (FIGHTER, d=5.0km, v=300m/s) -> threat=150.90
  track 6 (FIGHTER, d=11.3km, v=300m/s) -> threat=150.79
  track 2 (ASM, d=2.6km, v=0m/s) -> threat=101.38
  track 4 (ASM, d=3.6km, v=0m/s) -> threat=101.28

[DECISION] t=128.5s | tracks=5 | weapons=0 available
  track 8 (FIGHTER, d=2.0km, v=300m/s) -> threat=151.20
  track 10 (FIGHTER, d=4.8km, v=300m/s) -> threat=150.91
  track 6 (FIGHTER, d=11.3km, v=300m/s) -> threat=150.79
  track 2 (ASM, d=2.6km, v=0m/s) -> threat=101.38
  track 4 (ASM, d=3.6km, v=0m/s) -> threat=101.28

[DECISION] t=128.7s | tracks=5 | weapons=0 available
  track 8 (FIGHTER, d=2.2km, v=300m/s) -> threat=151.16
  track 10 (FIGHTER, d=4.8km, v=300m/s) -> threat=150.91
  track 6 (FIGHTER, d=11.5km, v=300m/s) -> threat=150.79
  track 2 (ASM, d=2.6km, v=0m/s) -> threat=101.38
  track 4 (ASM, d=3.6km, v=0m/s) -> threat=101.28

[DECISION] t=128.9s | tracks=5 | weapons=0 available
  track 8 (FIGHTER, d=2.2km, v=300m/s) -> threat=151.16
  track 10 (FIGHTER, d=4.7km, v=300m/s) -> threat=150.91
  track 6 (FIGHTER, d=11.5km, v=300m/s) -> threat=150.79
  track 2 (ASM, d=2.6km, v=0m/s) -> threat=101.38
  track 4 (ASM, d=3.6km, v=0m/s) -> threat=101.28

[DECISION] t=129.1s | tracks=5 | weapons=0 available
  track 8 (FIGHTER, d=2.2km, v=300m/s) -> threat=151.16
  track 10 (FIGHTER, d=4.7km, v=300m/s) -> threat=150.91
  track 6 (FIGHTER, d=11.6km, v=300m/s) -> threat=150.79
  track 2 (ASM, d=2.6km, v=0m/s) -> threat=101.38
  track 4 (ASM, d=3.6km, v=0m/s) -> threat=101.28

[DECISION] t=129.3s | tracks=5 | weapons=0 available
  track 8 (FIGHTER, d=2.3km, v=300m/s) -> threat=151.13
  track 10 (FIGHTER, d=4.5km, v=300m/s) -> threat=150.92
  track 6 (FIGHTER, d=11.6km, v=300m/s) -> threat=150.79
  track 2 (ASM, d=2.6km, v=0m/s) -> threat=101.38
  track 4 (ASM, d=3.6km, v=0m/s) -> threat=101.28

[DECISION] t=129.7s | tracks=5 | weapons=0 available
  track 8 (FIGHTER, d=2.3km, v=300m/s) -> threat=151.13
  track 10 (FIGHTER, d=4.5km, v=300m/s) -> threat=150.92
  track 6 (FIGHTER, d=11.6km, v=300m/s) -> threat=150.79
  track 2 (ASM, d=2.6km, v=0m/s) -> threat=101.38
  track 4 (ASM, d=3.6km, v=0m/s) -> threat=101.28

[DECISION] t=130.1s | tracks=5 | weapons=0 available
  track 8 (FIGHTER, d=2.5km, v=300m/s) -> threat=151.11
  track 10 (FIGHTER, d=4.3km, v=300m/s) -> threat=150.93
  track 6 (FIGHTER, d=11.9km, v=300m/s) -> threat=150.78
  track 2 (ASM, d=2.6km, v=0m/s) -> threat=101.38
  track 4 (ASM, d=3.6km, v=0m/s) -> threat=101.28

[DECISION] t=130.9s | tracks=5 | weapons=0 available
  track 8 (FIGHTER, d=2.8km, v=300m/s) -> threat=151.06
  track 10 (FIGHTER, d=4.3km, v=300m/s) -> threat=150.93
  track 6 (FIGHTER, d=12.1km, v=300m/s) -> threat=150.78
  track 2 (ASM, d=2.6km, v=0m/s) -> threat=101.38
  track 4 (ASM, d=3.6km, v=0m/s) -> threat=101.28

[DECISION] t=130.9s | tracks=5 | weapons=0 available
  track 8 (FIGHTER, d=2.8km, v=300m/s) -> threat=151.06
  track 10 (FIGHTER, d=4.1km, v=300m/s) -> threat=150.94
  track 6 (FIGHTER, d=12.1km, v=300m/s) -> threat=150.78
  track 2 (ASM, d=2.6km, v=0m/s) -> threat=101.38
  track 4 (ASM, d=3.6km, v=0m/s) -> threat=101.28

[DECISION] t=131.3s | tracks=5 | weapons=0 available
  track 8 (FIGHTER, d=2.9km, v=300m/s) -> threat=151.04
  track 10 (FIGHTER, d=3.9km, v=300m/s) -> threat=150.96
  track 6 (FIGHTER, d=12.2km, v=300m/s) -> threat=150.78
  track 2 (ASM, d=2.6km, v=0m/s) -> threat=101.38
  track 4 (ASM, d=3.6km, v=0m/s) -> threat=101.28

[DECISION] t=131.5s | tracks=5 | weapons=0 available
  track 8 (FIGHTER, d=2.9km, v=300m/s) -> threat=151.04
  track 10 (FIGHTER, d=3.9km, v=300m/s) -> threat=150.96
  track 6 (FIGHTER, d=12.2km, v=300m/s) -> threat=150.78
  track 2 (ASM, d=2.6km, v=0m/s) -> threat=101.38
  track 4 (ASM, d=3.6km, v=0m/s) -> threat=101.28

[DECISION] t=131.7s | tracks=5 | weapons=0 available
  track 8 (FIGHTER, d=3.1km, v=300m/s) -> threat=151.03
  track 10 (FIGHTER, d=3.9km, v=300m/s) -> threat=150.96
  track 6 (FIGHTER, d=12.4km, v=300m/s) -> threat=150.78
  track 2 (ASM, d=2.6km, v=0m/s) -> threat=101.38
  track 4 (ASM, d=3.6km, v=0m/s) -> threat=101.28

[DECISION] t=132.1s | tracks=5 | weapons=0 available
  track 8 (FIGHTER, d=3.1km, v=300m/s) -> threat=151.03
  track 10 (FIGHTER, d=3.9km, v=300m/s) -> threat=150.96
  track 6 (FIGHTER, d=12.4km, v=300m/s) -> threat=150.78
  track 2 (ASM, d=2.6km, v=0m/s) -> threat=101.38
  track 4 (ASM, d=3.6km, v=0m/s) -> threat=101.28

[DECISION] t=0.0s | tracks=5 | weapons=0 available
  track 8 (FIGHTER, d=3.2km, v=300m/s) -> threat=151.01
  track 10 (FIGHTER, d=3.6km, v=300m/s) -> threat=150.97
  track 6 (FIGHTER, d=12.5km, v=300m/s) -> threat=150.78
  track 2 (ASM, d=2.6km, v=0m/s) -> threat=101.38
  track 4 (ASM, d=3.6km, v=0m/s) -> threat=101.28

[DECISION] t=132.7s | tracks=5 | weapons=0 available
  track 8 (FIGHTER, d=3.4km, v=300m/s) -> threat=151.00
  track 10 (FIGHTER, d=3.6km, v=300m/s) -> threat=150.97
  track 6 (FIGHTER, d=12.7km, v=300m/s) -> threat=150.78
  track 2 (ASM, d=2.6km, v=0m/s) -> threat=101.38
  track 4 (ASM, d=3.6km, v=0m/s) -> threat=101.28

[DECISION] t=132.9s | tracks=5 | weapons=0 available
  track 8 (FIGHTER, d=3.4km, v=300m/s) -> threat=151.00
  track 10 (FIGHTER, d=3.5km, v=300m/s) -> threat=150.99
  track 6 (FIGHTER, d=12.7km, v=300m/s) -> threat=150.78
  track 2 (ASM, d=2.6km, v=0m/s) -> threat=101.38
  track 4 (ASM, d=3.6km, v=0m/s) -> threat=101.28

[DECISION] t=133.1s | tracks=5 | weapons=0 available
  track 8 (FIGHTER, d=3.4km, v=300m/s) -> threat=151.00
  track 10 (FIGHTER, d=3.5km, v=300m/s) -> threat=150.99
  track 6 (FIGHTER, d=12.8km, v=300m/s) -> threat=150.78
  track 2 (ASM, d=2.6km, v=0m/s) -> threat=101.38
  track 4 (ASM, d=3.6km, v=0m/s) -> threat=101.28

[DECISION] t=133.3s | tracks=5 | weapons=0 available
  track 10 (FIGHTER, d=3.3km, v=300m/s) -> threat=151.00
  track 8 (FIGHTER, d=3.5km, v=300m/s) -> threat=150.98
  track 6 (FIGHTER, d=12.8km, v=300m/s) -> threat=150.78
  track 2 (ASM, d=2.6km, v=0m/s) -> threat=101.38
  track 4 (ASM, d=3.6km, v=0m/s) -> threat=101.28

[DECISION] t=133.5s | tracks=5 | weapons=0 available
  track 10 (FIGHTER, d=3.3km, v=300m/s) -> threat=151.00
  track 8 (FIGHTER, d=3.5km, v=300m/s) -> threat=150.98
  track 6 (FIGHTER, d=12.8km, v=300m/s) -> threat=150.78
  track 2 (ASM, d=2.6km, v=0m/s) -> threat=101.38
  track 4 (ASM, d=3.6km, v=0m/s) -> threat=101.28

[DECISION] t=133.9s | tracks=5 | weapons=0 available
  track 10 (FIGHTER, d=3.3km, v=300m/s) -> threat=151.00
  track 8 (FIGHTER, d=3.7km, v=300m/s) -> threat=150.97
  track 6 (FIGHTER, d=13.0km, v=300m/s) -> threat=150.78
  track 2 (ASM, d=2.6km, v=0m/s) -> threat=101.38
  track 4 (ASM, d=3.6km, v=0m/s) -> threat=101.28

[DECISION] t=134.1s | tracks=5 | weapons=0 available
  track 10 (FIGHTER, d=3.2km, v=300m/s) -> threat=151.01
  track 8 (FIGHTER, d=3.7km, v=300m/s) -> threat=150.97
  track 6 (FIGHTER, d=13.2km, v=300m/s) -> threat=150.78
  track 2 (ASM, d=2.6km, v=0m/s) -> threat=101.38
  track 4 (ASM, d=3.6km, v=0m/s) -> threat=101.28

[DECISION] t=134.3s | tracks=5 | weapons=0 available
  track 10 (FIGHTER, d=3.0km, v=300m/s) -> threat=151.03
  track 8 (FIGHTER, d=3.8km, v=300m/s) -> threat=150.96
  track 6 (FIGHTER, d=13.2km, v=300m/s) -> threat=150.78
  track 2 (ASM, d=2.6km, v=0m/s) -> threat=101.38
  track 4 (ASM, d=3.6km, v=0m/s) -> threat=101.28

[DECISION] t=134.7s | tracks=5 | weapons=0 available
  track 10 (FIGHTER, d=3.0km, v=300m/s) -> threat=151.03
  track 8 (FIGHTER, d=4.0km, v=300m/s) -> threat=150.95
  track 6 (FIGHTER, d=13.3km, v=300m/s) -> threat=150.78
  track 2 (ASM, d=2.6km, v=0m/s) -> threat=101.38
  track 4 (ASM, d=3.6km, v=0m/s) -> threat=101.28

[DECISION] t=134.9s | tracks=5 | weapons=0 available
  track 10 (FIGHTER, d=2.9km, v=300m/s) -> threat=151.05
  track 8 (FIGHTER, d=4.0km, v=300m/s) -> threat=150.95
  track 6 (FIGHTER, d=13.3km, v=300m/s) -> threat=150.78
  track 2 (ASM, d=2.6km, v=0m/s) -> threat=101.38
  track 4 (ASM, d=3.6km, v=0m/s) -> threat=101.28

[DECISION] t=135.3s | tracks=5 | weapons=0 available
  track 10 (FIGHTER, d=2.9km, v=300m/s) -> threat=151.05
  track 8 (FIGHTER, d=4.0km, v=300m/s) -> threat=150.95
  track 6 (FIGHTER, d=13.3km, v=300m/s) -> threat=150.78
  track 2 (ASM, d=2.6km, v=0m/s) -> threat=101.38
  track 4 (ASM, d=3.6km, v=0m/s) -> threat=101.28

[DECISION] t=135.5s | tracks=5 | weapons=0 available
  track 10 (FIGHTER, d=2.8km, v=300m/s) -> threat=151.06
  track 8 (FIGHTER, d=4.1km, v=300m/s) -> threat=150.94
  track 6 (FIGHTER, d=13.5km, v=300m/s) -> threat=150.77
  track 2 (ASM, d=2.6km, v=0m/s) -> threat=101.38
  track 4 (ASM, d=3.6km, v=0m/s) -> threat=101.28

[DECISION] t=0.0s | tracks=5 | weapons=0 available
  track 10 (FIGHTER, d=2.8km, v=300m/s) -> threat=151.06
  track 8 (FIGHTER, d=4.3km, v=300m/s) -> threat=150.94
  track 6 (FIGHTER, d=13.6km, v=300m/s) -> threat=150.77
  track 2 (ASM, d=2.6km, v=0m/s) -> threat=101.38
  track 4 (ASM, d=3.6km, v=0m/s) -> threat=101.28

[DECISION] t=135.9s | tracks=5 | weapons=0 available
  track 10 (FIGHTER, d=2.6km, v=300m/s) -> threat=151.09
  track 8 (FIGHTER, d=4.3km, v=300m/s) -> threat=150.94
  track 6 (FIGHTER, d=13.6km, v=300m/s) -> threat=150.77
  track 2 (ASM, d=2.6km, v=0m/s) -> threat=101.38
  track 4 (ASM, d=3.6km, v=0m/s) -> threat=101.28

[DECISION] t=136.1s | tracks=5 | weapons=0 available
  track 10 (FIGHTER, d=2.6km, v=300m/s) -> threat=151.09
  track 8 (FIGHTER, d=4.3km, v=300m/s) -> threat=150.94
  track 6 (FIGHTER, d=13.8km, v=300m/s) -> threat=150.77
  track 2 (ASM, d=2.6km, v=0m/s) -> threat=101.38
  track 4 (ASM, d=3.6km, v=0m/s) -> threat=101.28

[DECISION] t=136.3s | tracks=5 | weapons=0 available
  track 10 (FIGHTER, d=2.4km, v=300m/s) -> threat=151.11
  track 8 (FIGHTER, d=4.4km, v=300m/s) -> threat=150.93
  track 6 (FIGHTER, d=13.8km, v=300m/s) -> threat=150.77
  track 2 (ASM, d=2.6km, v=0m/s) -> threat=101.38
  track 4 (ASM, d=3.6km, v=0m/s) -> threat=101.28

[DECISION] t=136.5s | tracks=5 | weapons=0 available
  track 10 (FIGHTER, d=2.4km, v=300m/s) -> threat=151.11
  track 8 (FIGHTER, d=4.4km, v=300m/s) -> threat=150.93
  track 6 (FIGHTER, d=13.8km, v=300m/s) -> threat=150.77
  track 2 (ASM, d=2.6km, v=0m/s) -> threat=101.38
  track 4 (ASM, d=3.6km, v=0m/s) -> threat=101.28

[DECISION] t=136.7s | tracks=5 | weapons=0 available
  track 10 (FIGHTER, d=2.4km, v=300m/s) -> threat=151.11
  track 8 (FIGHTER, d=4.6km, v=300m/s) -> threat=150.92
  track 6 (FIGHTER, d=13.9km, v=300m/s) -> threat=150.77
  track 2 (ASM, d=2.6km, v=0m/s) -> threat=101.38
  track 4 (ASM, d=3.6km, v=0m/s) -> threat=101.28

[DECISION] t=136.9s | tracks=5 | weapons=0 available
  track 10 (FIGHTER, d=2.2km, v=300m/s) -> threat=151.15
  track 8 (FIGHTER, d=4.6km, v=300m/s) -> threat=150.92
  track 6 (FIGHTER, d=13.9km, v=300m/s) -> threat=150.77
  track 2 (ASM, d=2.6km, v=0m/s) -> threat=101.38
  track 4 (ASM, d=3.6km, v=0m/s) -> threat=101.28

[DECISION] t=137.3s | tracks=5 | weapons=0 available
  track 10 (FIGHTER, d=2.2km, v=300m/s) -> threat=151.15
  track 8 (FIGHTER, d=4.6km, v=300m/s) -> threat=150.92
  track 6 (FIGHTER, d=13.9km, v=300m/s) -> threat=150.77
  track 2 (ASM, d=2.6km, v=0m/s) -> threat=101.38
  track 4 (ASM, d=3.6km, v=0m/s) -> threat=101.28

[DECISION] t=137.7s | tracks=5 | weapons=0 available
  track 10 (FIGHTER, d=2.2km, v=300m/s) -> threat=151.16
  track 8 (FIGHTER, d=4.7km, v=300m/s) -> threat=150.91
  track 6 (FIGHTER, d=14.1km, v=300m/s) -> threat=150.77
  track 2 (ASM, d=2.6km, v=0m/s) -> threat=101.38
  track 4 (ASM, d=3.6km, v=0m/s) -> threat=101.28

[DECISION] t=137.7s | tracks=5 | weapons=0 available
  track 10 (FIGHTER, d=2.2km, v=300m/s) -> threat=151.16
  track 8 (FIGHTER, d=4.9km, v=300m/s) -> threat=150.91
  track 6 (FIGHTER, d=14.2km, v=300m/s) -> threat=150.77
  track 2 (ASM, d=2.6km, v=0m/s) -> threat=101.38
  track 4 (ASM, d=3.6km, v=0m/s) -> threat=101.28

[DECISION] t=137.9s | tracks=5 | weapons=0 available
  track 10 (FIGHTER, d=2.0km, v=300m/s) -> threat=151.20
  track 8 (FIGHTER, d=4.9km, v=300m/s) -> threat=150.91
  track 6 (FIGHTER, d=14.2km, v=300m/s) -> threat=150.77
  track 2 (ASM, d=2.6km, v=0m/s) -> threat=101.38
  track 4 (ASM, d=3.6km, v=0m/s) -> threat=101.28

[DECISION] t=138.5s | tracks=5 | weapons=0 available
  track 10 (FIGHTER, d=1.8km, v=300m/s) -> threat=151.25
  track 8 (FIGHTER, d=5.0km, v=300m/s) -> threat=150.90
  track 6 (FIGHTER, d=14.4km, v=300m/s) -> threat=150.77
  track 2 (ASM, d=2.6km, v=0m/s) -> threat=101.38
  track 4 (ASM, d=3.6km, v=0m/s) -> threat=101.28

[DECISION] t=138.5s | tracks=5 | weapons=0 available
  track 10 (FIGHTER, d=1.8km, v=300m/s) -> threat=151.25
  track 8 (FIGHTER, d=5.0km, v=300m/s) -> threat=150.90
  track 6 (FIGHTER, d=14.4km, v=300m/s) -> threat=150.77
  track 2 (ASM, d=2.6km, v=0m/s) -> threat=101.38
  track 4 (ASM, d=3.6km, v=0m/s) -> threat=101.28

[DECISION] t=138.7s | tracks=5 | weapons=0 available
  track 10 (FIGHTER, d=1.8km, v=300m/s) -> threat=151.25
  track 8 (FIGHTER, d=5.2km, v=300m/s) -> threat=150.89
  track 6 (FIGHTER, d=14.5km, v=300m/s) -> threat=150.77
  track 2 (ASM, d=2.6km, v=0m/s) -> threat=101.38
  track 4 (ASM, d=3.6km, v=0m/s) -> threat=101.28

[DECISION] t=138.9s | tracks=5 | weapons=0 available
  track 10 (FIGHTER, d=1.7km, v=300m/s) -> threat=151.28
  track 8 (FIGHTER, d=5.2km, v=300m/s) -> threat=150.89
  track 6 (FIGHTER, d=14.5km, v=300m/s) -> threat=150.77
  track 2 (ASM, d=2.6km, v=0m/s) -> threat=101.38
  track 4 (ASM, d=3.6km, v=0m/s) -> threat=101.28

[DECISION] t=139.5s | tracks=5 | weapons=0 available
  track 10 (FIGHTER, d=1.7km, v=300m/s) -> threat=151.28
  track 8 (FIGHTER, d=5.2km, v=300m/s) -> threat=150.89
  track 6 (FIGHTER, d=14.5km, v=300m/s) -> threat=150.77
  track 2 (ASM, d=2.6km, v=0m/s) -> threat=101.38
  track 4 (ASM, d=3.6km, v=0m/s) -> threat=101.28

[DECISION] t=139.7s | tracks=5 | weapons=0 available
  track 10 (FIGHTER, d=1.7km, v=300m/s) -> threat=151.28
  track 8 (FIGHTER, d=5.2km, v=300m/s) -> threat=150.89
  track 6 (FIGHTER, d=14.8km, v=300m/s) -> threat=150.77
  track 2 (ASM, d=2.6km, v=0m/s) -> threat=101.38
  track 4 (ASM, d=3.6km, v=0m/s) -> threat=101.28

[DECISION] t=139.9s | tracks=5 | weapons=0 available
  track 10 (FIGHTER, d=1.4km, v=300m/s) -> threat=151.43
  track 8 (FIGHTER, d=5.5km, v=300m/s) -> threat=150.88
  track 6 (FIGHTER, d=14.8km, v=300m/s) -> threat=150.77
  track 2 (ASM, d=2.6km, v=0m/s) -> threat=101.38
  track 4 (ASM, d=3.6km, v=0m/s) -> threat=101.28

[DECISION] t=140.1s | tracks=5 | weapons=0 available
  track 10 (FIGHTER, d=1.4km, v=300m/s) -> threat=151.43
  track 8 (FIGHTER, d=5.5km, v=300m/s) -> threat=150.88
  track 6 (FIGHTER, d=15.0km, v=300m/s) -> threat=150.77
  track 2 (ASM, d=2.6km, v=0m/s) -> threat=101.38
  track 4 (ASM, d=3.6km, v=0m/s) -> threat=101.28

[DECISION] t=140.5s | tracks=5 | weapons=0 available
  track 10 (FIGHTER, d=1.2km, v=300m/s) -> threat=151.54
  track 8 (FIGHTER, d=5.6km, v=300m/s) -> threat=150.88
  track 6 (FIGHTER, d=15.0km, v=300m/s) -> threat=150.77
  track 2 (ASM, d=2.6km, v=0m/s) -> threat=101.38
  track 4 (ASM, d=3.6km, v=0m/s) -> threat=101.28

[DECISION] t=140.7s | tracks=5 | weapons=0 available
  track 10 (FIGHTER, d=1.2km, v=300m/s) -> threat=151.54
  track 8 (FIGHTER, d=5.8km, v=300m/s) -> threat=150.87
  track 6 (FIGHTER, d=15.1km, v=300m/s) -> threat=150.77
  track 2 (ASM, d=2.6km, v=0m/s) -> threat=101.38
  track 4 (ASM, d=3.6km, v=0m/s) -> threat=101.28

[DECISION] t=140.9s | tracks=5 | weapons=0 available
  track 10 (FIGHTER, d=1.1km, v=300m/s) -> threat=151.60
  track 8 (FIGHTER, d=5.8km, v=300m/s) -> threat=150.87
  track 6 (FIGHTER, d=15.1km, v=300m/s) -> threat=150.77
  track 2 (ASM, d=2.6km, v=0m/s) -> threat=101.38
  track 4 (ASM, d=3.6km, v=0m/s) -> threat=101.28

[DECISION] t=141.1s | tracks=5 | weapons=0 available
  track 10 (FIGHTER, d=1.1km, v=300m/s) -> threat=151.60
  track 8 (FIGHTER, d=5.8km, v=300m/s) -> threat=150.87
  track 6 (FIGHTER, d=15.3km, v=300m/s) -> threat=150.77
  track 2 (ASM, d=2.6km, v=0m/s) -> threat=101.38
  track 4 (ASM, d=3.6km, v=0m/s) -> threat=101.28

[DECISION] t=141.3s | tracks=5 | weapons=0 available
  track 10 (FIGHTER, d=0.9km, v=300m/s) -> threat=151.77
  track 8 (FIGHTER, d=5.9km, v=300m/s) -> threat=150.87
  track 6 (FIGHTER, d=15.3km, v=300m/s) -> threat=150.77
  track 2 (ASM, d=2.6km, v=0m/s) -> threat=101.38
  track 4 (ASM, d=3.6km, v=0m/s) -> threat=101.28

[DECISION] t=141.5s | tracks=5 | weapons=0 available
  track 10 (FIGHTER, d=0.9km, v=300m/s) -> threat=151.77
  track 8 (FIGHTER, d=5.9km, v=300m/s) -> threat=150.87
  track 6 (FIGHTER, d=15.3km, v=300m/s) -> threat=150.77
  track 2 (ASM, d=2.6km, v=0m/s) -> threat=101.38
  track 4 (ASM, d=3.6km, v=0m/s) -> threat=101.28

[DECISION] t=141.7s | tracks=5 | weapons=0 available
  track 10 (FIGHTER, d=0.9km, v=300m/s) -> threat=151.77
  track 8 (FIGHTER, d=6.1km, v=300m/s) -> threat=150.87
  track 6 (FIGHTER, d=15.4km, v=300m/s) -> threat=150.76
  track 2 (ASM, d=2.6km, v=0m/s) -> threat=101.38
  track 4 (ASM, d=3.6km, v=0m/s) -> threat=101.28

[DECISION] t=141.9s | tracks=5 | weapons=0 available
  track 10 (FIGHTER, d=0.8km, v=300m/s) -> threat=152.02
  track 8 (FIGHTER, d=6.1km, v=300m/s) -> threat=150.87
  track 6 (FIGHTER, d=15.4km, v=300m/s) -> threat=150.76
  track 2 (ASM, d=2.6km, v=0m/s) -> threat=101.38
  track 4 (ASM, d=3.6km, v=0m/s) -> threat=101.28

[DECISION] t=142.1s | tracks=5 | weapons=0 available
  track 10 (FIGHTER, d=0.8km, v=300m/s) -> threat=152.02
  track 8 (FIGHTER, d=6.1km, v=300m/s) -> threat=150.87
  track 6 (FIGHTER, d=15.6km, v=300m/s) -> threat=150.76
  track 2 (ASM, d=2.6km, v=0m/s) -> threat=101.38
  track 4 (ASM, d=3.6km, v=0m/s) -> threat=101.28

[DECISION] t=142.5s | tracks=5 | weapons=0 available
  track 10 (FIGHTER, d=0.7km, v=300m/s) -> threat=152.19
  track 8 (FIGHTER, d=6.2km, v=300m/s) -> threat=150.86
  track 6 (FIGHTER, d=15.6km, v=300m/s) -> threat=150.76
  track 2 (ASM, d=2.6km, v=0m/s) -> threat=101.38
  track 4 (ASM, d=3.6km, v=0m/s) -> threat=101.28

[DECISION] t=142.7s | tracks=5 | weapons=0 available
  track 10 (FIGHTER, d=0.7km, v=300m/s) -> threat=152.19
  track 8 (FIGHTER, d=6.4km, v=300m/s) -> threat=150.86
  track 6 (FIGHTER, d=15.7km, v=300m/s) -> threat=150.76
  track 2 (ASM, d=2.6km, v=0m/s) -> threat=101.38
  track 4 (ASM, d=3.6km, v=0m/s) -> threat=101.28

[DECISION] t=142.9s | tracks=5 | weapons=0 available
  track 10 (FIGHTER, d=0.5km, v=300m/s) -> threat=152.72
  track 8 (FIGHTER, d=6.4km, v=300m/s) -> threat=150.86
  track 6 (FIGHTER, d=15.7km, v=300m/s) -> threat=150.76
  track 2 (ASM, d=2.6km, v=0m/s) -> threat=101.38
  track 4 (ASM, d=3.6km, v=0m/s) -> threat=101.28

[DECISION] t=143.3s | tracks=5 | weapons=0 available
  track 10 (FIGHTER, d=0.3km, v=300m/s) -> threat=153.82
  track 8 (FIGHTER, d=6.5km, v=300m/s) -> threat=150.85
  track 6 (FIGHTER, d=15.9km, v=300m/s) -> threat=150.76
  track 2 (ASM, d=2.6km, v=0m/s) -> threat=101.38
  track 4 (ASM, d=3.6km, v=0m/s) -> threat=101.28

[DECISION] t=143.5s | tracks=5 | weapons=0 available
  track 10 (FIGHTER, d=0.3km, v=300m/s) -> threat=153.82
  track 8 (FIGHTER, d=6.5km, v=300m/s) -> threat=150.85
  track 6 (FIGHTER, d=15.9km, v=300m/s) -> threat=150.76
  track 2 (ASM, d=2.6km, v=0m/s) -> threat=101.38
  track 4 (ASM, d=3.6km, v=0m/s) -> threat=101.28

[DECISION] t=143.7s | tracks=5 | weapons=0 available
  track 10 (FIGHTER, d=0.3km, v=300m/s) -> threat=153.82
  track 8 (FIGHTER, d=6.7km, v=300m/s) -> threat=150.85
  track 6 (FIGHTER, d=16.0km, v=300m/s) -> threat=150.76
  track 2 (ASM, d=2.6km, v=0m/s) -> threat=101.38
  track 4 (ASM, d=3.6km, v=0m/s) -> threat=101.28

[DECISION] t=143.9s | tracks=5 | weapons=0 available
  track 10 (FIGHTER, d=0.1km, v=300m/s) -> threat=157.55
  track 8 (FIGHTER, d=6.7km, v=300m/s) -> threat=150.85
  track 6 (FIGHTER, d=16.0km, v=300m/s) -> threat=150.76
  track 2 (ASM, d=2.6km, v=0m/s) -> threat=101.38
  track 4 (ASM, d=3.6km, v=0m/s) -> threat=101.28

[DECISION] t=144.5s | tracks=5 | weapons=0 available
  track 10 (FIGHTER, d=0.1km, v=300m/s) -> threat=157.55
  track 8 (FIGHTER, d=6.7km, v=300m/s) -> threat=150.85
  track 6 (FIGHTER, d=16.0km, v=300m/s) -> threat=150.76
  track 2 (ASM, d=2.6km, v=0m/s) -> threat=101.38
  track 4 (ASM, d=3.6km, v=0m/s) -> threat=101.28

[DECISION] t=0.0s | tracks=5 | weapons=0 available
  track 10 (FIGHTER, d=0.1km, v=300m/s) -> threat=160.70
  track 8 (FIGHTER, d=7.0km, v=300m/s) -> threat=150.84
  track 6 (FIGHTER, d=16.3km, v=300m/s) -> threat=150.76
  track 2 (ASM, d=2.6km, v=0m/s) -> threat=101.38
  track 4 (ASM, d=3.6km, v=0m/s) -> threat=101.28

[DECISION] t=144.9s | tracks=5 | weapons=0 available
  track 10 (FIGHTER, d=0.1km, v=300m/s) -> threat=159.26
  track 8 (FIGHTER, d=7.0km, v=300m/s) -> threat=150.84
  track 6 (FIGHTER, d=16.3km, v=300m/s) -> threat=150.76
  track 2 (ASM, d=2.6km, v=0m/s) -> threat=101.38
  track 4 (ASM, d=3.6km, v=0m/s) -> threat=101.28

[DECISION] t=145.3s | tracks=5 | weapons=0 available
  track 10 (FIGHTER, d=0.3km, v=300m/s) -> threat=154.13
  track 8 (FIGHTER, d=7.1km, v=300m/s) -> threat=150.84
  track 6 (FIGHTER, d=16.5km, v=300m/s) -> threat=150.76
  track 2 (ASM, d=2.6km, v=0m/s) -> threat=101.38
  track 4 (ASM, d=3.6km, v=0m/s) -> threat=101.28

[DECISION] t=145.5s | tracks=5 | weapons=0 available
  track 10 (FIGHTER, d=0.3km, v=300m/s) -> threat=154.13
  track 8 (FIGHTER, d=7.1km, v=300m/s) -> threat=150.84
  track 6 (FIGHTER, d=16.5km, v=300m/s) -> threat=150.76
  track 2 (ASM, d=2.6km, v=0m/s) -> threat=101.38
  track 4 (ASM, d=3.6km, v=0m/s) -> threat=101.28

[DECISION] t=145.7s | tracks=5 | weapons=0 available
  track 10 (FIGHTER, d=0.3km, v=300m/s) -> threat=154.13
  track 8 (FIGHTER, d=7.3km, v=300m/s) -> threat=150.84
  track 6 (FIGHTER, d=16.6km, v=300m/s) -> threat=150.76
  track 2 (ASM, d=2.6km, v=0m/s) -> threat=101.38
  track 4 (ASM, d=3.6km, v=0m/s) -> threat=101.28

[DECISION] t=146.1s | tracks=5 | weapons=0 available
  track 10 (FIGHTER, d=0.4km, v=300m/s) -> threat=153.34
  track 8 (FIGHTER, d=7.3km, v=300m/s) -> threat=150.84
  track 6 (FIGHTER, d=16.6km, v=300m/s) -> threat=150.76
  track 2 (ASM, d=2.6km, v=0m/s) -> threat=101.38
  track 4 (ASM, d=3.6km, v=0m/s) -> threat=101.28

[DECISION] t=146.3s | tracks=5 | weapons=0 available
  track 10 (FIGHTER, d=0.6km, v=300m/s) -> threat=152.50
  track 8 (FIGHTER, d=7.4km, v=300m/s) -> threat=150.83
  track 6 (FIGHTER, d=16.8km, v=300m/s) -> threat=150.76
  track 2 (ASM, d=2.6km, v=0m/s) -> threat=101.38
  track 4 (ASM, d=3.6km, v=0m/s) -> threat=101.28

[DECISION] t=146.5s | tracks=5 | weapons=0 available
  track 10 (FIGHTER, d=0.6km, v=300m/s) -> threat=152.50
  track 8 (FIGHTER, d=7.4km, v=300m/s) -> threat=150.83
  track 6 (FIGHTER, d=16.8km, v=300m/s) -> threat=150.76
  track 2 (ASM, d=2.6km, v=0m/s) -> threat=101.38
  track 4 (ASM, d=3.6km, v=0m/s) -> threat=101.28

[DECISION] t=146.7s | tracks=5 | weapons=0 available
  track 10 (FIGHTER, d=0.6km, v=300m/s) -> threat=152.50
  track 8 (FIGHTER, d=7.6km, v=300m/s) -> threat=150.83
  track 6 (FIGHTER, d=16.9km, v=300m/s) -> threat=150.76
  track 2 (ASM, d=2.6km, v=0m/s) -> threat=101.38
  track 4 (ASM, d=3.6km, v=0m/s) -> threat=101.28

[DECISION] t=146.9s | tracks=5 | weapons=0 available
  track 10 (FIGHTER, d=0.7km, v=300m/s) -> threat=152.07
  track 8 (FIGHTER, d=7.6km, v=300m/s) -> threat=150.83
  track 6 (FIGHTER, d=16.9km, v=300m/s) -> threat=150.76
  track 2 (ASM, d=2.6km, v=0m/s) -> threat=101.38
  track 4 (ASM, d=3.6km, v=0m/s) -> threat=101.28

[DECISION] t=147.3s | tracks=5 | weapons=0 available
  track 10 (FIGHTER, d=0.7km, v=300m/s) -> threat=152.07
  track 8 (FIGHTER, d=7.6km, v=300m/s) -> threat=150.83
  track 6 (FIGHTER, d=17.1km, v=300m/s) -> threat=150.76
  track 2 (ASM, d=2.6km, v=0m/s) -> threat=101.38
  track 4 (ASM, d=3.6km, v=0m/s) -> threat=101.28

[DECISION] t=147.5s | tracks=5 | weapons=0 available
  track 10 (FIGHTER, d=0.8km, v=300m/s) -> threat=151.92
  track 8 (FIGHTER, d=7.7km, v=300m/s) -> threat=150.83
  track 6 (FIGHTER, d=17.1km, v=300m/s) -> threat=150.76
  track 2 (ASM, d=2.6km, v=0m/s) -> threat=101.38
  track 4 (ASM, d=3.6km, v=0m/s) -> threat=101.28

[DECISION] t=147.7s | tracks=5 | weapons=0 available
  track 10 (FIGHTER, d=0.8km, v=300m/s) -> threat=151.92
  track 8 (FIGHTER, d=7.9km, v=300m/s) -> threat=150.83
  track 6 (FIGHTER, d=17.2km, v=300m/s) -> threat=150.76
  track 2 (ASM, d=2.6km, v=0m/s) -> threat=101.38
  track 4 (ASM, d=3.6km, v=0m/s) -> threat=101.28

[DECISION] t=147.9s | tracks=5 | weapons=0 available
  track 10 (FIGHTER, d=1.0km, v=300m/s) -> threat=151.71
  track 8 (FIGHTER, d=7.9km, v=300m/s) -> threat=150.83
  track 6 (FIGHTER, d=17.2km, v=300m/s) -> threat=150.76
  track 2 (ASM, d=2.6km, v=0m/s) -> threat=101.38
  track 4 (ASM, d=3.6km, v=0m/s) -> threat=101.28

[DECISION] t=148.1s | tracks=5 | weapons=0 available
  track 10 (FIGHTER, d=1.0km, v=300m/s) -> threat=151.71
  track 8 (FIGHTER, d=7.9km, v=300m/s) -> threat=150.83
  track 6 (FIGHTER, d=17.4km, v=300m/s) -> threat=150.76
  track 2 (ASM, d=2.6km, v=0m/s) -> threat=101.38
  track 4 (ASM, d=3.6km, v=0m/s) -> threat=101.28

[DECISION] t=148.5s | tracks=5 | weapons=0 available
  track 10 (FIGHTER, d=1.2km, v=300m/s) -> threat=151.56
  track 8 (FIGHTER, d=8.0km, v=300m/s) -> threat=150.82
  track 6 (FIGHTER, d=17.4km, v=300m/s) -> threat=150.76
  track 2 (ASM, d=2.6km, v=0m/s) -> threat=101.38
  track 4 (ASM, d=3.6km, v=0m/s) -> threat=101.28

[DECISION] t=148.7s | tracks=5 | weapons=0 available
  track 10 (FIGHTER, d=1.2km, v=300m/s) -> threat=151.56
  track 8 (FIGHTER, d=8.0km, v=300m/s) -> threat=150.82
  track 6 (FIGHTER, d=17.4km, v=300m/s) -> threat=150.76
  track 2 (ASM, d=2.6km, v=0m/s) -> threat=101.38
  track 4 (ASM, d=3.6km, v=0m/s) -> threat=101.28

[DECISION] t=148.9s | tracks=5 | weapons=0 available
  track 10 (FIGHTER, d=1.3km, v=300m/s) -> threat=151.44
  track 8 (FIGHTER, d=8.2km, v=300m/s) -> threat=150.82
  track 6 (FIGHTER, d=17.5km, v=300m/s) -> threat=150.76
  track 2 (ASM, d=2.6km, v=0m/s) -> threat=101.38
  track 4 (ASM, d=3.6km, v=0m/s) -> threat=101.28

[DECISION] t=149.1s | tracks=5 | weapons=0 available
  track 10 (FIGHTER, d=1.3km, v=300m/s) -> threat=151.44
  track 8 (FIGHTER, d=8.2km, v=300m/s) -> threat=150.82
  track 6 (FIGHTER, d=17.7km, v=300m/s) -> threat=150.76
  track 2 (ASM, d=2.6km, v=0m/s) -> threat=101.38
  track 4 (ASM, d=3.6km, v=0m/s) -> threat=101.28

[DECISION] t=149.3s | tracks=5 | weapons=0 available
  track 10 (FIGHTER, d=1.4km, v=300m/s) -> threat=151.40
  track 8 (FIGHTER, d=8.3km, v=300m/s) -> threat=150.82
  track 6 (FIGHTER, d=17.7km, v=300m/s) -> threat=150.76
  track 2 (ASM, d=2.6km, v=0m/s) -> threat=101.38
  track 4 (ASM, d=3.6km, v=0m/s) -> threat=101.28

[DECISION] t=149.7s | tracks=5 | weapons=0 available
  track 10 (FIGHTER, d=1.4km, v=300m/s) -> threat=151.40
  track 8 (FIGHTER, d=8.3km, v=300m/s) -> threat=150.82
  track 6 (FIGHTER, d=17.7km, v=300m/s) -> threat=150.76
  track 2 (ASM, d=2.6km, v=0m/s) -> threat=101.38
  track 4 (ASM, d=3.6km, v=0m/s) -> threat=101.28

[DECISION] t=149.9s | tracks=5 | weapons=0 available
  track 10 (FIGHTER, d=1.4km, v=300m/s) -> threat=151.40
  track 8 (FIGHTER, d=8.3km, v=300m/s) -> threat=150.82
  track 6 (FIGHTER, d=17.7km, v=300m/s) -> threat=150.76
  track 2 (ASM, d=2.6km, v=0m/s) -> threat=101.38
  track 4 (ASM, d=3.6km, v=0m/s) -> threat=101.28

[DECISION] t=150.1s | tracks=5 | weapons=0 available
  track 10 (FIGHTER, d=1.6km, v=300m/s) -> threat=151.32
  track 8 (FIGHTER, d=8.5km, v=300m/s) -> threat=150.82
  track 6 (FIGHTER, d=18.0km, v=300m/s) -> threat=150.76
  track 2 (ASM, d=2.6km, v=0m/s) -> threat=101.38
  track 4 (ASM, d=3.6km, v=0m/s) -> threat=101.28

[DECISION] t=150.3s | tracks=6 | weapons=0 available
  track 10 (FIGHTER, d=1.6km, v=300m/s) -> threat=151.32
  track 12 (FIGHTER, d=7.2km, v=300m/s) -> threat=150.84
  track 8 (FIGHTER, d=8.6km, v=300m/s) -> threat=150.82
  track 6 (FIGHTER, d=18.0km, v=300m/s) -> threat=150.76
  track 2 (ASM, d=2.6km, v=0m/s) -> threat=101.38
  track 4 (ASM, d=3.6km, v=0m/s) -> threat=101.28

[DECISION] t=150.7s | tracks=6 | weapons=0 available
  track 10 (FIGHTER, d=1.8km, v=300m/s) -> threat=151.26
  track 12 (FIGHTER, d=7.2km, v=300m/s) -> threat=150.84
  track 8 (FIGHTER, d=8.6km, v=300m/s) -> threat=150.82
  track 6 (FIGHTER, d=18.0km, v=300m/s) -> threat=150.76
  track 2 (ASM, d=2.6km, v=0m/s) -> threat=101.38
  track 4 (ASM, d=3.6km, v=0m/s) -> threat=101.28

[DECISION] t=150.7s | tracks=6 | weapons=0 available
  track 10 (FIGHTER, d=1.8km, v=300m/s) -> threat=151.26
  track 12 (FIGHTER, d=7.2km, v=300m/s) -> threat=150.84
  track 8 (FIGHTER, d=8.8km, v=300m/s) -> threat=150.81
  track 6 (FIGHTER, d=18.1km, v=300m/s) -> threat=150.76
  track 2 (ASM, d=2.6km, v=0m/s) -> threat=101.38
  track 4 (ASM, d=3.6km, v=0m/s) -> threat=101.28

[DECISION] t=150.9s | tracks=6 | weapons=0 available
  track 10 (FIGHTER, d=2.0km, v=300m/s) -> threat=151.21
  track 12 (FIGHTER, d=7.1km, v=300m/s) -> threat=150.84
  track 8 (FIGHTER, d=8.8km, v=300m/s) -> threat=150.81
  track 6 (FIGHTER, d=18.1km, v=300m/s) -> threat=150.76
  track 2 (ASM, d=2.6km, v=0m/s) -> threat=101.38
  track 4 (ASM, d=3.6km, v=0m/s) -> threat=101.28

[DECISION] t=151.1s | tracks=6 | weapons=0 available
  track 10 (FIGHTER, d=2.0km, v=300m/s) -> threat=151.21
  track 12 (FIGHTER, d=7.1km, v=300m/s) -> threat=150.84
  track 8 (FIGHTER, d=8.8km, v=300m/s) -> threat=150.81
  track 6 (FIGHTER, d=18.3km, v=300m/s) -> threat=150.75
  track 2 (ASM, d=2.6km, v=0m/s) -> threat=101.38
  track 4 (ASM, d=3.6km, v=0m/s) -> threat=101.28

[DECISION] t=151.3s | tracks=6 | weapons=0 available
  track 10 (FIGHTER, d=2.0km, v=300m/s) -> threat=151.21
  track 12 (FIGHTER, d=6.9km, v=300m/s) -> threat=150.84
  track 8 (FIGHTER, d=8.9km, v=300m/s) -> threat=150.81
  track 6 (FIGHTER, d=18.3km, v=300m/s) -> threat=150.75
  track 2 (ASM, d=2.6km, v=0m/s) -> threat=101.38
  track 4 (ASM, d=3.6km, v=0m/s) -> threat=101.28

[DECISION] t=151.5s | tracks=6 | weapons=0 available
  track 10 (FIGHTER, d=2.0km, v=300m/s) -> threat=151.19
  track 12 (FIGHTER, d=6.9km, v=300m/s) -> threat=150.84
  track 8 (FIGHTER, d=8.9km, v=300m/s) -> threat=150.81
  track 6 (FIGHTER, d=18.3km, v=300m/s) -> threat=150.75
  track 2 (ASM, d=2.6km, v=0m/s) -> threat=101.38
  track 4 (ASM, d=3.6km, v=0m/s) -> threat=101.28

[DECISION] t=151.7s | tracks=6 | weapons=0 available
  track 10 (FIGHTER, d=2.0km, v=300m/s) -> threat=151.19
  track 12 (FIGHTER, d=6.9km, v=300m/s) -> threat=150.84
  track 8 (FIGHTER, d=9.1km, v=300m/s) -> threat=150.81
  track 6 (FIGHTER, d=18.4km, v=300m/s) -> threat=150.75
  track 2 (ASM, d=2.6km, v=0m/s) -> threat=101.38
  track 4 (ASM, d=3.6km, v=0m/s) -> threat=101.28

[DECISION] t=151.9s | tracks=6 | weapons=0 available
  track 10 (FIGHTER, d=2.2km, v=300m/s) -> threat=151.15
  track 12 (FIGHTER, d=6.8km, v=300m/s) -> threat=150.85
  track 8 (FIGHTER, d=9.1km, v=300m/s) -> threat=150.81
  track 6 (FIGHTER, d=18.4km, v=300m/s) -> threat=150.75
  track 2 (ASM, d=2.6km, v=0m/s) -> threat=101.38
  track 4 (ASM, d=3.6km, v=0m/s) -> threat=101.28

[DECISION] t=152.3s | tracks=6 | weapons=0 available
  track 10 (FIGHTER, d=2.2km, v=300m/s) -> threat=151.15
  track 12 (FIGHTER, d=6.8km, v=300m/s) -> threat=150.85
  track 8 (FIGHTER, d=9.1km, v=300m/s) -> threat=150.81
  track 6 (FIGHTER, d=18.4km, v=300m/s) -> threat=150.75
  track 2 (ASM, d=2.6km, v=0m/s) -> threat=101.38
  track 4 (ASM, d=3.6km, v=0m/s) -> threat=101.28

[DECISION] t=152.5s | tracks=6 | weapons=0 available
  track 10 (FIGHTER, d=2.4km, v=300m/s) -> threat=151.12
  track 12 (FIGHTER, d=6.6km, v=300m/s) -> threat=150.85
  track 8 (FIGHTER, d=9.2km, v=300m/s) -> threat=150.81
  track 6 (FIGHTER, d=18.6km, v=300m/s) -> threat=150.75
  track 2 (ASM, d=2.6km, v=0m/s) -> threat=101.38
  track 4 (ASM, d=3.6km, v=0m/s) -> threat=101.28

[DECISION] t=152.7s | tracks=6 | weapons=0 available
  track 10 (FIGHTER, d=2.4km, v=300m/s) -> threat=151.12
  track 12 (FIGHTER, d=6.6km, v=300m/s) -> threat=150.85
  track 8 (FIGHTER, d=9.4km, v=300m/s) -> threat=150.81
  track 6 (FIGHTER, d=18.7km, v=300m/s) -> threat=150.75
  track 2 (ASM, d=2.6km, v=0m/s) -> threat=101.38
  track 4 (ASM, d=3.6km, v=0m/s) -> threat=101.28

[DECISION] t=152.9s | tracks=6 | weapons=0 available
  track 10 (FIGHTER, d=2.5km, v=300m/s) -> threat=151.10
  track 12 (FIGHTER, d=6.5km, v=300m/s) -> threat=150.85
  track 8 (FIGHTER, d=9.4km, v=300m/s) -> threat=150.81
  track 6 (FIGHTER, d=18.7km, v=300m/s) -> threat=150.75
  track 2 (ASM, d=2.6km, v=0m/s) -> threat=101.38
  track 4 (ASM, d=3.6km, v=0m/s) -> threat=101.28

[DECISION] t=153.3s | tracks=6 | weapons=0 available
  track 10 (FIGHTER, d=2.5km, v=300m/s) -> threat=151.10
  track 12 (FIGHTER, d=6.5km, v=300m/s) -> threat=150.85
  track 8 (FIGHTER, d=9.4km, v=300m/s) -> threat=150.81
  track 6 (FIGHTER, d=18.9km, v=300m/s) -> threat=150.75
  track 2 (ASM, d=2.6km, v=0m/s) -> threat=101.38
  track 4 (ASM, d=3.6km, v=0m/s) -> threat=101.28

[DECISION] t=153.5s | tracks=6 | weapons=0 available
  track 10 (FIGHTER, d=2.7km, v=300m/s) -> threat=151.08
  track 12 (FIGHTER, d=6.3km, v=300m/s) -> threat=150.86
  track 8 (FIGHTER, d=9.5km, v=300m/s) -> threat=150.81
  track 6 (FIGHTER, d=18.9km, v=300m/s) -> threat=150.75
  track 2 (ASM, d=2.6km, v=0m/s) -> threat=101.38
  track 4 (ASM, d=3.6km, v=0m/s) -> threat=101.28

[DECISION] t=153.7s | tracks=6 | weapons=0 available
  track 10 (FIGHTER, d=2.7km, v=300m/s) -> threat=151.08
  track 12 (FIGHTER, d=6.3km, v=300m/s) -> threat=150.86
  track 8 (FIGHTER, d=9.7km, v=300m/s) -> threat=150.80
  track 6 (FIGHTER, d=19.0km, v=300m/s) -> threat=150.75
  track 2 (ASM, d=2.6km, v=0m/s) -> threat=101.38
  track 4 (ASM, d=3.6km, v=0m/s) -> threat=101.28

[DECISION] t=153.9s | tracks=6 | weapons=0 available
  track 10 (FIGHTER, d=2.8km, v=300m/s) -> threat=151.05
  track 12 (FIGHTER, d=6.2km, v=300m/s) -> threat=150.86
  track 8 (FIGHTER, d=9.7km, v=300m/s) -> threat=150.80
  track 6 (FIGHTER, d=19.0km, v=300m/s) -> threat=150.75
  track 2 (ASM, d=2.6km, v=0m/s) -> threat=101.38
  track 4 (ASM, d=3.6km, v=0m/s) -> threat=101.28

[DECISION] t=154.1s | tracks=6 | weapons=0 available
  track 10 (FIGHTER, d=2.8km, v=300m/s) -> threat=151.05
  track 12 (FIGHTER, d=6.2km, v=300m/s) -> threat=150.86
  track 8 (FIGHTER, d=9.7km, v=300m/s) -> threat=150.80
  track 6 (FIGHTER, d=19.2km, v=300m/s) -> threat=150.75
  track 2 (ASM, d=2.6km, v=0m/s) -> threat=101.38
  track 4 (ASM, d=3.6km, v=0m/s) -> threat=101.28

[DECISION] t=154.5s | tracks=6 | weapons=0 available
  track 10 (FIGHTER, d=2.8km, v=300m/s) -> threat=151.05
  track 12 (FIGHTER, d=6.1km, v=300m/s) -> threat=150.86
  track 8 (FIGHTER, d=9.8km, v=300m/s) -> threat=150.80
  track 6 (FIGHTER, d=19.2km, v=300m/s) -> threat=150.75
  track 2 (ASM, d=2.6km, v=0m/s) -> threat=101.38
  track 4 (ASM, d=3.6km, v=0m/s) -> threat=101.28

[DECISION] t=154.5s | tracks=6 | weapons=0 available
  track 10 (FIGHTER, d=3.0km, v=300m/s) -> threat=151.03
  track 12 (FIGHTER, d=6.1km, v=300m/s) -> threat=150.86
  track 8 (FIGHTER, d=9.8km, v=300m/s) -> threat=150.80
  track 6 (FIGHTER, d=19.2km, v=300m/s) -> threat=150.75
  track 2 (ASM, d=2.6km, v=0m/s) -> threat=101.38
  track 4 (ASM, d=3.6km, v=0m/s) -> threat=101.28

[DECISION] t=154.7s | tracks=6 | weapons=0 available
  track 10 (FIGHTER, d=3.0km, v=300m/s) -> threat=151.03
  track 12 (FIGHTER, d=6.1km, v=300m/s) -> threat=150.86
  track 8 (FIGHTER, d=10.0km, v=300m/s) -> threat=150.80
  track 6 (FIGHTER, d=19.3km, v=300m/s) -> threat=150.75
  track 2 (ASM, d=2.6km, v=0m/s) -> threat=101.38
  track 4 (ASM, d=3.6km, v=0m/s) -> threat=101.28

[DECISION] t=154.9s | tracks=6 | weapons=0 available
  track 10 (FIGHTER, d=3.1km, v=300m/s) -> threat=151.02
  track 12 (FIGHTER, d=5.9km, v=300m/s) -> threat=150.87
  track 8 (FIGHTER, d=10.0km, v=300m/s) -> threat=150.80
  track 6 (FIGHTER, d=19.3km, v=300m/s) -> threat=150.75
  track 2 (ASM, d=2.6km, v=0m/s) -> threat=101.38
  track 4 (ASM, d=3.6km, v=0m/s) -> threat=101.28

[DECISION] t=155.1s | tracks=6 | weapons=0 available
  track 10 (FIGHTER, d=3.1km, v=300m/s) -> threat=151.02
  track 12 (FIGHTER, d=5.9km, v=300m/s) -> threat=150.87
  track 8 (FIGHTER, d=10.0km, v=300m/s) -> threat=150.80
  track 6 (FIGHTER, d=19.5km, v=300m/s) -> threat=150.75
  track 2 (ASM, d=2.6km, v=0m/s) -> threat=101.38
  track 4 (ASM, d=3.6km, v=0m/s) -> threat=101.28

[DECISION] t=155.3s | tracks=6 | weapons=0 available
  track 10 (FIGHTER, d=3.1km, v=300m/s) -> threat=151.02
  track 12 (FIGHTER, d=5.7km, v=300m/s) -> threat=150.87
  track 8 (FIGHTER, d=10.1km, v=300m/s) -> threat=150.80
  track 6 (FIGHTER, d=19.5km, v=300m/s) -> threat=150.75
  track 2 (ASM, d=2.6km, v=0m/s) -> threat=101.38
  track 4 (ASM, d=3.6km, v=0m/s) -> threat=101.28

[DECISION] t=155.5s | tracks=6 | weapons=0 available
  track 10 (FIGHTER, d=3.3km, v=300m/s) -> threat=151.01
  track 12 (FIGHTER, d=5.7km, v=300m/s) -> threat=150.87
  track 8 (FIGHTER, d=10.1km, v=300m/s) -> threat=150.80
  track 6 (FIGHTER, d=19.5km, v=300m/s) -> threat=150.75
  track 2 (ASM, d=2.6km, v=0m/s) -> threat=101.38
  track 4 (ASM, d=3.6km, v=0m/s) -> threat=101.28

[DECISION] t=155.9s | tracks=6 | weapons=0 available
  track 10 (FIGHTER, d=3.3km, v=300m/s) -> threat=151.01
  track 12 (FIGHTER, d=5.7km, v=300m/s) -> threat=150.87
  track 8 (FIGHTER, d=10.1km, v=300m/s) -> threat=150.80
  track 6 (FIGHTER, d=19.5km, v=300m/s) -> threat=150.75
  track 2 (ASM, d=2.6km, v=0m/s) -> threat=101.38
  track 4 (ASM, d=3.6km, v=0m/s) -> threat=101.28

[DECISION] t=156.3s | tracks=6 | weapons=0 available
  track 10 (FIGHTER, d=3.4km, v=300m/s) -> threat=150.99
  track 12 (FIGHTER, d=5.6km, v=300m/s) -> threat=150.88
  track 8 (FIGHTER, d=10.3km, v=300m/s) -> threat=150.80
  track 6 (FIGHTER, d=19.8km, v=300m/s) -> threat=150.75
  track 2 (ASM, d=2.6km, v=0m/s) -> threat=101.38
  track 4 (ASM, d=3.6km, v=0m/s) -> threat=101.28

[DECISION] t=0.0s | tracks=6 | weapons=0 available
  track 10 (FIGHTER, d=3.5km, v=300m/s) -> threat=150.98
  track 12 (FIGHTER, d=5.5km, v=300m/s) -> threat=150.88
  track 8 (FIGHTER, d=10.4km, v=300m/s) -> threat=150.80
  track 6 (FIGHTER, d=19.8km, v=300m/s) -> threat=150.75
  track 2 (ASM, d=2.6km, v=0m/s) -> threat=101.38
  track 4 (ASM, d=3.6km, v=0m/s) -> threat=101.28

[DECISION] t=156.9s | tracks=6 | weapons=0 available
  track 10 (FIGHTER, d=3.5km, v=300m/s) -> threat=150.98
  track 12 (FIGHTER, d=5.5km, v=300m/s) -> threat=150.88
  track 8 (FIGHTER, d=10.4km, v=300m/s) -> threat=150.80
  track 6 (FIGHTER, d=19.8km, v=300m/s) -> threat=150.75
  track 2 (ASM, d=2.6km, v=0m/s) -> threat=101.38
  track 4 (ASM, d=3.6km, v=0m/s) -> threat=101.28

[DECISION] t=157.3s | tracks=6 | weapons=0 available
  track 10 (FIGHTER, d=3.7km, v=300m/s) -> threat=150.97
  track 12 (FIGHTER, d=5.3km, v=300m/s) -> threat=150.89
  track 8 (FIGHTER, d=10.6km, v=300m/s) -> threat=150.79
  track 6 (FIGHTER, d=20.1km, v=300m/s) -> threat=150.75
  track 2 (ASM, d=2.6km, v=0m/s) -> threat=101.38
  track 4 (ASM, d=3.6km, v=0m/s) -> threat=101.28

[DECISION] t=157.5s | tracks=6 | weapons=0 available
  track 10 (FIGHTER, d=3.7km, v=300m/s) -> threat=150.97
  track 12 (FIGHTER, d=5.3km, v=300m/s) -> threat=150.89
  track 8 (FIGHTER, d=10.6km, v=300m/s) -> threat=150.79
  track 6 (FIGHTER, d=20.1km, v=300m/s) -> threat=150.75
  track 2 (ASM, d=2.6km, v=0m/s) -> threat=101.38
  track 4 (ASM, d=3.6km, v=0m/s) -> threat=101.28

[DECISION] t=157.7s | tracks=6 | weapons=0 available
  track 10 (FIGHTER, d=3.9km, v=300m/s) -> threat=150.96
  track 12 (FIGHTER, d=5.1km, v=300m/s) -> threat=150.90
  track 8 (FIGHTER, d=10.9km, v=300m/s) -> threat=150.79
  track 6 (FIGHTER, d=20.2km, v=300m/s) -> threat=150.75
  track 2 (ASM, d=2.6km, v=0m/s) -> threat=101.38
  track 4 (ASM, d=3.6km, v=0m/s) -> threat=101.28

[DECISION] t=157.9s | tracks=6 | weapons=0 available
  track 10 (FIGHTER, d=4.1km, v=300m/s) -> threat=150.95
  track 12 (FIGHTER, d=5.0km, v=300m/s) -> threat=150.90
  track 8 (FIGHTER, d=10.9km, v=300m/s) -> threat=150.79
  track 6 (FIGHTER, d=20.2km, v=300m/s) -> threat=150.75
  track 2 (ASM, d=2.6km, v=0m/s) -> threat=101.38
  track 4 (ASM, d=3.6km, v=0m/s) -> threat=101.28

[DECISION] t=158.1s | tracks=6 | weapons=0 available
  track 10 (FIGHTER, d=4.1km, v=300m/s) -> threat=150.95
  track 12 (FIGHTER, d=5.0km, v=300m/s) -> threat=150.90
  track 8 (FIGHTER, d=10.9km, v=300m/s) -> threat=150.79
  track 6 (FIGHTER, d=20.4km, v=300m/s) -> threat=150.75
  track 2 (ASM, d=2.6km, v=0m/s) -> threat=101.38
  track 4 (ASM, d=3.6km, v=0m/s) -> threat=101.28

[DECISION] t=0.0s | tracks=6 | weapons=0 available
  track 10 (FIGHTER, d=4.1km, v=300m/s) -> threat=150.95
  track 12 (FIGHTER, d=4.8km, v=300m/s) -> threat=150.91
  track 8 (FIGHTER, d=11.0km, v=300m/s) -> threat=150.79
  track 6 (FIGHTER, d=20.4km, v=300m/s) -> threat=150.75
  track 2 (ASM, d=2.6km, v=0m/s) -> threat=101.38
  track 4 (ASM, d=3.6km, v=0m/s) -> threat=101.28

[DECISION] t=158.5s | tracks=6 | weapons=0 available
  track 10 (FIGHTER, d=4.1km, v=300m/s) -> threat=150.94
  track 12 (FIGHTER, d=4.8km, v=300m/s) -> threat=150.91
  track 8 (FIGHTER, d=11.0km, v=300m/s) -> threat=150.79
  track 6 (FIGHTER, d=20.4km, v=300m/s) -> threat=150.75
  track 2 (ASM, d=2.6km, v=0m/s) -> threat=101.38
  track 4 (ASM, d=3.6km, v=0m/s) -> threat=101.28

[DECISION] t=158.9s | tracks=6 | weapons=0 available
  track 10 (FIGHTER, d=4.1km, v=300m/s) -> threat=150.94
  track 12 (FIGHTER, d=4.8km, v=300m/s) -> threat=150.91
  track 8 (FIGHTER, d=11.2km, v=300m/s) -> threat=150.79
  track 6 (FIGHTER, d=20.5km, v=300m/s) -> threat=150.75
  track 2 (ASM, d=2.6km, v=0m/s) -> threat=101.38
  track 4 (ASM, d=3.6km, v=0m/s) -> threat=101.28

[DECISION] t=158.9s | tracks=6 | weapons=0 available
  track 10 (FIGHTER, d=4.3km, v=300m/s) -> threat=150.93
  track 12 (FIGHTER, d=4.7km, v=300m/s) -> threat=150.91
  track 8 (FIGHTER, d=11.2km, v=300m/s) -> threat=150.79
  track 6 (FIGHTER, d=20.5km, v=300m/s) -> threat=150.75
  track 2 (ASM, d=2.6km, v=0m/s) -> threat=101.38
  track 4 (ASM, d=3.6km, v=0m/s) -> threat=101.28

[DECISION] t=159.1s | tracks=6 | weapons=0 available
  track 10 (FIGHTER, d=4.3km, v=300m/s) -> threat=150.93
  track 12 (FIGHTER, d=4.7km, v=300m/s) -> threat=150.91
  track 8 (FIGHTER, d=11.2km, v=300m/s) -> threat=150.79
  track 6 (FIGHTER, d=20.7km, v=300m/s) -> threat=150.75
  track 2 (ASM, d=2.6km, v=0m/s) -> threat=101.38
  track 4 (ASM, d=3.6km, v=0m/s) -> threat=101.28

[DECISION] t=159.3s | tracks=6 | weapons=0 available
  track 10 (FIGHTER, d=4.3km, v=300m/s) -> threat=150.93
  track 12 (FIGHTER, d=4.6km, v=300m/s) -> threat=150.92
  track 8 (FIGHTER, d=11.3km, v=300m/s) -> threat=150.79
  track 6 (FIGHTER, d=20.7km, v=300m/s) -> threat=150.75
  track 2 (ASM, d=2.6km, v=0m/s) -> threat=101.38
  track 4 (ASM, d=3.6km, v=0m/s) -> threat=101.28

[DECISION] t=159.5s | tracks=6 | weapons=0 available
  track 10 (FIGHTER, d=4.5km, v=300m/s) -> threat=150.92
  track 12 (FIGHTER, d=4.6km, v=300m/s) -> threat=150.92
  track 8 (FIGHTER, d=11.3km, v=300m/s) -> threat=150.79
  track 6 (FIGHTER, d=20.7km, v=300m/s) -> threat=150.75
  track 2 (ASM, d=2.6km, v=0m/s) -> threat=101.38
  track 4 (ASM, d=3.6km, v=0m/s) -> threat=101.28

[DECISION] t=159.7s | tracks=6 | weapons=0 available
  track 10 (FIGHTER, d=4.5km, v=300m/s) -> threat=150.92
  track 12 (FIGHTER, d=4.6km, v=300m/s) -> threat=150.92
  track 8 (FIGHTER, d=11.5km, v=300m/s) -> threat=150.79
  track 6 (FIGHTER, d=20.8km, v=300m/s) -> threat=150.75
  track 2 (ASM, d=2.6km, v=0m/s) -> threat=101.38
  track 4 (ASM, d=3.6km, v=0m/s) -> threat=101.28

[DECISION] t=159.9s | tracks=6 | weapons=0 available
  track 12 (FIGHTER, d=4.4km, v=300m/s) -> threat=150.93
  track 10 (FIGHTER, d=4.6km, v=300m/s) -> threat=150.92
  track 8 (FIGHTER, d=11.5km, v=300m/s) -> threat=150.79
  track 6 (FIGHTER, d=20.8km, v=300m/s) -> threat=150.75
  track 2 (ASM, d=2.6km, v=0m/s) -> threat=101.38
  track 4 (ASM, d=3.6km, v=0m/s) -> threat=101.28

[DECISION] t=160.3s | tracks=6 | weapons=0 available
  track 12 (FIGHTER, d=4.4km, v=300m/s) -> threat=150.93
  track 10 (FIGHTER, d=4.6km, v=300m/s) -> threat=150.92
  track 8 (FIGHTER, d=11.5km, v=300m/s) -> threat=150.79
  track 6 (FIGHTER, d=21.0km, v=300m/s) -> threat=150.75
  track 2 (ASM, d=2.6km, v=0m/s) -> threat=101.38
  track 4 (ASM, d=3.6km, v=0m/s) -> threat=101.28

[DECISION] t=160.3s | tracks=6 | weapons=0 available
  track 12 (FIGHTER, d=4.2km, v=300m/s) -> threat=150.94
  track 10 (FIGHTER, d=4.6km, v=300m/s) -> threat=150.92
  track 8 (FIGHTER, d=11.6km, v=300m/s) -> threat=150.79
  track 6 (FIGHTER, d=21.0km, v=300m/s) -> threat=150.75
  track 2 (ASM, d=2.6km, v=0m/s) -> threat=101.38
  track 4 (ASM, d=3.6km, v=0m/s) -> threat=101.28

[DECISION] t=160.7s | tracks=6 | weapons=0 available
  track 12 (FIGHTER, d=4.2km, v=300m/s) -> threat=150.94
  track 10 (FIGHTER, d=4.8km, v=300m/s) -> threat=150.91
  track 8 (FIGHTER, d=11.8km, v=300m/s) -> threat=150.79
  track 6 (FIGHTER, d=21.1km, v=300m/s) -> threat=150.75
  track 2 (ASM, d=2.6km, v=0m/s) -> threat=101.38
  track 4 (ASM, d=3.6km, v=0m/s) -> threat=101.28

[DECISION] t=160.9s | tracks=6 | weapons=0 available
  track 12 (FIGHTER, d=4.1km, v=300m/s) -> threat=150.95
  track 10 (FIGHTER, d=4.9km, v=300m/s) -> threat=150.90
  track 8 (FIGHTER, d=11.8km, v=300m/s) -> threat=150.79
  track 6 (FIGHTER, d=21.1km, v=300m/s) -> threat=150.75
  track 2 (ASM, d=2.6km, v=0m/s) -> threat=101.38
  track 4 (ASM, d=3.6km, v=0m/s) -> threat=101.28

[DECISION] t=161.1s | tracks=6 | weapons=0 available
  track 12 (FIGHTER, d=4.1km, v=300m/s) -> threat=150.95
  track 10 (FIGHTER, d=4.9km, v=300m/s) -> threat=150.90
  track 8 (FIGHTER, d=11.8km, v=300m/s) -> threat=150.79
  track 6 (FIGHTER, d=21.3km, v=300m/s) -> threat=150.75
  track 2 (ASM, d=2.6km, v=0m/s) -> threat=101.38
  track 4 (ASM, d=3.6km, v=0m/s) -> threat=101.28

[DECISION] t=161.5s | tracks=6 | weapons=0 available
  track 12 (FIGHTER, d=4.1km, v=300m/s) -> threat=150.95
  track 10 (FIGHTER, d=4.9km, v=300m/s) -> threat=150.90
  track 8 (FIGHTER, d=11.8km, v=300m/s) -> threat=150.79
  track 6 (FIGHTER, d=21.3km, v=300m/s) -> threat=150.75
  track 2 (ASM, d=2.6km, v=0m/s) -> threat=101.38
  track 4 (ASM, d=3.6km, v=0m/s) -> threat=101.28

[DECISION] t=161.9s | tracks=6 | weapons=0 available
  track 12 (FIGHTER, d=4.0km, v=300m/s) -> threat=150.95
  track 10 (FIGHTER, d=5.0km, v=300m/s) -> threat=150.90
  track 8 (FIGHTER, d=12.1km, v=300m/s) -> threat=150.78
  track 6 (FIGHTER, d=21.4km, v=300m/s) -> threat=150.75
  track 2 (ASM, d=2.6km, v=0m/s) -> threat=101.38
  track 4 (ASM, d=3.6km, v=0m/s) -> threat=101.28

[DECISION] t=162.3s | tracks=6 | weapons=0 available
  track 12 (FIGHTER, d=3.8km, v=300m/s) -> threat=150.96
  track 10 (FIGHTER, d=5.2km, v=300m/s) -> threat=150.89
  track 8 (FIGHTER, d=12.1km, v=300m/s) -> threat=150.78
  track 6 (FIGHTER, d=21.6km, v=300m/s) -> threat=150.75
  track 2 (ASM, d=2.6km, v=0m/s) -> threat=101.38
  track 4 (ASM, d=3.6km, v=0m/s) -> threat=101.28

[DECISION] t=162.5s | tracks=6 | weapons=0 available
  track 12 (FIGHTER, d=3.6km, v=300m/s) -> threat=150.98
  track 10 (FIGHTER, d=5.2km, v=300m/s) -> threat=150.89
  track 8 (FIGHTER, d=12.2km, v=300m/s) -> threat=150.78
  track 6 (FIGHTER, d=21.6km, v=300m/s) -> threat=150.75
  track 2 (ASM, d=2.6km, v=0m/s) -> threat=101.38
  track 4 (ASM, d=3.6km, v=0m/s) -> threat=101.28

[DECISION] t=162.9s | tracks=6 | weapons=0 available
  track 12 (FIGHTER, d=3.6km, v=300m/s) -> threat=150.98
  track 10 (FIGHTER, d=5.4km, v=300m/s) -> threat=150.89
  track 8 (FIGHTER, d=12.4km, v=300m/s) -> threat=150.78
  track 6 (FIGHTER, d=21.7km, v=300m/s) -> threat=150.75
  track 2 (ASM, d=2.6km, v=0m/s) -> threat=101.38
  track 4 (ASM, d=3.6km, v=0m/s) -> threat=101.28

[DECISION] t=163.1s | tracks=6 | weapons=0 available
  track 12 (FIGHTER, d=3.5km, v=300m/s) -> threat=150.98
  track 10 (FIGHTER, d=5.5km, v=300m/s) -> threat=150.88
  track 8 (FIGHTER, d=12.4km, v=300m/s) -> threat=150.78
  track 6 (FIGHTER, d=21.9km, v=300m/s) -> threat=150.75
  track 2 (ASM, d=2.6km, v=0m/s) -> threat=101.38
  track 4 (ASM, d=3.6km, v=0m/s) -> threat=101.28

[DECISION] t=163.3s | tracks=6 | weapons=0 available
  track 12 (FIGHTER, d=3.4km, v=300m/s) -> threat=151.00
  track 10 (FIGHTER, d=5.5km, v=300m/s) -> threat=150.88
  track 8 (FIGHTER, d=12.5km, v=300m/s) -> threat=150.78
  track 6 (FIGHTER, d=21.9km, v=300m/s) -> threat=150.75
  track 2 (ASM, d=2.6km, v=0m/s) -> threat=101.38
  track 4 (ASM, d=3.6km, v=0m/s) -> threat=101.28

[DECISION] t=163.7s | tracks=6 | weapons=0 available
  track 12 (FIGHTER, d=3.4km, v=300m/s) -> threat=151.00
  track 10 (FIGHTER, d=5.6km, v=300m/s) -> threat=150.88
  track 8 (FIGHTER, d=12.5km, v=300m/s) -> threat=150.78
  track 6 (FIGHTER, d=21.9km, v=300m/s) -> threat=150.75
  track 2 (ASM, d=2.6km, v=0m/s) -> threat=101.38
  track 4 (ASM, d=3.6km, v=0m/s) -> threat=101.28

[DECISION] t=164.1s | tracks=6 | weapons=0 available
  track 12 (FIGHTER, d=3.2km, v=300m/s) -> threat=151.01
  track 10 (FIGHTER, d=5.8km, v=300m/s) -> threat=150.87
  track 8 (FIGHTER, d=12.7km, v=300m/s) -> threat=150.78
  track 6 (FIGHTER, d=22.0km, v=300m/s) -> threat=150.75
  track 2 (ASM, d=2.6km, v=0m/s) -> threat=101.38
  track 4 (ASM, d=3.6km, v=0m/s) -> threat=101.28

[DECISION] t=164.1s | tracks=6 | weapons=0 available
  track 12 (FIGHTER, d=3.2km, v=300m/s) -> threat=151.01
  track 10 (FIGHTER, d=5.8km, v=300m/s) -> threat=150.87
  track 8 (FIGHTER, d=12.7km, v=300m/s) -> threat=150.78
  track 6 (FIGHTER, d=22.2km, v=300m/s) -> threat=150.75
  track 2 (ASM, d=2.6km, v=0m/s) -> threat=101.38
  track 4 (ASM, d=3.6km, v=0m/s) -> threat=101.28

[DECISION] t=164.3s | tracks=6 | weapons=0 available
  track 12 (FIGHTER, d=3.0km, v=300m/s) -> threat=151.03
  track 10 (FIGHTER, d=5.8km, v=300m/s) -> threat=150.87
  track 8 (FIGHTER, d=12.8km, v=300m/s) -> threat=150.78
  track 6 (FIGHTER, d=22.2km, v=300m/s) -> threat=150.75
  track 2 (ASM, d=2.6km, v=0m/s) -> threat=101.38
  track 4 (ASM, d=3.6km, v=0m/s) -> threat=101.28

[DECISION] t=164.5s | tracks=6 | weapons=0 available
  track 12 (FIGHTER, d=3.0km, v=300m/s) -> threat=151.03
  track 10 (FIGHTER, d=6.0km, v=300m/s) -> threat=150.87
  track 8 (FIGHTER, d=12.8km, v=300m/s) -> threat=150.78
  track 6 (FIGHTER, d=22.2km, v=300m/s) -> threat=150.75
  track 2 (ASM, d=2.6km, v=0m/s) -> threat=101.38
  track 4 (ASM, d=3.6km, v=0m/s) -> threat=101.28

[DECISION] t=164.7s | tracks=6 | weapons=0 available
  track 12 (FIGHTER, d=3.0km, v=300m/s) -> threat=151.03
  track 10 (FIGHTER, d=6.0km, v=300m/s) -> threat=150.87
  track 8 (FIGHTER, d=13.0km, v=300m/s) -> threat=150.78
  track 6 (FIGHTER, d=22.3km, v=300m/s) -> threat=150.74
  track 2 (ASM, d=2.6km, v=0m/s) -> threat=101.38
  track 4 (ASM, d=3.6km, v=0m/s) -> threat=101.28

[DECISION] t=164.9s | tracks=6 | weapons=0 available
  track 12 (FIGHTER, d=2.9km, v=300m/s) -> threat=151.04
  track 10 (FIGHTER, d=6.1km, v=300m/s) -> threat=150.86
  track 8 (FIGHTER, d=13.0km, v=300m/s) -> threat=150.78
  track 6 (FIGHTER, d=22.3km, v=300m/s) -> threat=150.74
  track 2 (ASM, d=2.6km, v=0m/s) -> threat=101.38
  track 4 (ASM, d=3.6km, v=0m/s) -> threat=101.28

[DECISION] t=165.1s | tracks=6 | weapons=0 available
  track 12 (FIGHTER, d=2.9km, v=300m/s) -> threat=151.04
  track 10 (FIGHTER, d=6.1km, v=300m/s) -> threat=150.86
  track 8 (FIGHTER, d=13.0km, v=300m/s) -> threat=150.78
  track 6 (FIGHTER, d=22.5km, v=300m/s) -> threat=150.74
  track 2 (ASM, d=2.6km, v=0m/s) -> threat=101.38
  track 4 (ASM, d=3.6km, v=0m/s) -> threat=101.28

[DECISION] t=165.3s | tracks=6 | weapons=0 available
  track 12 (FIGHTER, d=2.7km, v=300m/s) -> threat=151.06
  track 10 (FIGHTER, d=6.1km, v=300m/s) -> threat=150.86
  track 8 (FIGHTER, d=13.1km, v=300m/s) -> threat=150.78
  track 6 (FIGHTER, d=22.5km, v=300m/s) -> threat=150.74
  track 2 (ASM, d=2.6km, v=0m/s) -> threat=101.38
  track 4 (ASM, d=3.6km, v=0m/s) -> threat=101.28

[DECISION] t=165.5s | tracks=6 | weapons=0 available
  track 12 (FIGHTER, d=2.7km, v=300m/s) -> threat=151.06
  track 10 (FIGHTER, d=6.2km, v=300m/s) -> threat=150.86
  track 8 (FIGHTER, d=13.1km, v=300m/s) -> threat=150.78
  track 6 (FIGHTER, d=22.5km, v=300m/s) -> threat=150.74
  track 2 (ASM, d=2.6km, v=0m/s) -> threat=101.38
  track 4 (ASM, d=3.6km, v=0m/s) -> threat=101.28

[DECISION] t=166.1s | tracks=6 | weapons=0 available
  track 12 (FIGHTER, d=2.6km, v=300m/s) -> threat=151.09
  track 10 (FIGHTER, d=6.4km, v=300m/s) -> threat=150.86
  track 8 (FIGHTER, d=13.3km, v=300m/s) -> threat=150.78
  track 6 (FIGHTER, d=22.6km, v=300m/s) -> threat=150.74
  track 2 (ASM, d=2.6km, v=0m/s) -> threat=101.38
  track 4 (ASM, d=3.6km, v=0m/s) -> threat=101.28

[DECISION] t=166.1s | tracks=6 | weapons=0 available
  track 12 (FIGHTER, d=2.6km, v=300m/s) -> threat=151.09
  track 10 (FIGHTER, d=6.4km, v=300m/s) -> threat=150.86
  track 8 (FIGHTER, d=13.3km, v=300m/s) -> threat=150.78
  track 6 (FIGHTER, d=22.8km, v=300m/s) -> threat=150.74
  track 2 (ASM, d=2.6km, v=0m/s) -> threat=101.38
  track 4 (ASM, d=3.6km, v=0m/s) -> threat=101.28

[DECISION] t=166.3s | tracks=6 | weapons=0 available
  track 12 (FIGHTER, d=2.5km, v=300m/s) -> threat=151.10
  track 10 (FIGHTER, d=6.4km, v=300m/s) -> threat=150.86
  track 8 (FIGHTER, d=13.4km, v=300m/s) -> threat=150.77
  track 6 (FIGHTER, d=22.8km, v=300m/s) -> threat=150.74
  track 2 (ASM, d=2.6km, v=0m/s) -> threat=101.38
  track 4 (ASM, d=3.6km, v=0m/s) -> threat=101.28

[DECISION] t=166.5s | tracks=6 | weapons=0 available
  track 12 (FIGHTER, d=2.5km, v=300m/s) -> threat=151.10
  track 10 (FIGHTER, d=6.6km, v=300m/s) -> threat=150.85
  track 8 (FIGHTER, d=13.4km, v=300m/s) -> threat=150.77
  track 6 (FIGHTER, d=22.8km, v=300m/s) -> threat=150.74
  track 2 (ASM, d=2.6km, v=0m/s) -> threat=101.38
  track 4 (ASM, d=3.6km, v=0m/s) -> threat=101.28

[DECISION] t=0.0s | tracks=6 | weapons=0 available
  track 12 (FIGHTER, d=2.5km, v=300m/s) -> threat=151.10
  track 10 (FIGHTER, d=6.6km, v=300m/s) -> threat=150.85
  track 8 (FIGHTER, d=13.6km, v=300m/s) -> threat=150.77
  track 6 (FIGHTER, d=22.9km, v=300m/s) -> threat=150.74
  track 2 (ASM, d=2.6km, v=0m/s) -> threat=101.38
  track 4 (ASM, d=3.6km, v=0m/s) -> threat=101.28

[DECISION] t=166.9s | tracks=6 | weapons=0 available
  track 12 (FIGHTER, d=2.3km, v=300m/s) -> threat=151.13
  track 10 (FIGHTER, d=6.7km, v=300m/s) -> threat=150.85
  track 8 (FIGHTER, d=13.6km, v=300m/s) -> threat=150.77
  track 6 (FIGHTER, d=22.9km, v=300m/s) -> threat=150.74
  track 2 (ASM, d=2.6km, v=0m/s) -> threat=101.38
  track 4 (ASM, d=3.6km, v=0m/s) -> threat=101.28

[DECISION] t=167.1s | tracks=6 | weapons=0 available
  track 12 (FIGHTER, d=2.3km, v=300m/s) -> threat=151.13
  track 10 (FIGHTER, d=6.7km, v=300m/s) -> threat=150.85
  track 8 (FIGHTER, d=13.6km, v=300m/s) -> threat=150.77
  track 6 (FIGHTER, d=23.1km, v=300m/s) -> threat=150.74
  track 2 (ASM, d=2.6km, v=0m/s) -> threat=101.38
  track 4 (ASM, d=3.6km, v=0m/s) -> threat=101.28

[DECISION] t=167.3s | tracks=6 | weapons=0 available
  track 12 (FIGHTER, d=2.1km, v=300m/s) -> threat=151.17
  track 10 (FIGHTER, d=6.7km, v=300m/s) -> threat=150.85
  track 8 (FIGHTER, d=13.7km, v=300m/s) -> threat=150.77
  track 6 (FIGHTER, d=23.1km, v=300m/s) -> threat=150.74
  track 2 (ASM, d=2.6km, v=0m/s) -> threat=101.38
  track 4 (ASM, d=3.6km, v=0m/s) -> threat=101.28

[DECISION] t=167.9s | tracks=6 | weapons=0 available
  track 12 (FIGHTER, d=2.1km, v=300m/s) -> threat=151.17
  track 10 (FIGHTER, d=6.9km, v=300m/s) -> threat=150.85
  track 8 (FIGHTER, d=13.9km, v=300m/s) -> threat=150.77
  track 6 (FIGHTER, d=23.2km, v=300m/s) -> threat=150.74
  track 2 (ASM, d=2.6km, v=0m/s) -> threat=101.38
  track 4 (ASM, d=3.6km, v=0m/s) -> threat=101.28

[DECISION] t=168.1s | tracks=6 | weapons=0 available
  track 12 (FIGHTER, d=2.1km, v=300m/s) -> threat=151.17
  track 10 (FIGHTER, d=6.9km, v=300m/s) -> threat=150.85
  track 8 (FIGHTER, d=13.9km, v=300m/s) -> threat=150.77
  track 6 (FIGHTER, d=23.2km, v=300m/s) -> threat=150.74
  track 2 (ASM, d=2.6km, v=0m/s) -> threat=101.38
  track 4 (ASM, d=3.6km, v=0m/s) -> threat=101.28

[DECISION] t=168.3s | tracks=6 | weapons=0 available
  track 12 (FIGHTER, d=1.9km, v=300m/s) -> threat=151.24
  track 10 (FIGHTER, d=7.0km, v=300m/s) -> threat=150.84
  track 8 (FIGHTER, d=14.0km, v=300m/s) -> threat=150.77
  track 6 (FIGHTER, d=23.4km, v=300m/s) -> threat=150.74
  track 2 (ASM, d=2.6km, v=0m/s) -> threat=101.38
  track 4 (ASM, d=3.6km, v=0m/s) -> threat=101.28

[DECISION] t=168.5s | tracks=6 | weapons=0 available
  track 12 (FIGHTER, d=1.9km, v=300m/s) -> threat=151.24
  track 10 (FIGHTER, d=7.1km, v=300m/s) -> threat=150.84
  track 8 (FIGHTER, d=14.0km, v=300m/s) -> threat=150.77
  track 6 (FIGHTER, d=23.4km, v=300m/s) -> threat=150.74
  track 2 (ASM, d=2.6km, v=0m/s) -> threat=101.38
  track 4 (ASM, d=3.6km, v=0m/s) -> threat=101.28

[DECISION] t=168.9s | tracks=6 | weapons=0 available
  track 12 (FIGHTER, d=1.7km, v=300m/s) -> threat=151.29
  track 10 (FIGHTER, d=7.3km, v=300m/s) -> threat=150.84
  track 8 (FIGHTER, d=14.2km, v=300m/s) -> threat=150.77
  track 6 (FIGHTER, d=23.5km, v=300m/s) -> threat=150.74
  track 2 (ASM, d=2.6km, v=0m/s) -> threat=101.38
  track 4 (ASM, d=3.6km, v=0m/s) -> threat=101.28

[DECISION] t=169.1s | tracks=6 | weapons=0 available
  track 12 (FIGHTER, d=1.7km, v=300m/s) -> threat=151.29
  track 10 (FIGHTER, d=7.3km, v=300m/s) -> threat=150.84
  track 8 (FIGHTER, d=14.2km, v=300m/s) -> threat=150.77
  track 6 (FIGHTER, d=23.7km, v=300m/s) -> threat=150.74
  track 2 (ASM, d=2.6km, v=0m/s) -> threat=101.38
  track 4 (ASM, d=3.6km, v=0m/s) -> threat=101.28

[DECISION] t=169.3s | tracks=6 | weapons=0 available
  track 12 (FIGHTER, d=1.5km, v=300m/s) -> threat=151.36
  track 10 (FIGHTER, d=7.3km, v=300m/s) -> threat=150.84
  track 8 (FIGHTER, d=14.3km, v=300m/s) -> threat=150.77
  track 6 (FIGHTER, d=23.7km, v=300m/s) -> threat=150.74
  track 2 (ASM, d=2.6km, v=0m/s) -> threat=101.38
  track 4 (ASM, d=3.6km, v=0m/s) -> threat=101.28

[DECISION] t=169.7s | tracks=6 | weapons=0 available
  track 12 (FIGHTER, d=1.5km, v=300m/s) -> threat=151.36
  track 10 (FIGHTER, d=7.5km, v=300m/s) -> threat=150.83
  track 8 (FIGHTER, d=14.3km, v=300m/s) -> threat=150.77
  track 6 (FIGHTER, d=23.7km, v=300m/s) -> threat=150.74
  track 2 (ASM, d=2.6km, v=0m/s) -> threat=101.38
  track 4 (ASM, d=3.6km, v=0m/s) -> threat=101.28

[DECISION] t=169.9s | tracks=6 | weapons=0 available
  track 12 (FIGHTER, d=1.5km, v=300m/s) -> threat=151.36
  track 10 (FIGHTER, d=7.5km, v=300m/s) -> threat=150.83
  track 8 (FIGHTER, d=14.3km, v=300m/s) -> threat=150.77
  track 6 (FIGHTER, d=23.7km, v=300m/s) -> threat=150.74
  track 2 (ASM, d=2.6km, v=0m/s) -> threat=101.38
  track 4 (ASM, d=3.6km, v=0m/s) -> threat=101.28

[DECISION] t=170.3s | tracks=6 | weapons=0 available
  track 12 (FIGHTER, d=1.3km, v=300m/s) -> threat=151.50
  track 10 (FIGHTER, d=7.6km, v=300m/s) -> threat=150.83
  track 8 (FIGHTER, d=14.6km, v=300m/s) -> threat=150.77
  track 6 (FIGHTER, d=24.0km, v=300m/s) -> threat=150.74
  track 2 (ASM, d=2.6km, v=0m/s) -> threat=101.38
  track 4 (ASM, d=3.6km, v=0m/s) -> threat=101.28

[DECISION] t=170.5s | tracks=6 | weapons=0 available
  track 12 (FIGHTER, d=1.3km, v=300m/s) -> threat=151.50
  track 10 (FIGHTER, d=7.7km, v=300m/s) -> threat=150.83
  track 8 (FIGHTER, d=14.6km, v=300m/s) -> threat=150.77
  track 6 (FIGHTER, d=24.0km, v=300m/s) -> threat=150.74
  track 2 (ASM, d=2.6km, v=0m/s) -> threat=101.38
  track 4 (ASM, d=3.6km, v=0m/s) -> threat=101.28

[DECISION] t=170.9s | tracks=6 | weapons=0 available
  track 12 (FIGHTER, d=1.3km, v=300m/s) -> threat=151.50
  track 10 (FIGHTER, d=7.7km, v=300m/s) -> threat=150.83
  track 8 (FIGHTER, d=14.8km, v=300m/s) -> threat=150.77
  track 6 (FIGHTER, d=24.1km, v=300m/s) -> threat=150.74
  track 2 (ASM, d=2.6km, v=0m/s) -> threat=101.38
  track 4 (ASM, d=3.6km, v=0m/s) -> threat=101.28

[DECISION] t=171.1s | tracks=6 | weapons=0 available
  track 12 (FIGHTER, d=1.1km, v=300m/s) -> threat=151.63
  track 10 (FIGHTER, d=7.9km, v=300m/s) -> threat=150.83
  track 8 (FIGHTER, d=14.8km, v=300m/s) -> threat=150.77
  track 6 (FIGHTER, d=24.3km, v=300m/s) -> threat=150.74
  track 2 (ASM, d=2.6km, v=0m/s) -> threat=101.38
  track 4 (ASM, d=3.6km, v=0m/s) -> threat=101.28

[DECISION] t=171.3s | tracks=6 | weapons=0 available
  track 12 (FIGHTER, d=1.0km, v=300m/s) -> threat=151.71
  track 10 (FIGHTER, d=7.9km, v=300m/s) -> threat=150.83
  track 8 (FIGHTER, d=14.9km, v=300m/s) -> threat=150.77
  track 6 (FIGHTER, d=24.3km, v=300m/s) -> threat=150.74
  track 2 (ASM, d=2.6km, v=0m/s) -> threat=101.38
  track 4 (ASM, d=3.6km, v=0m/s) -> threat=101.28

[DECISION] t=171.5s | tracks=6 | weapons=0 available
  track 12 (FIGHTER, d=1.0km, v=300m/s) -> threat=151.71
  track 10 (FIGHTER, d=8.1km, v=300m/s) -> threat=150.82
  track 8 (FIGHTER, d=14.9km, v=300m/s) -> threat=150.77
  track 6 (FIGHTER, d=24.3km, v=300m/s) -> threat=150.74
  track 2 (ASM, d=2.6km, v=0m/s) -> threat=101.38
  track 4 (ASM, d=3.6km, v=0m/s) -> threat=101.28

[DECISION] t=171.9s | tracks=6 | weapons=0 available
  track 12 (FIGHTER, d=1.0km, v=300m/s) -> threat=151.71
  track 10 (FIGHTER, d=8.1km, v=300m/s) -> threat=150.82
  track 8 (FIGHTER, d=15.1km, v=300m/s) -> threat=150.77
  track 6 (FIGHTER, d=24.4km, v=300m/s) -> threat=150.74
  track 2 (ASM, d=2.6km, v=0m/s) -> threat=101.38
  track 4 (ASM, d=3.6km, v=0m/s) -> threat=101.28

[DECISION] t=172.1s | tracks=6 | weapons=0 available
  track 12 (FIGHTER, d=0.8km, v=300m/s) -> threat=151.92
  track 10 (FIGHTER, d=8.2km, v=300m/s) -> threat=150.82
  track 8 (FIGHTER, d=15.1km, v=300m/s) -> threat=150.77
  track 6 (FIGHTER, d=24.6km, v=300m/s) -> threat=150.74
  track 2 (ASM, d=2.6km, v=0m/s) -> threat=101.38
  track 4 (ASM, d=3.6km, v=0m/s) -> threat=101.28

[DECISION] t=172.7s | tracks=6 | weapons=0 available
  track 12 (FIGHTER, d=0.6km, v=300m/s) -> threat=152.26
  track 10 (FIGHTER, d=8.2km, v=300m/s) -> threat=150.82
  track 8 (FIGHTER, d=15.2km, v=300m/s) -> threat=150.77
  track 6 (FIGHTER, d=24.6km, v=300m/s) -> threat=150.74
  track 2 (ASM, d=2.6km, v=0m/s) -> threat=101.38
  track 4 (ASM, d=3.6km, v=0m/s) -> threat=101.28

[DECISION] t=172.9s | tracks=6 | weapons=0 available
  track 12 (FIGHTER, d=0.6km, v=300m/s) -> threat=152.26
  track 10 (FIGHTER, d=8.3km, v=300m/s) -> threat=150.82
  track 8 (FIGHTER, d=15.4km, v=300m/s) -> threat=150.77
  track 6 (FIGHTER, d=24.7km, v=300m/s) -> threat=150.74
  track 2 (ASM, d=2.6km, v=0m/s) -> threat=101.38
  track 4 (ASM, d=3.6km, v=0m/s) -> threat=101.28

[DECISION] t=173.3s | tracks=6 | weapons=0 available
  track 12 (FIGHTER, d=0.5km, v=300m/s) -> threat=152.84
  track 10 (FIGHTER, d=8.5km, v=300m/s) -> threat=150.82
  track 8 (FIGHTER, d=15.4km, v=300m/s) -> threat=150.77
  track 6 (FIGHTER, d=24.9km, v=300m/s) -> threat=150.74
  track 2 (ASM, d=2.6km, v=0m/s) -> threat=101.38
  track 4 (ASM, d=3.6km, v=0m/s) -> threat=101.28

[DECISION] t=173.5s | tracks=6 | weapons=0 available
  track 12 (FIGHTER, d=0.4km, v=300m/s) -> threat=153.34
  track 10 (FIGHTER, d=8.7km, v=300m/s) -> threat=150.81
  track 8 (FIGHTER, d=15.5km, v=300m/s) -> threat=150.76
  track 6 (FIGHTER, d=24.9km, v=300m/s) -> threat=150.74
  track 2 (ASM, d=2.6km, v=0m/s) -> threat=101.38
  track 4 (ASM, d=3.6km, v=0m/s) -> threat=101.28

[DECISION] t=173.7s | tracks=6 | weapons=0 available
  track 12 (FIGHTER, d=0.4km, v=300m/s) -> threat=153.34
  track 10 (FIGHTER, d=8.7km, v=300m/s) -> threat=150.81
  track 8 (FIGHTER, d=15.7km, v=300m/s) -> threat=150.76
  track 6 (FIGHTER, d=25.0km, v=300m/s) -> threat=150.74
  track 2 (ASM, d=2.6km, v=0m/s) -> threat=101.38
  track 4 (ASM, d=3.6km, v=0m/s) -> threat=101.28

[DECISION] t=173.9s | tracks=6 | weapons=0 available
  track 12 (FIGHTER, d=0.2km, v=300m/s) -> threat=155.59
  track 10 (FIGHTER, d=8.8km, v=300m/s) -> threat=150.81
  track 8 (FIGHTER, d=15.7km, v=300m/s) -> threat=150.76
  track 6 (FIGHTER, d=25.0km, v=300m/s) -> threat=150.74
  track 2 (ASM, d=2.6km, v=0m/s) -> threat=101.38
  track 4 (ASM, d=3.6km, v=0m/s) -> threat=101.28

[DECISION] t=174.1s | tracks=6 | weapons=0 available
  track 12 (FIGHTER, d=0.2km, v=300m/s) -> threat=155.59
  track 10 (FIGHTER, d=8.8km, v=300m/s) -> threat=150.81
  track 8 (FIGHTER, d=15.7km, v=300m/s) -> threat=150.76
  track 6 (FIGHTER, d=25.2km, v=300m/s) -> threat=150.74
  track 2 (ASM, d=2.6km, v=0m/s) -> threat=101.38
  track 4 (ASM, d=3.6km, v=0m/s) -> threat=101.28

[DECISION] t=174.3s | tracks=6 | weapons=0 available
  track 12 (FIGHTER, d=0.0km, v=300m/s) -> threat=160.70
  track 10 (FIGHTER, d=8.8km, v=300m/s) -> threat=150.81
  track 8 (FIGHTER, d=15.8km, v=300m/s) -> threat=150.76
  track 6 (FIGHTER, d=25.2km, v=300m/s) -> threat=150.74
  track 2 (ASM, d=2.6km, v=0m/s) -> threat=101.38
  track 4 (ASM, d=3.6km, v=0m/s) -> threat=101.28

[DECISION] t=174.5s | tracks=6 | weapons=0 available
  track 12 (FIGHTER, d=0.0km, v=300m/s) -> threat=160.70
  track 10 (FIGHTER, d=9.0km, v=300m/s) -> threat=150.81
  track 8 (FIGHTER, d=15.8km, v=300m/s) -> threat=150.76
  track 6 (FIGHTER, d=25.2km, v=300m/s) -> threat=150.74
  track 2 (ASM, d=2.6km, v=0m/s) -> threat=101.38
  track 4 (ASM, d=3.6km, v=0m/s) -> threat=101.28

[DECISION] t=174.7s | tracks=6 | weapons=0 available
  track 12 (FIGHTER, d=0.0km, v=300m/s) -> threat=160.70
  track 10 (FIGHTER, d=9.0km, v=300m/s) -> threat=150.81
  track 8 (FIGHTER, d=16.0km, v=300m/s) -> threat=150.76
  track 6 (FIGHTER, d=25.3km, v=300m/s) -> threat=150.74
  track 2 (ASM, d=2.6km, v=0m/s) -> threat=101.38
  track 4 (ASM, d=3.6km, v=0m/s) -> threat=101.28

[DECISION] t=174.9s | tracks=6 | weapons=0 available
  track 12 (FIGHTER, d=0.1km, v=300m/s) -> threat=160.70
  track 10 (FIGHTER, d=9.1km, v=300m/s) -> threat=150.81
  track 8 (FIGHTER, d=16.0km, v=300m/s) -> threat=150.76
  track 6 (FIGHTER, d=25.3km, v=300m/s) -> threat=150.74
  track 2 (ASM, d=2.6km, v=0m/s) -> threat=101.38
  track 4 (ASM, d=3.6km, v=0m/s) -> threat=101.28

[DECISION] t=175.1s | tracks=6 | weapons=0 available
  track 12 (FIGHTER, d=0.1km, v=300m/s) -> threat=160.70
  track 10 (FIGHTER, d=9.1km, v=300m/s) -> threat=150.81
  track 8 (FIGHTER, d=16.0km, v=300m/s) -> threat=150.76
  track 6 (FIGHTER, d=25.5km, v=300m/s) -> threat=150.74
  track 2 (ASM, d=2.6km, v=0m/s) -> threat=101.38
  track 4 (ASM, d=3.6km, v=0m/s) -> threat=101.28

[DECISION] t=175.5s | tracks=6 | weapons=0 available
  track 12 (FIGHTER, d=0.1km, v=300m/s) -> threat=160.70
  track 10 (FIGHTER, d=9.1km, v=300m/s) -> threat=150.81
  track 8 (FIGHTER, d=16.0km, v=300m/s) -> threat=150.76
  track 6 (FIGHTER, d=25.5km, v=300m/s) -> threat=150.74
  track 2 (ASM, d=2.6km, v=0m/s) -> threat=101.38
  track 4 (ASM, d=3.6km, v=0m/s) -> threat=101.28

[DECISION] t=175.7s | tracks=6 | weapons=0 available
  track 12 (FIGHTER, d=0.2km, v=300m/s) -> threat=154.98
  track 10 (FIGHTER, d=9.2km, v=300m/s) -> threat=150.81
  track 8 (FIGHTER, d=16.3km, v=300m/s) -> threat=150.76
  track 6 (FIGHTER, d=25.6km, v=300m/s) -> threat=150.74
  track 2 (ASM, d=2.6km, v=0m/s) -> threat=101.38
  track 4 (ASM, d=3.6km, v=0m/s) -> threat=101.28

[DECISION] t=175.9s | tracks=6 | weapons=0 available
  track 12 (FIGHTER, d=0.4km, v=300m/s) -> threat=153.15
  track 10 (FIGHTER, d=9.4km, v=300m/s) -> threat=150.81
  track 8 (FIGHTER, d=16.3km, v=300m/s) -> threat=150.76
  track 6 (FIGHTER, d=25.6km, v=300m/s) -> threat=150.74
  track 2 (ASM, d=2.6km, v=0m/s) -> threat=101.38
  track 4 (ASM, d=3.6km, v=0m/s) -> threat=101.28

[DECISION] t=176.1s | tracks=6 | weapons=0 available
  track 12 (FIGHTER, d=0.4km, v=300m/s) -> threat=153.15
  track 10 (FIGHTER, d=9.4km, v=300m/s) -> threat=150.81
  track 8 (FIGHTER, d=16.3km, v=300m/s) -> threat=150.76
  track 6 (FIGHTER, d=25.8km, v=300m/s) -> threat=150.74
  track 2 (ASM, d=2.6km, v=0m/s) -> threat=101.38
  track 4 (ASM, d=3.6km, v=0m/s) -> threat=101.28

[DECISION] t=176.3s | tracks=6 | weapons=0 available
  track 12 (FIGHTER, d=0.6km, v=300m/s) -> threat=152.41
  track 10 (FIGHTER, d=9.4km, v=300m/s) -> threat=150.81
  track 8 (FIGHTER, d=16.4km, v=300m/s) -> threat=150.76
  track 6 (FIGHTER, d=25.8km, v=300m/s) -> threat=150.74
  track 2 (ASM, d=2.6km, v=0m/s) -> threat=101.38
  track 4 (ASM, d=3.6km, v=0m/s) -> threat=101.28

[DECISION] t=176.5s | tracks=6 | weapons=0 available
  track 12 (FIGHTER, d=0.6km, v=300m/s) -> threat=152.41
  track 10 (FIGHTER, d=9.6km, v=300m/s) -> threat=150.80
  track 8 (FIGHTER, d=16.4km, v=300m/s) -> threat=150.76
  track 6 (FIGHTER, d=25.8km, v=300m/s) -> threat=150.74
  track 2 (ASM, d=2.6km, v=0m/s) -> threat=101.38
  track 4 (ASM, d=3.6km, v=0m/s) -> threat=101.28

[DECISION] t=176.7s | tracks=6 | weapons=0 available
  track 12 (FIGHTER, d=0.6km, v=300m/s) -> threat=152.41
  track 10 (FIGHTER, d=9.6km, v=300m/s) -> threat=150.80
  track 8 (FIGHTER, d=16.6km, v=300m/s) -> threat=150.76
  track 6 (FIGHTER, d=25.9km, v=300m/s) -> threat=150.74
  track 2 (ASM, d=2.6km, v=0m/s) -> threat=101.38
  track 4 (ASM, d=3.6km, v=0m/s) -> threat=101.28

[DECISION] t=176.9s | tracks=6 | weapons=0 available
  track 12 (FIGHTER, d=0.7km, v=300m/s) -> threat=152.19
  track 10 (FIGHTER, d=9.7km, v=300m/s) -> threat=150.80
  track 8 (FIGHTER, d=16.6km, v=300m/s) -> threat=150.76
  track 6 (FIGHTER, d=25.9km, v=300m/s) -> threat=150.74
  track 2 (ASM, d=2.6km, v=0m/s) -> threat=101.38
  track 4 (ASM, d=3.6km, v=0m/s) -> threat=101.28

[DECISION] t=177.1s | tracks=6 | weapons=0 available
  track 12 (FIGHTER, d=0.7km, v=300m/s) -> threat=152.19
  track 10 (FIGHTER, d=9.7km, v=300m/s) -> threat=150.80
  track 8 (FIGHTER, d=16.6km, v=300m/s) -> threat=150.76
  track 6 (FIGHTER, d=26.1km, v=300m/s) -> threat=150.74
  track 2 (ASM, d=2.6km, v=0m/s) -> threat=101.38
  track 4 (ASM, d=3.6km, v=0m/s) -> threat=101.28

[DECISION] t=177.3s | tracks=6 | weapons=0 available
  track 12 (FIGHTER, d=0.8km, v=300m/s) -> threat=151.88
  track 10 (FIGHTER, d=9.7km, v=300m/s) -> threat=150.80
  track 8 (FIGHTER, d=16.7km, v=300m/s) -> threat=150.76
  track 6 (FIGHTER, d=26.1km, v=300m/s) -> threat=150.74
  track 2 (ASM, d=2.6km, v=0m/s) -> threat=101.38
  track 4 (ASM, d=3.6km, v=0m/s) -> threat=101.28

[DECISION] t=177.5s | tracks=6 | weapons=0 available
  track 12 (FIGHTER, d=0.8km, v=300m/s) -> threat=151.88
  track 10 (FIGHTER, d=9.8km, v=300m/s) -> threat=150.80
  track 8 (FIGHTER, d=16.7km, v=300m/s) -> threat=150.76
  track 6 (FIGHTER, d=26.1km, v=300m/s) -> threat=150.74
  track 2 (ASM, d=2.6km, v=0m/s) -> threat=101.38
  track 4 (ASM, d=3.6km, v=0m/s) -> threat=101.28

[DECISION] t=177.7s | tracks=6 | weapons=0 available
  track 12 (FIGHTER, d=0.8km, v=300m/s) -> threat=151.88
  track 10 (FIGHTER, d=9.8km, v=300m/s) -> threat=150.80
  track 8 (FIGHTER, d=16.9km, v=300m/s) -> threat=150.76
  track 6 (FIGHTER, d=26.2km, v=300m/s) -> threat=150.74
  track 2 (ASM, d=2.6km, v=0m/s) -> threat=101.38
  track 4 (ASM, d=3.6km, v=0m/s) -> threat=101.28

[DECISION] t=177.9s | tracks=6 | weapons=0 available
  track 12 (FIGHTER, d=1.0km, v=300m/s) -> threat=151.68
  track 10 (FIGHTER, d=10.0km, v=300m/s) -> threat=150.80
  track 8 (FIGHTER, d=16.9km, v=300m/s) -> threat=150.76
  track 6 (FIGHTER, d=26.2km, v=300m/s) -> threat=150.74
  track 2 (ASM, d=2.6km, v=0m/s) -> threat=101.38
  track 4 (ASM, d=3.6km, v=0m/s) -> threat=101.28

[DECISION] t=178.1s | tracks=6 | weapons=0 available
  track 12 (FIGHTER, d=1.0km, v=300m/s) -> threat=151.68
  track 10 (FIGHTER, d=10.0km, v=300m/s) -> threat=150.80
  track 8 (FIGHTER, d=16.9km, v=300m/s) -> threat=150.76
  track 6 (FIGHTER, d=26.4km, v=300m/s) -> threat=150.74
  track 2 (ASM, d=2.6km, v=0m/s) -> threat=101.38
  track 4 (ASM, d=3.6km, v=0m/s) -> threat=101.28

[DECISION] t=178.5s | tracks=6 | weapons=0 available
  track 12 (FIGHTER, d=1.1km, v=300m/s) -> threat=151.60
  track 10 (FIGHTER, d=10.2km, v=300m/s) -> threat=150.80
  track 8 (FIGHTER, d=17.0km, v=300m/s) -> threat=150.76
  track 6 (FIGHTER, d=26.4km, v=300m/s) -> threat=150.74
  track 2 (ASM, d=2.6km, v=0m/s) -> threat=101.38
  track 4 (ASM, d=3.6km, v=0m/s) -> threat=101.28

[DECISION] t=178.7s | tracks=6 | weapons=0 available
  track 12 (FIGHTER, d=1.1km, v=300m/s) -> threat=151.60
  track 10 (FIGHTER, d=10.2km, v=300m/s) -> threat=150.80
  track 8 (FIGHTER, d=17.2km, v=300m/s) -> threat=150.76
  track 6 (FIGHTER, d=26.5km, v=300m/s) -> threat=150.74
  track 2 (ASM, d=2.6km, v=0m/s) -> threat=101.38
  track 4 (ASM, d=3.6km, v=0m/s) -> threat=101.28

[DECISION] t=179.1s | tracks=6 | weapons=0 available
  track 12 (FIGHTER, d=1.3km, v=300m/s) -> threat=151.48
  track 10 (FIGHTER, d=10.3km, v=300m/s) -> threat=150.80
  track 8 (FIGHTER, d=17.2km, v=300m/s) -> threat=150.76
  track 6 (FIGHTER, d=26.5km, v=300m/s) -> threat=150.74
  track 2 (ASM, d=2.6km, v=0m/s) -> threat=101.38
  track 4 (ASM, d=3.6km, v=0m/s) -> threat=101.28

[DECISION] t=179.1s | tracks=6 | weapons=0 available
  track 12 (FIGHTER, d=1.3km, v=300m/s) -> threat=151.48
  track 10 (FIGHTER, d=10.3km, v=300m/s) -> threat=150.80
  track 8 (FIGHTER, d=17.2km, v=300m/s) -> threat=150.76
  track 6 (FIGHTER, d=26.7km, v=300m/s) -> threat=150.74
  track 2 (ASM, d=2.6km, v=0m/s) -> threat=101.38
  track 4 (ASM, d=3.6km, v=0m/s) -> threat=101.28

[DECISION] t=179.3s | tracks=6 | weapons=0 available
  track 12 (FIGHTER, d=1.5km, v=300m/s) -> threat=151.39
  track 10 (FIGHTER, d=10.3km, v=300m/s) -> threat=150.80
  track 8 (FIGHTER, d=17.3km, v=300m/s) -> threat=150.76
  track 6 (FIGHTER, d=26.7km, v=300m/s) -> threat=150.74
  track 2 (ASM, d=2.6km, v=0m/s) -> threat=101.38
  track 4 (ASM, d=3.6km, v=0m/s) -> threat=101.28

[DECISION] t=0.0s | tracks=6 | weapons=0 available
  track 12 (FIGHTER, d=1.5km, v=300m/s) -> threat=151.39
  track 10 (FIGHTER, d=10.4km, v=300m/s) -> threat=150.80
  track 8 (FIGHTER, d=17.3km, v=300m/s) -> threat=150.76
  track 6 (FIGHTER, d=26.7km, v=300m/s) -> threat=150.74
  track 2 (ASM, d=2.6km, v=0m/s) -> threat=101.38
  track 4 (ASM, d=3.6km, v=0m/s) -> threat=101.28

[DECISION] t=179.9s | tracks=6 | weapons=0 available
  track 12 (FIGHTER, d=1.5km, v=300m/s) -> threat=151.39
  track 10 (FIGHTER, d=10.4km, v=300m/s) -> threat=150.80
  track 8 (FIGHTER, d=17.5km, v=300m/s) -> threat=150.76
  track 6 (FIGHTER, d=26.8km, v=300m/s) -> threat=150.74
  track 2 (ASM, d=2.6km, v=0m/s) -> threat=101.38
  track 4 (ASM, d=3.6km, v=0m/s) -> threat=101.28

[DECISION] t=180.1s | tracks=6 | weapons=0 available
  track 12 (FIGHTER, d=1.6km, v=300m/s) -> threat=151.31
  track 10 (FIGHTER, d=10.6km, v=300m/s) -> threat=150.79
  track 8 (FIGHTER, d=17.5km, v=300m/s) -> threat=150.76
  track 6 (FIGHTER, d=26.8km, v=300m/s) -> threat=150.74
  track 2 (ASM, d=2.6km, v=0m/s) -> threat=101.38
  track 4 (ASM, d=3.6km, v=0m/s) -> threat=101.28

[DECISION] t=180.1s | tracks=6 | weapons=0 available
  track 12 (FIGHTER, d=1.6km, v=300m/s) -> threat=151.31
  track 10 (FIGHTER, d=10.6km, v=300m/s) -> threat=150.79
  track 8 (FIGHTER, d=17.5km, v=300m/s) -> threat=150.76
  track 6 (FIGHTER, d=27.0km, v=300m/s) -> threat=150.74
  track 2 (ASM, d=2.6km, v=0m/s) -> threat=101.38
  track 4 (ASM, d=3.6km, v=0m/s) -> threat=101.28

[DECISION] t=180.3s | tracks=6 | weapons=0 available
  track 12 (FIGHTER, d=1.7km, v=300m/s) -> threat=151.28
  track 10 (FIGHTER, d=10.6km, v=300m/s) -> threat=150.79
  track 8 (FIGHTER, d=17.6km, v=300m/s) -> threat=150.76
  track 6 (FIGHTER, d=27.0km, v=300m/s) -> threat=150.74
  track 2 (ASM, d=2.6km, v=0m/s) -> threat=101.38
  track 4 (ASM, d=3.6km, v=0m/s) -> threat=101.28

[DECISION] t=180.5s | tracks=6 | weapons=0 available
  track 12 (FIGHTER, d=1.7km, v=300m/s) -> threat=151.28
  track 10 (FIGHTER, d=10.7km, v=300m/s) -> threat=150.79
  track 8 (FIGHTER, d=17.6km, v=300m/s) -> threat=150.76
  track 6 (FIGHTER, d=27.0km, v=300m/s) -> threat=150.74
  track 2 (ASM, d=2.6km, v=0m/s) -> threat=101.38
  track 4 (ASM, d=3.6km, v=0m/s) -> threat=101.28

[DECISION] t=180.9s | tracks=6 | weapons=0 available
  track 12 (FIGHTER, d=1.7km, v=300m/s) -> threat=151.28
  track 10 (FIGHTER, d=10.7km, v=300m/s) -> threat=150.79
  track 8 (FIGHTER, d=17.8km, v=300m/s) -> threat=150.76
  track 6 (FIGHTER, d=27.1km, v=300m/s) -> threat=150.74
  track 2 (ASM, d=2.6km, v=0m/s) -> threat=101.38
  track 4 (ASM, d=3.6km, v=0m/s) -> threat=101.28

[DECISION] t=181.1s | tracks=6 | weapons=0 available
  track 12 (FIGHTER, d=1.9km, v=300m/s) -> threat=151.23
  track 10 (FIGHTER, d=10.9km, v=300m/s) -> threat=150.79
  track 8 (FIGHTER, d=17.8km, v=300m/s) -> threat=150.76
  track 6 (FIGHTER, d=27.3km, v=300m/s) -> threat=150.74
  track 2 (ASM, d=2.6km, v=0m/s) -> threat=101.38
  track 4 (ASM, d=3.6km, v=0m/s) -> threat=101.28

[DECISION] t=181.9s | tracks=6 | weapons=0 available
  track 12 (FIGHTER, d=2.1km, v=300m/s) -> threat=151.18
  track 10 (FIGHTER, d=11.1km, v=300m/s) -> threat=150.79
  track 8 (FIGHTER, d=17.9km, v=300m/s) -> threat=150.76
  track 6 (FIGHTER, d=27.3km, v=300m/s) -> threat=150.74
  track 2 (ASM, d=2.6km, v=0m/s) -> threat=101.38
  track 4 (ASM, d=3.6km, v=0m/s) -> threat=101.28

[DECISION] t=182.1s | tracks=6 | weapons=0 available
  track 12 (FIGHTER, d=2.2km, v=300m/s) -> threat=151.16
  track 10 (FIGHTER, d=11.2km, v=300m/s) -> threat=150.79
  track 8 (FIGHTER, d=18.1km, v=300m/s) -> threat=150.76
  track 6 (FIGHTER, d=27.4km, v=300m/s) -> threat=150.74
  track 2 (ASM, d=2.6km, v=0m/s) -> threat=101.38
  track 4 (ASM, d=3.6km, v=0m/s) -> threat=101.28

[DECISION] t=182.3s | tracks=6 | weapons=0 available
  track 12 (FIGHTER, d=2.3km, v=300m/s) -> threat=151.13
  track 10 (FIGHTER, d=11.2km, v=300m/s) -> threat=150.79
  track 8 (FIGHTER, d=18.2km, v=300m/s) -> threat=150.75
  track 6 (FIGHTER, d=27.6km, v=300m/s) -> threat=150.74
  track 2 (ASM, d=2.6km, v=0m/s) -> threat=101.38
  track 4 (ASM, d=3.6km, v=0m/s) -> threat=101.28

[DECISION] t=182.5s | tracks=6 | weapons=0 available
  track 12 (FIGHTER, d=2.3km, v=300m/s) -> threat=151.13
  track 10 (FIGHTER, d=11.3km, v=300m/s) -> threat=150.79
  track 8 (FIGHTER, d=18.2km, v=300m/s) -> threat=150.75
  track 6 (FIGHTER, d=27.6km, v=300m/s) -> threat=150.74
  track 2 (ASM, d=2.6km, v=0m/s) -> threat=101.38
  track 4 (ASM, d=3.6km, v=0m/s) -> threat=101.28

[DECISION] t=182.7s | tracks=6 | weapons=0 available
  track 12 (FIGHTER, d=2.3km, v=300m/s) -> threat=151.13
  track 10 (FIGHTER, d=11.3km, v=300m/s) -> threat=150.79
  track 8 (FIGHTER, d=18.4km, v=300m/s) -> threat=150.75
  track 6 (FIGHTER, d=27.7km, v=300m/s) -> threat=150.74
  track 2 (ASM, d=2.6km, v=0m/s) -> threat=101.38
  track 4 (ASM, d=3.6km, v=0m/s) -> threat=101.28

[DECISION] t=183.1s | tracks=6 | weapons=0 available
  track 12 (FIGHTER, d=2.5km, v=300m/s) -> threat=151.10
  track 10 (FIGHTER, d=11.5km, v=300m/s) -> threat=150.79
  track 8 (FIGHTER, d=18.4km, v=300m/s) -> threat=150.75
  track 6 (FIGHTER, d=27.9km, v=300m/s) -> threat=150.74
  track 2 (ASM, d=2.6km, v=0m/s) -> threat=101.38
  track 4 (ASM, d=3.6km, v=0m/s) -> threat=101.28

[DECISION] t=183.3s | tracks=6 | weapons=0 available
  track 12 (FIGHTER, d=2.6km, v=300m/s) -> threat=151.09
  track 10 (FIGHTER, d=11.5km, v=300m/s) -> threat=150.79
  track 8 (FIGHTER, d=18.5km, v=300m/s) -> threat=150.75
  track 6 (FIGHTER, d=27.9km, v=300m/s) -> threat=150.74
  track 2 (ASM, d=2.6km, v=0m/s) -> threat=101.38
  track 4 (ASM, d=3.6km, v=0m/s) -> threat=101.28

[DECISION] t=183.7s | tracks=6 | weapons=0 available
  track 12 (FIGHTER, d=2.6km, v=300m/s) -> threat=151.09
  track 10 (FIGHTER, d=11.7km, v=300m/s) -> threat=150.79
  track 8 (FIGHTER, d=18.5km, v=300m/s) -> threat=150.75
  track 6 (FIGHTER, d=27.9km, v=300m/s) -> threat=150.74
  track 2 (ASM, d=2.6km, v=0m/s) -> threat=101.38
  track 4 (ASM, d=3.6km, v=0m/s) -> threat=101.28

[DECISION] t=184.1s | tracks=6 | weapons=0 available
  track 12 (FIGHTER, d=2.8km, v=300m/s) -> threat=151.06
  track 10 (FIGHTER, d=11.8km, v=300m/s) -> threat=150.79
  track 8 (FIGHTER, d=18.7km, v=300m/s) -> threat=150.75
  track 6 (FIGHTER, d=28.0km, v=300m/s) -> threat=150.74
  track 2 (ASM, d=2.6km, v=0m/s) -> threat=101.38
  track 4 (ASM, d=3.6km, v=0m/s) -> threat=101.28

[DECISION] t=184.5s | tracks=6 | weapons=0 available
  track 12 (FIGHTER, d=2.9km, v=300m/s) -> threat=151.04
  track 10 (FIGHTER, d=11.9km, v=300m/s) -> threat=150.78
  track 8 (FIGHTER, d=18.8km, v=300m/s) -> threat=150.75
  track 6 (FIGHTER, d=28.2km, v=300m/s) -> threat=150.74
  track 2 (ASM, d=2.6km, v=0m/s) -> threat=101.38
  track 4 (ASM, d=3.6km, v=0m/s) -> threat=101.28

[DECISION] t=184.7s | tracks=6 | weapons=0 available
  track 12 (FIGHTER, d=2.9km, v=300m/s) -> threat=151.04
  track 10 (FIGHTER, d=11.9km, v=300m/s) -> threat=150.78
  track 8 (FIGHTER, d=19.0km, v=300m/s) -> threat=150.75
  track 6 (FIGHTER, d=28.3km, v=300m/s) -> threat=150.74
  track 2 (ASM, d=2.6km, v=0m/s) -> threat=101.38
  track 4 (ASM, d=3.6km, v=0m/s) -> threat=101.28

[DECISION] t=184.9s | tracks=6 | weapons=0 available
  track 12 (FIGHTER, d=3.1km, v=300m/s) -> threat=151.02
  track 10 (FIGHTER, d=12.1km, v=300m/s) -> threat=150.78
  track 8 (FIGHTER, d=19.0km, v=300m/s) -> threat=150.75
  track 6 (FIGHTER, d=28.3km, v=300m/s) -> threat=150.74
  track 2 (ASM, d=2.6km, v=0m/s) -> threat=101.38
  track 4 (ASM, d=3.6km, v=0m/s) -> threat=101.28

[DECISION] t=185.3s | tracks=6 | weapons=0 available
  track 12 (FIGHTER, d=3.1km, v=300m/s) -> threat=151.02
  track 10 (FIGHTER, d=12.1km, v=300m/s) -> threat=150.78
  track 8 (FIGHTER, d=19.0km, v=300m/s) -> threat=150.75
  track 6 (FIGHTER, d=28.5km, v=300m/s) -> threat=150.74
  track 2 (ASM, d=2.6km, v=0m/s) -> threat=101.38
  track 4 (ASM, d=3.6km, v=0m/s) -> threat=101.28

[DECISION] t=185.5s | tracks=6 | weapons=0 available
  track 12 (FIGHTER, d=3.2km, v=300m/s) -> threat=151.01
  track 10 (FIGHTER, d=12.3km, v=300m/s) -> threat=150.78
  track 8 (FIGHTER, d=19.1km, v=300m/s) -> threat=150.75
  track 6 (FIGHTER, d=28.5km, v=300m/s) -> threat=150.74
  track 2 (ASM, d=2.6km, v=0m/s) -> threat=101.38
  track 4 (ASM, d=3.6km, v=0m/s) -> threat=101.28

[DECISION] t=185.7s | tracks=6 | weapons=0 available
  track 12 (FIGHTER, d=3.2km, v=300m/s) -> threat=151.01
  track 10 (FIGHTER, d=12.3km, v=300m/s) -> threat=150.78
  track 8 (FIGHTER, d=19.3km, v=300m/s) -> threat=150.75
  track 6 (FIGHTER, d=28.6km, v=300m/s) -> threat=150.73
  track 2 (ASM, d=2.6km, v=0m/s) -> threat=101.38
  track 4 (ASM, d=3.6km, v=0m/s) -> threat=101.28

[DECISION] t=185.9s | tracks=6 | weapons=0 available
  track 12 (FIGHTER, d=3.4km, v=300m/s) -> threat=151.00
  track 10 (FIGHTER, d=12.4km, v=300m/s) -> threat=150.78
  track 8 (FIGHTER, d=19.3km, v=300m/s) -> threat=150.75
  track 6 (FIGHTER, d=28.6km, v=300m/s) -> threat=150.73
  track 2 (ASM, d=2.6km, v=0m/s) -> threat=101.38
  track 4 (ASM, d=3.6km, v=0m/s) -> threat=101.28

[DECISION] t=186.1s | tracks=6 | weapons=0 available
  track 12 (FIGHTER, d=3.4km, v=300m/s) -> threat=151.00
  track 10 (FIGHTER, d=12.4km, v=300m/s) -> threat=150.78
  track 8 (FIGHTER, d=19.3km, v=300m/s) -> threat=150.75
  track 6 (FIGHTER, d=28.8km, v=300m/s) -> threat=150.73
  track 2 (ASM, d=2.6km, v=0m/s) -> threat=101.38
  track 4 (ASM, d=3.6km, v=0m/s) -> threat=101.28

[DECISION] t=186.3s | tracks=6 | weapons=0 available
  track 12 (FIGHTER, d=3.6km, v=300m/s) -> threat=150.98
  track 10 (FIGHTER, d=12.4km, v=300m/s) -> threat=150.78
  track 8 (FIGHTER, d=19.4km, v=300m/s) -> threat=150.75
  track 6 (FIGHTER, d=28.8km, v=300m/s) -> threat=150.73
  track 2 (ASM, d=2.6km, v=0m/s) -> threat=101.38
  track 4 (ASM, d=3.6km, v=0m/s) -> threat=101.28

[DECISION] t=186.5s | tracks=6 | weapons=0 available
  track 12 (FIGHTER, d=3.6km, v=300m/s) -> threat=150.98
  track 10 (FIGHTER, d=12.5km, v=300m/s) -> threat=150.78
  track 8 (FIGHTER, d=19.4km, v=300m/s) -> threat=150.75
  track 6 (FIGHTER, d=28.8km, v=300m/s) -> threat=150.73
  track 2 (ASM, d=2.6km, v=0m/s) -> threat=101.38
  track 4 (ASM, d=3.6km, v=0m/s) -> threat=101.28

[DECISION] t=186.7s | tracks=6 | weapons=0 available
  track 12 (FIGHTER, d=3.6km, v=300m/s) -> threat=150.98
  track 10 (FIGHTER, d=12.5km, v=300m/s) -> threat=150.78
  track 8 (FIGHTER, d=19.6km, v=300m/s) -> threat=150.75
  track 6 (FIGHTER, d=28.9km, v=300m/s) -> threat=150.73
  track 2 (ASM, d=2.6km, v=0m/s) -> threat=101.38
  track 4 (ASM, d=3.6km, v=0m/s) -> threat=101.28

[DECISION] t=186.9s | tracks=6 | weapons=0 available
  track 12 (FIGHTER, d=3.6km, v=300m/s) -> threat=150.97
  track 10 (FIGHTER, d=12.7km, v=300m/s) -> threat=150.78
  track 8 (FIGHTER, d=19.6km, v=300m/s) -> threat=150.75
  track 6 (FIGHTER, d=28.9km, v=300m/s) -> threat=150.73
  track 2 (ASM, d=2.6km, v=0m/s) -> threat=101.38
  track 4 (ASM, d=3.6km, v=0m/s) -> threat=101.28

[DECISION] t=187.1s | tracks=6 | weapons=0 available
  track 12 (FIGHTER, d=3.6km, v=300m/s) -> threat=150.97
  track 10 (FIGHTER, d=12.7km, v=300m/s) -> threat=150.78
  track 8 (FIGHTER, d=19.6km, v=300m/s) -> threat=150.75
  track 6 (FIGHTER, d=29.1km, v=300m/s) -> threat=150.73
  track 2 (ASM, d=2.6km, v=0m/s) -> threat=101.38
  track 4 (ASM, d=3.6km, v=0m/s) -> threat=101.28

[DECISION] t=0.0s | tracks=6 | weapons=0 available
  track 12 (FIGHTER, d=3.6km, v=300m/s) -> threat=150.97
  track 10 (FIGHTER, d=12.7km, v=300m/s) -> threat=150.78
  track 8 (FIGHTER, d=19.6km, v=300m/s) -> threat=150.75
  track 6 (FIGHTER, d=29.1km, v=300m/s) -> threat=150.73
  track 2 (ASM, d=2.6km, v=0m/s) -> threat=101.38
  track 4 (ASM, d=3.6km, v=0m/s) -> threat=101.28

[DECISION] t=187.5s | tracks=6 | weapons=0 available
  track 12 (FIGHTER, d=3.8km, v=300m/s) -> threat=150.96
  track 10 (FIGHTER, d=12.8km, v=300m/s) -> threat=150.78
  track 8 (FIGHTER, d=19.7km, v=300m/s) -> threat=150.75
  track 6 (FIGHTER, d=29.1km, v=300m/s) -> threat=150.73
  track 2 (ASM, d=2.6km, v=0m/s) -> threat=101.38
  track 4 (ASM, d=3.6km, v=0m/s) -> threat=101.28

[DECISION] t=187.7s | tracks=6 | weapons=0 available
  track 12 (FIGHTER, d=3.8km, v=300m/s) -> threat=150.96
  track 10 (FIGHTER, d=12.8km, v=300m/s) -> threat=150.78
  track 8 (FIGHTER, d=19.9km, v=300m/s) -> threat=150.75
  track 6 (FIGHTER, d=29.2km, v=300m/s) -> threat=150.73
  track 2 (ASM, d=2.6km, v=0m/s) -> threat=101.38
  track 4 (ASM, d=3.6km, v=0m/s) -> threat=101.28

[DECISION] t=187.9s | tracks=6 | weapons=0 available
  track 12 (FIGHTER, d=4.0km, v=300m/s) -> threat=150.95
  track 10 (FIGHTER, d=13.0km, v=300m/s) -> threat=150.78
  track 8 (FIGHTER, d=19.9km, v=300m/s) -> threat=150.75
  track 6 (FIGHTER, d=29.2km, v=300m/s) -> threat=150.73
  track 2 (ASM, d=2.6km, v=0m/s) -> threat=101.38
  track 4 (ASM, d=3.6km, v=0m/s) -> threat=101.28

[DECISION] t=188.1s | tracks=6 | weapons=0 available
  track 12 (FIGHTER, d=4.0km, v=300m/s) -> threat=150.95
  track 10 (FIGHTER, d=13.0km, v=300m/s) -> threat=150.78
  track 8 (FIGHTER, d=19.9km, v=300m/s) -> threat=150.75
  track 6 (FIGHTER, d=29.4km, v=300m/s) -> threat=150.73
  track 2 (ASM, d=2.6km, v=0m/s) -> threat=101.38
  track 4 (ASM, d=3.6km, v=0m/s) -> threat=101.28

[DECISION] t=188.3s | tracks=6 | weapons=0 available
  track 12 (FIGHTER, d=4.2km, v=300m/s) -> threat=150.94
  track 10 (FIGHTER, d=13.0km, v=300m/s) -> threat=150.78
  track 8 (FIGHTER, d=20.0km, v=300m/s) -> threat=150.75
  track 6 (FIGHTER, d=29.4km, v=300m/s) -> threat=150.73
  track 2 (ASM, d=2.6km, v=0m/s) -> threat=101.38
  track 4 (ASM, d=3.6km, v=0m/s) -> threat=101.28

[DECISION] t=188.5s | tracks=6 | weapons=0 available
  track 12 (FIGHTER, d=4.2km, v=300m/s) -> threat=150.94
  track 10 (FIGHTER, d=13.2km, v=300m/s) -> threat=150.78
  track 8 (FIGHTER, d=20.0km, v=300m/s) -> threat=150.75
  track 6 (FIGHTER, d=29.4km, v=300m/s) -> threat=150.73
  track 2 (ASM, d=2.6km, v=0m/s) -> threat=101.38
  track 4 (ASM, d=3.6km, v=0m/s) -> threat=101.28

[DECISION] t=188.9s | tracks=6 | weapons=0 available
  track 12 (FIGHTER, d=4.2km, v=300m/s) -> threat=150.94
  track 10 (FIGHTER, d=13.2km, v=300m/s) -> threat=150.78
  track 8 (FIGHTER, d=20.2km, v=300m/s) -> threat=150.75
  track 6 (FIGHTER, d=29.5km, v=300m/s) -> threat=150.73
  track 2 (ASM, d=2.6km, v=0m/s) -> threat=101.38
  track 4 (ASM, d=3.6km, v=0m/s) -> threat=101.28

[DECISION] t=188.9s | tracks=6 | weapons=0 available
  track 12 (FIGHTER, d=4.3km, v=300m/s) -> threat=150.93
  track 10 (FIGHTER, d=13.2km, v=300m/s) -> threat=150.78
  track 8 (FIGHTER, d=20.2km, v=300m/s) -> threat=150.75
  track 6 (FIGHTER, d=29.5km, v=300m/s) -> threat=150.73
  track 2 (ASM, d=2.6km, v=0m/s) -> threat=101.38
  track 4 (ASM, d=3.6km, v=0m/s) -> threat=101.28

[DECISION] t=189.1s | tracks=6 | weapons=0 available
  track 12 (FIGHTER, d=4.3km, v=300m/s) -> threat=150.93
  track 10 (FIGHTER, d=13.2km, v=300m/s) -> threat=150.78
  track 8 (FIGHTER, d=20.2km, v=300m/s) -> threat=150.75
  track 6 (FIGHTER, d=29.7km, v=300m/s) -> threat=150.73
  track 2 (ASM, d=2.6km, v=0m/s) -> threat=101.38
  track 4 (ASM, d=3.6km, v=0m/s) -> threat=101.28

[DECISION] t=189.3s | tracks=6 | weapons=0 available
  track 12 (FIGHTER, d=4.4km, v=300m/s) -> threat=150.93
  track 10 (FIGHTER, d=13.2km, v=300m/s) -> threat=150.78
  track 8 (FIGHTER, d=20.3km, v=300m/s) -> threat=150.75
  track 6 (FIGHTER, d=29.7km, v=300m/s) -> threat=150.73
  track 2 (ASM, d=2.6km, v=0m/s) -> threat=101.38
  track 4 (ASM, d=3.6km, v=0m/s) -> threat=101.28

[DECISION] t=189.7s | tracks=6 | weapons=0 available
  track 12 (FIGHTER, d=4.4km, v=300m/s) -> threat=150.93
  track 10 (FIGHTER, d=13.4km, v=300m/s) -> threat=150.77
  track 8 (FIGHTER, d=20.3km, v=300m/s) -> threat=150.75
  track 6 (FIGHTER, d=29.7km, v=300m/s) -> threat=150.73
  track 2 (ASM, d=2.6km, v=0m/s) -> threat=101.38
  track 4 (ASM, d=3.6km, v=0m/s) -> threat=101.28

[DECISION] t=189.9s | tracks=6 | weapons=0 available
  track 12 (FIGHTER, d=4.6km, v=300m/s) -> threat=150.92
  track 10 (FIGHTER, d=13.6km, v=300m/s) -> threat=150.77
  track 8 (FIGHTER, d=20.5km, v=300m/s) -> threat=150.75
  track 6 (FIGHTER, d=29.8km, v=300m/s) -> threat=150.73
  track 2 (ASM, d=2.6km, v=0m/s) -> threat=101.38
  track 4 (ASM, d=3.6km, v=0m/s) -> threat=101.28

[DECISION] t=190.1s | tracks=6 | weapons=0 available
  track 12 (FIGHTER, d=4.6km, v=300m/s) -> threat=150.92
  track 10 (FIGHTER, d=13.6km, v=300m/s) -> threat=150.77
  track 8 (FIGHTER, d=20.5km, v=300m/s) -> threat=150.75
  track 6 (FIGHTER, d=30.0km, v=300m/s) -> threat=150.73
  track 2 (ASM, d=2.6km, v=0m/s) -> threat=101.38
  track 4 (ASM, d=3.6km, v=0m/s) -> threat=101.28

[DECISION] t=190.3s | tracks=6 | weapons=0 available
  track 12 (FIGHTER, d=4.7km, v=300m/s) -> threat=150.91
  track 10 (FIGHTER, d=13.6km, v=300m/s) -> threat=150.77
  track 8 (FIGHTER, d=20.6km, v=300m/s) -> threat=150.75
  track 6 (FIGHTER, d=30.0km, v=300m/s) -> threat=150.73
  track 2 (ASM, d=2.6km, v=0m/s) -> threat=101.38
  track 4 (ASM, d=3.6km, v=0m/s) -> threat=101.28

[DECISION] t=190.5s | tracks=6 | weapons=0 available
  track 12 (FIGHTER, d=4.7km, v=300m/s) -> threat=150.91
  track 10 (FIGHTER, d=13.8km, v=300m/s) -> threat=150.77
  track 8 (FIGHTER, d=20.6km, v=300m/s) -> threat=150.75
  track 6 (FIGHTER, d=30.0km, v=300m/s) -> threat=150.73
  track 2 (ASM, d=2.6km, v=0m/s) -> threat=101.38
  track 4 (ASM, d=3.6km, v=0m/s) -> threat=101.28

[DECISION] t=190.7s | tracks=5 | weapons=0 available
  track 12 (FIGHTER, d=4.7km, v=300m/s) -> threat=150.91
  track 10 (FIGHTER, d=13.8km, v=300m/s) -> threat=150.77
  track 8 (FIGHTER, d=20.8km, v=300m/s) -> threat=150.75
  track 2 (ASM, d=2.6km, v=0m/s) -> threat=101.38
  track 4 (ASM, d=3.6km, v=0m/s) -> threat=101.28

[DECISION] t=190.9s | tracks=5 | weapons=0 available
  track 12 (FIGHTER, d=4.9km, v=300m/s) -> threat=150.91
  track 10 (FIGHTER, d=13.9km, v=300m/s) -> threat=150.77
  track 8 (FIGHTER, d=20.8km, v=300m/s) -> threat=150.75
  track 2 (ASM, d=2.6km, v=0m/s) -> threat=101.38
  track 4 (ASM, d=3.6km, v=0m/s) -> threat=101.28

[DECISION] t=191.3s | tracks=5 | weapons=0 available
  track 12 (FIGHTER, d=4.9km, v=300m/s) -> threat=150.91
  track 10 (FIGHTER, d=13.9km, v=300m/s) -> threat=150.77
  track 8 (FIGHTER, d=20.8km, v=300m/s) -> threat=150.75
  track 2 (ASM, d=2.6km, v=0m/s) -> threat=101.38
  track 4 (ASM, d=3.6km, v=0m/s) -> threat=101.28

[DECISION] t=191.5s | tracks=5 | weapons=0 available
  track 12 (FIGHTER, d=5.0km, v=300m/s) -> threat=150.90
  track 10 (FIGHTER, d=14.0km, v=300m/s) -> threat=150.77
  track 8 (FIGHTER, d=20.9km, v=300m/s) -> threat=150.75
  track 2 (ASM, d=2.6km, v=0m/s) -> threat=101.38
  track 4 (ASM, d=3.6km, v=0m/s) -> threat=101.28

[DECISION] t=191.7s | tracks=5 | weapons=0 available
  track 12 (FIGHTER, d=5.0km, v=300m/s) -> threat=150.90
  track 10 (FIGHTER, d=14.0km, v=300m/s) -> threat=150.77
  track 8 (FIGHTER, d=21.1km, v=300m/s) -> threat=150.75
  track 2 (ASM, d=2.6km, v=0m/s) -> threat=101.38
  track 4 (ASM, d=3.6km, v=0m/s) -> threat=101.28

[DECISION] t=192.1s | tracks=5 | weapons=0 available
  track 12 (FIGHTER, d=5.2km, v=300m/s) -> threat=150.89
  track 10 (FIGHTER, d=14.2km, v=300m/s) -> threat=150.77
  track 8 (FIGHTER, d=21.1km, v=300m/s) -> threat=150.75
  track 2 (ASM, d=2.6km, v=0m/s) -> threat=101.38
  track 4 (ASM, d=3.6km, v=0m/s) -> threat=101.28

[DECISION] t=192.3s | tracks=5 | weapons=0 available
  track 12 (FIGHTER, d=5.3km, v=300m/s) -> threat=150.89
  track 10 (FIGHTER, d=14.2km, v=300m/s) -> threat=150.77
  track 8 (FIGHTER, d=21.2km, v=300m/s) -> threat=150.75
  track 2 (ASM, d=2.6km, v=0m/s) -> threat=101.38
  track 4 (ASM, d=3.6km, v=0m/s) -> threat=101.28

[DECISION] t=192.5s | tracks=5 | weapons=0 available
  track 12 (FIGHTER, d=5.3km, v=300m/s) -> threat=150.89
  track 10 (FIGHTER, d=14.3km, v=300m/s) -> threat=150.77
  track 8 (FIGHTER, d=21.2km, v=300m/s) -> threat=150.75
  track 2 (ASM, d=2.6km, v=0m/s) -> threat=101.38
  track 4 (ASM, d=3.6km, v=0m/s) -> threat=101.28

[DECISION] t=192.7s | tracks=5 | weapons=0 available
  track 12 (FIGHTER, d=5.3km, v=300m/s) -> threat=150.89
  track 10 (FIGHTER, d=14.3km, v=300m/s) -> threat=150.77
  track 8 (FIGHTER, d=21.4km, v=300m/s) -> threat=150.75
  track 2 (ASM, d=2.6km, v=0m/s) -> threat=101.38
  track 4 (ASM, d=3.6km, v=0m/s) -> threat=101.28

[DECISION] t=192.9s | tracks=5 | weapons=0 available
  track 12 (FIGHTER, d=5.5km, v=300m/s) -> threat=150.88
  track 10 (FIGHTER, d=14.5km, v=300m/s) -> threat=150.77
  track 8 (FIGHTER, d=21.4km, v=300m/s) -> threat=150.75
  track 2 (ASM, d=2.6km, v=0m/s) -> threat=101.38
  track 4 (ASM, d=3.6km, v=0m/s) -> threat=101.28

[DECISION] t=193.3s | tracks=5 | weapons=0 available
  track 12 (FIGHTER, d=5.7km, v=300m/s) -> threat=150.88
  track 10 (FIGHTER, d=14.5km, v=300m/s) -> threat=150.77
  track 8 (FIGHTER, d=21.5km, v=300m/s) -> threat=150.75
  track 2 (ASM, d=2.6km, v=0m/s) -> threat=101.38
  track 4 (ASM, d=3.6km, v=0m/s) -> threat=101.28

[DECISION] t=193.5s | tracks=5 | weapons=0 available
  track 12 (FIGHTER, d=5.7km, v=300m/s) -> threat=150.88
  track 10 (FIGHTER, d=14.6km, v=300m/s) -> threat=150.77
  track 8 (FIGHTER, d=21.5km, v=300m/s) -> threat=150.75
  track 2 (ASM, d=2.6km, v=0m/s) -> threat=101.38
  track 4 (ASM, d=3.6km, v=0m/s) -> threat=101.28

[DECISION] t=193.9s | tracks=5 | weapons=0 available
  track 12 (FIGHTER, d=5.7km, v=300m/s) -> threat=150.88
  track 10 (FIGHTER, d=14.6km, v=300m/s) -> threat=150.77
  track 8 (FIGHTER, d=21.7km, v=300m/s) -> threat=150.75
  track 2 (ASM, d=2.6km, v=0m/s) -> threat=101.38
  track 4 (ASM, d=3.6km, v=0m/s) -> threat=101.28

[DECISION] t=194.1s | tracks=5 | weapons=0 available
  track 12 (FIGHTER, d=5.7km, v=300m/s) -> threat=150.87
  track 10 (FIGHTER, d=14.8km, v=300m/s) -> threat=150.77
  track 8 (FIGHTER, d=21.7km, v=300m/s) -> threat=150.75
  track 2 (ASM, d=2.6km, v=0m/s) -> threat=101.38
  track 4 (ASM, d=3.6km, v=0m/s) -> threat=101.28

[DECISION] t=0.0s | tracks=5 | weapons=0 available
  track 12 (FIGHTER, d=5.9km, v=300m/s) -> threat=150.87
  track 10 (FIGHTER, d=14.8km, v=300m/s) -> threat=150.77
  track 8 (FIGHTER, d=21.8km, v=300m/s) -> threat=150.75
  track 2 (ASM, d=2.6km, v=0m/s) -> threat=101.38
  track 4 (ASM, d=3.6km, v=0m/s) -> threat=101.28

[DECISION] t=194.5s | tracks=5 | weapons=0 available
  track 12 (FIGHTER, d=5.9km, v=300m/s) -> threat=150.87
  track 10 (FIGHTER, d=14.9km, v=300m/s) -> threat=150.77
  track 8 (FIGHTER, d=21.8km, v=300m/s) -> threat=150.75
  track 2 (ASM, d=2.6km, v=0m/s) -> threat=101.38
  track 4 (ASM, d=3.6km, v=0m/s) -> threat=101.28

[DECISION] t=194.9s | tracks=5 | weapons=0 available
  track 12 (FIGHTER, d=5.9km, v=300m/s) -> threat=150.87
  track 10 (FIGHTER, d=14.9km, v=300m/s) -> threat=150.77
  track 8 (FIGHTER, d=22.0km, v=300m/s) -> threat=150.75
  track 2 (ASM, d=2.6km, v=0m/s) -> threat=101.38
  track 4 (ASM, d=3.6km, v=0m/s) -> threat=101.28

[DECISION] t=195.1s | tracks=5 | weapons=0 available
  track 12 (FIGHTER, d=6.1km, v=300m/s) -> threat=150.86
  track 10 (FIGHTER, d=15.1km, v=300m/s) -> threat=150.77
  track 8 (FIGHTER, d=22.0km, v=300m/s) -> threat=150.75
  track 2 (ASM, d=2.6km, v=0m/s) -> threat=101.38
  track 4 (ASM, d=3.6km, v=0m/s) -> threat=101.28

[DECISION] t=195.3s | tracks=5 | weapons=0 available
  track 12 (FIGHTER, d=6.2km, v=300m/s) -> threat=150.86
  track 10 (FIGHTER, d=15.1km, v=300m/s) -> threat=150.77
  track 8 (FIGHTER, d=22.1km, v=300m/s) -> threat=150.75
  track 2 (ASM, d=2.6km, v=0m/s) -> threat=101.38
  track 4 (ASM, d=3.6km, v=0m/s) -> threat=101.28

[DECISION] t=195.7s | tracks=5 | weapons=0 available
  track 12 (FIGHTER, d=6.2km, v=300m/s) -> threat=150.86
  track 10 (FIGHTER, d=15.3km, v=300m/s) -> threat=150.77
  track 8 (FIGHTER, d=22.3km, v=300m/s) -> threat=150.74
  track 2 (ASM, d=2.6km, v=0m/s) -> threat=101.38
  track 4 (ASM, d=3.6km, v=0m/s) -> threat=101.28

[DECISION] t=196.1s | tracks=5 | weapons=0 available
  track 12 (FIGHTER, d=6.2km, v=300m/s) -> threat=150.86
  track 10 (FIGHTER, d=15.3km, v=300m/s) -> threat=150.77
  track 8 (FIGHTER, d=22.3km, v=300m/s) -> threat=150.74
  track 2 (ASM, d=2.6km, v=0m/s) -> threat=101.38
  track 4 (ASM, d=3.6km, v=0m/s) -> threat=101.28

[DECISION] t=196.3s | tracks=5 | weapons=0 available
  track 12 (FIGHTER, d=6.5km, v=300m/s) -> threat=150.85
  track 10 (FIGHTER, d=15.3km, v=300m/s) -> threat=150.77
  track 8 (FIGHTER, d=22.4km, v=300m/s) -> threat=150.74
  track 2 (ASM, d=2.6km, v=0m/s) -> threat=101.38
  track 4 (ASM, d=3.6km, v=0m/s) -> threat=101.28

[DECISION] t=196.7s | tracks=5 | weapons=0 available
  track 12 (FIGHTER, d=6.5km, v=300m/s) -> threat=150.85
  track 10 (FIGHTER, d=15.5km, v=300m/s) -> threat=150.76
  track 8 (FIGHTER, d=22.4km, v=300m/s) -> threat=150.74
  track 2 (ASM, d=2.6km, v=0m/s) -> threat=101.38
  track 4 (ASM, d=3.6km, v=0m/s) -> threat=101.28

[DECISION] t=197.1s | tracks=5 | weapons=0 available
  track 12 (FIGHTER, d=6.7km, v=300m/s) -> threat=150.85
  track 10 (FIGHTER, d=15.7km, v=300m/s) -> threat=150.76
  track 8 (FIGHTER, d=22.6km, v=300m/s) -> threat=150.74
  track 2 (ASM, d=2.6km, v=0m/s) -> threat=101.38
  track 4 (ASM, d=3.6km, v=0m/s) -> threat=101.28

[DECISION] t=197.3s | tracks=5 | weapons=0 available
  track 12 (FIGHTER, d=6.7km, v=300m/s) -> threat=150.85
  track 10 (FIGHTER, d=15.7km, v=300m/s) -> threat=150.76
  track 8 (FIGHTER, d=22.6km, v=300m/s) -> threat=150.74
  track 2 (ASM, d=2.6km, v=0m/s) -> threat=101.38
  track 4 (ASM, d=3.6km, v=0m/s) -> threat=101.28

[DECISION] t=197.7s | tracks=5 | weapons=0 available
  track 12 (FIGHTER, d=6.8km, v=300m/s) -> threat=150.85
  track 10 (FIGHTER, d=15.9km, v=300m/s) -> threat=150.76
  track 8 (FIGHTER, d=22.7km, v=300m/s) -> threat=150.74
  track 2 (ASM, d=2.6km, v=0m/s) -> threat=101.38
  track 4 (ASM, d=3.6km, v=0m/s) -> threat=101.28

[DECISION] t=197.7s | tracks=5 | weapons=0 available
  track 12 (FIGHTER, d=6.8km, v=300m/s) -> threat=150.85
  track 10 (FIGHTER, d=15.9km, v=300m/s) -> threat=150.76
  track 8 (FIGHTER, d=22.9km, v=300m/s) -> threat=150.74
  track 2 (ASM, d=2.6km, v=0m/s) -> threat=101.38
  track 4 (ASM, d=3.6km, v=0m/s) -> threat=101.28

[DECISION] t=197.9s | tracks=5 | weapons=0 available
  track 12 (FIGHTER, d=7.0km, v=300m/s) -> threat=150.84
  track 10 (FIGHTER, d=16.0km, v=300m/s) -> threat=150.76
  track 8 (FIGHTER, d=22.9km, v=300m/s) -> threat=150.74
  track 2 (ASM, d=2.6km, v=0m/s) -> threat=101.38
  track 4 (ASM, d=3.6km, v=0m/s) -> threat=101.28

[DECISION] t=198.3s | tracks=5 | weapons=0 available
  track 12 (FIGHTER, d=7.1km, v=300m/s) -> threat=150.84
  track 10 (FIGHTER, d=16.0km, v=300m/s) -> threat=150.76
  track 8 (FIGHTER, d=23.0km, v=300m/s) -> threat=150.74
  track 2 (ASM, d=2.6km, v=0m/s) -> threat=101.38
  track 4 (ASM, d=3.6km, v=0m/s) -> threat=101.28

[DECISION] t=198.7s | tracks=5 | weapons=0 available
  track 12 (FIGHTER, d=7.1km, v=300m/s) -> threat=150.84
  track 10 (FIGHTER, d=16.1km, v=300m/s) -> threat=150.76
  track 8 (FIGHTER, d=23.2km, v=300m/s) -> threat=150.74
  track 2 (ASM, d=2.6km, v=0m/s) -> threat=101.38
  track 4 (ASM, d=3.6km, v=0m/s) -> threat=101.28

[DECISION] t=199.1s | tracks=5 | weapons=0 available
  track 12 (FIGHTER, d=7.1km, v=300m/s) -> threat=150.84
  track 10 (FIGHTER, d=16.1km, v=300m/s) -> threat=150.76
  track 8 (FIGHTER, d=23.2km, v=300m/s) -> threat=150.74
  track 2 (ASM, d=2.6km, v=0m/s) -> threat=101.38
  track 4 (ASM, d=3.6km, v=0m/s) -> threat=101.28

[DECISION] t=199.1s | tracks=5 | weapons=0 available
  track 12 (FIGHTER, d=7.2km, v=300m/s) -> threat=150.84
  track 10 (FIGHTER, d=16.3km, v=300m/s) -> threat=150.76
  track 8 (FIGHTER, d=23.2km, v=300m/s) -> threat=150.74
  track 2 (ASM, d=2.6km, v=0m/s) -> threat=101.38
  track 4 (ASM, d=3.6km, v=0m/s) -> threat=101.28

[DECISION] t=199.3s | tracks=5 | weapons=0 available
  track 12 (FIGHTER, d=7.4km, v=300m/s) -> threat=150.83
  track 10 (FIGHTER, d=16.3km, v=300m/s) -> threat=150.76
  track 8 (FIGHTER, d=23.3km, v=300m/s) -> threat=150.74
  track 2 (ASM, d=2.6km, v=0m/s) -> threat=101.38
  track 4 (ASM, d=3.6km, v=0m/s) -> threat=101.28

[DECISION] t=199.5s | tracks=5 | weapons=0 available
  track 12 (FIGHTER, d=7.4km, v=300m/s) -> threat=150.83
  track 10 (FIGHTER, d=16.4km, v=300m/s) -> threat=150.76
  track 8 (FIGHTER, d=23.3km, v=300m/s) -> threat=150.74
  track 2 (ASM, d=2.6km, v=0m/s) -> threat=101.38
  track 4 (ASM, d=3.6km, v=0m/s) -> threat=101.28

[DECISION] t=199.7s | tracks=5 | weapons=0 available
  track 12 (FIGHTER, d=7.4km, v=300m/s) -> threat=150.83
  track 10 (FIGHTER, d=16.4km, v=300m/s) -> threat=150.76
  track 8 (FIGHTER, d=23.5km, v=300m/s) -> threat=150.74
  track 2 (ASM, d=2.6km, v=0m/s) -> threat=101.38
  track 4 (ASM, d=3.6km, v=0m/s) -> threat=101.28

[DECISION] t=199.9s | tracks=5 | weapons=0 available
  track 12 (FIGHTER, d=7.6km, v=300m/s) -> threat=150.83
  track 10 (FIGHTER, d=16.6km, v=300m/s) -> threat=150.76
  track 8 (FIGHTER, d=23.5km, v=300m/s) -> threat=150.74
  track 2 (ASM, d=2.6km, v=0m/s) -> threat=101.38
  track 4 (ASM, d=3.6km, v=0m/s) -> threat=101.28

[DECISION] t=200.1s | tracks=5 | weapons=0 available
  track 12 (FIGHTER, d=7.6km, v=300m/s) -> threat=150.83
  track 10 (FIGHTER, d=16.6km, v=300m/s) -> threat=150.76
  track 8 (FIGHTER, d=23.5km, v=300m/s) -> threat=150.74
  track 2 (ASM, d=2.6km, v=0m/s) -> threat=101.38
  track 4 (ASM, d=3.6km, v=0m/s) -> threat=101.28

[DECISION] t=200.3s | tracks=5 | weapons=0 available
  track 12 (FIGHTER, d=7.8km, v=300m/s) -> threat=150.83
  track 10 (FIGHTER, d=16.6km, v=300m/s) -> threat=150.76
  track 8 (FIGHTER, d=23.6km, v=300m/s) -> threat=150.74
  track 2 (ASM, d=2.6km, v=0m/s) -> threat=101.38
  track 4 (ASM, d=3.6km, v=0m/s) -> threat=101.28

[DECISION] t=200.7s | tracks=5 | weapons=0 available
  track 12 (FIGHTER, d=7.8km, v=300m/s) -> threat=150.83
  track 10 (FIGHTER, d=16.7km, v=300m/s) -> threat=150.76
  track 8 (FIGHTER, d=23.6km, v=300m/s) -> threat=150.74
  track 2 (ASM, d=2.6km, v=0m/s) -> threat=101.38
  track 4 (ASM, d=3.6km, v=0m/s) -> threat=101.28

[DECISION] t=200.9s | tracks=5 | weapons=0 available
  track 12 (FIGHTER, d=7.8km, v=300m/s) -> threat=150.83
  track 10 (FIGHTER, d=16.8km, v=300m/s) -> threat=150.76
  track 8 (FIGHTER, d=23.8km, v=300m/s) -> threat=150.74
  track 2 (ASM, d=2.6km, v=0m/s) -> threat=101.38
  track 4 (ASM, d=3.6km, v=0m/s) -> threat=101.28

[DECISION] t=201.1s | tracks=5 | weapons=0 available
  track 12 (FIGHTER, d=7.8km, v=300m/s) -> threat=150.83
  track 10 (FIGHTER, d=16.8km, v=300m/s) -> threat=150.76
  track 8 (FIGHTER, d=23.8km, v=300m/s) -> threat=150.74
  track 2 (ASM, d=2.6km, v=0m/s) -> threat=101.38
  track 4 (ASM, d=3.6km, v=0m/s) -> threat=101.28

[DECISION] t=201.3s | tracks=5 | weapons=0 available
  track 12 (FIGHTER, d=8.0km, v=300m/s) -> threat=150.82
  track 10 (FIGHTER, d=16.8km, v=300m/s) -> threat=150.76
  track 8 (FIGHTER, d=23.9km, v=300m/s) -> threat=150.74
  track 2 (ASM, d=2.6km, v=0m/s) -> threat=101.38
  track 4 (ASM, d=3.6km, v=0m/s) -> threat=101.28

[DECISION] t=201.5s | tracks=5 | weapons=0 available
  track 12 (FIGHTER, d=8.0km, v=300m/s) -> threat=150.82
  track 10 (FIGHTER, d=17.0km, v=300m/s) -> threat=150.76
  track 8 (FIGHTER, d=23.9km, v=300m/s) -> threat=150.74
  track 2 (ASM, d=2.6km, v=0m/s) -> threat=101.38
  track 4 (ASM, d=3.6km, v=0m/s) -> threat=101.28

[DECISION] t=201.7s | tracks=5 | weapons=0 available
  track 12 (FIGHTER, d=8.0km, v=300m/s) -> threat=150.82
  track 10 (FIGHTER, d=17.0km, v=300m/s) -> threat=150.76
  track 8 (FIGHTER, d=24.1km, v=300m/s) -> threat=150.74
  track 2 (ASM, d=2.6km, v=0m/s) -> threat=101.38
  track 4 (ASM, d=3.6km, v=0m/s) -> threat=101.28

[DECISION] t=202.1s | tracks=5 | weapons=0 available
  track 12 (FIGHTER, d=8.2km, v=300m/s) -> threat=150.82
  track 10 (FIGHTER, d=17.2km, v=300m/s) -> threat=150.76
  track 8 (FIGHTER, d=24.1km, v=300m/s) -> threat=150.74
  track 2 (ASM, d=2.6km, v=0m/s) -> threat=101.38
  track 4 (ASM, d=3.6km, v=0m/s) -> threat=101.28

[DECISION] t=202.3s | tracks=5 | weapons=0 available
  track 12 (FIGHTER, d=8.3km, v=300m/s) -> threat=150.82
  track 10 (FIGHTER, d=17.2km, v=300m/s) -> threat=150.76
  track 8 (FIGHTER, d=24.2km, v=300m/s) -> threat=150.74
  track 2 (ASM, d=2.6km, v=0m/s) -> threat=101.38
  track 4 (ASM, d=3.6km, v=0m/s) -> threat=101.28

[DECISION] t=202.5s | tracks=5 | weapons=0 available
  track 12 (FIGHTER, d=8.3km, v=300m/s) -> threat=150.82
  track 10 (FIGHTER, d=17.4km, v=300m/s) -> threat=150.76
  track 8 (FIGHTER, d=24.2km, v=300m/s) -> threat=150.74
  track 2 (ASM, d=2.6km, v=0m/s) -> threat=101.38
  track 4 (ASM, d=3.6km, v=0m/s) -> threat=101.28

[DECISION] t=202.7s | tracks=5 | weapons=0 available
  track 12 (FIGHTER, d=8.3km, v=300m/s) -> threat=150.82
  track 10 (FIGHTER, d=17.4km, v=300m/s) -> threat=150.76
  track 8 (FIGHTER, d=24.4km, v=300m/s) -> threat=150.74
  track 2 (ASM, d=2.6km, v=0m/s) -> threat=101.38
  track 4 (ASM, d=3.6km, v=0m/s) -> threat=101.28

[DECISION] t=0.0s | tracks=5 | weapons=0 available
  track 12 (FIGHTER, d=8.5km, v=300m/s) -> threat=150.82
  track 10 (FIGHTER, d=17.4km, v=300m/s) -> threat=150.76
  track 8 (FIGHTER, d=24.4km, v=300m/s) -> threat=150.74
  track 2 (ASM, d=2.6km, v=0m/s) -> threat=101.38
  track 4 (ASM, d=3.6km, v=0m/s) -> threat=101.28

[DECISION] t=203.1s | tracks=5 | weapons=0 available
  track 12 (FIGHTER, d=8.5km, v=300m/s) -> threat=150.82
  track 10 (FIGHTER, d=17.4km, v=300m/s) -> threat=150.76
  track 8 (FIGHTER, d=24.4km, v=300m/s) -> threat=150.74
  track 2 (ASM, d=2.6km, v=0m/s) -> threat=101.38
  track 4 (ASM, d=3.6km, v=0m/s) -> threat=101.28

[DECISION] t=203.3s | tracks=5 | weapons=0 available
  track 12 (FIGHTER, d=8.6km, v=300m/s) -> threat=150.82
  track 10 (FIGHTER, d=17.4km, v=300m/s) -> threat=150.76
  track 8 (FIGHTER, d=24.5km, v=300m/s) -> threat=150.74
  track 2 (ASM, d=2.6km, v=0m/s) -> threat=101.38
  track 4 (ASM, d=3.6km, v=0m/s) -> threat=101.28

[DECISION] t=203.5s | tracks=5 | weapons=0 available
  track 12 (FIGHTER, d=8.6km, v=300m/s) -> threat=150.82
  track 10 (FIGHTER, d=17.6km, v=300m/s) -> threat=150.76
  track 8 (FIGHTER, d=24.5km, v=300m/s) -> threat=150.74
  track 2 (ASM, d=2.6km, v=0m/s) -> threat=101.38
  track 4 (ASM, d=3.6km, v=0m/s) -> threat=101.28

[DECISION] t=203.7s | tracks=5 | weapons=0 available
  track 12 (FIGHTER, d=8.6km, v=300m/s) -> threat=150.82
  track 10 (FIGHTER, d=17.6km, v=300m/s) -> threat=150.76
  track 8 (FIGHTER, d=24.7km, v=300m/s) -> threat=150.74
  track 2 (ASM, d=2.6km, v=0m/s) -> threat=101.38
  track 4 (ASM, d=3.6km, v=0m/s) -> threat=101.28

[DECISION] t=203.9s | tracks=5 | weapons=0 available
  track 12 (FIGHTER, d=8.8km, v=300m/s) -> threat=150.81
  track 10 (FIGHTER, d=17.8km, v=300m/s) -> threat=150.76
  track 8 (FIGHTER, d=24.7km, v=300m/s) -> threat=150.74
  track 2 (ASM, d=2.6km, v=0m/s) -> threat=101.38
  track 4 (ASM, d=3.6km, v=0m/s) -> threat=101.28

[DECISION] t=204.1s | tracks=5 | weapons=0 available
  track 12 (FIGHTER, d=8.8km, v=300m/s) -> threat=150.81
  track 10 (FIGHTER, d=17.8km, v=300m/s) -> threat=150.76
  track 8 (FIGHTER, d=24.7km, v=300m/s) -> threat=150.74
  track 2 (ASM, d=2.6km, v=0m/s) -> threat=101.38
  track 4 (ASM, d=3.6km, v=0m/s) -> threat=101.28

[DECISION] t=204.3s | tracks=5 | weapons=0 available
  track 12 (FIGHTER, d=8.9km, v=300m/s) -> threat=150.81
  track 10 (FIGHTER, d=17.8km, v=300m/s) -> threat=150.76
  track 8 (FIGHTER, d=24.8km, v=300m/s) -> threat=150.74
  track 2 (ASM, d=2.6km, v=0m/s) -> threat=101.38
  track 4 (ASM, d=3.6km, v=0m/s) -> threat=101.28

[DECISION] t=204.7s | tracks=5 | weapons=0 available
  track 12 (FIGHTER, d=8.9km, v=300m/s) -> threat=150.81
  track 10 (FIGHTER, d=17.9km, v=300m/s) -> threat=150.76
  track 8 (FIGHTER, d=24.8km, v=300m/s) -> threat=150.74
  track 2 (ASM, d=2.6km, v=0m/s) -> threat=101.38
  track 4 (ASM, d=3.6km, v=0m/s) -> threat=101.28

[DECISION] t=0.0s | tracks=5 | weapons=0 available
  track 12 (FIGHTER, d=8.9km, v=300m/s) -> threat=150.81
  track 10 (FIGHTER, d=17.9km, v=300m/s) -> threat=150.76
  track 8 (FIGHTER, d=25.0km, v=300m/s) -> threat=150.74
  track 2 (ASM, d=2.6km, v=0m/s) -> threat=101.38
  track 4 (ASM, d=3.6km, v=0m/s) -> threat=101.28

[DECISION] t=205.1s | tracks=5 | weapons=0 available
  track 12 (FIGHTER, d=8.9km, v=300m/s) -> threat=150.81
  track 10 (FIGHTER, d=17.9km, v=300m/s) -> threat=150.76
  track 8 (FIGHTER, d=25.0km, v=300m/s) -> threat=150.74
  track 2 (ASM, d=2.6km, v=0m/s) -> threat=101.38
  track 4 (ASM, d=3.6km, v=0m/s) -> threat=101.28

[DECISION] t=205.5s | tracks=5 | weapons=0 available
  track 12 (FIGHTER, d=9.3km, v=300m/s) -> threat=150.81
  track 10 (FIGHTER, d=18.1km, v=300m/s) -> threat=150.76
  track 8 (FIGHTER, d=25.1km, v=300m/s) -> threat=150.74
  track 2 (ASM, d=2.6km, v=0m/s) -> threat=101.38
  track 4 (ASM, d=3.6km, v=0m/s) -> threat=101.28

[DECISION] t=205.7s | tracks=5 | weapons=0 available
  track 12 (FIGHTER, d=9.3km, v=300m/s) -> threat=150.81
  track 10 (FIGHTER, d=18.2km, v=300m/s) -> threat=150.75
  track 8 (FIGHTER, d=25.3km, v=300m/s) -> threat=150.74
  track 2 (ASM, d=2.6km, v=0m/s) -> threat=101.38
  track 4 (ASM, d=3.6km, v=0m/s) -> threat=101.28

[DECISION] t=206.1s | tracks=5 | weapons=0 available
  track 12 (FIGHTER, d=9.3km, v=300m/s) -> threat=150.81
  track 10 (FIGHTER, d=18.2km, v=300m/s) -> threat=150.75
  track 8 (FIGHTER, d=25.3km, v=300m/s) -> threat=150.74
  track 2 (ASM, d=2.6km, v=0m/s) -> threat=101.38
  track 4 (ASM, d=3.6km, v=0m/s) -> threat=101.28

[DECISION] t=206.3s | tracks=5 | weapons=0 available
  track 12 (FIGHTER, d=9.5km, v=300m/s) -> threat=150.81
  track 10 (FIGHTER, d=18.4km, v=300m/s) -> threat=150.75
  track 8 (FIGHTER, d=25.4km, v=300m/s) -> threat=150.74
  track 2 (ASM, d=2.6km, v=0m/s) -> threat=101.38
  track 4 (ASM, d=3.6km, v=0m/s) -> threat=101.28

[DECISION] t=206.7s | tracks=5 | weapons=0 available
  track 12 (FIGHTER, d=9.5km, v=300m/s) -> threat=150.81
  track 10 (FIGHTER, d=18.4km, v=300m/s) -> threat=150.75
  track 8 (FIGHTER, d=25.4km, v=300m/s) -> threat=150.74
  track 2 (ASM, d=2.6km, v=0m/s) -> threat=101.38
  track 4 (ASM, d=3.6km, v=0m/s) -> threat=101.28

[DECISION] t=206.7s | tracks=5 | weapons=0 available
  track 12 (FIGHTER, d=9.5km, v=300m/s) -> threat=150.81
  track 10 (FIGHTER, d=18.5km, v=300m/s) -> threat=150.75
  track 8 (FIGHTER, d=25.6km, v=300m/s) -> threat=150.74
  track 2 (ASM, d=2.6km, v=0m/s) -> threat=101.38
  track 4 (ASM, d=3.6km, v=0m/s) -> threat=101.28

[DECISION] t=207.1s | tracks=5 | weapons=0 available
  track 12 (FIGHTER, d=9.7km, v=300m/s) -> threat=150.80
  track 10 (FIGHTER, d=18.7km, v=300m/s) -> threat=150.75
  track 8 (FIGHTER, d=25.6km, v=300m/s) -> threat=150.74
  track 2 (ASM, d=2.6km, v=0m/s) -> threat=101.38
  track 4 (ASM, d=3.6km, v=0m/s) -> threat=101.28

[DECISION] t=207.3s | tracks=5 | weapons=0 available
  track 12 (FIGHTER, d=9.7km, v=300m/s) -> threat=150.80
  track 10 (FIGHTER, d=18.7km, v=300m/s) -> threat=150.75
  track 8 (FIGHTER, d=25.6km, v=300m/s) -> threat=150.74
  track 2 (ASM, d=2.6km, v=0m/s) -> threat=101.38
  track 4 (ASM, d=3.6km, v=0m/s) -> threat=101.28

[DECISION] t=207.3s | tracks=5 | weapons=0 available
  track 12 (FIGHTER, d=9.9km, v=300m/s) -> threat=150.80
  track 10 (FIGHTER, d=18.7km, v=300m/s) -> threat=150.75
  track 8 (FIGHTER, d=25.7km, v=300m/s) -> threat=150.74
  track 2 (ASM, d=2.6km, v=0m/s) -> threat=101.38
  track 4 (ASM, d=3.6km, v=0m/s) -> threat=101.28

[DECISION] t=207.7s | tracks=5 | weapons=0 available
  track 12 (FIGHTER, d=9.9km, v=300m/s) -> threat=150.80
  track 10 (FIGHTER, d=18.9km, v=300m/s) -> threat=150.75
  track 8 (FIGHTER, d=25.7km, v=300m/s) -> threat=150.74
  track 2 (ASM, d=2.6km, v=0m/s) -> threat=101.38
  track 4 (ASM, d=3.6km, v=0m/s) -> threat=101.28

[DECISION] t=207.7s | tracks=5 | weapons=0 available
  track 12 (FIGHTER, d=9.9km, v=300m/s) -> threat=150.80
  track 10 (FIGHTER, d=18.9km, v=300m/s) -> threat=150.75
  track 8 (FIGHTER, d=25.9km, v=300m/s) -> threat=150.74
  track 2 (ASM, d=2.6km, v=0m/s) -> threat=101.38
  track 4 (ASM, d=3.6km, v=0m/s) -> threat=101.28

[DECISION] t=208.1s | tracks=5 | weapons=0 available
  track 12 (FIGHTER, d=9.9km, v=300m/s) -> threat=150.80
  track 10 (FIGHTER, d=18.9km, v=300m/s) -> threat=150.75
  track 8 (FIGHTER, d=25.9km, v=300m/s) -> threat=150.74
  track 2 (ASM, d=2.6km, v=0m/s) -> threat=101.38
  track 4 (ASM, d=3.6km, v=0m/s) -> threat=101.28

[DECISION] t=208.3s | tracks=5 | weapons=0 available
  track 12 (FIGHTER, d=10.1km, v=300m/s) -> threat=150.80
  track 10 (FIGHTER, d=18.9km, v=300m/s) -> threat=150.75
  track 8 (FIGHTER, d=26.0km, v=300m/s) -> threat=150.74
  track 2 (ASM, d=2.6km, v=0m/s) -> threat=101.38
  track 4 (ASM, d=3.6km, v=0m/s) -> threat=101.28

[DECISION] t=208.5s | tracks=5 | weapons=0 available
  track 12 (FIGHTER, d=10.1km, v=300m/s) -> threat=150.80
  track 10 (FIGHTER, d=19.1km, v=300m/s) -> threat=150.75
  track 8 (FIGHTER, d=26.0km, v=300m/s) -> threat=150.74
  track 2 (ASM, d=2.6km, v=0m/s) -> threat=101.38
  track 4 (ASM, d=3.6km, v=0m/s) -> threat=101.28

[DECISION] t=208.7s | tracks=5 | weapons=0 available
  track 12 (FIGHTER, d=10.1km, v=300m/s) -> threat=150.80
  track 10 (FIGHTER, d=19.1km, v=300m/s) -> threat=150.75
  track 8 (FIGHTER, d=26.2km, v=300m/s) -> threat=150.74
  track 2 (ASM, d=2.6km, v=0m/s) -> threat=101.38
  track 4 (ASM, d=3.6km, v=0m/s) -> threat=101.28

[DECISION] t=208.9s | tracks=5 | weapons=0 available
  track 12 (FIGHTER, d=10.3km, v=300m/s) -> threat=150.80
  track 10 (FIGHTER, d=19.3km, v=300m/s) -> threat=150.75
  track 8 (FIGHTER, d=26.2km, v=300m/s) -> threat=150.74
  track 2 (ASM, d=2.6km, v=0m/s) -> threat=101.38
  track 4 (ASM, d=3.6km, v=0m/s) -> threat=101.28

[DECISION] t=209.1s | tracks=5 | weapons=0 available
  track 12 (FIGHTER, d=10.3km, v=300m/s) -> threat=150.80
  track 10 (FIGHTER, d=19.3km, v=300m/s) -> threat=150.75
  track 8 (FIGHTER, d=26.2km, v=300m/s) -> threat=150.74
  track 2 (ASM, d=2.6km, v=0m/s) -> threat=101.38
  track 4 (ASM, d=3.6km, v=0m/s) -> threat=101.28

[DECISION] t=209.5s | tracks=5 | weapons=0 available
  track 12 (FIGHTER, d=10.4km, v=300m/s) -> threat=150.80
  track 10 (FIGHTER, d=19.3km, v=300m/s) -> threat=150.75
  track 8 (FIGHTER, d=26.3km, v=300m/s) -> threat=150.74
  track 2 (ASM, d=2.6km, v=0m/s) -> threat=101.38
  track 4 (ASM, d=3.6km, v=0m/s) -> threat=101.28

[DECISION] t=209.7s | tracks=5 | weapons=0 available
  track 12 (FIGHTER, d=10.4km, v=300m/s) -> threat=150.80
  track 10 (FIGHTER, d=19.5km, v=300m/s) -> threat=150.75
  track 8 (FIGHTER, d=26.5km, v=300m/s) -> threat=150.74
  track 2 (ASM, d=2.6km, v=0m/s) -> threat=101.38
  track 4 (ASM, d=3.6km, v=0m/s) -> threat=101.28

[DECISION] t=209.9s | tracks=5 | weapons=0 available
  track 12 (FIGHTER, d=10.6km, v=300m/s) -> threat=150.79
  track 10 (FIGHTER, d=19.6km, v=300m/s) -> threat=150.75
  track 8 (FIGHTER, d=26.5km, v=300m/s) -> threat=150.74
  track 2 (ASM, d=2.6km, v=0m/s) -> threat=101.38
  track 4 (ASM, d=3.6km, v=0m/s) -> threat=101.28

[DECISION] t=210.1s | tracks=5 | weapons=0 available
  track 12 (FIGHTER, d=10.6km, v=300m/s) -> threat=150.79
  track 10 (FIGHTER, d=19.6km, v=300m/s) -> threat=150.75
  track 8 (FIGHTER, d=26.5km, v=300m/s) -> threat=150.74
  track 2 (ASM, d=2.6km, v=0m/s) -> threat=101.38
  track 4 (ASM, d=3.6km, v=0m/s) -> threat=101.28

[DECISION] t=0.0s | tracks=5 | weapons=0 available
  track 12 (FIGHTER, d=10.7km, v=300m/s) -> threat=150.79
  track 10 (FIGHTER, d=19.6km, v=300m/s) -> threat=150.75
  track 8 (FIGHTER, d=26.6km, v=300m/s) -> threat=150.74
  track 2 (ASM, d=2.6km, v=0m/s) -> threat=101.38
  track 4 (ASM, d=3.6km, v=0m/s) -> threat=101.28

[DECISION] t=210.5s | tracks=5 | weapons=0 available
  track 12 (FIGHTER, d=10.7km, v=300m/s) -> threat=150.79
  track 10 (FIGHTER, d=19.7km, v=300m/s) -> threat=150.75
  track 8 (FIGHTER, d=26.6km, v=300m/s) -> threat=150.74
  track 2 (ASM, d=2.6km, v=0m/s) -> threat=101.38
  track 4 (ASM, d=3.6km, v=0m/s) -> threat=101.28

[DECISION] t=210.7s | tracks=5 | weapons=0 available
  track 12 (FIGHTER, d=10.7km, v=300m/s) -> threat=150.79
  track 10 (FIGHTER, d=19.7km, v=300m/s) -> threat=150.75
  track 8 (FIGHTER, d=26.8km, v=300m/s) -> threat=150.74
  track 2 (ASM, d=2.6km, v=0m/s) -> threat=101.38
  track 4 (ASM, d=3.6km, v=0m/s) -> threat=101.28

[DECISION] t=211.1s | tracks=5 | weapons=0 available
  track 12 (FIGHTER, d=10.8km, v=300m/s) -> threat=150.79
  track 10 (FIGHTER, d=19.9km, v=300m/s) -> threat=150.75
  track 8 (FIGHTER, d=26.8km, v=300m/s) -> threat=150.74
  track 2 (ASM, d=2.6km, v=0m/s) -> threat=101.38
  track 4 (ASM, d=3.6km, v=0m/s) -> threat=101.28

[DECISION] t=211.3s | tracks=5 | weapons=0 available
  track 12 (FIGHTER, d=10.8km, v=300m/s) -> threat=150.79
  track 10 (FIGHTER, d=19.9km, v=300m/s) -> threat=150.75
  track 8 (FIGHTER, d=26.8km, v=300m/s) -> threat=150.74
  track 2 (ASM, d=2.6km, v=0m/s) -> threat=101.38
  track 4 (ASM, d=3.6km, v=0m/s) -> threat=101.28

[DECISION] t=211.7s | tracks=5 | weapons=0 available
  track 12 (FIGHTER, d=11.0km, v=300m/s) -> threat=150.79
  track 10 (FIGHTER, d=20.0km, v=300m/s) -> threat=150.75
  track 8 (FIGHTER, d=27.1km, v=300m/s) -> threat=150.74
  track 2 (ASM, d=2.6km, v=0m/s) -> threat=101.38
  track 4 (ASM, d=3.6km, v=0m/s) -> threat=101.28

[DECISION] t=211.9s | tracks=5 | weapons=0 available
  track 12 (FIGHTER, d=11.2km, v=300m/s) -> threat=150.79
  track 10 (FIGHTER, d=20.2km, v=300m/s) -> threat=150.75
  track 8 (FIGHTER, d=27.1km, v=300m/s) -> threat=150.74
  track 2 (ASM, d=2.6km, v=0m/s) -> threat=101.38
  track 4 (ASM, d=3.6km, v=0m/s) -> threat=101.28

[DECISION] t=212.1s | tracks=5 | weapons=0 available
  track 12 (FIGHTER, d=11.2km, v=300m/s) -> threat=150.79
  track 10 (FIGHTER, d=20.2km, v=300m/s) -> threat=150.75
  track 8 (FIGHTER, d=27.1km, v=300m/s) -> threat=150.74
  track 2 (ASM, d=2.6km, v=0m/s) -> threat=101.38
  track 4 (ASM, d=3.6km, v=0m/s) -> threat=101.28

[DECISION] t=212.5s | tracks=5 | weapons=0 available
  track 12 (FIGHTER, d=11.4km, v=300m/s) -> threat=150.79
  track 10 (FIGHTER, d=20.2km, v=300m/s) -> threat=150.75
  track 8 (FIGHTER, d=27.2km, v=300m/s) -> threat=150.74
  track 2 (ASM, d=2.6km, v=0m/s) -> threat=101.38
  track 4 (ASM, d=3.6km, v=0m/s) -> threat=101.28

[DECISION] t=212.5s | tracks=5 | weapons=0 available
  track 12 (FIGHTER, d=11.4km, v=300m/s) -> threat=150.79
  track 10 (FIGHTER, d=20.3km, v=300m/s) -> threat=150.75
  track 8 (FIGHTER, d=27.2km, v=300m/s) -> threat=150.74
  track 2 (ASM, d=2.6km, v=0m/s) -> threat=101.38
  track 4 (ASM, d=3.6km, v=0m/s) -> threat=101.28

[DECISION] t=0.0s | tracks=5 | weapons=0 available
  track 12 (FIGHTER, d=11.4km, v=300m/s) -> threat=150.79
  track 10 (FIGHTER, d=20.3km, v=300m/s) -> threat=150.75
  track 8 (FIGHTER, d=27.4km, v=300m/s) -> threat=150.74
  track 2 (ASM, d=2.6km, v=0m/s) -> threat=101.38
  track 4 (ASM, d=3.6km, v=0m/s) -> threat=101.28

[DECISION] t=212.9s | tracks=5 | weapons=0 available
  track 12 (FIGHTER, d=11.4km, v=300m/s) -> threat=150.79
  track 10 (FIGHTER, d=20.5km, v=300m/s) -> threat=150.75
  track 8 (FIGHTER, d=27.4km, v=300m/s) -> threat=150.74
  track 2 (ASM, d=2.6km, v=0m/s) -> threat=101.38
  track 4 (ASM, d=3.6km, v=0m/s) -> threat=101.28

[DECISION] t=213.3s | tracks=5 | weapons=0 available
  track 12 (FIGHTER, d=11.6km, v=300m/s) -> threat=150.79
  track 10 (FIGHTER, d=20.5km, v=300m/s) -> threat=150.75
  track 8 (FIGHTER, d=27.5km, v=300m/s) -> threat=150.74
  track 2 (ASM, d=2.6km, v=0m/s) -> threat=101.38
  track 4 (ASM, d=3.6km, v=0m/s) -> threat=101.28

[DECISION] t=213.5s | tracks=5 | weapons=0 available
  track 12 (FIGHTER, d=11.6km, v=300m/s) -> threat=150.79
  track 10 (FIGHTER, d=20.6km, v=300m/s) -> threat=150.75
  track 8 (FIGHTER, d=27.5km, v=300m/s) -> threat=150.74
  track 2 (ASM, d=2.6km, v=0m/s) -> threat=101.38
  track 4 (ASM, d=3.6km, v=0m/s) -> threat=101.28

[DECISION] t=213.9s | tracks=5 | weapons=0 available
  track 12 (FIGHTER, d=11.6km, v=300m/s) -> threat=150.79
  track 10 (FIGHTER, d=20.6km, v=300m/s) -> threat=150.75
  track 8 (FIGHTER, d=27.7km, v=300m/s) -> threat=150.74
  track 2 (ASM, d=2.6km, v=0m/s) -> threat=101.38
  track 4 (ASM, d=3.6km, v=0m/s) -> threat=101.28

[DECISION] t=214.1s | tracks=5 | weapons=0 available
  track 12 (FIGHTER, d=11.8km, v=300m/s) -> threat=150.78
  track 10 (FIGHTER, d=20.8km, v=300m/s) -> threat=150.75
  track 8 (FIGHTER, d=27.7km, v=300m/s) -> threat=150.74
  track 2 (ASM, d=2.6km, v=0m/s) -> threat=101.38
  track 4 (ASM, d=3.6km, v=0m/s) -> threat=101.28

[DECISION] t=214.3s | tracks=5 | weapons=0 available
  track 12 (FIGHTER, d=11.9km, v=300m/s) -> threat=150.78
  track 10 (FIGHTER, d=20.8km, v=300m/s) -> threat=150.75
  track 8 (FIGHTER, d=27.8km, v=300m/s) -> threat=150.74
  track 2 (ASM, d=2.6km, v=0m/s) -> threat=101.38
  track 4 (ASM, d=3.6km, v=0m/s) -> threat=101.28

[DECISION] t=214.7s | tracks=5 | weapons=0 available
  track 12 (FIGHTER, d=11.9km, v=300m/s) -> threat=150.78
  track 10 (FIGHTER, d=20.8km, v=300m/s) -> threat=150.75
  track 8 (FIGHTER, d=27.8km, v=300m/s) -> threat=150.74
  track 2 (ASM, d=2.6km, v=0m/s) -> threat=101.38
  track 4 (ASM, d=3.6km, v=0m/s) -> threat=101.28

[DECISION] t=214.9s | tracks=5 | weapons=0 available
  track 12 (FIGHTER, d=11.9km, v=300m/s) -> threat=150.78
  track 10 (FIGHTER, d=21.0km, v=300m/s) -> threat=150.75
  track 8 (FIGHTER, d=28.0km, v=300m/s) -> threat=150.74
  track 2 (ASM, d=2.6km, v=0m/s) -> threat=101.38
  track 4 (ASM, d=3.6km, v=0m/s) -> threat=101.28

[DECISION] t=215.1s | tracks=5 | weapons=0 available
  track 12 (FIGHTER, d=12.1km, v=300m/s) -> threat=150.78
  track 10 (FIGHTER, d=21.0km, v=300m/s) -> threat=150.75
  track 8 (FIGHTER, d=28.0km, v=300m/s) -> threat=150.74
  track 2 (ASM, d=2.6km, v=0m/s) -> threat=101.38
  track 4 (ASM, d=3.6km, v=0m/s) -> threat=101.28

[DECISION] t=215.5s | tracks=5 | weapons=0 available
  track 12 (FIGHTER, d=12.2km, v=300m/s) -> threat=150.78
  track 10 (FIGHTER, d=21.0km, v=300m/s) -> threat=150.75
  track 8 (FIGHTER, d=28.1km, v=300m/s) -> threat=150.74
  track 2 (ASM, d=2.6km, v=0m/s) -> threat=101.38
  track 4 (ASM, d=3.6km, v=0m/s) -> threat=101.28

[DECISION] t=215.7s | tracks=5 | weapons=0 available
  track 12 (FIGHTER, d=12.2km, v=300m/s) -> threat=150.78
  track 10 (FIGHTER, d=21.2km, v=300m/s) -> threat=150.75
  track 8 (FIGHTER, d=28.3km, v=300m/s) -> threat=150.74
  track 2 (ASM, d=2.6km, v=0m/s) -> threat=101.38
  track 4 (ASM, d=3.6km, v=0m/s) -> threat=101.28

[DECISION] t=215.9s | tracks=5 | weapons=0 available
  track 12 (FIGHTER, d=12.4km, v=300m/s) -> threat=150.78
  track 10 (FIGHTER, d=21.4km, v=300m/s) -> threat=150.75
  track 8 (FIGHTER, d=28.3km, v=300m/s) -> threat=150.74
  track 2 (ASM, d=2.6km, v=0m/s) -> threat=101.38
  track 4 (ASM, d=3.6km, v=0m/s) -> threat=101.28

[DECISION] t=216.1s | tracks=5 | weapons=0 available
  track 12 (FIGHTER, d=12.4km, v=300m/s) -> threat=150.78
  track 10 (FIGHTER, d=21.4km, v=300m/s) -> threat=150.75
  track 8 (FIGHTER, d=28.3km, v=300m/s) -> threat=150.74
  track 2 (ASM, d=2.6km, v=0m/s) -> threat=101.38
  track 4 (ASM, d=3.6km, v=0m/s) -> threat=101.28

[DECISION] t=216.5s | tracks=5 | weapons=0 available
  track 12 (FIGHTER, d=12.4km, v=300m/s) -> threat=150.78
  track 10 (FIGHTER, d=21.4km, v=300m/s) -> threat=150.75
  track 8 (FIGHTER, d=28.3km, v=300m/s) -> threat=150.74
  track 2 (ASM, d=2.6km, v=0m/s) -> threat=101.38
  track 4 (ASM, d=3.6km, v=0m/s) -> threat=101.28

[DECISION] t=216.7s | tracks=5 | weapons=0 available
  track 12 (FIGHTER, d=12.5km, v=300m/s) -> threat=150.78
  track 10 (FIGHTER, d=21.5km, v=300m/s) -> threat=150.75
  track 8 (FIGHTER, d=28.6km, v=300m/s) -> threat=150.73
  track 2 (ASM, d=2.6km, v=0m/s) -> threat=101.38
  track 4 (ASM, d=3.6km, v=0m/s) -> threat=101.28

[DECISION] t=216.9s | tracks=5 | weapons=0 available
  track 12 (FIGHTER, d=12.7km, v=300m/s) -> threat=150.78
  track 10 (FIGHTER, d=21.7km, v=300m/s) -> threat=150.75
  track 8 (FIGHTER, d=28.6km, v=300m/s) -> threat=150.73
  track 2 (ASM, d=2.6km, v=0m/s) -> threat=101.38
  track 4 (ASM, d=3.6km, v=0m/s) -> threat=101.28

[DECISION] t=217.1s | tracks=5 | weapons=0 available
  track 12 (FIGHTER, d=12.7km, v=300m/s) -> threat=150.78
  track 10 (FIGHTER, d=21.7km, v=300m/s) -> threat=150.75
  track 8 (FIGHTER, d=28.6km, v=300m/s) -> threat=150.73
  track 2 (ASM, d=2.6km, v=0m/s) -> threat=101.38
  track 4 (ASM, d=3.6km, v=0m/s) -> threat=101.28

[DECISION] t=217.5s | tracks=5 | weapons=0 available
  track 12 (FIGHTER, d=12.8km, v=300m/s) -> threat=150.78
  track 10 (FIGHTER, d=21.7km, v=300m/s) -> threat=150.75
  track 8 (FIGHTER, d=28.7km, v=300m/s) -> threat=150.73
  track 2 (ASM, d=2.6km, v=0m/s) -> threat=101.38
  track 4 (ASM, d=3.6km, v=0m/s) -> threat=101.28

[DECISION] t=217.5s | tracks=5 | weapons=0 available
  track 12 (FIGHTER, d=12.8km, v=300m/s) -> threat=150.78
  track 10 (FIGHTER, d=21.8km, v=300m/s) -> threat=150.75
  track 8 (FIGHTER, d=28.7km, v=300m/s) -> threat=150.73
  track 2 (ASM, d=2.6km, v=0m/s) -> threat=101.38
  track 4 (ASM, d=3.6km, v=0m/s) -> threat=101.28

[DECISION] t=217.9s | tracks=5 | weapons=0 available
  track 12 (FIGHTER, d=12.8km, v=300m/s) -> threat=150.78
  track 10 (FIGHTER, d=21.8km, v=300m/s) -> threat=150.75
  track 8 (FIGHTER, d=28.9km, v=300m/s) -> threat=150.73
  track 2 (ASM, d=2.6km, v=0m/s) -> threat=101.38
  track 4 (ASM, d=3.6km, v=0m/s) -> threat=101.28

[DECISION] t=218.1s | tracks=5 | weapons=0 available
  track 12 (FIGHTER, d=12.9km, v=300m/s) -> threat=150.78
  track 10 (FIGHTER, d=22.0km, v=300m/s) -> threat=150.75
  track 8 (FIGHTER, d=28.9km, v=300m/s) -> threat=150.73
  track 2 (ASM, d=2.6km, v=0m/s) -> threat=101.38
  track 4 (ASM, d=3.6km, v=0m/s) -> threat=101.28

[DECISION] t=218.3s | tracks=5 | weapons=0 available
  track 12 (FIGHTER, d=13.1km, v=300m/s) -> threat=150.78
  track 10 (FIGHTER, d=22.0km, v=300m/s) -> threat=150.75
  track 8 (FIGHTER, d=29.0km, v=300m/s) -> threat=150.73
  track 2 (ASM, d=2.6km, v=0m/s) -> threat=101.38
  track 4 (ASM, d=3.6km, v=0m/s) -> threat=101.28

[DECISION] t=218.5s | tracks=5 | weapons=0 available
  track 12 (FIGHTER, d=13.1km, v=300m/s) -> threat=150.78
  track 10 (FIGHTER, d=22.1km, v=300m/s) -> threat=150.75
  track 8 (FIGHTER, d=29.0km, v=300m/s) -> threat=150.73
  track 2 (ASM, d=2.6km, v=0m/s) -> threat=101.38
  track 4 (ASM, d=3.6km, v=0m/s) -> threat=101.28

[DECISION] t=218.7s | tracks=5 | weapons=0 available
  track 12 (FIGHTER, d=13.1km, v=300m/s) -> threat=150.78
  track 10 (FIGHTER, d=22.1km, v=300m/s) -> threat=150.75
  track 8 (FIGHTER, d=29.2km, v=300m/s) -> threat=150.73
  track 2 (ASM, d=2.6km, v=0m/s) -> threat=101.38
  track 4 (ASM, d=3.6km, v=0m/s) -> threat=101.28

[DECISION] t=218.9s | tracks=5 | weapons=0 available
  track 12 (FIGHTER, d=13.3km, v=300m/s) -> threat=150.78
  track 10 (FIGHTER, d=22.3km, v=300m/s) -> threat=150.74
  track 8 (FIGHTER, d=29.2km, v=300m/s) -> threat=150.73
  track 2 (ASM, d=2.6km, v=0m/s) -> threat=101.38
  track 4 (ASM, d=3.6km, v=0m/s) -> threat=101.28

[DECISION] t=219.1s | tracks=5 | weapons=0 available
  track 12 (FIGHTER, d=13.3km, v=300m/s) -> threat=150.78
  track 10 (FIGHTER, d=22.3km, v=300m/s) -> threat=150.74
  track 8 (FIGHTER, d=29.2km, v=300m/s) -> threat=150.73
  track 2 (ASM, d=2.6km, v=0m/s) -> threat=101.38
  track 4 (ASM, d=3.6km, v=0m/s) -> threat=101.28

[DECISION] t=219.3s | tracks=5 | weapons=0 available
  track 12 (FIGHTER, d=13.5km, v=300m/s) -> threat=150.77
  track 10 (FIGHTER, d=22.3km, v=300m/s) -> threat=150.74
  track 8 (FIGHTER, d=29.3km, v=300m/s) -> threat=150.73
  track 2 (ASM, d=2.6km, v=0m/s) -> threat=101.38
  track 4 (ASM, d=3.6km, v=0m/s) -> threat=101.28

[DECISION] t=219.5s | tracks=5 | weapons=0 available
  track 12 (FIGHTER, d=13.5km, v=300m/s) -> threat=150.77
  track 10 (FIGHTER, d=22.4km, v=300m/s) -> threat=150.74
  track 8 (FIGHTER, d=29.3km, v=300m/s) -> threat=150.73
  track 2 (ASM, d=2.6km, v=0m/s) -> threat=101.38
  track 4 (ASM, d=3.6km, v=0m/s) -> threat=101.28

[DECISION] t=219.7s | tracks=5 | weapons=0 available
  track 12 (FIGHTER, d=13.5km, v=300m/s) -> threat=150.77
  track 10 (FIGHTER, d=22.4km, v=300m/s) -> threat=150.74
  track 8 (FIGHTER, d=29.5km, v=300m/s) -> threat=150.73
  track 2 (ASM, d=2.6km, v=0m/s) -> threat=101.38
  track 4 (ASM, d=3.6km, v=0m/s) -> threat=101.28

[DECISION] t=219.9s | tracks=5 | weapons=0 available
  track 12 (FIGHTER, d=13.5km, v=300m/s) -> threat=150.77
  track 10 (FIGHTER, d=22.5km, v=300m/s) -> threat=150.74
  track 8 (FIGHTER, d=29.5km, v=300m/s) -> threat=150.73
  track 2 (ASM, d=2.6km, v=0m/s) -> threat=101.38
  track 4 (ASM, d=3.6km, v=0m/s) -> threat=101.28

[DECISION] t=220.1s | tracks=5 | weapons=0 available
  track 12 (FIGHTER, d=13.5km, v=300m/s) -> threat=150.77
  track 10 (FIGHTER, d=22.5km, v=300m/s) -> threat=150.74
  track 8 (FIGHTER, d=29.5km, v=300m/s) -> threat=150.73
  track 2 (ASM, d=2.6km, v=0m/s) -> threat=101.38
  track 4 (ASM, d=3.6km, v=0m/s) -> threat=101.28

[DECISION] t=220.3s | tracks=5 | weapons=0 available
  track 12 (FIGHTER, d=13.7km, v=300m/s) -> threat=150.77
  track 10 (FIGHTER, d=22.5km, v=300m/s) -> threat=150.74
  track 8 (FIGHTER, d=29.6km, v=300m/s) -> threat=150.73
  track 2 (ASM, d=2.6km, v=0m/s) -> threat=101.38
  track 4 (ASM, d=3.6km, v=0m/s) -> threat=101.28

[DECISION] t=220.5s | tracks=5 | weapons=0 available
  track 12 (FIGHTER, d=13.7km, v=300m/s) -> threat=150.77
  track 10 (FIGHTER, d=22.7km, v=300m/s) -> threat=150.74
  track 8 (FIGHTER, d=29.6km, v=300m/s) -> threat=150.73
  track 2 (ASM, d=2.6km, v=0m/s) -> threat=101.38
  track 4 (ASM, d=3.6km, v=0m/s) -> threat=101.28

[DECISION] t=220.7s | tracks=5 | weapons=0 available
  track 12 (FIGHTER, d=13.7km, v=300m/s) -> threat=150.77
  track 10 (FIGHTER, d=22.7km, v=300m/s) -> threat=150.74
  track 8 (FIGHTER, d=29.8km, v=300m/s) -> threat=150.73
  track 2 (ASM, d=2.6km, v=0m/s) -> threat=101.38
  track 4 (ASM, d=3.6km, v=0m/s) -> threat=101.28

[DECISION] t=220.9s | tracks=5 | weapons=0 available
  track 12 (FIGHTER, d=13.9km, v=300m/s) -> threat=150.77
  track 10 (FIGHTER, d=22.9km, v=300m/s) -> threat=150.74
  track 8 (FIGHTER, d=29.8km, v=300m/s) -> threat=150.73
  track 2 (ASM, d=2.6km, v=0m/s) -> threat=101.38
  track 4 (ASM, d=3.6km, v=0m/s) -> threat=101.28

[DECISION] t=221.1s | tracks=5 | weapons=0 available
  track 12 (FIGHTER, d=13.9km, v=300m/s) -> threat=150.77
  track 10 (FIGHTER, d=22.9km, v=300m/s) -> threat=150.74
  track 8 (FIGHTER, d=29.8km, v=300m/s) -> threat=150.73
  track 2 (ASM, d=2.6km, v=0m/s) -> threat=101.38
  track 4 (ASM, d=3.6km, v=0m/s) -> threat=101.28

[DECISION] t=221.3s | tracks=5 | weapons=0 available
  track 12 (FIGHTER, d=14.0km, v=300m/s) -> threat=150.77
  track 10 (FIGHTER, d=22.9km, v=300m/s) -> threat=150.74
  track 8 (FIGHTER, d=29.9km, v=300m/s) -> threat=150.73
  track 2 (ASM, d=2.6km, v=0m/s) -> threat=101.38
  track 4 (ASM, d=3.6km, v=0m/s) -> threat=101.28

[DECISION] t=221.5s | tracks=5 | weapons=0 available
  track 12 (FIGHTER, d=14.0km, v=300m/s) -> threat=150.77
  track 10 (FIGHTER, d=23.1km, v=300m/s) -> threat=150.74
  track 8 (FIGHTER, d=29.9km, v=300m/s) -> threat=150.73
  track 2 (ASM, d=2.6km, v=0m/s) -> threat=101.38
  track 4 (ASM, d=3.6km, v=0m/s) -> threat=101.28

[DECISION] t=221.7s | tracks=4 | weapons=0 available
  track 12 (FIGHTER, d=14.0km, v=300m/s) -> threat=150.77
  track 10 (FIGHTER, d=23.1km, v=300m/s) -> threat=150.74
  track 2 (ASM, d=2.6km, v=0m/s) -> threat=101.38
  track 4 (ASM, d=3.6km, v=0m/s) -> threat=101.28

[DECISION] t=221.9s | tracks=4 | weapons=0 available
  track 12 (FIGHTER, d=14.2km, v=300m/s) -> threat=150.77
  track 10 (FIGHTER, d=23.1km, v=300m/s) -> threat=150.74
  track 2 (ASM, d=2.6km, v=0m/s) -> threat=101.38
  track 4 (ASM, d=3.6km, v=0m/s) -> threat=101.28

[DECISION] t=222.1s | tracks=4 | weapons=0 available
  track 12 (FIGHTER, d=14.2km, v=300m/s) -> threat=150.77
  track 10 (FIGHTER, d=23.1km, v=300m/s) -> threat=150.74
  track 2 (ASM, d=2.6km, v=0m/s) -> threat=101.38
  track 4 (ASM, d=3.6km, v=0m/s) -> threat=101.28

[DECISION] t=222.5s | tracks=4 | weapons=0 available
  track 12 (FIGHTER, d=14.3km, v=300m/s) -> threat=150.77
  track 10 (FIGHTER, d=23.1km, v=300m/s) -> threat=150.74
  track 2 (ASM, d=2.6km, v=0m/s) -> threat=101.38
  track 4 (ASM, d=3.6km, v=0m/s) -> threat=101.28

[DECISION] t=222.7s | tracks=4 | weapons=0 available
  track 12 (FIGHTER, d=14.3km, v=300m/s) -> threat=150.77
  track 10 (FIGHTER, d=23.3km, v=300m/s) -> threat=150.74
  track 2 (ASM, d=2.6km, v=0m/s) -> threat=101.38
  track 4 (ASM, d=3.6km, v=0m/s) -> threat=101.28

[DECISION] t=223.1s | tracks=4 | weapons=0 available
  track 12 (FIGHTER, d=14.3km, v=300m/s) -> threat=150.77
  track 10 (FIGHTER, d=23.3km, v=300m/s) -> threat=150.74
  track 2 (ASM, d=2.6km, v=0m/s) -> threat=101.38
  track 4 (ASM, d=3.6km, v=0m/s) -> threat=101.28

[DECISION] t=223.3s | tracks=4 | weapons=0 available
  track 12 (FIGHTER, d=14.6km, v=300m/s) -> threat=150.77
  track 10 (FIGHTER, d=23.5km, v=300m/s) -> threat=150.74
  track 2 (ASM, d=2.6km, v=0m/s) -> threat=101.38
  track 4 (ASM, d=3.6km, v=0m/s) -> threat=101.28

[DECISION] t=223.5s | tracks=4 | weapons=0 available
  track 12 (FIGHTER, d=14.6km, v=300m/s) -> threat=150.77
  track 10 (FIGHTER, d=23.6km, v=300m/s) -> threat=150.74
  track 2 (ASM, d=2.6km, v=0m/s) -> threat=101.38
  track 4 (ASM, d=3.6km, v=0m/s) -> threat=101.28

[DECISION] t=223.7s | tracks=4 | weapons=0 available
  track 12 (FIGHTER, d=14.6km, v=300m/s) -> threat=150.77
  track 10 (FIGHTER, d=23.6km, v=300m/s) -> threat=150.74
  track 2 (ASM, d=2.6km, v=0m/s) -> threat=101.38
  track 4 (ASM, d=3.6km, v=0m/s) -> threat=101.28

[DECISION] t=223.9s | tracks=4 | weapons=0 available
  track 12 (FIGHTER, d=14.8km, v=300m/s) -> threat=150.77
  track 10 (FIGHTER, d=23.8km, v=300m/s) -> threat=150.74
  track 2 (ASM, d=2.6km, v=0m/s) -> threat=101.38
  track 4 (ASM, d=3.6km, v=0m/s) -> threat=101.28

[DECISION] t=224.1s | tracks=4 | weapons=0 available
  track 12 (FIGHTER, d=14.8km, v=300m/s) -> threat=150.77
  track 10 (FIGHTER, d=23.8km, v=300m/s) -> threat=150.74
  track 2 (ASM, d=2.6km, v=0m/s) -> threat=101.38
  track 4 (ASM, d=3.6km, v=0m/s) -> threat=101.28

[DECISION] t=224.3s | tracks=4 | weapons=0 available
  track 12 (FIGHTER, d=14.9km, v=300m/s) -> threat=150.77
  track 10 (FIGHTER, d=23.8km, v=300m/s) -> threat=150.74
  track 2 (ASM, d=2.6km, v=0m/s) -> threat=101.38
  track 4 (ASM, d=3.6km, v=0m/s) -> threat=101.28

[DECISION] t=224.7s | tracks=4 | weapons=0 available
  track 12 (FIGHTER, d=14.9km, v=300m/s) -> threat=150.77
  track 10 (FIGHTER, d=23.9km, v=300m/s) -> threat=150.74
  track 2 (ASM, d=2.6km, v=0m/s) -> threat=101.38
  track 4 (ASM, d=3.6km, v=0m/s) -> threat=101.28

[DECISION] t=224.9s | tracks=4 | weapons=0 available
  track 12 (FIGHTER, d=15.0km, v=300m/s) -> threat=150.77
  track 10 (FIGHTER, d=24.1km, v=300m/s) -> threat=150.74
  track 2 (ASM, d=2.6km, v=0m/s) -> threat=101.38
  track 4 (ASM, d=3.6km, v=0m/s) -> threat=101.28

[DECISION] t=225.1s | tracks=4 | weapons=0 available
  track 12 (FIGHTER, d=15.0km, v=300m/s) -> threat=150.77
  track 10 (FIGHTER, d=24.1km, v=300m/s) -> threat=150.74
  track 2 (ASM, d=2.6km, v=0m/s) -> threat=101.38
  track 4 (ASM, d=3.6km, v=0m/s) -> threat=101.28

[DECISION] t=225.3s | tracks=4 | weapons=0 available
  track 12 (FIGHTER, d=15.2km, v=300m/s) -> threat=150.77
  track 10 (FIGHTER, d=24.1km, v=300m/s) -> threat=150.74
  track 2 (ASM, d=2.6km, v=0m/s) -> threat=101.38
  track 4 (ASM, d=3.6km, v=0m/s) -> threat=101.28

[DECISION] t=225.5s | tracks=4 | weapons=0 available
  track 12 (FIGHTER, d=15.2km, v=300m/s) -> threat=150.77
  track 10 (FIGHTER, d=24.2km, v=300m/s) -> threat=150.74
  track 2 (ASM, d=2.6km, v=0m/s) -> threat=101.38
  track 4 (ASM, d=3.6km, v=0m/s) -> threat=101.28

[DECISION] t=225.7s | tracks=4 | weapons=0 available
  track 12 (FIGHTER, d=15.2km, v=300m/s) -> threat=150.77
  track 10 (FIGHTER, d=24.2km, v=300m/s) -> threat=150.74
  track 2 (ASM, d=2.6km, v=0m/s) -> threat=101.38
  track 4 (ASM, d=3.6km, v=0m/s) -> threat=101.28

[DECISION] t=225.9s | tracks=4 | weapons=0 available
  track 12 (FIGHTER, d=15.4km, v=300m/s) -> threat=150.77
  track 10 (FIGHTER, d=24.4km, v=300m/s) -> threat=150.74
  track 2 (ASM, d=2.6km, v=0m/s) -> threat=101.38
  track 4 (ASM, d=3.6km, v=0m/s) -> threat=101.28

[DECISION] t=226.3s | tracks=4 | weapons=0 available
  track 12 (FIGHTER, d=15.4km, v=300m/s) -> threat=150.77
  track 10 (FIGHTER, d=24.4km, v=300m/s) -> threat=150.74
  track 2 (ASM, d=2.6km, v=0m/s) -> threat=101.38
  track 4 (ASM, d=3.6km, v=0m/s) -> threat=101.28

[DECISION] t=226.3s | tracks=4 | weapons=0 available
  track 12 (FIGHTER, d=15.5km, v=300m/s) -> threat=150.76
  track 10 (FIGHTER, d=24.4km, v=300m/s) -> threat=150.74
  track 2 (ASM, d=2.6km, v=0m/s) -> threat=101.38
  track 4 (ASM, d=3.6km, v=0m/s) -> threat=101.28

[DECISION] t=226.7s | tracks=4 | weapons=0 available
  track 12 (FIGHTER, d=15.5km, v=300m/s) -> threat=150.76
  track 10 (FIGHTER, d=24.4km, v=300m/s) -> threat=150.74
  track 2 (ASM, d=2.6km, v=0m/s) -> threat=101.38
  track 4 (ASM, d=3.6km, v=0m/s) -> threat=101.28

[DECISION] t=227.1s | tracks=4 | weapons=0 available
  track 12 (FIGHTER, d=15.6km, v=300m/s) -> threat=150.76
  track 10 (FIGHTER, d=24.6km, v=300m/s) -> threat=150.74
  track 2 (ASM, d=2.6km, v=0m/s) -> threat=101.38
  track 4 (ASM, d=3.6km, v=0m/s) -> threat=101.28

[DECISION] t=227.3s | tracks=4 | weapons=0 available
  track 12 (FIGHTER, d=15.8km, v=300m/s) -> threat=150.76
  track 10 (FIGHTER, d=24.6km, v=300m/s) -> threat=150.74
  track 2 (ASM, d=2.6km, v=0m/s) -> threat=101.38
  track 4 (ASM, d=3.6km, v=0m/s) -> threat=101.28

[DECISION] t=227.7s | tracks=4 | weapons=0 available
  track 12 (FIGHTER, d=15.8km, v=300m/s) -> threat=150.76
  track 10 (FIGHTER, d=24.8km, v=300m/s) -> threat=150.74
  track 2 (ASM, d=2.6km, v=0m/s) -> threat=101.38
  track 4 (ASM, d=3.6km, v=0m/s) -> threat=101.28

[DECISION] t=227.9s | tracks=4 | weapons=0 available
  track 12 (FIGHTER, d=16.0km, v=300m/s) -> threat=150.76
  track 10 (FIGHTER, d=25.0km, v=300m/s) -> threat=150.74
  track 2 (ASM, d=2.6km, v=0m/s) -> threat=101.38
  track 4 (ASM, d=3.6km, v=0m/s) -> threat=101.28

[DECISION] t=228.1s | tracks=4 | weapons=0 available
  track 12 (FIGHTER, d=16.0km, v=300m/s) -> threat=150.76
  track 10 (FIGHTER, d=25.0km, v=300m/s) -> threat=150.74
  track 2 (ASM, d=2.6km, v=0m/s) -> threat=101.38
  track 4 (ASM, d=3.6km, v=0m/s) -> threat=101.28

[DECISION] t=228.5s | tracks=4 | weapons=0 available
  track 12 (FIGHTER, d=16.1km, v=300m/s) -> threat=150.76
  track 10 (FIGHTER, d=25.1km, v=300m/s) -> threat=150.74
  track 2 (ASM, d=2.6km, v=0m/s) -> threat=101.38
  track 4 (ASM, d=3.6km, v=0m/s) -> threat=101.28

[DECISION] t=228.7s | tracks=4 | weapons=0 available
  track 12 (FIGHTER, d=16.1km, v=300m/s) -> threat=150.76
  track 10 (FIGHTER, d=25.1km, v=300m/s) -> threat=150.74
  track 2 (ASM, d=2.6km, v=0m/s) -> threat=101.38
  track 4 (ASM, d=3.6km, v=0m/s) -> threat=101.28

[DECISION] t=228.9s | tracks=4 | weapons=0 available
  track 12 (FIGHTER, d=16.3km, v=300m/s) -> threat=150.76
  track 10 (FIGHTER, d=25.2km, v=300m/s) -> threat=150.74
  track 2 (ASM, d=2.6km, v=0m/s) -> threat=101.38
  track 4 (ASM, d=3.6km, v=0m/s) -> threat=101.28

[DECISION] t=229.1s | tracks=4 | weapons=0 available
  track 12 (FIGHTER, d=16.3km, v=300m/s) -> threat=150.76
  track 10 (FIGHTER, d=25.2km, v=300m/s) -> threat=150.74
  track 2 (ASM, d=2.6km, v=0m/s) -> threat=101.38
  track 4 (ASM, d=3.6km, v=0m/s) -> threat=101.28

[DECISION] t=229.3s | tracks=4 | weapons=0 available
  track 12 (FIGHTER, d=16.4km, v=300m/s) -> threat=150.76
  track 10 (FIGHTER, d=25.2km, v=300m/s) -> threat=150.74
  track 2 (ASM, d=2.6km, v=0m/s) -> threat=101.38
  track 4 (ASM, d=3.6km, v=0m/s) -> threat=101.28

[DECISION] t=229.5s | tracks=4 | weapons=0 available
  track 12 (FIGHTER, d=16.4km, v=300m/s) -> threat=150.76
  track 10 (FIGHTER, d=25.4km, v=300m/s) -> threat=150.74
  track 2 (ASM, d=2.6km, v=0m/s) -> threat=101.38
  track 4 (ASM, d=3.6km, v=0m/s) -> threat=101.28

[DECISION] t=229.9s | tracks=4 | weapons=0 available
  track 12 (FIGHTER, d=16.4km, v=300m/s) -> threat=150.76
  track 10 (FIGHTER, d=25.6km, v=300m/s) -> threat=150.74
  track 2 (ASM, d=2.6km, v=0m/s) -> threat=101.38
  track 4 (ASM, d=3.6km, v=0m/s) -> threat=101.28

[DECISION] t=230.3s | tracks=4 | weapons=0 available
  track 12 (FIGHTER, d=16.5km, v=300m/s) -> threat=150.76
  track 10 (FIGHTER, d=25.6km, v=300m/s) -> threat=150.74
  track 2 (ASM, d=2.6km, v=0m/s) -> threat=101.38
  track 4 (ASM, d=3.6km, v=0m/s) -> threat=101.28

[DECISION] t=230.5s | tracks=4 | weapons=0 available
  track 12 (FIGHTER, d=16.7km, v=300m/s) -> threat=150.76
  track 10 (FIGHTER, d=25.7km, v=300m/s) -> threat=150.74
  track 2 (ASM, d=2.6km, v=0m/s) -> threat=101.38
  track 4 (ASM, d=3.6km, v=0m/s) -> threat=101.28

[DECISION] t=230.7s | tracks=4 | weapons=0 available
  track 12 (FIGHTER, d=16.7km, v=300m/s) -> threat=150.76
  track 10 (FIGHTER, d=25.7km, v=300m/s) -> threat=150.74
  track 2 (ASM, d=2.6km, v=0m/s) -> threat=101.38
  track 4 (ASM, d=3.6km, v=0m/s) -> threat=101.28

[DECISION] t=231.1s | tracks=4 | weapons=0 available
  track 12 (FIGHTER, d=16.9km, v=300m/s) -> threat=150.76
  track 10 (FIGHTER, d=25.9km, v=300m/s) -> threat=150.74
  track 2 (ASM, d=2.6km, v=0m/s) -> threat=101.38
  track 4 (ASM, d=3.6km, v=0m/s) -> threat=101.28

[DECISION] t=231.3s | tracks=4 | weapons=0 available
  track 12 (FIGHTER, d=17.0km, v=300m/s) -> threat=150.76
  track 10 (FIGHTER, d=25.9km, v=300m/s) -> threat=150.74
  track 2 (ASM, d=2.6km, v=0m/s) -> threat=101.38
  track 4 (ASM, d=3.6km, v=0m/s) -> threat=101.28

[DECISION] t=231.5s | tracks=4 | weapons=0 available
  track 12 (FIGHTER, d=17.0km, v=300m/s) -> threat=150.76
  track 10 (FIGHTER, d=26.0km, v=300m/s) -> threat=150.74
  track 2 (ASM, d=2.6km, v=0m/s) -> threat=101.38
  track 4 (ASM, d=3.6km, v=0m/s) -> threat=101.28

[DECISION] t=231.9s | tracks=4 | weapons=0 available
  track 12 (FIGHTER, d=17.1km, v=300m/s) -> threat=150.76
  track 10 (FIGHTER, d=26.1km, v=300m/s) -> threat=150.74
  track 2 (ASM, d=2.6km, v=0m/s) -> threat=101.38
  track 4 (ASM, d=3.6km, v=0m/s) -> threat=101.28

[DECISION] t=232.3s | tracks=4 | weapons=0 available
  track 12 (FIGHTER, d=17.3km, v=300m/s) -> threat=150.76
  track 10 (FIGHTER, d=26.1km, v=300m/s) -> threat=150.74
  track 2 (ASM, d=2.6km, v=0m/s) -> threat=101.38
  track 4 (ASM, d=3.6km, v=0m/s) -> threat=101.28

[DECISION] t=232.5s | tracks=4 | weapons=0 available
  track 12 (FIGHTER, d=17.3km, v=300m/s) -> threat=150.76
  track 10 (FIGHTER, d=26.3km, v=300m/s) -> threat=150.74
  track 2 (ASM, d=2.6km, v=0m/s) -> threat=101.38
  track 4 (ASM, d=3.6km, v=0m/s) -> threat=101.28

[DECISION] t=232.7s | tracks=4 | weapons=0 available
  track 12 (FIGHTER, d=17.3km, v=300m/s) -> threat=150.76
  track 10 (FIGHTER, d=26.3km, v=300m/s) -> threat=150.74
  track 2 (ASM, d=2.6km, v=0m/s) -> threat=101.38
  track 4 (ASM, d=3.6km, v=0m/s) -> threat=101.28

[DECISION] t=232.9s | tracks=4 | weapons=0 available
  track 12 (FIGHTER, d=17.5km, v=300m/s) -> threat=150.76
  track 10 (FIGHTER, d=26.5km, v=300m/s) -> threat=150.74
  track 2 (ASM, d=2.6km, v=0m/s) -> threat=101.38
  track 4 (ASM, d=3.6km, v=0m/s) -> threat=101.28

[DECISION] t=233.3s | tracks=4 | weapons=0 available
  track 12 (FIGHTER, d=17.6km, v=300m/s) -> threat=150.76
  track 10 (FIGHTER, d=26.5km, v=300m/s) -> threat=150.74
  track 2 (ASM, d=2.6km, v=0m/s) -> threat=101.38
  track 4 (ASM, d=3.6km, v=0m/s) -> threat=101.28

[DECISION] t=233.7s | tracks=4 | weapons=0 available
  track 12 (FIGHTER, d=17.6km, v=300m/s) -> threat=150.76
  track 10 (FIGHTER, d=26.6km, v=300m/s) -> threat=150.74
  track 2 (ASM, d=2.6km, v=0m/s) -> threat=101.38
  track 4 (ASM, d=3.6km, v=0m/s) -> threat=101.28

[DECISION] t=233.9s | tracks=4 | weapons=0 available
  track 12 (FIGHTER, d=17.7km, v=300m/s) -> threat=150.76
  track 10 (FIGHTER, d=26.7km, v=300m/s) -> threat=150.74
  track 2 (ASM, d=2.6km, v=0m/s) -> threat=101.38
  track 4 (ASM, d=3.6km, v=0m/s) -> threat=101.28

[DECISION] t=234.1s | tracks=4 | weapons=0 available
  track 12 (FIGHTER, d=17.7km, v=300m/s) -> threat=150.76
  track 10 (FIGHTER, d=26.7km, v=300m/s) -> threat=150.74
  track 2 (ASM, d=2.6km, v=0m/s) -> threat=101.38
  track 4 (ASM, d=3.6km, v=0m/s) -> threat=101.28

[DECISION] t=234.3s | tracks=4 | weapons=0 available
  track 12 (FIGHTER, d=17.9km, v=300m/s) -> threat=150.76
  track 10 (FIGHTER, d=26.7km, v=300m/s) -> threat=150.74
  track 2 (ASM, d=2.6km, v=0m/s) -> threat=101.38
  track 4 (ASM, d=3.6km, v=0m/s) -> threat=101.28

[DECISION] t=234.7s | tracks=4 | weapons=0 available
  track 12 (FIGHTER, d=17.9km, v=300m/s) -> threat=150.76
  track 10 (FIGHTER, d=26.7km, v=300m/s) -> threat=150.74
  track 2 (ASM, d=2.6km, v=0m/s) -> threat=101.38
  track 4 (ASM, d=3.6km, v=0m/s) -> threat=101.28

[DECISION] t=234.7s | tracks=4 | weapons=0 available
  track 12 (FIGHTER, d=17.9km, v=300m/s) -> threat=150.76
  track 10 (FIGHTER, d=26.9km, v=300m/s) -> threat=150.74
  track 2 (ASM, d=2.6km, v=0m/s) -> threat=101.38
  track 4 (ASM, d=3.6km, v=0m/s) -> threat=101.28

[DECISION] t=234.9s | tracks=4 | weapons=0 available
  track 12 (FIGHTER, d=18.0km, v=300m/s) -> threat=150.76
  track 10 (FIGHTER, d=27.1km, v=300m/s) -> threat=150.74
  track 2 (ASM, d=2.6km, v=0m/s) -> threat=101.38
  track 4 (ASM, d=3.6km, v=0m/s) -> threat=101.28

[DECISION] t=235.1s | tracks=4 | weapons=0 available
  track 12 (FIGHTER, d=18.0km, v=300m/s) -> threat=150.76
  track 10 (FIGHTER, d=27.1km, v=300m/s) -> threat=150.74
  track 2 (ASM, d=2.6km, v=0m/s) -> threat=101.38
  track 4 (ASM, d=3.6km, v=0m/s) -> threat=101.28

[DECISION] t=235.3s | tracks=4 | weapons=0 available
  track 12 (FIGHTER, d=18.2km, v=300m/s) -> threat=150.76
  track 10 (FIGHTER, d=27.1km, v=300m/s) -> threat=150.74
  track 2 (ASM, d=2.6km, v=0m/s) -> threat=101.38
  track 4 (ASM, d=3.6km, v=0m/s) -> threat=101.28

[DECISION] t=235.7s | tracks=4 | weapons=0 available
  track 12 (FIGHTER, d=18.2km, v=300m/s) -> threat=150.76
  track 10 (FIGHTER, d=27.2km, v=300m/s) -> threat=150.74
  track 2 (ASM, d=2.6km, v=0m/s) -> threat=101.38
  track 4 (ASM, d=3.6km, v=0m/s) -> threat=101.28

[DECISION] t=235.9s | tracks=4 | weapons=0 available
  track 12 (FIGHTER, d=18.4km, v=300m/s) -> threat=150.75
  track 10 (FIGHTER, d=27.3km, v=300m/s) -> threat=150.74
  track 2 (ASM, d=2.6km, v=0m/s) -> threat=101.38
  track 4 (ASM, d=3.6km, v=0m/s) -> threat=101.28

[DECISION] t=236.1s | tracks=4 | weapons=0 available
  track 12 (FIGHTER, d=18.4km, v=300m/s) -> threat=150.75
  track 10 (FIGHTER, d=27.3km, v=300m/s) -> threat=150.74
  track 2 (ASM, d=2.6km, v=0m/s) -> threat=101.38
  track 4 (ASM, d=3.6km, v=0m/s) -> threat=101.28

[DECISION] t=236.3s | tracks=4 | weapons=0 available
  track 12 (FIGHTER, d=18.5km, v=300m/s) -> threat=150.75
  track 10 (FIGHTER, d=27.3km, v=300m/s) -> threat=150.74
  track 2 (ASM, d=2.6km, v=0m/s) -> threat=101.38
  track 4 (ASM, d=3.6km, v=0m/s) -> threat=101.28

[DECISION] t=236.5s | tracks=4 | weapons=0 available
  track 12 (FIGHTER, d=18.5km, v=300m/s) -> threat=150.75
  track 10 (FIGHTER, d=27.5km, v=300m/s) -> threat=150.74
  track 2 (ASM, d=2.6km, v=0m/s) -> threat=101.38
  track 4 (ASM, d=3.6km, v=0m/s) -> threat=101.28

[DECISION] t=236.9s | tracks=4 | weapons=0 available
  track 12 (FIGHTER, d=18.5km, v=300m/s) -> threat=150.75
  track 10 (FIGHTER, d=27.5km, v=300m/s) -> threat=150.74
  track 2 (ASM, d=2.6km, v=0m/s) -> threat=101.38
  track 4 (ASM, d=3.6km, v=0m/s) -> threat=101.28

[DECISION] t=237.1s | tracks=4 | weapons=0 available
  track 12 (FIGHTER, d=18.6km, v=300m/s) -> threat=150.75
  track 10 (FIGHTER, d=27.7km, v=300m/s) -> threat=150.74
  track 2 (ASM, d=2.6km, v=0m/s) -> threat=101.38
  track 4 (ASM, d=3.6km, v=0m/s) -> threat=101.28

[DECISION] t=237.3s | tracks=4 | weapons=0 available
  track 12 (FIGHTER, d=18.8km, v=300m/s) -> threat=150.75
  track 10 (FIGHTER, d=27.7km, v=300m/s) -> threat=150.74
  track 2 (ASM, d=2.6km, v=0m/s) -> threat=101.38
  track 4 (ASM, d=3.6km, v=0m/s) -> threat=101.28

[DECISION] t=237.7s | tracks=4 | weapons=0 available
  track 12 (FIGHTER, d=18.8km, v=300m/s) -> threat=150.75
  track 10 (FIGHTER, d=27.8km, v=300m/s) -> threat=150.74
  track 2 (ASM, d=2.6km, v=0m/s) -> threat=101.38
  track 4 (ASM, d=3.6km, v=0m/s) -> threat=101.28

[DECISION] t=238.1s | tracks=4 | weapons=0 available
  track 12 (FIGHTER, d=18.8km, v=300m/s) -> threat=150.75
  track 10 (FIGHTER, d=27.8km, v=300m/s) -> threat=150.74
  track 2 (ASM, d=2.6km, v=0m/s) -> threat=101.38
  track 4 (ASM, d=3.6km, v=0m/s) -> threat=101.28

[DECISION] t=238.3s | tracks=4 | weapons=0 available
  track 12 (FIGHTER, d=19.1km, v=300m/s) -> threat=150.75
  track 10 (FIGHTER, d=28.0km, v=300m/s) -> threat=150.74
  track 2 (ASM, d=2.6km, v=0m/s) -> threat=101.38
  track 4 (ASM, d=3.6km, v=0m/s) -> threat=101.28

[DECISION] t=0.0s | tracks=4 | weapons=0 available
  track 12 (FIGHTER, d=19.1km, v=300m/s) -> threat=150.75
  track 10 (FIGHTER, d=28.1km, v=300m/s) -> threat=150.74
  track 2 (ASM, d=2.6km, v=0m/s) -> threat=101.38
  track 4 (ASM, d=3.6km, v=0m/s) -> threat=101.28

[DECISION] t=238.7s | tracks=4 | weapons=0 available
  track 12 (FIGHTER, d=19.1km, v=300m/s) -> threat=150.75
  track 10 (FIGHTER, d=28.1km, v=300m/s) -> threat=150.74
  track 2 (ASM, d=2.6km, v=0m/s) -> threat=101.38
  track 4 (ASM, d=3.6km, v=0m/s) -> threat=101.28

[DECISION] t=239.1s | tracks=4 | weapons=0 available
  track 12 (FIGHTER, d=19.2km, v=300m/s) -> threat=150.75
  track 10 (FIGHTER, d=28.2km, v=300m/s) -> threat=150.74
  track 2 (ASM, d=2.6km, v=0m/s) -> threat=101.38
  track 4 (ASM, d=3.6km, v=0m/s) -> threat=101.28

[DECISION] t=239.5s | tracks=4 | weapons=0 available
  track 12 (FIGHTER, d=19.4km, v=300m/s) -> threat=150.75
  track 10 (FIGHTER, d=28.2km, v=300m/s) -> threat=150.74
  track 2 (ASM, d=2.6km, v=0m/s) -> threat=101.38
  track 4 (ASM, d=3.6km, v=0m/s) -> threat=101.28

[DECISION] t=239.7s | tracks=4 | weapons=0 available
  track 12 (FIGHTER, d=19.4km, v=300m/s) -> threat=150.75
  track 10 (FIGHTER, d=28.4km, v=300m/s) -> threat=150.74
  track 2 (ASM, d=2.6km, v=0m/s) -> threat=101.38
  track 4 (ASM, d=3.6km, v=0m/s) -> threat=101.28

[DECISION] t=239.9s | tracks=4 | weapons=0 available
  track 12 (FIGHTER, d=19.6km, v=300m/s) -> threat=150.75
  track 10 (FIGHTER, d=28.6km, v=300m/s) -> threat=150.74
  track 2 (ASM, d=2.6km, v=0m/s) -> threat=101.38
  track 4 (ASM, d=3.6km, v=0m/s) -> threat=101.28

[DECISION] t=240.3s | tracks=4 | weapons=0 available
  track 12 (FIGHTER, d=19.6km, v=300m/s) -> threat=150.75
  track 10 (FIGHTER, d=28.6km, v=300m/s) -> threat=150.74
  track 2 (ASM, d=2.6km, v=0m/s) -> threat=101.38
  track 4 (ASM, d=3.6km, v=0m/s) -> threat=101.28

[DECISION] t=240.5s | tracks=4 | weapons=0 available
  track 12 (FIGHTER, d=19.7km, v=300m/s) -> threat=150.75
  track 10 (FIGHTER, d=28.7km, v=300m/s) -> threat=150.73
  track 2 (ASM, d=2.6km, v=0m/s) -> threat=101.38
  track 4 (ASM, d=3.6km, v=0m/s) -> threat=101.28

[DECISION] t=240.9s | tracks=4 | weapons=0 available
  track 12 (FIGHTER, d=19.7km, v=300m/s) -> threat=150.75
  track 10 (FIGHTER, d=28.7km, v=300m/s) -> threat=150.73
  track 2 (ASM, d=2.6km, v=0m/s) -> threat=101.38
  track 4 (ASM, d=3.6km, v=0m/s) -> threat=101.28

[DECISION] t=241.1s | tracks=4 | weapons=0 available
  track 12 (FIGHTER, d=19.8km, v=300m/s) -> threat=150.75
  track 10 (FIGHTER, d=28.8km, v=300m/s) -> threat=150.73
  track 2 (ASM, d=2.6km, v=0m/s) -> threat=101.38
  track 4 (ASM, d=3.6km, v=0m/s) -> threat=101.28

[DECISION] t=241.3s | tracks=4 | weapons=0 available
  track 12 (FIGHTER, d=20.0km, v=300m/s) -> threat=150.75
  track 10 (FIGHTER, d=28.8km, v=300m/s) -> threat=150.73
  track 2 (ASM, d=2.6km, v=0m/s) -> threat=101.38
  track 4 (ASM, d=3.6km, v=0m/s) -> threat=101.28

[DECISION] t=241.5s | tracks=4 | weapons=0 available
  track 12 (FIGHTER, d=20.0km, v=300m/s) -> threat=150.75
  track 10 (FIGHTER, d=29.0km, v=300m/s) -> threat=150.73
  track 2 (ASM, d=2.6km, v=0m/s) -> threat=101.38
  track 4 (ASM, d=3.6km, v=0m/s) -> threat=101.28

[DECISION] t=241.9s | tracks=4 | weapons=0 available
  track 12 (FIGHTER, d=20.0km, v=300m/s) -> threat=150.75
  track 10 (FIGHTER, d=29.0km, v=300m/s) -> threat=150.73
  track 2 (ASM, d=2.6km, v=0m/s) -> threat=101.38
  track 4 (ASM, d=3.6km, v=0m/s) -> threat=101.28

[DECISION] t=242.1s | tracks=4 | weapons=0 available
  track 12 (FIGHTER, d=20.1km, v=300m/s) -> threat=150.75
  track 10 (FIGHTER, d=29.2km, v=300m/s) -> threat=150.73
  track 2 (ASM, d=2.6km, v=0m/s) -> threat=101.38
  track 4 (ASM, d=3.6km, v=0m/s) -> threat=101.28

[DECISION] t=242.3s | tracks=4 | weapons=0 available
  track 12 (FIGHTER, d=20.3km, v=300m/s) -> threat=150.75
  track 10 (FIGHTER, d=29.2km, v=300m/s) -> threat=150.73
  track 2 (ASM, d=2.6km, v=0m/s) -> threat=101.38
  track 4 (ASM, d=3.6km, v=0m/s) -> threat=101.28

[DECISION] t=242.5s | tracks=4 | weapons=0 available
  track 12 (FIGHTER, d=20.3km, v=300m/s) -> threat=150.75
  track 10 (FIGHTER, d=29.3km, v=300m/s) -> threat=150.73
  track 2 (ASM, d=2.6km, v=0m/s) -> threat=101.38
  track 4 (ASM, d=3.6km, v=0m/s) -> threat=101.28

[DECISION] t=242.7s | tracks=4 | weapons=0 available
  track 12 (FIGHTER, d=20.3km, v=300m/s) -> threat=150.75
  track 10 (FIGHTER, d=29.3km, v=300m/s) -> threat=150.73
  track 2 (ASM, d=2.6km, v=0m/s) -> threat=101.38
  track 4 (ASM, d=3.6km, v=0m/s) -> threat=101.28

[DECISION] t=0.0s | tracks=4 | weapons=0 available
  track 12 (FIGHTER, d=20.5km, v=300m/s) -> threat=150.75
  track 10 (FIGHTER, d=29.4km, v=300m/s) -> threat=150.73
  track 2 (ASM, d=2.6km, v=0m/s) -> threat=101.38
  track 4 (ASM, d=3.6km, v=0m/s) -> threat=101.28

[DECISION] t=243.1s | tracks=4 | weapons=0 available
  track 12 (FIGHTER, d=20.5km, v=300m/s) -> threat=150.75
  track 10 (FIGHTER, d=29.4km, v=300m/s) -> threat=150.73
  track 2 (ASM, d=2.6km, v=0m/s) -> threat=101.38
  track 4 (ASM, d=3.6km, v=0m/s) -> threat=101.28

[DECISION] t=243.5s | tracks=4 | weapons=0 available
  track 12 (FIGHTER, d=20.6km, v=300m/s) -> threat=150.75
  track 10 (FIGHTER, d=29.4km, v=300m/s) -> threat=150.73
  track 2 (ASM, d=2.6km, v=0m/s) -> threat=101.38
  track 4 (ASM, d=3.6km, v=0m/s) -> threat=101.28

[DECISION] t=243.7s | tracks=4 | weapons=0 available
  track 12 (FIGHTER, d=20.6km, v=300m/s) -> threat=150.75
  track 10 (FIGHTER, d=29.6km, v=300m/s) -> threat=150.73
  track 2 (ASM, d=2.6km, v=0m/s) -> threat=101.38
  track 4 (ASM, d=3.6km, v=0m/s) -> threat=101.28

[DECISION] t=243.9s | tracks=4 | weapons=0 available
  track 12 (FIGHTER, d=20.7km, v=300m/s) -> threat=150.75
  track 10 (FIGHTER, d=29.7km, v=300m/s) -> threat=150.73
  track 2 (ASM, d=2.6km, v=0m/s) -> threat=101.38
  track 4 (ASM, d=3.6km, v=0m/s) -> threat=101.28

[DECISION] t=244.3s | tracks=4 | weapons=0 available
  track 12 (FIGHTER, d=20.7km, v=300m/s) -> threat=150.75
  track 10 (FIGHTER, d=29.7km, v=300m/s) -> threat=150.73
  track 2 (ASM, d=2.6km, v=0m/s) -> threat=101.38
  track 4 (ASM, d=3.6km, v=0m/s) -> threat=101.28

[DECISION] t=244.3s | tracks=4 | weapons=0 available
  track 12 (FIGHTER, d=20.9km, v=300m/s) -> threat=150.75
  track 10 (FIGHTER, d=29.7km, v=300m/s) -> threat=150.73
  track 2 (ASM, d=2.6km, v=0m/s) -> threat=101.38
  track 4 (ASM, d=3.6km, v=0m/s) -> threat=101.28

[DECISION] t=244.7s | tracks=4 | weapons=0 available
  track 12 (FIGHTER, d=20.9km, v=300m/s) -> threat=150.75
  track 10 (FIGHTER, d=29.9km, v=300m/s) -> threat=150.73
  track 2 (ASM, d=2.6km, v=0m/s) -> threat=101.38
  track 4 (ASM, d=3.6km, v=0m/s) -> threat=101.28

[DECISION] t=244.9s | tracks=4 | weapons=0 available
  track 12 (FIGHTER, d=20.9km, v=300m/s) -> threat=150.75
  track 10 (FIGHTER, d=29.9km, v=300m/s) -> threat=150.73
  track 2 (ASM, d=2.6km, v=0m/s) -> threat=101.38
  track 4 (ASM, d=3.6km, v=0m/s) -> threat=101.28

[DECISION] t=245.3s | tracks=4 | weapons=0 available
  track 12 (FIGHTER, d=20.9km, v=300m/s) -> threat=150.75
  track 10 (FIGHTER, d=29.9km, v=300m/s) -> threat=150.73
  track 2 (ASM, d=2.6km, v=0m/s) -> threat=101.38
  track 4 (ASM, d=3.6km, v=0m/s) -> threat=101.28

[DECISION] t=245.5s | tracks=3 | weapons=0 available
  track 12 (FIGHTER, d=21.2km, v=300m/s) -> threat=150.75
  track 2 (ASM, d=2.6km, v=0m/s) -> threat=101.38
  track 4 (ASM, d=3.6km, v=0m/s) -> threat=101.28

[DECISION] t=245.7s | tracks=3 | weapons=0 available
  track 12 (FIGHTER, d=21.2km, v=300m/s) -> threat=150.75
  track 2 (ASM, d=2.6km, v=0m/s) -> threat=101.38
  track 4 (ASM, d=3.6km, v=0m/s) -> threat=101.28

[DECISION] t=245.9s | tracks=3 | weapons=0 available
  track 12 (FIGHTER, d=21.3km, v=300m/s) -> threat=150.75
  track 2 (ASM, d=2.6km, v=0m/s) -> threat=101.38
  track 4 (ASM, d=3.6km, v=0m/s) -> threat=101.28

[DECISION] t=246.5s | tracks=3 | weapons=0 available
  track 12 (FIGHTER, d=21.3km, v=300m/s) -> threat=150.75
  track 2 (ASM, d=2.6km, v=0m/s) -> threat=101.38
  track 4 (ASM, d=3.6km, v=0m/s) -> threat=101.28

[DECISION] t=246.7s | tracks=3 | weapons=0 available
  track 12 (FIGHTER, d=21.5km, v=300m/s) -> threat=150.75
  track 2 (ASM, d=2.6km, v=0m/s) -> threat=101.38
  track 4 (ASM, d=3.6km, v=0m/s) -> threat=101.28

[DECISION] t=246.9s | tracks=3 | weapons=0 available
  track 12 (FIGHTER, d=21.7km, v=300m/s) -> threat=150.75
  track 2 (ASM, d=2.6km, v=0m/s) -> threat=101.38
  track 4 (ASM, d=3.6km, v=0m/s) -> threat=101.28

[DECISION] t=247.1s | tracks=3 | weapons=0 available
  track 12 (FIGHTER, d=21.7km, v=300m/s) -> threat=150.75
  track 2 (ASM, d=2.6km, v=0m/s) -> threat=101.38
  track 4 (ASM, d=3.6km, v=0m/s) -> threat=101.28

[DECISION] t=247.5s | tracks=3 | weapons=0 available
  track 12 (FIGHTER, d=21.8km, v=300m/s) -> threat=150.75
  track 2 (ASM, d=2.6km, v=0m/s) -> threat=101.38
  track 4 (ASM, d=3.6km, v=0m/s) -> threat=101.28

[DECISION] t=247.7s | tracks=3 | weapons=0 available
  track 12 (FIGHTER, d=21.8km, v=300m/s) -> threat=150.75
  track 2 (ASM, d=2.6km, v=0m/s) -> threat=101.38
  track 4 (ASM, d=3.6km, v=0m/s) -> threat=101.28

[DECISION] t=247.9s | tracks=3 | weapons=0 available
  track 12 (FIGHTER, d=21.9km, v=300m/s) -> threat=150.75
  track 2 (ASM, d=2.6km, v=0m/s) -> threat=101.38
  track 4 (ASM, d=3.6km, v=0m/s) -> threat=101.28

[DECISION] t=248.3s | tracks=3 | weapons=0 available
  track 12 (FIGHTER, d=21.9km, v=300m/s) -> threat=150.75
  track 2 (ASM, d=2.6km, v=0m/s) -> threat=101.38
  track 4 (ASM, d=3.6km, v=0m/s) -> threat=101.28

[DECISION] t=248.7s | tracks=3 | weapons=0 available
  track 12 (FIGHTER, d=21.9km, v=300m/s) -> threat=150.75
  track 2 (ASM, d=2.6km, v=0m/s) -> threat=101.38
  track 4 (ASM, d=3.6km, v=0m/s) -> threat=101.28

[DECISION] t=249.1s | tracks=3 | weapons=0 available
  track 12 (FIGHTER, d=22.2km, v=300m/s) -> threat=150.75
  track 2 (ASM, d=2.6km, v=0m/s) -> threat=101.38
  track 4 (ASM, d=3.6km, v=0m/s) -> threat=101.28

[DECISION] t=249.3s | tracks=3 | weapons=0 available
  track 12 (FIGHTER, d=22.4km, v=300m/s) -> threat=150.74
  track 2 (ASM, d=2.6km, v=0m/s) -> threat=101.38
  track 4 (ASM, d=3.6km, v=0m/s) -> threat=101.28

[DECISION] t=249.5s | tracks=3 | weapons=0 available
  track 12 (FIGHTER, d=22.4km, v=300m/s) -> threat=150.74
  track 2 (ASM, d=2.6km, v=0m/s) -> threat=101.38
  track 4 (ASM, d=3.6km, v=0m/s) -> threat=101.28

[DECISION] t=249.7s | tracks=3 | weapons=0 available
  track 12 (FIGHTER, d=22.4km, v=300m/s) -> threat=150.74
  track 2 (ASM, d=2.6km, v=0m/s) -> threat=101.38
  track 4 (ASM, d=3.6km, v=0m/s) -> threat=101.28

[DECISION] t=249.9s | tracks=3 | weapons=0 available
  track 12 (FIGHTER, d=22.6km, v=300m/s) -> threat=150.74
  track 2 (ASM, d=2.6km, v=0m/s) -> threat=101.38
  track 4 (ASM, d=3.6km, v=0m/s) -> threat=101.28

[DECISION] t=250.1s | tracks=3 | weapons=0 available
  track 12 (FIGHTER, d=22.6km, v=300m/s) -> threat=150.74
  track 2 (ASM, d=2.6km, v=0m/s) -> threat=101.38
  track 4 (ASM, d=3.6km, v=0m/s) -> threat=101.28

[DECISION] t=250.3s | tracks=3 | weapons=0 available
  track 12 (FIGHTER, d=22.6km, v=300m/s) -> threat=150.74
  track 2 (ASM, d=2.6km, v=0m/s) -> threat=101.38
  track 4 (ASM, d=3.6km, v=0m/s) -> threat=101.28

[DECISION] t=250.7s | tracks=3 | weapons=0 available
  track 12 (FIGHTER, d=22.6km, v=300m/s) -> threat=150.74
  track 2 (ASM, d=2.6km, v=0m/s) -> threat=101.38
  track 4 (ASM, d=3.6km, v=0m/s) -> threat=101.28

[DECISION] t=250.9s | tracks=3 | weapons=0 available
  track 12 (FIGHTER, d=22.6km, v=300m/s) -> threat=150.74
  track 2 (ASM, d=2.6km, v=0m/s) -> threat=101.38
  track 4 (ASM, d=3.6km, v=0m/s) -> threat=101.28

[DECISION] t=251.3s | tracks=3 | weapons=0 available
  track 12 (FIGHTER, d=23.0km, v=300m/s) -> threat=150.74
  track 2 (ASM, d=2.6km, v=0m/s) -> threat=101.38
  track 4 (ASM, d=3.6km, v=0m/s) -> threat=101.28

[DECISION] t=251.5s | tracks=3 | weapons=0 available
  track 12 (FIGHTER, d=23.0km, v=300m/s) -> threat=150.74
  track 2 (ASM, d=2.6km, v=0m/s) -> threat=101.38
  track 4 (ASM, d=3.6km, v=0m/s) -> threat=101.28

[DECISION] t=251.9s | tracks=3 | weapons=0 available
  track 12 (FIGHTER, d=23.0km, v=300m/s) -> threat=150.74
  track 2 (ASM, d=2.6km, v=0m/s) -> threat=101.38
  track 4 (ASM, d=3.6km, v=0m/s) -> threat=101.28

[DECISION] t=252.1s | tracks=3 | weapons=0 available
  track 12 (FIGHTER, d=23.2km, v=300m/s) -> threat=150.74
  track 2 (ASM, d=2.6km, v=0m/s) -> threat=101.38
  track 4 (ASM, d=3.6km, v=0m/s) -> threat=101.28

[DECISION] t=0.0s | tracks=3 | weapons=0 available
  track 12 (FIGHTER, d=23.3km, v=300m/s) -> threat=150.74
  track 2 (ASM, d=2.6km, v=0m/s) -> threat=101.38
  track 4 (ASM, d=3.6km, v=0m/s) -> threat=101.28

[DECISION] t=252.7s | tracks=3 | weapons=0 available
  track 12 (FIGHTER, d=23.3km, v=300m/s) -> threat=150.74
  track 2 (ASM, d=2.6km, v=0m/s) -> threat=101.38
  track 4 (ASM, d=3.6km, v=0m/s) -> threat=101.28

[DECISION] t=252.9s | tracks=3 | weapons=0 available
  track 12 (FIGHTER, d=23.4km, v=300m/s) -> threat=150.74
  track 2 (ASM, d=2.6km, v=0m/s) -> threat=101.38
  track 4 (ASM, d=3.6km, v=0m/s) -> threat=101.28

[DECISION] t=253.1s | tracks=3 | weapons=0 available
  track 12 (FIGHTER, d=23.4km, v=300m/s) -> threat=150.74
  track 2 (ASM, d=2.6km, v=0m/s) -> threat=101.38
  track 4 (ASM, d=3.6km, v=0m/s) -> threat=101.28

[DECISION] t=253.5s | tracks=3 | weapons=0 available
  track 12 (FIGHTER, d=23.6km, v=300m/s) -> threat=150.74
  track 2 (ASM, d=2.6km, v=0m/s) -> threat=101.38
  track 4 (ASM, d=3.6km, v=0m/s) -> threat=101.28

[DECISION] t=253.7s | tracks=3 | weapons=0 available
  track 12 (FIGHTER, d=23.6km, v=300m/s) -> threat=150.74
  track 2 (ASM, d=2.6km, v=0m/s) -> threat=101.38
  track 4 (ASM, d=3.6km, v=0m/s) -> threat=101.28

[DECISION] t=254.1s | tracks=3 | weapons=0 available
  track 12 (FIGHTER, d=23.7km, v=300m/s) -> threat=150.74
  track 2 (ASM, d=2.6km, v=0m/s) -> threat=101.38
  track 4 (ASM, d=3.6km, v=0m/s) -> threat=101.28

[DECISION] t=254.3s | tracks=3 | weapons=0 available
  track 12 (FIGHTER, d=23.9km, v=300m/s) -> threat=150.74
  track 2 (ASM, d=2.6km, v=0m/s) -> threat=101.38
  track 4 (ASM, d=3.6km, v=0m/s) -> threat=101.28

[DECISION] t=254.5s | tracks=3 | weapons=0 available
  track 12 (FIGHTER, d=23.9km, v=300m/s) -> threat=150.74
  track 2 (ASM, d=2.6km, v=0m/s) -> threat=101.38
  track 4 (ASM, d=3.6km, v=0m/s) -> threat=101.28

[DECISION] t=254.7s | tracks=3 | weapons=0 available
  track 12 (FIGHTER, d=23.9km, v=300m/s) -> threat=150.74
  track 2 (ASM, d=2.6km, v=0m/s) -> threat=101.38
  track 4 (ASM, d=3.6km, v=0m/s) -> threat=101.28

[DECISION] t=255.3s | tracks=3 | weapons=0 available
  track 12 (FIGHTER, d=24.0km, v=300m/s) -> threat=150.74
  track 2 (ASM, d=2.6km, v=0m/s) -> threat=101.38
  track 4 (ASM, d=3.6km, v=0m/s) -> threat=101.28

[DECISION] t=255.3s | tracks=3 | weapons=0 available
  track 12 (FIGHTER, d=24.2km, v=300m/s) -> threat=150.74
  track 2 (ASM, d=2.6km, v=0m/s) -> threat=101.38
  track 4 (ASM, d=3.6km, v=0m/s) -> threat=101.28

[DECISION] t=255.5s | tracks=3 | weapons=0 available
  track 12 (FIGHTER, d=24.2km, v=300m/s) -> threat=150.74
  track 2 (ASM, d=2.6km, v=0m/s) -> threat=101.38
  track 4 (ASM, d=3.6km, v=0m/s) -> threat=101.28

[DECISION] t=255.9s | tracks=3 | weapons=0 available
  track 12 (FIGHTER, d=24.2km, v=300m/s) -> threat=150.74
  track 2 (ASM, d=2.6km, v=0m/s) -> threat=101.38
  track 4 (ASM, d=3.6km, v=0m/s) -> threat=101.28

[DECISION] t=256.2s | tracks=3 | weapons=0 available
  track 12 (FIGHTER, d=24.2km, v=300m/s) -> threat=150.74
  track 2 (ASM, d=2.6km, v=0m/s) -> threat=101.38
  track 4 (ASM, d=3.6km, v=0m/s) -> threat=101.28

[DECISION] t=256.4s | tracks=3 | weapons=0 available
  track 12 (FIGHTER, d=24.5km, v=300m/s) -> threat=150.74
  track 2 (ASM, d=2.6km, v=0m/s) -> threat=101.38
  track 4 (ASM, d=3.6km, v=0m/s) -> threat=101.28

[DECISION] t=256.5s | tracks=3 | weapons=0 available
  track 12 (FIGHTER, d=24.5km, v=300m/s) -> threat=150.74
  track 2 (ASM, d=2.6km, v=0m/s) -> threat=101.38
  track 4 (ASM, d=3.6km, v=0m/s) -> threat=101.28

[DECISION] t=256.7s | tracks=3 | weapons=0 available
  track 12 (FIGHTER, d=24.5km, v=300m/s) -> threat=150.74
  track 2 (ASM, d=2.6km, v=0m/s) -> threat=101.38
  track 4 (ASM, d=3.6km, v=0m/s) -> threat=101.28

[DECISION] t=256.9s | tracks=3 | weapons=0 available
  track 12 (FIGHTER, d=24.7km, v=300m/s) -> threat=150.74
  track 2 (ASM, d=2.6km, v=0m/s) -> threat=101.38
  track 4 (ASM, d=3.6km, v=0m/s) -> threat=101.28

[DECISION] t=257.1s | tracks=3 | weapons=0 available
  track 12 (FIGHTER, d=24.7km, v=300m/s) -> threat=150.74
  track 2 (ASM, d=2.6km, v=0m/s) -> threat=101.38
  track 4 (ASM, d=3.6km, v=0m/s) -> threat=101.28

[DECISION] t=257.3s | tracks=3 | weapons=0 available
  track 12 (FIGHTER, d=24.7km, v=300m/s) -> threat=150.74
  track 2 (ASM, d=2.6km, v=0m/s) -> threat=101.38
  track 4 (ASM, d=3.6km, v=0m/s) -> threat=101.28

[DECISION] t=257.5s | tracks=3 | weapons=0 available
  track 12 (FIGHTER, d=24.7km, v=300m/s) -> threat=150.74
  track 2 (ASM, d=2.6km, v=0m/s) -> threat=101.38
  track 4 (ASM, d=3.6km, v=0m/s) -> threat=101.28

[DECISION] t=257.6s | tracks=3 | weapons=0 available
  track 12 (FIGHTER, d=24.7km, v=300m/s) -> threat=150.74
  track 2 (ASM, d=2.6km, v=0m/s) -> threat=101.38
  track 4 (ASM, d=3.6km, v=0m/s) -> threat=101.28

[DECISION] t=0.0s | tracks=3 | weapons=0 available
  track 12 (FIGHTER, d=24.7km, v=300m/s) -> threat=150.74
  track 2 (ASM, d=2.6km, v=0m/s) -> threat=101.38
  track 4 (ASM, d=3.6km, v=0m/s) -> threat=101.28

[DECISION] t=257.8s | tracks=3 | weapons=0 available
  track 12 (FIGHTER, d=24.9km, v=300m/s) -> threat=150.74
  track 2 (ASM, d=2.6km, v=0m/s) -> threat=101.38
  track 4 (ASM, d=3.6km, v=0m/s) -> threat=101.28

[DECISION] t=258.1s | tracks=3 | weapons=0 available
  track 12 (FIGHTER, d=24.9km, v=300m/s) -> threat=150.74
  track 2 (ASM, d=2.6km, v=0m/s) -> threat=101.38
  track 4 (ASM, d=3.6km, v=0m/s) -> threat=101.28

[DECISION] t=258.3s | tracks=3 | weapons=0 available
  track 12 (FIGHTER, d=24.9km, v=300m/s) -> threat=150.74
  track 2 (ASM, d=2.6km, v=0m/s) -> threat=101.38
  track 4 (ASM, d=3.6km, v=0m/s) -> threat=101.28

[DECISION] t=258.5s | tracks=3 | weapons=0 available
  track 12 (FIGHTER, d=25.1km, v=300m/s) -> threat=150.74
  track 2 (ASM, d=2.6km, v=0m/s) -> threat=101.38
  track 4 (ASM, d=3.6km, v=0m/s) -> threat=101.28

[DECISION] t=258.7s | tracks=3 | weapons=0 available
  track 12 (FIGHTER, d=25.1km, v=300m/s) -> threat=150.74
  track 2 (ASM, d=2.6km, v=0m/s) -> threat=101.38
  track 4 (ASM, d=3.6km, v=0m/s) -> threat=101.28

[DECISION] t=259.0s | tracks=3 | weapons=0 available
  track 12 (FIGHTER, d=25.1km, v=300m/s) -> threat=150.74
  track 2 (ASM, d=2.6km, v=0m/s) -> threat=101.38
  track 4 (ASM, d=3.6km, v=0m/s) -> threat=101.28

[DECISION] t=259.2s | tracks=3 | weapons=0 available
  track 12 (FIGHTER, d=25.3km, v=300m/s) -> threat=150.74
  track 2 (ASM, d=2.6km, v=0m/s) -> threat=101.38
  track 4 (ASM, d=3.6km, v=0m/s) -> threat=101.28

[DECISION] t=259.4s | tracks=3 | weapons=0 available
  track 12 (FIGHTER, d=25.4km, v=300m/s) -> threat=150.74
  track 2 (ASM, d=2.6km, v=0m/s) -> threat=101.38
  track 4 (ASM, d=3.6km, v=0m/s) -> threat=101.28

[DECISION] t=259.6s | tracks=3 | weapons=0 available
  track 12 (FIGHTER, d=25.4km, v=300m/s) -> threat=150.74
  track 2 (ASM, d=2.6km, v=0m/s) -> threat=101.38
  track 4 (ASM, d=3.6km, v=0m/s) -> threat=101.28

[DECISION] t=259.7s | tracks=3 | weapons=0 available
  track 12 (FIGHTER, d=25.4km, v=300m/s) -> threat=150.74
  track 2 (ASM, d=2.6km, v=0m/s) -> threat=101.38
  track 4 (ASM, d=3.6km, v=0m/s) -> threat=101.28

[DECISION] t=259.9s | tracks=3 | weapons=0 available
  track 12 (FIGHTER, d=25.5km, v=300m/s) -> threat=150.74
  track 2 (ASM, d=2.6km, v=0m/s) -> threat=101.38
  track 4 (ASM, d=3.6km, v=0m/s) -> threat=101.28

[DECISION] t=260.5s | tracks=3 | weapons=0 available
  track 12 (FIGHTER, d=25.5km, v=300m/s) -> threat=150.74
  track 2 (ASM, d=2.6km, v=0m/s) -> threat=101.38
  track 4 (ASM, d=3.6km, v=0m/s) -> threat=101.28

[DECISION] t=260.8s | tracks=3 | weapons=0 available
  track 12 (FIGHTER, d=25.7km, v=300m/s) -> threat=150.74
  track 2 (ASM, d=2.6km, v=0m/s) -> threat=101.38
  track 4 (ASM, d=3.6km, v=0m/s) -> threat=101.28

[DECISION] t=0.0s | tracks=3 | weapons=0 available
  track 12 (FIGHTER, d=25.8km, v=300m/s) -> threat=150.74
  track 2 (ASM, d=2.6km, v=0m/s) -> threat=101.38
  track 4 (ASM, d=3.6km, v=0m/s) -> threat=101.28

[DECISION] t=261.6s | tracks=3 | weapons=0 available
  track 12 (FIGHTER, d=25.8km, v=300m/s) -> threat=150.74
  track 2 (ASM, d=2.6km, v=0m/s) -> threat=101.38
  track 4 (ASM, d=3.6km, v=0m/s) -> threat=101.28

[DECISION] t=261.9s | tracks=3 | weapons=0 available
  track 12 (FIGHTER, d=26.0km, v=300m/s) -> threat=150.74
  track 2 (ASM, d=2.6km, v=0m/s) -> threat=101.38
  track 4 (ASM, d=3.6km, v=0m/s) -> threat=101.28

[DECISION] t=262.1s | tracks=3 | weapons=0 available
  track 12 (FIGHTER, d=26.0km, v=300m/s) -> threat=150.74
  track 2 (ASM, d=2.6km, v=0m/s) -> threat=101.38
  track 4 (ASM, d=3.6km, v=0m/s) -> threat=101.28

[DECISION] t=262.4s | tracks=3 | weapons=0 available
  track 12 (FIGHTER, d=26.2km, v=300m/s) -> threat=150.74
  track 2 (ASM, d=2.6km, v=0m/s) -> threat=101.38
  track 4 (ASM, d=3.6km, v=0m/s) -> threat=101.28

[DECISION] t=262.6s | tracks=3 | weapons=0 available
  track 12 (FIGHTER, d=26.2km, v=300m/s) -> threat=150.74
  track 2 (ASM, d=2.6km, v=0m/s) -> threat=101.38
  track 4 (ASM, d=3.6km, v=0m/s) -> threat=101.28

[DECISION] t=262.8s | tracks=3 | weapons=0 available
  track 12 (FIGHTER, d=26.2km, v=300m/s) -> threat=150.74
  track 2 (ASM, d=2.6km, v=0m/s) -> threat=101.38
  track 4 (ASM, d=3.6km, v=0m/s) -> threat=101.28

[DECISION] t=263.1s | tracks=3 | weapons=0 available
  track 12 (FIGHTER, d=26.2km, v=300m/s) -> threat=150.74
  track 2 (ASM, d=2.6km, v=0m/s) -> threat=101.38
  track 4 (ASM, d=3.6km, v=0m/s) -> threat=101.28

[DECISION] t=263.3s | tracks=3 | weapons=0 available
  track 12 (FIGHTER, d=26.4km, v=300m/s) -> threat=150.74
  track 2 (ASM, d=2.6km, v=0m/s) -> threat=101.38
  track 4 (ASM, d=3.6km, v=0m/s) -> threat=101.28

[DECISION] t=263.5s | tracks=3 | weapons=0 available
  track 12 (FIGHTER, d=26.4km, v=300m/s) -> threat=150.74
  track 2 (ASM, d=2.6km, v=0m/s) -> threat=101.38
  track 4 (ASM, d=3.6km, v=0m/s) -> threat=101.28

[DECISION] t=263.7s | tracks=3 | weapons=0 available
  track 12 (FIGHTER, d=26.6km, v=300m/s) -> threat=150.74
  track 2 (ASM, d=2.6km, v=0m/s) -> threat=101.38
  track 4 (ASM, d=3.6km, v=0m/s) -> threat=101.28

[DECISION] t=263.9s | tracks=3 | weapons=0 available
  track 12 (FIGHTER, d=26.8km, v=300m/s) -> threat=150.74
  track 2 (ASM, d=2.6km, v=0m/s) -> threat=101.38
  track 4 (ASM, d=3.6km, v=0m/s) -> threat=101.28

[DECISION] t=264.1s | tracks=3 | weapons=0 available
  track 12 (FIGHTER, d=26.8km, v=300m/s) -> threat=150.74
  track 2 (ASM, d=2.6km, v=0m/s) -> threat=101.38
  track 4 (ASM, d=3.6km, v=0m/s) -> threat=101.28

[DECISION] t=264.3s | tracks=3 | weapons=0 available
  track 12 (FIGHTER, d=26.8km, v=300m/s) -> threat=150.74
  track 2 (ASM, d=2.6km, v=0m/s) -> threat=101.38
  track 4 (ASM, d=3.6km, v=0m/s) -> threat=101.28

[DECISION] t=264.6s | tracks=3 | weapons=0 available
  track 12 (FIGHTER, d=26.8km, v=300m/s) -> threat=150.74
  track 2 (ASM, d=2.6km, v=0m/s) -> threat=101.38
  track 4 (ASM, d=3.6km, v=0m/s) -> threat=101.28

[DECISION] t=264.9s | tracks=3 | weapons=0 available
  track 12 (FIGHTER, d=27.0km, v=300m/s) -> threat=150.74
  track 2 (ASM, d=2.6km, v=0m/s) -> threat=101.38
  track 4 (ASM, d=3.6km, v=0m/s) -> threat=101.28

[DECISION] t=265.1s | tracks=3 | weapons=0 available
  track 12 (FIGHTER, d=27.0km, v=300m/s) -> threat=150.74
  track 2 (ASM, d=2.6km, v=0m/s) -> threat=101.38
  track 4 (ASM, d=3.6km, v=0m/s) -> threat=101.28

[DECISION] t=265.3s | tracks=3 | weapons=0 available
  track 12 (FIGHTER, d=27.0km, v=300m/s) -> threat=150.74
  track 2 (ASM, d=2.6km, v=0m/s) -> threat=101.38
  track 4 (ASM, d=3.6km, v=0m/s) -> threat=101.28

[DECISION] t=265.5s | tracks=3 | weapons=0 available
  track 12 (FIGHTER, d=27.2km, v=300m/s) -> threat=150.74
  track 2 (ASM, d=2.6km, v=0m/s) -> threat=101.38
  track 4 (ASM, d=3.6km, v=0m/s) -> threat=101.28

[DECISION] t=0.0s | tracks=3 | weapons=0 available
  track 12 (FIGHTER, d=27.2km, v=300m/s) -> threat=150.74
  track 2 (ASM, d=2.6km, v=0m/s) -> threat=101.38
  track 4 (ASM, d=3.6km, v=0m/s) -> threat=101.28

[DECISION] t=0.0s | tracks=3 | weapons=0 available
  track 12 (FIGHTER, d=27.3km, v=300m/s) -> threat=150.74
  track 2 (ASM, d=2.6km, v=0m/s) -> threat=101.38
  track 4 (ASM, d=3.6km, v=0m/s) -> threat=101.28

[DECISION] t=0.0s | tracks=3 | weapons=0 available
  track 12 (FIGHTER, d=27.3km, v=300m/s) -> threat=150.74
  track 2 (ASM, d=2.6km, v=0m/s) -> threat=101.38
  track 4 (ASM, d=3.6km, v=0m/s) -> threat=101.28

[DECISION] t=266.4s | tracks=3 | weapons=0 available
  track 12 (FIGHTER, d=27.5km, v=300m/s) -> threat=150.74
  track 2 (ASM, d=2.6km, v=0m/s) -> threat=101.38
  track 4 (ASM, d=3.6km, v=0m/s) -> threat=101.28

[DECISION] t=266.6s | tracks=3 | weapons=0 available
  track 12 (FIGHTER, d=27.5km, v=300m/s) -> threat=150.74
  track 2 (ASM, d=2.6km, v=0m/s) -> threat=101.38
  track 4 (ASM, d=3.6km, v=0m/s) -> threat=101.28

[DECISION] t=266.8s | tracks=3 | weapons=0 available
  track 12 (FIGHTER, d=27.5km, v=300m/s) -> threat=150.74
  track 2 (ASM, d=2.6km, v=0m/s) -> threat=101.38
  track 4 (ASM, d=3.6km, v=0m/s) -> threat=101.28

[DECISION] t=0.0s | tracks=3 | weapons=0 available
  track 12 (FIGHTER, d=27.6km, v=300m/s) -> threat=150.74
  track 2 (ASM, d=2.6km, v=0m/s) -> threat=101.38
  track 4 (ASM, d=3.6km, v=0m/s) -> threat=101.28

[DECISION] t=267.2s | tracks=3 | weapons=0 available
  track 12 (FIGHTER, d=27.6km, v=300m/s) -> threat=150.74
  track 2 (ASM, d=2.6km, v=0m/s) -> threat=101.38
  track 4 (ASM, d=3.6km, v=0m/s) -> threat=101.28

[DECISION] t=267.6s | tracks=3 | weapons=0 available
  track 12 (FIGHTER, d=27.8km, v=300m/s) -> threat=150.74
  track 2 (ASM, d=2.6km, v=0m/s) -> threat=101.38
  track 4 (ASM, d=3.6km, v=0m/s) -> threat=101.28

[DECISION] t=267.7s | tracks=3 | weapons=0 available
  track 12 (FIGHTER, d=27.8km, v=300m/s) -> threat=150.74
  track 2 (ASM, d=2.6km, v=0m/s) -> threat=101.38
  track 4 (ASM, d=3.6km, v=0m/s) -> threat=101.28

[DECISION] t=268.0s | tracks=3 | weapons=0 available
  track 12 (FIGHTER, d=27.8km, v=300m/s) -> threat=150.74
  track 2 (ASM, d=2.6km, v=0m/s) -> threat=101.38
  track 4 (ASM, d=3.6km, v=0m/s) -> threat=101.28

[DECISION] t=268.2s | tracks=3 | weapons=0 available
  track 12 (FIGHTER, d=27.9km, v=300m/s) -> threat=150.74
  track 2 (ASM, d=2.6km, v=0m/s) -> threat=101.38
  track 4 (ASM, d=3.6km, v=0m/s) -> threat=101.28

[DECISION] t=0.0s | tracks=3 | weapons=0 available
  track 12 (FIGHTER, d=28.1km, v=300m/s) -> threat=150.74
  track 2 (ASM, d=2.6km, v=0m/s) -> threat=101.38
  track 4 (ASM, d=3.6km, v=0m/s) -> threat=101.28

[DECISION] t=268.5s | tracks=3 | weapons=0 available
  track 12 (FIGHTER, d=28.1km, v=300m/s) -> threat=150.74
  track 2 (ASM, d=2.6km, v=0m/s) -> threat=101.38
  track 4 (ASM, d=3.6km, v=0m/s) -> threat=101.28

[DECISION] t=268.6s | tracks=3 | weapons=0 available
  track 12 (FIGHTER, d=28.1km, v=300m/s) -> threat=150.74
  track 2 (ASM, d=2.6km, v=0m/s) -> threat=101.38
  track 4 (ASM, d=3.6km, v=0m/s) -> threat=101.28

[DECISION] t=268.8s | tracks=3 | weapons=0 available
  track 12 (FIGHTER, d=28.1km, v=300m/s) -> threat=150.74
  track 2 (ASM, d=2.6km, v=0m/s) -> threat=101.38
  track 4 (ASM, d=3.6km, v=0m/s) -> threat=101.28

[DECISION] t=268.9s | tracks=3 | weapons=0 available
  track 12 (FIGHTER, d=28.2km, v=300m/s) -> threat=150.74
  track 2 (ASM, d=2.6km, v=0m/s) -> threat=101.38
  track 4 (ASM, d=3.6km, v=0m/s) -> threat=101.28

[DECISION] t=269.3s | tracks=3 | weapons=0 available
  track 12 (FIGHTER, d=28.2km, v=300m/s) -> threat=150.74
  track 2 (ASM, d=2.6km, v=0m/s) -> threat=101.38
  track 4 (ASM, d=3.6km, v=0m/s) -> threat=101.28

[DECISION] t=0.0s | tracks=3 | weapons=0 available
  track 12 (FIGHTER, d=28.3km, v=300m/s) -> threat=150.74
  track 2 (ASM, d=2.6km, v=0m/s) -> threat=101.38
  track 4 (ASM, d=3.6km, v=0m/s) -> threat=101.28

[DECISION] t=269.7s | tracks=3 | weapons=0 available
  track 12 (FIGHTER, d=28.3km, v=300m/s) -> threat=150.74
  track 2 (ASM, d=2.6km, v=0m/s) -> threat=101.38
  track 4 (ASM, d=3.6km, v=0m/s) -> threat=101.28

[DECISION] t=269.9s | tracks=3 | weapons=0 available
  track 12 (FIGHTER, d=28.5km, v=300m/s) -> threat=150.74
  track 2 (ASM, d=2.6km, v=0m/s) -> threat=101.38
  track 4 (ASM, d=3.6km, v=0m/s) -> threat=101.28

[DECISION] t=270.1s | tracks=3 | weapons=0 available
  track 12 (FIGHTER, d=28.5km, v=300m/s) -> threat=150.74
  track 2 (ASM, d=2.6km, v=0m/s) -> threat=101.38
  track 4 (ASM, d=3.6km, v=0m/s) -> threat=101.28

[DECISION] t=270.3s | tracks=3 | weapons=0 available
  track 12 (FIGHTER, d=28.5km, v=300m/s) -> threat=150.74
  track 2 (ASM, d=2.6km, v=0m/s) -> threat=101.38
  track 4 (ASM, d=3.6km, v=0m/s) -> threat=101.28

[DECISION] t=270.4s | tracks=3 | weapons=0 available
  track 12 (FIGHTER, d=28.7km, v=300m/s) -> threat=150.73
  track 2 (ASM, d=2.6km, v=0m/s) -> threat=101.38
  track 4 (ASM, d=3.6km, v=0m/s) -> threat=101.28

[DECISION] t=270.4s | tracks=3 | weapons=0 available
  track 12 (FIGHTER, d=28.7km, v=300m/s) -> threat=150.73
  track 2 (ASM, d=2.6km, v=0m/s) -> threat=101.38
  track 4 (ASM, d=3.6km, v=0m/s) -> threat=101.28

[DECISION] t=270.7s | tracks=3 | weapons=0 available
  track 12 (FIGHTER, d=28.7km, v=300m/s) -> threat=150.73
  track 2 (ASM, d=2.6km, v=0m/s) -> threat=101.38
  track 4 (ASM, d=3.6km, v=0m/s) -> threat=101.28

[DECISION] t=270.9s | tracks=3 | weapons=0 available
  track 12 (FIGHTER, d=28.9km, v=300m/s) -> threat=150.73
  track 2 (ASM, d=2.6km, v=0m/s) -> threat=101.38
  track 4 (ASM, d=3.6km, v=0m/s) -> threat=101.28

[DECISION] t=271.0s | tracks=3 | weapons=0 available
  track 12 (FIGHTER, d=28.9km, v=300m/s) -> threat=150.73
  track 2 (ASM, d=2.6km, v=0m/s) -> threat=101.38
  track 4 (ASM, d=3.6km, v=0m/s) -> threat=101.28

[DECISION] t=271.1s | tracks=3 | weapons=0 available
  track 12 (FIGHTER, d=28.9km, v=300m/s) -> threat=150.73
  track 2 (ASM, d=2.6km, v=0m/s) -> threat=101.38
  track 4 (ASM, d=3.6km, v=0m/s) -> threat=101.28

[DECISION] t=271.5s | tracks=3 | weapons=0 available
  track 12 (FIGHTER, d=28.9km, v=300m/s) -> threat=150.73
  track 2 (ASM, d=2.6km, v=0m/s) -> threat=101.38
  track 4 (ASM, d=3.6km, v=0m/s) -> threat=101.28

[DECISION] t=271.7s | tracks=3 | weapons=0 available
  track 12 (FIGHTER, d=28.9km, v=300m/s) -> threat=150.73
  track 2 (ASM, d=2.6km, v=0m/s) -> threat=101.38
  track 4 (ASM, d=3.6km, v=0m/s) -> threat=101.28

[DECISION] t=271.9s | tracks=3 | weapons=0 available
  track 12 (FIGHTER, d=29.1km, v=300m/s) -> threat=150.73
  track 2 (ASM, d=2.6km, v=0m/s) -> threat=101.38
  track 4 (ASM, d=3.6km, v=0m/s) -> threat=101.28

[DECISION] t=0.0s | tracks=3 | weapons=0 available
  track 12 (FIGHTER, d=29.1km, v=300m/s) -> threat=150.73
  track 2 (ASM, d=2.6km, v=0m/s) -> threat=101.38
  track 4 (ASM, d=3.6km, v=0m/s) -> threat=101.28

[DECISION] t=272.0s | tracks=3 | weapons=0 available
  track 12 (FIGHTER, d=29.1km, v=300m/s) -> threat=150.73
  track 2 (ASM, d=2.6km, v=0m/s) -> threat=101.38
  track 4 (ASM, d=3.6km, v=0m/s) -> threat=101.28

[DECISION] t=272.2s | tracks=3 | weapons=0 available
  track 12 (FIGHTER, d=29.1km, v=300m/s) -> threat=150.73
  track 2 (ASM, d=2.6km, v=0m/s) -> threat=101.38
  track 4 (ASM, d=3.6km, v=0m/s) -> threat=101.28

[DECISION] t=272.3s | tracks=3 | weapons=0 available
  track 12 (FIGHTER, d=29.3km, v=300m/s) -> threat=150.73
  track 2 (ASM, d=2.6km, v=0m/s) -> threat=101.38
  track 4 (ASM, d=3.6km, v=0m/s) -> threat=101.28

[DECISION] t=272.4s | tracks=3 | weapons=0 available
  track 12 (FIGHTER, d=29.3km, v=300m/s) -> threat=150.73
  track 2 (ASM, d=2.6km, v=0m/s) -> threat=101.38
  track 4 (ASM, d=3.6km, v=0m/s) -> threat=101.28

[DECISION] t=272.7s | tracks=3 | weapons=0 available
  track 12 (FIGHTER, d=29.3km, v=300m/s) -> threat=150.73
  track 2 (ASM, d=2.6km, v=0m/s) -> threat=101.38
  track 4 (ASM, d=3.6km, v=0m/s) -> threat=101.28

[DECISION] t=0.0s | tracks=3 | weapons=0 available
  track 12 (FIGHTER, d=29.3km, v=300m/s) -> threat=150.73
  track 2 (ASM, d=2.6km, v=0m/s) -> threat=101.38
  track 4 (ASM, d=3.6km, v=0m/s) -> threat=101.28

[DECISION] t=273.1s | tracks=3 | weapons=0 available
  track 12 (FIGHTER, d=29.3km, v=300m/s) -> threat=150.73
  track 2 (ASM, d=2.6km, v=0m/s) -> threat=101.38
  track 4 (ASM, d=3.6km, v=0m/s) -> threat=101.28

[DECISION] t=273.3s | tracks=3 | weapons=0 available
  track 12 (FIGHTER, d=29.4km, v=300m/s) -> threat=150.73
  track 2 (ASM, d=2.6km, v=0m/s) -> threat=101.38
  track 4 (ASM, d=3.6km, v=0m/s) -> threat=101.28

[DECISION] t=273.5s | tracks=3 | weapons=0 available
  track 12 (FIGHTER, d=29.6km, v=300m/s) -> threat=150.73
  track 2 (ASM, d=2.6km, v=0m/s) -> threat=101.38
  track 4 (ASM, d=3.6km, v=0m/s) -> threat=101.28

[DECISION] t=0.0s | tracks=3 | weapons=0 available
  track 12 (FIGHTER, d=29.7km, v=300m/s) -> threat=150.73
  track 2 (ASM, d=2.6km, v=0m/s) -> threat=101.38
  track 4 (ASM, d=3.6km, v=0m/s) -> threat=101.28

[DECISION] t=274.1s | tracks=3 | weapons=0 available
  track 12 (FIGHTER, d=29.7km, v=300m/s) -> threat=150.73
  track 2 (ASM, d=2.6km, v=0m/s) -> threat=101.38
  track 4 (ASM, d=3.6km, v=0m/s) -> threat=101.28

[DECISION] t=274.2s | tracks=3 | weapons=0 available
  track 12 (FIGHTER, d=29.7km, v=300m/s) -> threat=150.73
  track 2 (ASM, d=2.6km, v=0m/s) -> threat=101.38
  track 4 (ASM, d=3.6km, v=0m/s) -> threat=101.28

[DECISION] t=274.4s | tracks=3 | weapons=0 available
  track 12 (FIGHTER, d=29.7km, v=300m/s) -> threat=150.73
  track 2 (ASM, d=2.6km, v=0m/s) -> threat=101.38
  track 4 (ASM, d=3.6km, v=0m/s) -> threat=101.28

[DECISION] t=274.8s | tracks=3 | weapons=0 available
  track 12 (FIGHTER, d=29.7km, v=300m/s) -> threat=150.73
  track 2 (ASM, d=2.6km, v=0m/s) -> threat=101.38
  track 4 (ASM, d=3.6km, v=0m/s) -> threat=101.28

[DECISION] t=274.9s | tracks=3 | weapons=0 available
  track 12 (FIGHTER, d=30.0km, v=300m/s) -> threat=150.73
  track 2 (ASM, d=2.6km, v=0m/s) -> threat=101.38
  track 4 (ASM, d=3.6km, v=0m/s) -> threat=101.28

[DECISION] t=275.1s | tracks=3 | weapons=0 available
  track 12 (FIGHTER, d=30.0km, v=300m/s) -> threat=150.73
  track 2 (ASM, d=2.6km, v=0m/s) -> threat=101.38
  track 4 (ASM, d=3.6km, v=0m/s) -> threat=101.28

[DECISION] t=275.4s | tracks=3 | weapons=0 available
  track 12 (FIGHTER, d=30.0km, v=300m/s) -> threat=150.73
  track 2 (ASM, d=2.6km, v=0m/s) -> threat=101.38
  track 4 (ASM, d=3.6km, v=0m/s) -> threat=101.28

[DECISION] t=275.6s | tracks=2 | weapons=0 available
  track 2 (ASM, d=2.6km, v=0m/s) -> threat=101.38
  track 4 (ASM, d=3.6km, v=0m/s) -> threat=101.28

[DECISION] t=275.9s | tracks=2 | weapons=0 available
  track 2 (ASM, d=2.6km, v=0m/s) -> threat=101.38
  track 4 (ASM, d=3.6km, v=0m/s) -> threat=101.28

[DECISION] t=276.1s | tracks=2 | weapons=0 available
  track 2 (ASM, d=2.6km, v=0m/s) -> threat=101.38
  track 4 (ASM, d=3.6km, v=0m/s) -> threat=101.28

[DECISION] t=276.2s | tracks=2 | weapons=0 available
  track 2 (ASM, d=2.6km, v=0m/s) -> threat=101.38
  track 4 (ASM, d=3.6km, v=0m/s) -> threat=101.28

[DECISION] t=0.0s | tracks=2 | weapons=0 available
  track 2 (ASM, d=2.6km, v=0m/s) -> threat=101.38
  track 4 (ASM, d=3.6km, v=0m/s) -> threat=101.28

[DECISION] t=276.7s | tracks=2 | weapons=0 available
  track 2 (ASM, d=2.6km, v=0m/s) -> threat=101.38
  track 4 (ASM, d=3.6km, v=0m/s) -> threat=101.28

[DECISION] t=276.8s | tracks=2 | weapons=0 available
  track 2 (ASM, d=2.6km, v=0m/s) -> threat=101.38
  track 4 (ASM, d=3.6km, v=0m/s) -> threat=101.28

[DECISION] t=277.1s | tracks=2 | weapons=0 available
  track 2 (ASM, d=2.6km, v=0m/s) -> threat=101.38
  track 4 (ASM, d=3.6km, v=0m/s) -> threat=101.28

[DECISION] t=277.4s | tracks=2 | weapons=0 available
  track 2 (ASM, d=2.6km, v=0m/s) -> threat=101.38
  track 4 (ASM, d=3.6km, v=0m/s) -> threat=101.28

[DECISION] t=277.6s | tracks=2 | weapons=0 available
  track 2 (ASM, d=2.6km, v=0m/s) -> threat=101.38
  track 4 (ASM, d=3.6km, v=0m/s) -> threat=101.28

[DECISION] t=277.8s | tracks=2 | weapons=0 available
  track 2 (ASM, d=2.6km, v=0m/s) -> threat=101.38
  track 4 (ASM, d=3.6km, v=0m/s) -> threat=101.28

[DECISION] t=0.0s | tracks=2 | weapons=0 available
  track 2 (ASM, d=2.6km, v=0m/s) -> threat=101.38
  track 4 (ASM, d=3.6km, v=0m/s) -> threat=101.28

[DECISION] t=278.2s | tracks=2 | weapons=0 available
  track 2 (ASM, d=2.6km, v=0m/s) -> threat=101.38
  track 4 (ASM, d=3.6km, v=0m/s) -> threat=101.28

[DECISION] t=278.5s | tracks=2 | weapons=0 available
  track 2 (ASM, d=2.6km, v=0m/s) -> threat=101.38
  track 4 (ASM, d=3.6km, v=0m/s) -> threat=101.28

[DECISION] t=278.7s | tracks=2 | weapons=0 available
  track 2 (ASM, d=2.6km, v=0m/s) -> threat=101.38
  track 4 (ASM, d=3.6km, v=0m/s) -> threat=101.28

[DECISION] t=0.0s | tracks=2 | weapons=0 available
  track 2 (ASM, d=2.6km, v=0m/s) -> threat=101.38
  track 4 (ASM, d=3.6km, v=0m/s) -> threat=101.28

[DECISION] t=279.0s | tracks=2 | weapons=0 available
  track 2 (ASM, d=2.6km, v=0m/s) -> threat=101.38
  track 4 (ASM, d=3.6km, v=0m/s) -> threat=101.28

[DECISION] t=279.2s | tracks=2 | weapons=0 available
  track 2 (ASM, d=2.6km, v=0m/s) -> threat=101.38
  track 4 (ASM, d=3.6km, v=0m/s) -> threat=101.28

[DECISION] t=279.4s | tracks=2 | weapons=0 available
  track 2 (ASM, d=2.6km, v=0m/s) -> threat=101.38
  track 4 (ASM, d=3.6km, v=0m/s) -> threat=101.28

[DECISION] t=279.7s | tracks=2 | weapons=0 available
  track 2 (ASM, d=2.6km, v=0m/s) -> threat=101.38
  track 4 (ASM, d=3.6km, v=0m/s) -> threat=101.28

[DECISION] t=280.1s | tracks=2 | weapons=0 available
  track 2 (ASM, d=2.6km, v=0m/s) -> threat=101.38
  track 4 (ASM, d=3.6km, v=0m/s) -> threat=101.28

[DECISION] t=0.0s | tracks=2 | weapons=0 available
  track 2 (ASM, d=2.6km, v=0m/s) -> threat=101.38
  track 4 (ASM, d=3.6km, v=0m/s) -> threat=101.28

[DECISION] t=0.0s | tracks=2 | weapons=0 available
  track 2 (ASM, d=2.6km, v=0m/s) -> threat=101.38
  track 4 (ASM, d=3.6km, v=0m/s) -> threat=101.28

[DECISION] t=280.8s | tracks=2 | weapons=0 available
  track 2 (ASM, d=2.6km, v=0m/s) -> threat=101.38
  track 4 (ASM, d=3.6km, v=0m/s) -> threat=101.28

[DECISION] t=281.0s | tracks=2 | weapons=0 available
  track 2 (ASM, d=2.6km, v=0m/s) -> threat=101.38
  track 4 (ASM, d=3.6km, v=0m/s) -> threat=101.28

[DECISION] t=281.3s | tracks=2 | weapons=0 available
  track 2 (ASM, d=2.6km, v=0m/s) -> threat=101.38
  track 4 (ASM, d=3.6km, v=0m/s) -> threat=101.28

[DECISION] t=281.4s | tracks=2 | weapons=0 available
  track 2 (ASM, d=2.6km, v=0m/s) -> threat=101.38
  track 4 (ASM, d=3.6km, v=0m/s) -> threat=101.28

[DECISION] t=281.6s | tracks=2 | weapons=0 available
  track 2 (ASM, d=2.6km, v=0m/s) -> threat=101.38
  track 4 (ASM, d=3.6km, v=0m/s) -> threat=101.28

[DECISION] t=0.0s | tracks=2 | weapons=0 available
  track 2 (ASM, d=2.6km, v=0m/s) -> threat=101.38
  track 4 (ASM, d=3.6km, v=0m/s) -> threat=101.28

[DECISION] t=282.1s | tracks=2 | weapons=0 available
  track 2 (ASM, d=2.6km, v=0m/s) -> threat=101.38
  track 4 (ASM, d=3.6km, v=0m/s) -> threat=101.28

[DECISION] t=282.4s | tracks=2 | weapons=0 available
  track 2 (ASM, d=2.6km, v=0m/s) -> threat=101.38
  track 4 (ASM, d=3.6km, v=0m/s) -> threat=101.28

[DECISION] t=0.0s | tracks=2 | weapons=0 available
  track 2 (ASM, d=2.6km, v=0m/s) -> threat=101.38
  track 4 (ASM, d=3.6km, v=0m/s) -> threat=101.28

[DECISION] t=282.7s | tracks=2 | weapons=0 available
  track 2 (ASM, d=2.6km, v=0m/s) -> threat=101.38
  track 4 (ASM, d=3.6km, v=0m/s) -> threat=101.28

[DECISION] t=283.0s | tracks=2 | weapons=0 available
  track 2 (ASM, d=2.6km, v=0m/s) -> threat=101.38
  track 4 (ASM, d=3.6km, v=0m/s) -> threat=101.28

[DECISION] t=283.2s | tracks=2 | weapons=0 available
  track 2 (ASM, d=2.6km, v=0m/s) -> threat=101.38
  track 4 (ASM, d=3.6km, v=0m/s) -> threat=101.28

[DECISION] t=283.4s | tracks=2 | weapons=0 available
  track 2 (ASM, d=2.6km, v=0m/s) -> threat=101.38
  track 4 (ASM, d=3.6km, v=0m/s) -> threat=101.28

[DECISION] t=283.7s | tracks=2 | weapons=0 available
  track 2 (ASM, d=2.6km, v=0m/s) -> threat=101.38
  track 4 (ASM, d=3.6km, v=0m/s) -> threat=101.28

[DECISION] t=284.0s | tracks=2 | weapons=0 available
  track 2 (ASM, d=2.6km, v=0m/s) -> threat=101.38
  track 4 (ASM, d=3.6km, v=0m/s) -> threat=101.28

[DECISION] t=284.4s | tracks=2 | weapons=0 available
  track 2 (ASM, d=2.6km, v=0m/s) -> threat=101.38
  track 4 (ASM, d=3.6km, v=0m/s) -> threat=101.28

[DECISION] t=284.7s | tracks=2 | weapons=0 available
  track 2 (ASM, d=2.6km, v=0m/s) -> threat=101.38
  track 4 (ASM, d=3.6km, v=0m/s) -> threat=101.28

[DECISION] t=284.9s | tracks=2 | weapons=0 available
  track 2 (ASM, d=2.6km, v=0m/s) -> threat=101.38
  track 4 (ASM, d=3.6km, v=0m/s) -> threat=101.28

[DECISION] t=285.4s | tracks=2 | weapons=0 available
  track 2 (ASM, d=2.6km, v=0m/s) -> threat=101.38
  track 4 (ASM, d=3.6km, v=0m/s) -> threat=101.28

[DECISION] t=285.8s | tracks=2 | weapons=0 available
  track 2 (ASM, d=2.6km, v=0m/s) -> threat=101.38
  track 4 (ASM, d=3.6km, v=0m/s) -> threat=101.28

[DECISION] t=286.1s | tracks=2 | weapons=0 available
  track 2 (ASM, d=2.6km, v=0m/s) -> threat=101.38
  track 4 (ASM, d=3.6km, v=0m/s) -> threat=101.28

[DECISION] t=286.3s | tracks=2 | weapons=0 available
  track 2 (ASM, d=2.6km, v=0m/s) -> threat=101.38
  track 4 (ASM, d=3.6km, v=0m/s) -> threat=101.28

[DECISION] t=286.5s | tracks=2 | weapons=0 available
  track 2 (ASM, d=2.6km, v=0m/s) -> threat=101.38
  track 4 (ASM, d=3.6km, v=0m/s) -> threat=101.28

[DECISION] t=286.5s | tracks=2 | weapons=0 available
  track 2 (ASM, d=2.6km, v=0m/s) -> threat=101.38
  track 4 (ASM, d=3.6km, v=0m/s) -> threat=101.28

[DECISION] t=287.0s | tracks=2 | weapons=0 available
  track 2 (ASM, d=2.6km, v=0m/s) -> threat=101.38
  track 4 (ASM, d=3.6km, v=0m/s) -> threat=101.28

[DECISION] t=287.1s | tracks=2 | weapons=0 available
  track 2 (ASM, d=2.6km, v=0m/s) -> threat=101.38
  track 4 (ASM, d=3.6km, v=0m/s) -> threat=101.28

[DECISION] t=287.3s | tracks=2 | weapons=0 available
  track 2 (ASM, d=2.6km, v=0m/s) -> threat=101.38
  track 4 (ASM, d=3.6km, v=0m/s) -> threat=101.28

[DECISION] t=287.6s | tracks=2 | weapons=0 available
  track 2 (ASM, d=2.6km, v=0m/s) -> threat=101.38
  track 4 (ASM, d=3.6km, v=0m/s) -> threat=101.28

[DECISION] t=0.0s | tracks=2 | weapons=0 available
  track 2 (ASM, d=2.6km, v=0m/s) -> threat=101.38
  track 4 (ASM, d=3.6km, v=0m/s) -> threat=101.28

[DECISION] t=288.0s | tracks=2 | weapons=0 available
  track 2 (ASM, d=2.6km, v=0m/s) -> threat=101.38
  track 4 (ASM, d=3.6km, v=0m/s) -> threat=101.28

[DECISION] t=0.0s | tracks=2 | weapons=0 available
  track 2 (ASM, d=2.6km, v=0m/s) -> threat=101.38
  track 4 (ASM, d=3.6km, v=0m/s) -> threat=101.28

[DECISION] t=288.3s | tracks=2 | weapons=0 available
  track 2 (ASM, d=2.6km, v=0m/s) -> threat=101.38
  track 4 (ASM, d=3.6km, v=0m/s) -> threat=101.28

[DECISION] t=288.5s | tracks=2 | weapons=0 available
  track 2 (ASM, d=2.6km, v=0m/s) -> threat=101.38
  track 4 (ASM, d=3.6km, v=0m/s) -> threat=101.28

[DECISION] t=288.6s | tracks=2 | weapons=0 available
  track 2 (ASM, d=2.6km, v=0m/s) -> threat=101.38
  track 4 (ASM, d=3.6km, v=0m/s) -> threat=101.28

[DECISION] t=288.8s | tracks=2 | weapons=0 available
  track 2 (ASM, d=2.6km, v=0m/s) -> threat=101.38
  track 4 (ASM, d=3.6km, v=0m/s) -> threat=101.28

[DECISION] t=289.0s | tracks=2 | weapons=0 available
  track 2 (ASM, d=2.6km, v=0m/s) -> threat=101.38
  track 4 (ASM, d=3.6km, v=0m/s) -> threat=101.28

[DECISION] t=289.1s | tracks=2 | weapons=0 available
  track 2 (ASM, d=2.6km, v=0m/s) -> threat=101.38
  track 4 (ASM, d=3.6km, v=0m/s) -> threat=101.28

[DECISION] t=289.3s | tracks=2 | weapons=0 available
  track 2 (ASM, d=2.6km, v=0m/s) -> threat=101.38
  track 4 (ASM, d=3.6km, v=0m/s) -> threat=101.28

[DECISION] t=289.6s | tracks=2 | weapons=0 available
  track 2 (ASM, d=2.6km, v=0m/s) -> threat=101.38
  track 4 (ASM, d=3.6km, v=0m/s) -> threat=101.28

[DECISION] t=289.8s | tracks=2 | weapons=0 available
  track 2 (ASM, d=2.6km, v=0m/s) -> threat=101.38
  track 4 (ASM, d=3.6km, v=0m/s) -> threat=101.28

[DECISION] t=0.0s | tracks=2 | weapons=0 available
  track 2 (ASM, d=2.6km, v=0m/s) -> threat=101.38
  track 4 (ASM, d=3.6km, v=0m/s) -> threat=101.28

[DECISION] t=290.1s | tracks=2 | weapons=0 available
  track 2 (ASM, d=2.6km, v=0m/s) -> threat=101.38
  track 4 (ASM, d=3.6km, v=0m/s) -> threat=101.28

[DECISION] t=290.2s | tracks=2 | weapons=0 available
  track 2 (ASM, d=2.6km, v=0m/s) -> threat=101.38
  track 4 (ASM, d=3.6km, v=0m/s) -> threat=101.28

[DECISION] t=290.4s | tracks=2 | weapons=0 available
  track 2 (ASM, d=2.6km, v=0m/s) -> threat=101.38
  track 4 (ASM, d=3.6km, v=0m/s) -> threat=101.28

[DECISION] t=290.6s | tracks=2 | weapons=0 available
  track 2 (ASM, d=2.6km, v=0m/s) -> threat=101.38
  track 4 (ASM, d=3.6km, v=0m/s) -> threat=101.28

[DECISION] t=290.8s | tracks=2 | weapons=0 available
  track 2 (ASM, d=2.6km, v=0m/s) -> threat=101.38
  track 4 (ASM, d=3.6km, v=0m/s) -> threat=101.28

[DECISION] t=291.0s | tracks=2 | weapons=0 available
  track 2 (ASM, d=2.6km, v=0m/s) -> threat=101.38
  track 4 (ASM, d=3.6km, v=0m/s) -> threat=101.28

[DECISION] t=291.2s | tracks=2 | weapons=0 available
  track 2 (ASM, d=2.6km, v=0m/s) -> threat=101.38
  track 4 (ASM, d=3.6km, v=0m/s) -> threat=101.28

[DECISION] t=291.3s | tracks=2 | weapons=0 available
  track 2 (ASM, d=2.6km, v=0m/s) -> threat=101.38
  track 4 (ASM, d=3.6km, v=0m/s) -> threat=101.28

[DECISION] t=291.5s | tracks=2 | weapons=0 available
  track 2 (ASM, d=2.6km, v=0m/s) -> threat=101.38
  track 4 (ASM, d=3.6km, v=0m/s) -> threat=101.28

[DECISION] t=0.0s | tracks=2 | weapons=0 available
  track 2 (ASM, d=2.6km, v=0m/s) -> threat=101.38
  track 4 (ASM, d=3.6km, v=0m/s) -> threat=101.28

[DECISION] t=291.9s | tracks=2 | weapons=0 available
  track 2 (ASM, d=2.6km, v=0m/s) -> threat=101.38
  track 4 (ASM, d=3.6km, v=0m/s) -> threat=101.28

[DECISION] t=0.0s | tracks=2 | weapons=0 available
  track 2 (ASM, d=2.6km, v=0m/s) -> threat=101.38
  track 4 (ASM, d=3.6km, v=0m/s) -> threat=101.28

[DECISION] t=292.3s | tracks=2 | weapons=0 available
  track 2 (ASM, d=2.6km, v=0m/s) -> threat=101.38
  track 4 (ASM, d=3.6km, v=0m/s) -> threat=101.28

[DECISION] t=292.6s | tracks=2 | weapons=0 available
  track 2 (ASM, d=2.6km, v=0m/s) -> threat=101.38
  track 4 (ASM, d=3.6km, v=0m/s) -> threat=101.28

[DECISION] t=0.0s | tracks=2 | weapons=0 available
  track 2 (ASM, d=2.6km, v=0m/s) -> threat=101.38
  track 4 (ASM, d=3.6km, v=0m/s) -> threat=101.28

[DECISION] t=0.0s | tracks=2 | weapons=0 available
  track 2 (ASM, d=2.6km, v=0m/s) -> threat=101.38
  track 4 (ASM, d=3.6km, v=0m/s) -> threat=101.28

[DECISION] t=292.8s | tracks=2 | weapons=0 available
  track 2 (ASM, d=2.6km, v=0m/s) -> threat=101.38
  track 4 (ASM, d=3.6km, v=0m/s) -> threat=101.28

[DECISION] t=293.0s | tracks=2 | weapons=0 available
  track 2 (ASM, d=2.6km, v=0m/s) -> threat=101.38
  track 4 (ASM, d=3.6km, v=0m/s) -> threat=101.28

[DECISION] t=293.2s | tracks=2 | weapons=0 available
  track 2 (ASM, d=2.6km, v=0m/s) -> threat=101.38
  track 4 (ASM, d=3.6km, v=0m/s) -> threat=101.28

[DECISION] t=293.6s | tracks=2 | weapons=0 available
  track 2 (ASM, d=2.6km, v=0m/s) -> threat=101.38
  track 4 (ASM, d=3.6km, v=0m/s) -> threat=101.28

[DECISION] t=293.7s | tracks=2 | weapons=0 available
  track 2 (ASM, d=2.6km, v=0m/s) -> threat=101.38
  track 4 (ASM, d=3.6km, v=0m/s) -> threat=101.28

[DECISION] t=294.2s | tracks=2 | weapons=0 available
  track 2 (ASM, d=2.6km, v=0m/s) -> threat=101.38
  track 4 (ASM, d=3.6km, v=0m/s) -> threat=101.28

[DECISION] t=294.6s | tracks=2 | weapons=0 available
  track 2 (ASM, d=2.6km, v=0m/s) -> threat=101.38
  track 4 (ASM, d=3.6km, v=0m/s) -> threat=101.28

[DECISION] t=294.6s | tracks=2 | weapons=0 available
  track 2 (ASM, d=2.6km, v=0m/s) -> threat=101.38
  track 4 (ASM, d=3.6km, v=0m/s) -> threat=101.28

[DECISION] t=294.8s | tracks=2 | weapons=0 available
  track 2 (ASM, d=2.6km, v=0m/s) -> threat=101.38
  track 4 (ASM, d=3.6km, v=0m/s) -> threat=101.28

[DECISION] t=295.0s | tracks=2 | weapons=0 available
  track 2 (ASM, d=2.6km, v=0m/s) -> threat=101.38
  track 4 (ASM, d=3.6km, v=0m/s) -> threat=101.28

[DECISION] t=295.2s | tracks=2 | weapons=0 available
  track 2 (ASM, d=2.6km, v=0m/s) -> threat=101.38
  track 4 (ASM, d=3.6km, v=0m/s) -> threat=101.28

[DECISION] t=295.4s | tracks=2 | weapons=0 available
  track 2 (ASM, d=2.6km, v=0m/s) -> threat=101.38
  track 4 (ASM, d=3.6km, v=0m/s) -> threat=101.28

[DECISION] t=295.8s | tracks=2 | weapons=0 available
  track 2 (ASM, d=2.6km, v=0m/s) -> threat=101.38
  track 4 (ASM, d=3.6km, v=0m/s) -> threat=101.28

[DECISION] t=296.0s | tracks=2 | weapons=0 available
  track 2 (ASM, d=2.6km, v=0m/s) -> threat=101.38
  track 4 (ASM, d=3.6km, v=0m/s) -> threat=101.28

[DECISION] t=296.5s | tracks=2 | weapons=0 available
  track 2 (ASM, d=2.6km, v=0m/s) -> threat=101.38
  track 4 (ASM, d=3.6km, v=0m/s) -> threat=101.28

[DECISION] t=296.7s | tracks=2 | weapons=0 available
  track 2 (ASM, d=2.6km, v=0m/s) -> threat=101.38
  track 4 (ASM, d=3.6km, v=0m/s) -> threat=101.28

[DECISION] t=296.9s | tracks=2 | weapons=0 available
  track 2 (ASM, d=2.6km, v=0m/s) -> threat=101.38
  track 4 (ASM, d=3.6km, v=0m/s) -> threat=101.28

[DECISION] t=0.0s | tracks=2 | weapons=0 available
  track 2 (ASM, d=2.6km, v=0m/s) -> threat=101.38
  track 4 (ASM, d=3.6km, v=0m/s) -> threat=101.28

[DECISION] t=297.1s | tracks=2 | weapons=0 available
  track 2 (ASM, d=2.6km, v=0m/s) -> threat=101.38
  track 4 (ASM, d=3.6km, v=0m/s) -> threat=101.28

[DECISION] t=297.3s | tracks=2 | weapons=0 available
  track 2 (ASM, d=2.6km, v=0m/s) -> threat=101.38
  track 4 (ASM, d=3.6km, v=0m/s) -> threat=101.28

[DECISION] t=297.5s | tracks=2 | weapons=0 available
  track 2 (ASM, d=2.6km, v=0m/s) -> threat=101.38
  track 4 (ASM, d=3.6km, v=0m/s) -> threat=101.28

[DECISION] t=297.7s | tracks=2 | weapons=0 available
  track 2 (ASM, d=2.6km, v=0m/s) -> threat=101.38
  track 4 (ASM, d=3.6km, v=0m/s) -> threat=101.28

[DECISION] t=297.8s | tracks=2 | weapons=0 available
  track 2 (ASM, d=2.6km, v=0m/s) -> threat=101.38
  track 4 (ASM, d=3.6km, v=0m/s) -> threat=101.28

[DECISION] t=298.0s | tracks=2 | weapons=0 available
  track 2 (ASM, d=2.6km, v=0m/s) -> threat=101.38
  track 4 (ASM, d=3.6km, v=0m/s) -> threat=101.28

[DECISION] t=0.0s | tracks=2 | weapons=0 available
  track 2 (ASM, d=2.6km, v=0m/s) -> threat=101.38
  track 4 (ASM, d=3.6km, v=0m/s) -> threat=101.28

[DECISION] t=0.0s | tracks=2 | weapons=0 available
  track 2 (ASM, d=2.6km, v=0m/s) -> threat=101.38
  track 4 (ASM, d=3.6km, v=0m/s) -> threat=101.28

[DECISION] t=298.7s | tracks=2 | weapons=0 available
  track 2 (ASM, d=2.6km, v=0m/s) -> threat=101.38
  track 4 (ASM, d=3.6km, v=0m/s) -> threat=101.28

[DECISION] t=298.9s | tracks=2 | weapons=0 available
  track 2 (ASM, d=2.6km, v=0m/s) -> threat=101.38
  track 4 (ASM, d=3.6km, v=0m/s) -> threat=101.28

[DECISION] t=0.0s | tracks=2 | weapons=0 available
  track 2 (ASM, d=2.6km, v=0m/s) -> threat=101.38
  track 4 (ASM, d=3.6km, v=0m/s) -> threat=101.28

[DECISION] t=299.1s | tracks=2 | weapons=0 available
  track 2 (ASM, d=2.6km, v=0m/s) -> threat=101.38
  track 4 (ASM, d=3.6km, v=0m/s) -> threat=101.28

[DECISION] t=299.5s | tracks=2 | weapons=0 available
  track 2 (ASM, d=2.6km, v=0m/s) -> threat=101.38
  track 4 (ASM, d=3.6km, v=0m/s) -> threat=101.28

[DECISION] t=299.8s | tracks=2 | weapons=0 available
  track 2 (ASM, d=2.6km, v=0m/s) -> threat=101.38
  track 4 (ASM, d=3.6km, v=0m/s) -> threat=101.28

[DECISION] t=299.9s | tracks=2 | weapons=0 available
  track 2 (ASM, d=2.6km, v=0m/s) -> threat=101.38
  track 4 (ASM, d=3.6km, v=0m/s) -> threat=101.28

[DECISION] t=300.0s | tracks=2 | weapons=0 available
  track 2 (ASM, d=2.6km, v=0m/s) -> threat=101.38
  track 4 (ASM, d=3.6km, v=0m/s) -> threat=101.28

[DECISION] t=300.0s | tracks=2 | weapons=0 available
  track 2 (ASM, d=2.6km, v=0m/s) -> threat=101.38
  track 4 (ASM, d=3.6km, v=0m/s) -> threat=101.28

[DECISION] t=300.0s | tracks=2 | weapons=0 available
  track 2 (ASM, d=2.6km, v=0m/s) -> threat=101.38
  track 4 (ASM, d=3.6km, v=0m/s) -> threat=101.28

[DECISION] t=300.0s | tracks=2 | weapons=0 available
  track 2 (ASM, d=2.6km, v=0m/s) -> threat=101.38
  track 4 (ASM, d=3.6km, v=0m/s) -> threat=101.28

[DECISION] t=300.0s | tracks=2 | weapons=0 available
  track 2 (ASM, d=2.6km, v=0m/s) -> threat=101.38
  track 4 (ASM, d=3.6km, v=0m/s) -> threat=101.28

[DECISION] t=300.0s | tracks=2 | weapons=0 available
  track 2 (ASM, d=2.6km, v=0m/s) -> threat=101.38
  track 4 (ASM, d=3.6km, v=0m/s) -> threat=101.28

[DECISION] t=300.0s | tracks=2 | weapons=0 available
  track 2 (ASM, d=2.6km, v=0m/s) -> threat=101.38
  track 4 (ASM, d=3.6km, v=0m/s) -> threat=101.28

[DECISION] t=300.0s | tracks=2 | weapons=0 available
  track 2 (ASM, d=2.6km, v=0m/s) -> threat=101.38
  track 4 (ASM, d=3.6km, v=0m/s) -> threat=101.28

[DECISION] t=300.0s | tracks=2 | weapons=0 available
  track 2 (ASM, d=2.6km, v=0m/s) -> threat=101.38
  track 4 (ASM, d=3.6km, v=0m/s) -> threat=101.28

[DECISION] t=300.0s | tracks=2 | weapons=0 available
  track 2 (ASM, d=2.6km, v=0m/s) -> threat=101.38
  track 4 (ASM, d=3.6km, v=0m/s) -> threat=101.28

[DECISION] t=300.0s | tracks=2 | weapons=0 available
  track 2 (ASM, d=2.6km, v=0m/s) -> threat=101.38
  track 4 (ASM, d=3.6km, v=0m/s) -> threat=101.28

[DECISION] t=300.0s | tracks=2 | weapons=0 available
  track 2 (ASM, d=2.6km, v=0m/s) -> threat=101.38
  track 4 (ASM, d=3.6km, v=0m/s) -> threat=101.28

[DECISION] t=300.0s | tracks=2 | weapons=0 available
  track 2 (ASM, d=2.6km, v=0m/s) -> threat=101.38
  track 4 (ASM, d=3.6km, v=0m/s) -> threat=101.28

[DECISION] t=300.0s | tracks=2 | weapons=0 available
  track 2 (ASM, d=2.6km, v=0m/s) -> threat=101.38
  track 4 (ASM, d=3.6km, v=0m/s) -> threat=101.28

[DECISION] t=300.0s | tracks=2 | weapons=0 available
  track 2 (ASM, d=2.6km, v=0m/s) -> threat=101.38
  track 4 (ASM, d=3.6km, v=0m/s) -> threat=101.28

[DECISION] t=300.0s | tracks=2 | weapons=0 available
  track 2 (ASM, d=2.6km, v=0m/s) -> threat=101.38
  track 4 (ASM, d=3.6km, v=0m/s) -> threat=101.28

[DECISION] t=300.0s | tracks=2 | weapons=0 available
  track 2 (ASM, d=2.6km, v=0m/s) -> threat=101.38
  track 4 (ASM, d=3.6km, v=0m/s) -> threat=101.28

[DECISION] t=300.0s | tracks=2 | weapons=0 available
  track 2 (ASM, d=2.6km, v=0m/s) -> threat=101.38
  track 4 (ASM, d=3.6km, v=0m/s) -> threat=101.28

[DECISION] t=300.0s | tracks=2 | weapons=0 available
  track 2 (ASM, d=2.6km, v=0m/s) -> threat=101.38
  track 4 (ASM, d=3.6km, v=0m/s) -> threat=101.28

[DECISION] t=300.0s | tracks=2 | weapons=0 available
  track 2 (ASM, d=2.6km, v=0m/s) -> threat=101.38
  track 4 (ASM, d=3.6km, v=0m/s) -> threat=101.28

[DECISION] t=300.0s | tracks=2 | weapons=0 available
  track 2 (ASM, d=2.6km, v=0m/s) -> threat=101.38
  track 4 (ASM, d=3.6km, v=0m/s) -> threat=101.28

[DECISION] t=300.0s | tracks=2 | weapons=0 available
  track 2 (ASM, d=2.6km, v=0m/s) -> threat=101.38
  track 4 (ASM, d=3.6km, v=0m/s) -> threat=101.28

[DECISION] t=300.0s | tracks=2 | weapons=0 available
  track 2 (ASM, d=2.6km, v=0m/s) -> threat=101.38
  track 4 (ASM, d=3.6km, v=0m/s) -> threat=101.28

[DECISION] t=300.0s | tracks=2 | weapons=0 available
  track 2 (ASM, d=2.6km, v=0m/s) -> threat=101.38
  track 4 (ASM, d=3.6km, v=0m/s) -> threat=101.28

[DECISION] t=300.0s | tracks=2 | weapons=0 available
  track 2 (ASM, d=2.6km, v=0m/s) -> threat=101.38
  track 4 (ASM, d=3.6km, v=0m/s) -> threat=101.28

[DECISION] t=300.0s | tracks=2 | weapons=0 available
  track 2 (ASM, d=2.6km, v=0m/s) -> threat=101.38
  track 4 (ASM, d=3.6km, v=0m/s) -> threat=101.28

[DECISION] t=300.0s | tracks=2 | weapons=0 available
  track 2 (ASM, d=2.6km, v=0m/s) -> threat=101.38
  track 4 (ASM, d=3.6km, v=0m/s) -> threat=101.28

[DECISION] t=300.0s | tracks=2 | weapons=0 available
  track 2 (ASM, d=2.6km, v=0m/s) -> threat=101.38
  track 4 (ASM, d=3.6km, v=0m/s) -> threat=101.28

[DECISION] t=300.0s | tracks=2 | weapons=0 available
  track 2 (ASM, d=2.6km, v=0m/s) -> threat=101.38
  track 4 (ASM, d=3.6km, v=0m/s) -> threat=101.28

[DECISION] t=300.0s | tracks=2 | weapons=0 available
  track 2 (ASM, d=2.6km, v=0m/s) -> threat=101.38
  track 4 (ASM, d=3.6km, v=0m/s) -> threat=101.28

[DECISION] t=300.0s | tracks=2 | weapons=0 available
  track 2 (ASM, d=2.6km, v=0m/s) -> threat=101.38
  track 4 (ASM, d=3.6km, v=0m/s) -> threat=101.28

[DECISION] t=300.0s | tracks=2 | weapons=0 available
  track 2 (ASM, d=2.6km, v=0m/s) -> threat=101.38
  track 4 (ASM, d=3.6km, v=0m/s) -> threat=101.28

[DECISION] t=300.0s | tracks=2 | weapons=0 available
  track 2 (ASM, d=2.6km, v=0m/s) -> threat=101.38
  track 4 (ASM, d=3.6km, v=0m/s) -> threat=101.28

[DECISION] t=300.0s | tracks=2 | weapons=0 available
  track 2 (ASM, d=2.6km, v=0m/s) -> threat=101.38
  track 4 (ASM, d=3.6km, v=0m/s) -> threat=101.28

[DECISION] t=300.0s | tracks=2 | weapons=0 available
  track 2 (ASM, d=2.6km, v=0m/s) -> threat=101.38
  track 4 (ASM, d=3.6km, v=0m/s) -> threat=101.28

[DECISION] t=300.0s | tracks=2 | weapons=0 available
  track 2 (ASM, d=2.6km, v=0m/s) -> threat=101.38
  track 4 (ASM, d=3.6km, v=0m/s) -> threat=101.28

[DECISION] t=300.0s | tracks=2 | weapons=0 available
  track 2 (ASM, d=2.6km, v=0m/s) -> threat=101.38
  track 4 (ASM, d=3.6km, v=0m/s) -> threat=101.28

[DECISION] t=300.0s | tracks=2 | weapons=0 available
  track 2 (ASM, d=2.6km, v=0m/s) -> threat=101.38
  track 4 (ASM, d=3.6km, v=0m/s) -> threat=101.28

[DECISION] t=300.0s | tracks=2 | weapons=0 available
  track 2 (ASM, d=2.6km, v=0m/s) -> threat=101.38
  track 4 (ASM, d=3.6km, v=0m/s) -> threat=101.28

[DECISION] t=300.0s | tracks=2 | weapons=0 available
  track 2 (ASM, d=2.6km, v=0m/s) -> threat=101.38
  track 4 (ASM, d=3.6km, v=0m/s) -> threat=101.28

[DECISION] t=300.0s | tracks=2 | weapons=0 available
  track 2 (ASM, d=2.6km, v=0m/s) -> threat=101.38
  track 4 (ASM, d=3.6km, v=0m/s) -> threat=101.28

[DECISION] t=300.0s | tracks=2 | weapons=0 available
  track 2 (ASM, d=2.6km, v=0m/s) -> threat=101.38
  track 4 (ASM, d=3.6km, v=0m/s) -> threat=101.28

[DECISION] t=300.0s | tracks=2 | weapons=0 available
  track 2 (ASM, d=2.6km, v=0m/s) -> threat=101.38
  track 4 (ASM, d=3.6km, v=0m/s) -> threat=101.28

[DECISION] t=300.0s | tracks=2 | weapons=0 available
  track 2 (ASM, d=2.6km, v=0m/s) -> threat=101.38
  track 4 (ASM, d=3.6km, v=0m/s) -> threat=101.28

[DECISION] t=300.0s | tracks=2 | weapons=0 available
  track 2 (ASM, d=2.6km, v=0m/s) -> threat=101.38
  track 4 (ASM, d=3.6km, v=0m/s) -> threat=101.28

[DECISION] t=300.0s | tracks=2 | weapons=0 available
  track 2 (ASM, d=2.6km, v=0m/s) -> threat=101.38
  track 4 (ASM, d=3.6km, v=0m/s) -> threat=101.28

[DECISION] t=300.0s | tracks=2 | weapons=0 available
  track 2 (ASM, d=2.6km, v=0m/s) -> threat=101.38
  track 4 (ASM, d=3.6km, v=0m/s) -> threat=101.28

[DECISION] t=300.0s | tracks=2 | weapons=0 available
  track 2 (ASM, d=2.6km, v=0m/s) -> threat=101.38
  track 4 (ASM, d=3.6km, v=0m/s) -> threat=101.28

[DECISION] t=300.0s | tracks=2 | weapons=0 available
  track 2 (ASM, d=2.6km, v=0m/s) -> threat=101.38
  track 4 (ASM, d=3.6km, v=0m/s) -> threat=101.28

[DECISION] t=300.0s | tracks=2 | weapons=0 available
  track 2 (ASM, d=2.6km, v=0m/s) -> threat=101.38
  track 4 (ASM, d=3.6km, v=0m/s) -> threat=101.28

[DECISION] t=300.0s | tracks=2 | weapons=0 available
  track 2 (ASM, d=2.6km, v=0m/s) -> threat=101.38
  track 4 (ASM, d=3.6km, v=0m/s) -> threat=101.28

[DECISION] t=300.0s | tracks=2 | weapons=0 available
  track 2 (ASM, d=2.6km, v=0m/s) -> threat=101.38
  track 4 (ASM, d=3.6km, v=0m/s) -> threat=101.28

[DECISION] t=300.0s | tracks=2 | weapons=0 available
  track 2 (ASM, d=2.6km, v=0m/s) -> threat=101.38
  track 4 (ASM, d=3.6km, v=0m/s) -> threat=101.28

[DECISION] t=300.0s | tracks=2 | weapons=0 available
  track 2 (ASM, d=2.6km, v=0m/s) -> threat=101.38
  track 4 (ASM, d=3.6km, v=0m/s) -> threat=101.28

[DECISION] t=300.0s | tracks=2 | weapons=0 available
  track 2 (ASM, d=2.6km, v=0m/s) -> threat=101.38
  track 4 (ASM, d=3.6km, v=0m/s) -> threat=101.28

[DECISION] t=300.0s | tracks=2 | weapons=0 available
  track 2 (ASM, d=2.6km, v=0m/s) -> threat=101.38
  track 4 (ASM, d=3.6km, v=0m/s) -> threat=101.28

[DECISION] t=300.0s | tracks=2 | weapons=0 available
  track 2 (ASM, d=2.6km, v=0m/s) -> threat=101.38
  track 4 (ASM, d=3.6km, v=0m/s) -> threat=101.28

[DECISION] t=300.0s | tracks=2 | weapons=0 available
  track 2 (ASM, d=2.6km, v=0m/s) -> threat=101.38
  track 4 (ASM, d=3.6km, v=0m/s) -> threat=101.28

[DECISION] t=300.0s | tracks=2 | weapons=0 available
  track 2 (ASM, d=2.6km, v=0m/s) -> threat=101.38
  track 4 (ASM, d=3.6km, v=0m/s) -> threat=101.28

[DECISION] t=300.0s | tracks=2 | weapons=0 available
  track 2 (ASM, d=2.6km, v=0m/s) -> threat=101.38
  track 4 (ASM, d=3.6km, v=0m/s) -> threat=101.28

[DECISION] t=300.0s | tracks=2 | weapons=0 available
  track 2 (ASM, d=2.6km, v=0m/s) -> threat=101.38
  track 4 (ASM, d=3.6km, v=0m/s) -> threat=101.28

[DECISION] t=300.0s | tracks=2 | weapons=0 available
  track 2 (ASM, d=2.6km, v=0m/s) -> threat=101.38
  track 4 (ASM, d=3.6km, v=0m/s) -> threat=101.28

[DECISION] t=300.0s | tracks=2 | weapons=0 available
  track 2 (ASM, d=2.6km, v=0m/s) -> threat=101.38
  track 4 (ASM, d=3.6km, v=0m/s) -> threat=101.28

[DECISION] t=300.0s | tracks=2 | weapons=0 available
  track 2 (ASM, d=2.6km, v=0m/s) -> threat=101.38
  track 4 (ASM, d=3.6km, v=0m/s) -> threat=101.28

[DECISION] t=300.0s | tracks=2 | weapons=0 available
  track 2 (ASM, d=2.6km, v=0m/s) -> threat=101.38
  track 4 (ASM, d=3.6km, v=0m/s) -> threat=101.28

[DECISION] t=300.0s | tracks=2 | weapons=0 available
  track 2 (ASM, d=2.6km, v=0m/s) -> threat=101.38
  track 4 (ASM, d=3.6km, v=0m/s) -> threat=101.28

[DECISION] t=300.0s | tracks=2 | weapons=0 available
  track 2 (ASM, d=2.6km, v=0m/s) -> threat=101.38
  track 4 (ASM, d=3.6km, v=0m/s) -> threat=101.28

[DECISION] t=300.0s | tracks=2 | weapons=0 available
  track 2 (ASM, d=2.6km, v=0m/s) -> threat=101.38
  track 4 (ASM, d=3.6km, v=0m/s) -> threat=101.28

[DECISION] t=300.0s | tracks=2 | weapons=0 available
  track 2 (ASM, d=2.6km, v=0m/s) -> threat=101.38
  track 4 (ASM, d=3.6km, v=0m/s) -> threat=101.28

[DECISION] t=300.0s | tracks=2 | weapons=0 available
  track 2 (ASM, d=2.6km, v=0m/s) -> threat=101.38
  track 4 (ASM, d=3.6km, v=0m/s) -> threat=101.28

[DECISION] t=300.0s | tracks=2 | weapons=0 available
  track 2 (ASM, d=2.6km, v=0m/s) -> threat=101.38
  track 4 (ASM, d=3.6km, v=0m/s) -> threat=101.28

[DECISION] t=300.0s | tracks=2 | weapons=0 available
  track 2 (ASM, d=2.6km, v=0m/s) -> threat=101.38
  track 4 (ASM, d=3.6km, v=0m/s) -> threat=101.28

[DECISION] t=300.0s | tracks=2 | weapons=0 available
  track 2 (ASM, d=2.6km, v=0m/s) -> threat=101.38
  track 4 (ASM, d=3.6km, v=0m/s) -> threat=101.28

[DECISION] t=300.0s | tracks=2 | weapons=0 available
  track 2 (ASM, d=2.6km, v=0m/s) -> threat=101.38
  track 4 (ASM, d=3.6km, v=0m/s) -> threat=101.28

[DECISION] t=300.0s | tracks=2 | weapons=0 available
  track 2 (ASM, d=2.6km, v=0m/s) -> threat=101.38
  track 4 (ASM, d=3.6km, v=0m/s) -> threat=101.28

[DECISION] t=300.0s | tracks=2 | weapons=0 available
  track 2 (ASM, d=2.6km, v=0m/s) -> threat=101.38
  track 4 (ASM, d=3.6km, v=0m/s) -> threat=101.28

[DECISION] t=300.0s | tracks=2 | weapons=0 available
  track 2 (ASM, d=2.6km, v=0m/s) -> threat=101.38
  track 4 (ASM, d=3.6km, v=0m/s) -> threat=101.28

[DECISION] t=300.0s | tracks=2 | weapons=0 available
  track 2 (ASM, d=2.6km, v=0m/s) -> threat=101.38
  track 4 (ASM, d=3.6km, v=0m/s) -> threat=101.28

[DECISION] t=300.0s | tracks=2 | weapons=0 available
  track 2 (ASM, d=2.6km, v=0m/s) -> threat=101.38
  track 4 (ASM, d=3.6km, v=0m/s) -> threat=101.28

[DECISION] t=300.0s | tracks=2 | weapons=0 available
  track 2 (ASM, d=2.6km, v=0m/s) -> threat=101.38
  track 4 (ASM, d=3.6km, v=0m/s) -> threat=101.28

[DECISION] t=300.0s | tracks=2 | weapons=0 available
  track 2 (ASM, d=2.6km, v=0m/s) -> threat=101.38
  track 4 (ASM, d=3.6km, v=0m/s) -> threat=101.28

[DECISION] t=300.0s | tracks=2 | weapons=0 available
  track 2 (ASM, d=2.6km, v=0m/s) -> threat=101.38
  track 4 (ASM, d=3.6km, v=0m/s) -> threat=101.28

[DECISION] t=300.0s | tracks=2 | weapons=0 available
  track 2 (ASM, d=2.6km, v=0m/s) -> threat=101.38
  track 4 (ASM, d=3.6km, v=0m/s) -> threat=101.28

[DECISION] t=300.0s | tracks=2 | weapons=0 available
  track 2 (ASM, d=2.6km, v=0m/s) -> threat=101.38
  track 4 (ASM, d=3.6km, v=0m/s) -> threat=101.28

[DECISION] t=300.0s | tracks=2 | weapons=0 available
  track 2 (ASM, d=2.6km, v=0m/s) -> threat=101.38
  track 4 (ASM, d=3.6km, v=0m/s) -> threat=101.28

[DECISION] t=300.0s | tracks=2 | weapons=0 available
  track 2 (ASM, d=2.6km, v=0m/s) -> threat=101.38
  track 4 (ASM, d=3.6km, v=0m/s) -> threat=101.28

[DECISION] t=300.0s | tracks=2 | weapons=0 available
  track 2 (ASM, d=2.6km, v=0m/s) -> threat=101.38
  track 4 (ASM, d=3.6km, v=0m/s) -> threat=101.28

[DECISION] t=300.0s | tracks=2 | weapons=0 available
  track 2 (ASM, d=2.6km, v=0m/s) -> threat=101.38
  track 4 (ASM, d=3.6km, v=0m/s) -> threat=101.28

[DECISION] t=300.0s | tracks=2 | weapons=0 available
  track 2 (ASM, d=2.6km, v=0m/s) -> threat=101.38
  track 4 (ASM, d=3.6km, v=0m/s) -> threat=101.28

[KC] AFSIM exited: 0
  [WEAPON_FIRED] 00:00:25.5 WEAPON_FIRED radar1 asm1 radar1_aim120_sim_3_1 Engagement: 1 Start_Time: 00:00:25.5   Launch: LLA: 38:04:06.0
  [WEAPON_FIRED] 00:00:25.9 WEAPON_FIRED radar1 asm1 radar1_aim120_sim_4_1 Engagement: 2 Start_Time: 00:00:25.9   Launch: LLA: 38:04:06.0

============================================================
  杀伤链统计摘要
============================================================
  目标总数: 6
  拦截弹发射: 10
  命中: 1
  漏网(已判定): 0
  漏网(未判定): 5
  拦截率: 17%
  决策耗时: min=0.0ms max=127.1ms avg=9.3ms
  OODA延迟: min=0ms max=3939ms avg=2427ms
============================================================
