[KC] Starting: src/sim/kill_chain_np_multi.txt
[KC] Output EVT: C:\Users\15041\.openclaw\workspace\kill-chain-sim\output\kill_chain_np_multi.evt

[DECISION] t=300.0s | tracks=2 | weapons=6 available
  track 10 (ASM, d=0.0km, v=0m/s) -> threat=111.00
  track 12 (ASM, d=0.0km, v=0m/s) -> threat=111.00
    -> FIRE:aim120_sim_1:10
    -> FIRE:aim120_sim_2:12
  [FIRE] FIRE:aim120_sim_1:radar1:10
  [FIRE] FIRE:aim120_sim_2:radar1:12
  [RETRY] weapon aim120_sim_1 failed, will retry next frame
  [RETRY] weapon aim120_sim_2 failed, will retry next frame
  [ACK] No weapons confirmed fired, may retry next frame

[DECISION] t=0.2s | tracks=2 | weapons=6 available
  track 10 (ASM, d=0.0km, v=0m/s) -> threat=111.00
  track 12 (ASM, d=0.0km, v=0m/s) -> threat=111.00
    -> FIRE:aim120_sim_1:10
    -> FIRE:aim120_sim_2:12
  [FIRE] FIRE:aim120_sim_1:radar1:10
  [FIRE] FIRE:aim120_sim_2:radar1:12
  [ACK] Timeout, retrying (1/2)...
  [ACK] Timeout, retrying (2/2)...
  [ACK] No ACK after 3 attempts, continuing...

[DECISION] t=28.9s | tracks=2 | weapons=4 available
  track 10 (ASM, d=0.0km, v=0m/s) -> threat=111.00
  track 12 (ASM, d=0.0km, v=0m/s) -> threat=111.00
    -> FIRE:aim120_sim_3:10
    -> FIRE:aim120_sim_4:12
  [FIRE] FIRE:aim120_sim_3:radar1:10
  [FIRE] FIRE:aim120_sim_4:radar1:12
  [CONFIRMED] weapon aim120_sim_3 fired OK
  [CONFIRMED] weapon aim120_sim_4 fired OK

[DECISION] t=29.5s | tracks=2 | weapons=2 available
  track 10 (ASM, d=0.0km, v=0m/s) -> threat=111.00
  track 12 (ASM, d=0.0km, v=0m/s) -> threat=111.00
    -> FIRE:aim120_sim_5:10
    -> FIRE:aim120_sim_6:12
  [FIRE] FIRE:aim120_sim_5:radar1:10
  [FIRE] FIRE:aim120_sim_6:radar1:12
  [ACK] Timeout, retrying (1/2)...
  [ACK] Timeout, retrying (2/2)...
  [ACK] No ACK after 3 attempts, continuing...
  [WEAPON_FIRED] 00:00:29.5 WEAPON_FIRED radar1 asm2 radar1_aim120_sim_3_1 Engagement: 1 Start_Time: 00:00:29.5   Launch: LLA: 38:04:06.0
  [WEAPON_FIRED] 00:00:29.5 WEAPON_FIRED radar1 asm1 radar1_aim120_sim_4_1 Engagement: 2 Start_Time: 00:00:29.5   Launch: LLA: 38:04:06.0
  [MISSED] 00:00:33.6 WEAPON_MISSED radar1 asm1 radar1_aim120_sim_4_1 Engagement: 2 Start_Time: 00:00:29.5   Intercept_Pk: 0 Pk_Deg
  [MISSED] 00:00:34.0 WEAPON_MISSED radar1 asm2 radar1_aim120_sim_3_1 Engagement: 1 Start_Time: 00:00:29.5   Intercept_Pk: 0 Pk_Deg

[DECISION] t=45.1s | tracks=2 | weapons=0 available
  track 10 (ASM, d=0.0km, v=0m/s) -> threat=111.00
  track 12 (ASM, d=0.0km, v=0m/s) -> threat=111.00

[DECISION] t=45.3s | tracks=2 | weapons=0 available
  track 10 (ASM, d=0.0km, v=0m/s) -> threat=111.00
  track 12 (ASM, d=0.0km, v=0m/s) -> threat=111.00

[DECISION] t=45.4s | tracks=2 | weapons=0 available
  track 10 (ASM, d=0.0km, v=0m/s) -> threat=111.00
  track 12 (ASM, d=0.0km, v=0m/s) -> threat=111.00

[DECISION] t=45.6s | tracks=2 | weapons=0 available
  track 10 (ASM, d=0.0km, v=0m/s) -> threat=111.00
  track 12 (ASM, d=0.0km, v=0m/s) -> threat=111.00

[DECISION] t=45.8s | tracks=2 | weapons=0 available
  track 10 (ASM, d=0.0km, v=0m/s) -> threat=111.00
  track 12 (ASM, d=0.0km, v=0m/s) -> threat=111.00

[DECISION] t=46.0s | tracks=2 | weapons=0 available
  track 10 (ASM, d=0.0km, v=0m/s) -> threat=111.00
  track 12 (ASM, d=0.0km, v=0m/s) -> threat=111.00

[DECISION] t=46.3s | tracks=2 | weapons=0 available
  track 10 (ASM, d=0.0km, v=0m/s) -> threat=111.00
  track 12 (ASM, d=0.0km, v=0m/s) -> threat=111.00

[DECISION] t=46.5s | tracks=2 | weapons=0 available
  track 10 (ASM, d=0.0km, v=0m/s) -> threat=111.00
  track 12 (ASM, d=0.0km, v=0m/s) -> threat=111.00

[DECISION] t=46.9s | tracks=2 | weapons=0 available
  track 10 (ASM, d=0.0km, v=0m/s) -> threat=111.00
  track 12 (ASM, d=0.0km, v=0m/s) -> threat=111.00

[DECISION] t=47.1s | tracks=2 | weapons=0 available
  track 10 (ASM, d=0.0km, v=0m/s) -> threat=111.00
  track 12 (ASM, d=0.0km, v=0m/s) -> threat=111.00

[DECISION] t=47.2s | tracks=2 | weapons=0 available
  track 10 (ASM, d=0.0km, v=0m/s) -> threat=111.00
  track 12 (ASM, d=0.0km, v=0m/s) -> threat=111.00

[DECISION] t=47.4s | tracks=2 | weapons=0 available
  track 10 (ASM, d=0.0km, v=0m/s) -> threat=111.00
  track 12 (ASM, d=0.0km, v=0m/s) -> threat=111.00

[DECISION] t=47.6s | tracks=2 | weapons=0 available
  track 10 (ASM, d=0.0km, v=0m/s) -> threat=111.00
  track 12 (ASM, d=0.0km, v=0m/s) -> threat=111.00

[DECISION] t=47.8s | tracks=2 | weapons=0 available
  track 10 (ASM, d=0.0km, v=0m/s) -> threat=111.00
  track 12 (ASM, d=0.0km, v=0m/s) -> threat=111.00

[DECISION] t=48.0s | tracks=2 | weapons=0 available
  track 10 (ASM, d=0.0km, v=0m/s) -> threat=111.00
  track 12 (ASM, d=0.0km, v=0m/s) -> threat=111.00

[DECISION] t=48.2s | tracks=2 | weapons=0 available
  track 10 (ASM, d=0.0km, v=0m/s) -> threat=111.00
  track 12 (ASM, d=0.0km, v=0m/s) -> threat=111.00

[DECISION] t=48.4s | tracks=2 | weapons=0 available
  track 10 (ASM, d=0.0km, v=0m/s) -> threat=111.00
  track 12 (ASM, d=0.0km, v=0m/s) -> threat=111.00

[DECISION] t=48.6s | tracks=2 | weapons=0 available
  track 10 (ASM, d=0.0km, v=0m/s) -> threat=111.00
  track 12 (ASM, d=0.0km, v=0m/s) -> threat=111.00

[DECISION] t=48.9s | tracks=2 | weapons=0 available
  track 10 (ASM, d=0.0km, v=0m/s) -> threat=111.00
  track 12 (ASM, d=0.0km, v=0m/s) -> threat=111.00

[DECISION] t=49.0s | tracks=2 | weapons=0 available
  track 10 (ASM, d=0.0km, v=0m/s) -> threat=111.00
  track 12 (ASM, d=0.0km, v=0m/s) -> threat=111.00

[DECISION] t=49.2s | tracks=2 | weapons=0 available
  track 10 (ASM, d=0.0km, v=0m/s) -> threat=111.00
  track 12 (ASM, d=0.0km, v=0m/s) -> threat=111.00

[DECISION] t=49.5s | tracks=2 | weapons=0 available
  track 10 (ASM, d=0.0km, v=0m/s) -> threat=111.00
  track 12 (ASM, d=0.0km, v=0m/s) -> threat=111.00

[DECISION] t=49.8s | tracks=2 | weapons=0 available
  track 10 (ASM, d=0.0km, v=0m/s) -> threat=111.00
  track 12 (ASM, d=0.0km, v=0m/s) -> threat=111.00

[DECISION] t=49.9s | tracks=2 | weapons=0 available
  track 10 (ASM, d=0.0km, v=0m/s) -> threat=111.00
  track 12 (ASM, d=0.0km, v=0m/s) -> threat=111.00

[DECISION] t=50.1s | tracks=2 | weapons=0 available
  track 10 (ASM, d=0.0km, v=0m/s) -> threat=111.00
  track 12 (ASM, d=0.0km, v=0m/s) -> threat=111.00

[DECISION] t=50.3s | tracks=2 | weapons=0 available
  track 10 (ASM, d=0.0km, v=0m/s) -> threat=111.00
  track 12 (ASM, d=0.0km, v=0m/s) -> threat=111.00

[DECISION] t=50.4s | tracks=2 | weapons=0 available
  track 10 (ASM, d=0.0km, v=0m/s) -> threat=111.00
  track 12 (ASM, d=0.0km, v=0m/s) -> threat=111.00

[DECISION] t=50.7s | tracks=2 | weapons=0 available
  track 10 (ASM, d=0.0km, v=0m/s) -> threat=111.00
  track 12 (ASM, d=0.0km, v=0m/s) -> threat=111.00

[DECISION] t=51.0s | tracks=2 | weapons=0 available
  track 10 (ASM, d=0.0km, v=0m/s) -> threat=111.00
  track 12 (ASM, d=0.0km, v=0m/s) -> threat=111.00

[DECISION] t=51.2s | tracks=2 | weapons=0 available
  track 10 (ASM, d=0.0km, v=0m/s) -> threat=111.00
  track 12 (ASM, d=0.0km, v=0m/s) -> threat=111.00

[DECISION] t=51.4s | tracks=2 | weapons=0 available
  track 10 (ASM, d=0.0km, v=0m/s) -> threat=111.00
  track 12 (ASM, d=0.0km, v=0m/s) -> threat=111.00

[DECISION] t=51.6s | tracks=2 | weapons=0 available
  track 10 (ASM, d=0.0km, v=0m/s) -> threat=111.00
  track 12 (ASM, d=0.0km, v=0m/s) -> threat=111.00

[DECISION] t=51.8s | tracks=2 | weapons=0 available
  track 10 (ASM, d=0.0km, v=0m/s) -> threat=111.00
  track 12 (ASM, d=0.0km, v=0m/s) -> threat=111.00

[DECISION] t=52.0s | tracks=2 | weapons=0 available
  track 10 (ASM, d=0.0km, v=0m/s) -> threat=111.00
  track 12 (ASM, d=0.0km, v=0m/s) -> threat=111.00

[DECISION] t=52.3s | tracks=2 | weapons=0 available
  track 10 (ASM, d=0.0km, v=0m/s) -> threat=111.00
  track 12 (ASM, d=0.0km, v=0m/s) -> threat=111.00

[DECISION] t=0.0s | tracks=2 | weapons=0 available
  track 10 (ASM, d=0.0km, v=0m/s) -> threat=111.00
  track 12 (ASM, d=0.0km, v=0m/s) -> threat=111.00

[DECISION] t=52.7s | tracks=2 | weapons=0 available
  track 10 (ASM, d=0.0km, v=0m/s) -> threat=111.00
  track 12 (ASM, d=0.0km, v=0m/s) -> threat=111.00

[DECISION] t=52.9s | tracks=2 | weapons=0 available
  track 10 (ASM, d=0.0km, v=0m/s) -> threat=111.00
  track 12 (ASM, d=0.0km, v=0m/s) -> threat=111.00

[DECISION] t=53.1s | tracks=2 | weapons=0 available
  track 10 (ASM, d=0.0km, v=0m/s) -> threat=111.00
  track 12 (ASM, d=0.0km, v=0m/s) -> threat=111.00

[DECISION] t=53.4s | tracks=2 | weapons=0 available
  track 10 (ASM, d=0.0km, v=0m/s) -> threat=111.00
  track 12 (ASM, d=0.0km, v=0m/s) -> threat=111.00

[DECISION] t=53.6s | tracks=2 | weapons=0 available
  track 10 (ASM, d=0.0km, v=0m/s) -> threat=111.00
  track 12 (ASM, d=0.0km, v=0m/s) -> threat=111.00

[DECISION] t=53.7s | tracks=2 | weapons=0 available
  track 10 (ASM, d=0.0km, v=0m/s) -> threat=111.00
  track 12 (ASM, d=0.0km, v=0m/s) -> threat=111.00

[DECISION] t=54.2s | tracks=2 | weapons=0 available
  track 10 (ASM, d=0.0km, v=0m/s) -> threat=111.00
  track 12 (ASM, d=0.0km, v=0m/s) -> threat=111.00

[DECISION] t=0.0s | tracks=2 | weapons=0 available
  track 10 (ASM, d=0.0km, v=0m/s) -> threat=111.00
  track 12 (ASM, d=0.0km, v=0m/s) -> threat=111.00

[DECISION] t=54.5s | tracks=2 | weapons=0 available
  track 10 (ASM, d=0.0km, v=0m/s) -> threat=111.00
  track 12 (ASM, d=0.0km, v=0m/s) -> threat=111.00

[DECISION] t=54.8s | tracks=2 | weapons=0 available
  track 10 (ASM, d=0.0km, v=0m/s) -> threat=111.00
  track 12 (ASM, d=0.0km, v=0m/s) -> threat=111.00

[DECISION] t=55.0s | tracks=2 | weapons=0 available
  track 10 (ASM, d=0.0km, v=0m/s) -> threat=111.00
  track 12 (ASM, d=0.0km, v=0m/s) -> threat=111.00

[DECISION] t=55.2s | tracks=2 | weapons=0 available
  track 10 (ASM, d=0.0km, v=0m/s) -> threat=111.00
  track 12 (ASM, d=0.0km, v=0m/s) -> threat=111.00

[DECISION] t=0.0s | tracks=2 | weapons=0 available
  track 10 (ASM, d=0.0km, v=0m/s) -> threat=111.00
  track 12 (ASM, d=0.0km, v=0m/s) -> threat=111.00

[DECISION] t=55.6s | tracks=2 | weapons=0 available
  track 10 (ASM, d=0.0km, v=0m/s) -> threat=111.00
  track 12 (ASM, d=0.0km, v=0m/s) -> threat=111.00

[DECISION] t=55.8s | tracks=2 | weapons=0 available
  track 10 (ASM, d=0.0km, v=0m/s) -> threat=111.00
  track 12 (ASM, d=0.0km, v=0m/s) -> threat=111.00

[DECISION] t=55.9s | tracks=2 | weapons=0 available
  track 10 (ASM, d=0.0km, v=0m/s) -> threat=111.00
  track 12 (ASM, d=0.0km, v=0m/s) -> threat=111.00

[DECISION] t=56.2s | tracks=2 | weapons=0 available
  track 10 (ASM, d=0.0km, v=0m/s) -> threat=111.00
  track 12 (ASM, d=0.0km, v=0m/s) -> threat=111.00

[DECISION] t=56.4s | tracks=2 | weapons=0 available
  track 10 (ASM, d=0.0km, v=0m/s) -> threat=111.00
  track 12 (ASM, d=0.0km, v=0m/s) -> threat=111.00

[DECISION] t=0.0s | tracks=2 | weapons=0 available
  track 10 (ASM, d=0.0km, v=0m/s) -> threat=111.00
  track 12 (ASM, d=0.0km, v=0m/s) -> threat=111.00

[DECISION] t=56.7s | tracks=2 | weapons=0 available
  track 10 (ASM, d=0.0km, v=0m/s) -> threat=111.00
  track 12 (ASM, d=0.0km, v=0m/s) -> threat=111.00

[DECISION] t=56.9s | tracks=2 | weapons=0 available
  track 10 (ASM, d=0.0km, v=0m/s) -> threat=111.00
  track 12 (ASM, d=0.0km, v=0m/s) -> threat=111.00

[DECISION] t=57.2s | tracks=2 | weapons=0 available
  track 10 (ASM, d=0.0km, v=0m/s) -> threat=111.00
  track 12 (ASM, d=0.0km, v=0m/s) -> threat=111.00

[DECISION] t=57.4s | tracks=2 | weapons=0 available
  track 10 (ASM, d=0.0km, v=0m/s) -> threat=111.00
  track 12 (ASM, d=0.0km, v=0m/s) -> threat=111.00

[DECISION] t=57.5s | tracks=2 | weapons=0 available
  track 10 (ASM, d=0.0km, v=0m/s) -> threat=111.00
  track 12 (ASM, d=0.0km, v=0m/s) -> threat=111.00

[DECISION] t=0.0s | tracks=2 | weapons=0 available
  track 10 (ASM, d=0.0km, v=0m/s) -> threat=111.00
  track 12 (ASM, d=0.0km, v=0m/s) -> threat=111.00

[DECISION] t=57.9s | tracks=2 | weapons=0 available
  track 10 (ASM, d=0.0km, v=0m/s) -> threat=111.00
  track 12 (ASM, d=0.0km, v=0m/s) -> threat=111.00

[DECISION] t=58.0s | tracks=2 | weapons=0 available
  track 10 (ASM, d=0.0km, v=0m/s) -> threat=111.00
  track 12 (ASM, d=0.0km, v=0m/s) -> threat=111.00

[DECISION] t=58.2s | tracks=2 | weapons=0 available
  track 10 (ASM, d=0.0km, v=0m/s) -> threat=111.00
  track 12 (ASM, d=0.0km, v=0m/s) -> threat=111.00

[DECISION] t=58.3s | tracks=2 | weapons=0 available
  track 10 (ASM, d=0.0km, v=0m/s) -> threat=111.00
  track 12 (ASM, d=0.0km, v=0m/s) -> threat=111.00

[DECISION] t=58.4s | tracks=2 | weapons=0 available
  track 10 (ASM, d=0.0km, v=0m/s) -> threat=111.00
  track 12 (ASM, d=0.0km, v=0m/s) -> threat=111.00

[DECISION] t=0.0s | tracks=2 | weapons=0 available
  track 10 (ASM, d=0.0km, v=0m/s) -> threat=111.00
  track 12 (ASM, d=0.0km, v=0m/s) -> threat=111.00

[DECISION] t=0.0s | tracks=2 | weapons=0 available
  track 10 (ASM, d=0.0km, v=0m/s) -> threat=111.00
  track 12 (ASM, d=0.0km, v=0m/s) -> threat=111.00

[DECISION] t=59.0s | tracks=2 | weapons=0 available
  track 10 (ASM, d=0.0km, v=0m/s) -> threat=111.00
  track 12 (ASM, d=0.0km, v=0m/s) -> threat=111.00

[DECISION] t=59.2s | tracks=2 | weapons=0 available
  track 10 (ASM, d=0.0km, v=0m/s) -> threat=111.00
  track 12 (ASM, d=0.0km, v=0m/s) -> threat=111.00

[DECISION] t=59.4s | tracks=2 | weapons=0 available
  track 10 (ASM, d=0.0km, v=0m/s) -> threat=111.00
  track 12 (ASM, d=0.0km, v=0m/s) -> threat=111.00

[DECISION] t=59.5s | tracks=2 | weapons=0 available
  track 10 (ASM, d=0.0km, v=0m/s) -> threat=111.00
  track 12 (ASM, d=0.0km, v=0m/s) -> threat=111.00

[DECISION] t=59.8s | tracks=2 | weapons=0 available
  track 10 (ASM, d=0.0km, v=0m/s) -> threat=111.00
  track 12 (ASM, d=0.0km, v=0m/s) -> threat=111.00

[DECISION] t=59.9s | tracks=2 | weapons=0 available
  track 10 (ASM, d=0.0km, v=0m/s) -> threat=111.00
  track 12 (ASM, d=0.0km, v=0m/s) -> threat=111.00

[DECISION] t=0.0s | tracks=2 | weapons=0 available
  track 10 (ASM, d=0.0km, v=0m/s) -> threat=111.00
  track 12 (ASM, d=0.0km, v=0m/s) -> threat=111.00

[DECISION] t=60.3s | tracks=2 | weapons=0 available
  track 10 (ASM, d=0.0km, v=0m/s) -> threat=111.00
  track 12 (ASM, d=0.0km, v=0m/s) -> threat=111.00

[DECISION] t=60.4s | tracks=2 | weapons=0 available
  track 10 (ASM, d=0.0km, v=0m/s) -> threat=111.00
  track 12 (ASM, d=0.0km, v=0m/s) -> threat=111.00

[DECISION] t=60.7s | tracks=2 | weapons=0 available
  track 10 (ASM, d=0.0km, v=0m/s) -> threat=111.00
  track 12 (ASM, d=0.0km, v=0m/s) -> threat=111.00

[DECISION] t=60.8s | tracks=2 | weapons=0 available
  track 10 (ASM, d=0.0km, v=0m/s) -> threat=111.00
  track 12 (ASM, d=0.0km, v=0m/s) -> threat=111.00

[DECISION] t=61.0s | tracks=2 | weapons=0 available
  track 10 (ASM, d=0.0km, v=0m/s) -> threat=111.00
  track 12 (ASM, d=0.0km, v=0m/s) -> threat=111.00

[DECISION] t=61.2s | tracks=2 | weapons=0 available
  track 10 (ASM, d=0.0km, v=0m/s) -> threat=111.00
  track 12 (ASM, d=0.0km, v=0m/s) -> threat=111.00

[DECISION] t=61.3s | tracks=2 | weapons=0 available
  track 10 (ASM, d=0.0km, v=0m/s) -> threat=111.00
  track 12 (ASM, d=0.0km, v=0m/s) -> threat=111.00

[DECISION] t=61.4s | tracks=2 | weapons=0 available
  track 10 (ASM, d=0.0km, v=0m/s) -> threat=111.00
  track 12 (ASM, d=0.0km, v=0m/s) -> threat=111.00

[DECISION] t=61.6s | tracks=2 | weapons=0 available
  track 10 (ASM, d=0.0km, v=0m/s) -> threat=111.00
  track 12 (ASM, d=0.0km, v=0m/s) -> threat=111.00

[DECISION] t=61.8s | tracks=2 | weapons=0 available
  track 10 (ASM, d=0.0km, v=0m/s) -> threat=111.00
  track 12 (ASM, d=0.0km, v=0m/s) -> threat=111.00

[DECISION] t=61.9s | tracks=2 | weapons=0 available
  track 10 (ASM, d=0.0km, v=0m/s) -> threat=111.00
  track 12 (ASM, d=0.0km, v=0m/s) -> threat=111.00

[DECISION] t=62.1s | tracks=2 | weapons=0 available
  track 10 (ASM, d=0.0km, v=0m/s) -> threat=111.00
  track 12 (ASM, d=0.0km, v=0m/s) -> threat=111.00

[DECISION] t=62.2s | tracks=2 | weapons=0 available
  track 10 (ASM, d=0.0km, v=0m/s) -> threat=111.00
  track 12 (ASM, d=0.0km, v=0m/s) -> threat=111.00

[DECISION] t=62.4s | tracks=2 | weapons=0 available
  track 10 (ASM, d=0.0km, v=0m/s) -> threat=111.00
  track 12 (ASM, d=0.0km, v=0m/s) -> threat=111.00

[DECISION] t=62.6s | tracks=2 | weapons=0 available
  track 10 (ASM, d=0.0km, v=0m/s) -> threat=111.00
  track 12 (ASM, d=0.0km, v=0m/s) -> threat=111.00

[DECISION] t=62.9s | tracks=2 | weapons=0 available
  track 10 (ASM, d=0.0km, v=0m/s) -> threat=111.00
  track 12 (ASM, d=0.0km, v=0m/s) -> threat=111.00

[DECISION] t=63.1s | tracks=2 | weapons=0 available
  track 10 (ASM, d=0.0km, v=0m/s) -> threat=111.00
  track 12 (ASM, d=0.0km, v=0m/s) -> threat=111.00

[DECISION] t=63.3s | tracks=2 | weapons=0 available
  track 10 (ASM, d=0.0km, v=0m/s) -> threat=111.00
  track 12 (ASM, d=0.0km, v=0m/s) -> threat=111.00

[DECISION] t=63.5s | tracks=2 | weapons=0 available
  track 10 (ASM, d=0.0km, v=0m/s) -> threat=111.00
  track 12 (ASM, d=0.0km, v=0m/s) -> threat=111.00

[DECISION] t=63.7s | tracks=2 | weapons=0 available
  track 10 (ASM, d=0.0km, v=0m/s) -> threat=111.00
  track 12 (ASM, d=0.0km, v=0m/s) -> threat=111.00

[DECISION] t=64.0s | tracks=2 | weapons=0 available
  track 10 (ASM, d=0.0km, v=0m/s) -> threat=111.00
  track 12 (ASM, d=0.0km, v=0m/s) -> threat=111.00

[DECISION] t=64.4s | tracks=2 | weapons=0 available
  track 10 (ASM, d=0.0km, v=0m/s) -> threat=111.00
  track 12 (ASM, d=0.0km, v=0m/s) -> threat=111.00

[DECISION] t=64.6s | tracks=2 | weapons=0 available
  track 10 (ASM, d=0.0km, v=0m/s) -> threat=111.00
  track 12 (ASM, d=0.0km, v=0m/s) -> threat=111.00

[DECISION] t=64.8s | tracks=2 | weapons=0 available
  track 10 (ASM, d=0.0km, v=0m/s) -> threat=111.00
  track 12 (ASM, d=0.0km, v=0m/s) -> threat=111.00

[DECISION] t=65.0s | tracks=2 | weapons=0 available
  track 10 (ASM, d=0.0km, v=0m/s) -> threat=111.00
  track 12 (ASM, d=0.0km, v=0m/s) -> threat=111.00

[DECISION] t=65.2s | tracks=2 | weapons=0 available
  track 10 (ASM, d=0.0km, v=0m/s) -> threat=111.00
  track 12 (ASM, d=0.0km, v=0m/s) -> threat=111.00

[DECISION] t=65.6s | tracks=2 | weapons=0 available
  track 10 (ASM, d=0.0km, v=0m/s) -> threat=111.00
  track 12 (ASM, d=0.0km, v=0m/s) -> threat=111.00

[DECISION] t=65.8s | tracks=2 | weapons=0 available
  track 10 (ASM, d=0.0km, v=0m/s) -> threat=111.00
  track 12 (ASM, d=0.0km, v=0m/s) -> threat=111.00

[DECISION] t=66.0s | tracks=2 | weapons=0 available
  track 10 (ASM, d=0.0km, v=0m/s) -> threat=111.00
  track 12 (ASM, d=0.0km, v=0m/s) -> threat=111.00

[DECISION] t=66.2s | tracks=2 | weapons=0 available
  track 10 (ASM, d=0.0km, v=0m/s) -> threat=111.00
  track 12 (ASM, d=0.0km, v=0m/s) -> threat=111.00

[DECISION] t=66.4s | tracks=2 | weapons=0 available
  track 10 (ASM, d=0.0km, v=0m/s) -> threat=111.00
  track 12 (ASM, d=0.0km, v=0m/s) -> threat=111.00

[DECISION] t=66.6s | tracks=2 | weapons=0 available
  track 10 (ASM, d=0.0km, v=0m/s) -> threat=111.00
  track 12 (ASM, d=0.0km, v=0m/s) -> threat=111.00

[DECISION] t=66.8s | tracks=2 | weapons=0 available
  track 10 (ASM, d=0.0km, v=0m/s) -> threat=111.00
  track 12 (ASM, d=0.0km, v=0m/s) -> threat=111.00

[DECISION] t=67.0s | tracks=2 | weapons=0 available
  track 10 (ASM, d=0.0km, v=0m/s) -> threat=111.00
  track 12 (ASM, d=0.0km, v=0m/s) -> threat=111.00

[DECISION] t=67.2s | tracks=2 | weapons=0 available
  track 10 (ASM, d=0.0km, v=0m/s) -> threat=111.00
  track 12 (ASM, d=0.0km, v=0m/s) -> threat=111.00

[DECISION] t=67.4s | tracks=2 | weapons=0 available
  track 10 (ASM, d=0.0km, v=0m/s) -> threat=111.00
  track 12 (ASM, d=0.0km, v=0m/s) -> threat=111.00

[DECISION] t=67.6s | tracks=2 | weapons=0 available
  track 10 (ASM, d=0.0km, v=0m/s) -> threat=111.00
  track 12 (ASM, d=0.0km, v=0m/s) -> threat=111.00

[DECISION] t=67.8s | tracks=2 | weapons=0 available
  track 10 (ASM, d=0.0km, v=0m/s) -> threat=111.00
  track 12 (ASM, d=0.0km, v=0m/s) -> threat=111.00

[DECISION] t=68.0s | tracks=2 | weapons=0 available
  track 10 (ASM, d=0.0km, v=0m/s) -> threat=111.00
  track 12 (ASM, d=0.0km, v=0m/s) -> threat=111.00

[DECISION] t=0.0s | tracks=2 | weapons=0 available
  track 10 (ASM, d=0.0km, v=0m/s) -> threat=111.00
  track 12 (ASM, d=0.0km, v=0m/s) -> threat=111.00

[DECISION] t=68.6s | tracks=2 | weapons=0 available
  track 10 (ASM, d=0.0km, v=0m/s) -> threat=111.00
  track 12 (ASM, d=0.0km, v=0m/s) -> threat=111.00

[DECISION] t=68.8s | tracks=2 | weapons=0 available
  track 10 (ASM, d=0.0km, v=0m/s) -> threat=111.00
  track 12 (ASM, d=0.0km, v=0m/s) -> threat=111.00

[DECISION] t=69.0s | tracks=2 | weapons=0 available
  track 10 (ASM, d=0.0km, v=0m/s) -> threat=111.00
  track 12 (ASM, d=0.0km, v=0m/s) -> threat=111.00

[DECISION] t=69.2s | tracks=2 | weapons=0 available
  track 10 (ASM, d=0.0km, v=0m/s) -> threat=111.00
  track 12 (ASM, d=0.0km, v=0m/s) -> threat=111.00

[DECISION] t=69.6s | tracks=2 | weapons=0 available
  track 10 (ASM, d=0.0km, v=0m/s) -> threat=111.00
  track 12 (ASM, d=0.0km, v=0m/s) -> threat=111.00

[DECISION] t=70.2s | tracks=2 | weapons=0 available
  track 10 (ASM, d=0.0km, v=0m/s) -> threat=111.00
  track 12 (ASM, d=0.0km, v=0m/s) -> threat=111.00

[DECISION] t=70.6s | tracks=2 | weapons=0 available
  track 10 (ASM, d=0.0km, v=0m/s) -> threat=111.00
  track 12 (ASM, d=0.0km, v=0m/s) -> threat=111.00

[DECISION] t=70.8s | tracks=2 | weapons=0 available
  track 10 (ASM, d=0.0km, v=0m/s) -> threat=111.00
  track 12 (ASM, d=0.0km, v=0m/s) -> threat=111.00

[DECISION] t=70.8s | tracks=2 | weapons=0 available
  track 10 (ASM, d=0.0km, v=0m/s) -> threat=111.00
  track 12 (ASM, d=0.0km, v=0m/s) -> threat=111.00

[DECISION] t=71.0s | tracks=2 | weapons=0 available
  track 10 (ASM, d=0.0km, v=0m/s) -> threat=111.00
  track 12 (ASM, d=0.0km, v=0m/s) -> threat=111.00

[DECISION] t=71.2s | tracks=2 | weapons=0 available
  track 10 (ASM, d=0.0km, v=0m/s) -> threat=111.00
  track 12 (ASM, d=0.0km, v=0m/s) -> threat=111.00

[DECISION] t=71.4s | tracks=2 | weapons=0 available
  track 10 (ASM, d=0.0km, v=0m/s) -> threat=111.00
  track 12 (ASM, d=0.0km, v=0m/s) -> threat=111.00

[DECISION] t=71.6s | tracks=2 | weapons=0 available
  track 10 (ASM, d=0.0km, v=0m/s) -> threat=111.00
  track 12 (ASM, d=0.0km, v=0m/s) -> threat=111.00

[DECISION] t=71.8s | tracks=2 | weapons=0 available
  track 10 (ASM, d=0.0km, v=0m/s) -> threat=111.00
  track 12 (ASM, d=0.0km, v=0m/s) -> threat=111.00

[DECISION] t=72.2s | tracks=2 | weapons=0 available
  track 10 (ASM, d=0.0km, v=0m/s) -> threat=111.00
  track 12 (ASM, d=0.0km, v=0m/s) -> threat=111.00

[DECISION] t=72.4s | tracks=2 | weapons=0 available
  track 10 (ASM, d=0.0km, v=0m/s) -> threat=111.00
  track 12 (ASM, d=0.0km, v=0m/s) -> threat=111.00

[DECISION] t=72.8s | tracks=2 | weapons=0 available
  track 10 (ASM, d=0.0km, v=0m/s) -> threat=111.00
  track 12 (ASM, d=0.0km, v=0m/s) -> threat=111.00

[DECISION] t=73.0s | tracks=2 | weapons=0 available
  track 10 (ASM, d=0.0km, v=0m/s) -> threat=111.00
  track 12 (ASM, d=0.0km, v=0m/s) -> threat=111.00

[DECISION] t=73.2s | tracks=2 | weapons=0 available
  track 10 (ASM, d=0.0km, v=0m/s) -> threat=111.00
  track 12 (ASM, d=0.0km, v=0m/s) -> threat=111.00

[DECISION] t=73.4s | tracks=2 | weapons=0 available
  track 10 (ASM, d=0.0km, v=0m/s) -> threat=111.00
  track 12 (ASM, d=0.0km, v=0m/s) -> threat=111.00

[DECISION] t=73.8s | tracks=2 | weapons=0 available
  track 10 (ASM, d=0.0km, v=0m/s) -> threat=111.00
  track 12 (ASM, d=0.0km, v=0m/s) -> threat=111.00

[DECISION] t=73.8s | tracks=2 | weapons=0 available
  track 10 (ASM, d=0.0km, v=0m/s) -> threat=111.00
  track 12 (ASM, d=0.0km, v=0m/s) -> threat=111.00

[DECISION] t=74.0s | tracks=2 | weapons=0 available
  track 10 (ASM, d=0.0km, v=0m/s) -> threat=111.00
  track 12 (ASM, d=0.0km, v=0m/s) -> threat=111.00

[DECISION] t=74.2s | tracks=2 | weapons=0 available
  track 10 (ASM, d=0.0km, v=0m/s) -> threat=111.00
  track 12 (ASM, d=0.0km, v=0m/s) -> threat=111.00

[DECISION] t=74.4s | tracks=2 | weapons=0 available
  track 10 (ASM, d=0.0km, v=0m/s) -> threat=111.00
  track 12 (ASM, d=0.0km, v=0m/s) -> threat=111.00

[DECISION] t=74.8s | tracks=2 | weapons=0 available
  track 10 (ASM, d=0.0km, v=0m/s) -> threat=111.00
  track 12 (ASM, d=0.0km, v=0m/s) -> threat=111.00

[DECISION] t=75.0s | tracks=2 | weapons=0 available
  track 10 (ASM, d=0.0km, v=0m/s) -> threat=111.00
  track 12 (ASM, d=0.0km, v=0m/s) -> threat=111.00

[DECISION] t=75.4s | tracks=2 | weapons=0 available
  track 10 (ASM, d=0.0km, v=0m/s) -> threat=111.00
  track 12 (ASM, d=0.0km, v=0m/s) -> threat=111.00

[DECISION] t=75.6s | tracks=2 | weapons=0 available
  track 10 (ASM, d=0.0km, v=0m/s) -> threat=111.00
  track 12 (ASM, d=0.0km, v=0m/s) -> threat=111.00

[DECISION] t=75.8s | tracks=2 | weapons=0 available
  track 10 (ASM, d=0.0km, v=0m/s) -> threat=111.00
  track 12 (ASM, d=0.0km, v=0m/s) -> threat=111.00

[DECISION] t=76.0s | tracks=2 | weapons=0 available
  track 10 (ASM, d=0.0km, v=0m/s) -> threat=111.00
  track 12 (ASM, d=0.0km, v=0m/s) -> threat=111.00

[DECISION] t=76.2s | tracks=2 | weapons=0 available
  track 10 (ASM, d=0.0km, v=0m/s) -> threat=111.00
  track 12 (ASM, d=0.0km, v=0m/s) -> threat=111.00

[DECISION] t=76.4s | tracks=2 | weapons=0 available
  track 10 (ASM, d=0.0km, v=0m/s) -> threat=111.00
  track 12 (ASM, d=0.0km, v=0m/s) -> threat=111.00

[DECISION] t=76.6s | tracks=2 | weapons=0 available
  track 10 (ASM, d=0.0km, v=0m/s) -> threat=111.00
  track 12 (ASM, d=0.0km, v=0m/s) -> threat=111.00

[DECISION] t=76.8s | tracks=2 | weapons=0 available
  track 10 (ASM, d=0.0km, v=0m/s) -> threat=111.00
  track 12 (ASM, d=0.0km, v=0m/s) -> threat=111.00

[DECISION] t=77.0s | tracks=2 | weapons=0 available
  track 10 (ASM, d=0.0km, v=0m/s) -> threat=111.00
  track 12 (ASM, d=0.0km, v=0m/s) -> threat=111.00

[DECISION] t=77.2s | tracks=2 | weapons=0 available
  track 10 (ASM, d=0.0km, v=0m/s) -> threat=111.00
  track 12 (ASM, d=0.0km, v=0m/s) -> threat=111.00

[DECISION] t=77.6s | tracks=2 | weapons=0 available
  track 10 (ASM, d=0.0km, v=0m/s) -> threat=111.00
  track 12 (ASM, d=0.0km, v=0m/s) -> threat=111.00

[DECISION] t=78.0s | tracks=2 | weapons=0 available
  track 10 (ASM, d=0.0km, v=0m/s) -> threat=111.00
  track 12 (ASM, d=0.0km, v=0m/s) -> threat=111.00

[DECISION] t=78.6s | tracks=2 | weapons=0 available
  track 10 (ASM, d=0.0km, v=0m/s) -> threat=111.00
  track 12 (ASM, d=0.0km, v=0m/s) -> threat=111.00

[DECISION] t=78.8s | tracks=2 | weapons=0 available
  track 10 (ASM, d=0.0km, v=0m/s) -> threat=111.00
  track 12 (ASM, d=0.0km, v=0m/s) -> threat=111.00

[DECISION] t=79.0s | tracks=2 | weapons=0 available
  track 10 (ASM, d=0.0km, v=0m/s) -> threat=111.00
  track 12 (ASM, d=0.0km, v=0m/s) -> threat=111.00

[DECISION] t=79.4s | tracks=2 | weapons=0 available
  track 10 (ASM, d=0.0km, v=0m/s) -> threat=111.00
  track 12 (ASM, d=0.0km, v=0m/s) -> threat=111.00

[DECISION] t=79.8s | tracks=2 | weapons=0 available
  track 10 (ASM, d=0.0km, v=0m/s) -> threat=111.00
  track 12 (ASM, d=0.0km, v=0m/s) -> threat=111.00

[DECISION] t=79.8s | tracks=2 | weapons=0 available
  track 10 (ASM, d=0.0km, v=0m/s) -> threat=111.00
  track 12 (ASM, d=0.0km, v=0m/s) -> threat=111.00

[DECISION] t=80.0s | tracks=2 | weapons=0 available
  track 10 (ASM, d=0.0km, v=0m/s) -> threat=111.00
  track 12 (ASM, d=0.0km, v=0m/s) -> threat=111.00

[DECISION] t=80.2s | tracks=2 | weapons=0 available
  track 10 (ASM, d=0.0km, v=0m/s) -> threat=111.00
  track 12 (ASM, d=0.0km, v=0m/s) -> threat=111.00

[DECISION] t=80.4s | tracks=2 | weapons=0 available
  track 10 (ASM, d=0.0km, v=0m/s) -> threat=111.00
  track 12 (ASM, d=0.0km, v=0m/s) -> threat=111.00

[DECISION] t=80.6s | tracks=2 | weapons=0 available
  track 10 (ASM, d=0.0km, v=0m/s) -> threat=111.00
  track 12 (ASM, d=0.0km, v=0m/s) -> threat=111.00

[DECISION] t=80.8s | tracks=2 | weapons=0 available
  track 10 (ASM, d=0.0km, v=0m/s) -> threat=111.00
  track 12 (ASM, d=0.0km, v=0m/s) -> threat=111.00

[DECISION] t=81.0s | tracks=2 | weapons=0 available
  track 10 (ASM, d=0.0km, v=0m/s) -> threat=111.00
  track 12 (ASM, d=0.0km, v=0m/s) -> threat=111.00

[DECISION] t=81.2s | tracks=2 | weapons=0 available
  track 10 (ASM, d=0.0km, v=0m/s) -> threat=111.00
  track 12 (ASM, d=0.0km, v=0m/s) -> threat=111.00

[DECISION] t=81.6s | tracks=2 | weapons=0 available
  track 10 (ASM, d=0.0km, v=0m/s) -> threat=111.00
  track 12 (ASM, d=0.0km, v=0m/s) -> threat=111.00

[DECISION] t=81.8s | tracks=2 | weapons=0 available
  track 10 (ASM, d=0.0km, v=0m/s) -> threat=111.00
  track 12 (ASM, d=0.0km, v=0m/s) -> threat=111.00

[DECISION] t=82.0s | tracks=2 | weapons=0 available
  track 10 (ASM, d=0.0km, v=0m/s) -> threat=111.00
  track 12 (ASM, d=0.0km, v=0m/s) -> threat=111.00

[DECISION] t=82.2s | tracks=2 | weapons=0 available
  track 10 (ASM, d=0.0km, v=0m/s) -> threat=111.00
  track 12 (ASM, d=0.0km, v=0m/s) -> threat=111.00

[DECISION] t=82.4s | tracks=2 | weapons=0 available
  track 10 (ASM, d=0.0km, v=0m/s) -> threat=111.00
  track 12 (ASM, d=0.0km, v=0m/s) -> threat=111.00

[DECISION] t=82.8s | tracks=2 | weapons=0 available
  track 10 (ASM, d=0.0km, v=0m/s) -> threat=111.00
  track 12 (ASM, d=0.0km, v=0m/s) -> threat=111.00

[DECISION] t=83.0s | tracks=2 | weapons=0 available
  track 10 (ASM, d=0.0km, v=0m/s) -> threat=111.00
  track 12 (ASM, d=0.0km, v=0m/s) -> threat=111.00

[DECISION] t=83.0s | tracks=2 | weapons=0 available
  track 10 (ASM, d=0.0km, v=0m/s) -> threat=111.00
  track 12 (ASM, d=0.0km, v=0m/s) -> threat=111.00

[DECISION] t=83.2s | tracks=2 | weapons=0 available
  track 10 (ASM, d=0.0km, v=0m/s) -> threat=111.00
  track 12 (ASM, d=0.0km, v=0m/s) -> threat=111.00

[DECISION] t=83.4s | tracks=2 | weapons=0 available
  track 10 (ASM, d=0.0km, v=0m/s) -> threat=111.00
  track 12 (ASM, d=0.0km, v=0m/s) -> threat=111.00

[DECISION] t=83.6s | tracks=2 | weapons=0 available
  track 10 (ASM, d=0.0km, v=0m/s) -> threat=111.00
  track 12 (ASM, d=0.0km, v=0m/s) -> threat=111.00

[DECISION] t=83.8s | tracks=2 | weapons=0 available
  track 10 (ASM, d=0.0km, v=0m/s) -> threat=111.00
  track 12 (ASM, d=0.0km, v=0m/s) -> threat=111.00

[DECISION] t=84.0s | tracks=2 | weapons=0 available
  track 10 (ASM, d=0.0km, v=0m/s) -> threat=111.00
  track 12 (ASM, d=0.0km, v=0m/s) -> threat=111.00

[DECISION] t=84.2s | tracks=2 | weapons=0 available
  track 10 (ASM, d=0.0km, v=0m/s) -> threat=111.00
  track 12 (ASM, d=0.0km, v=0m/s) -> threat=111.00

[DECISION] t=84.2s | tracks=2 | weapons=0 available
  track 10 (ASM, d=0.0km, v=0m/s) -> threat=111.00
  track 12 (ASM, d=0.0km, v=0m/s) -> threat=111.00

[DECISION] t=84.4s | tracks=2 | weapons=0 available
  track 10 (ASM, d=0.0km, v=0m/s) -> threat=111.00
  track 12 (ASM, d=0.0km, v=0m/s) -> threat=111.00

[DECISION] t=85.2s | tracks=2 | weapons=0 available
  track 10 (ASM, d=0.0km, v=0m/s) -> threat=111.00
  track 12 (ASM, d=0.0km, v=0m/s) -> threat=111.00

[DECISION] t=85.4s | tracks=2 | weapons=0 available
  track 10 (ASM, d=0.0km, v=0m/s) -> threat=111.00
  track 12 (ASM, d=0.0km, v=0m/s) -> threat=111.00

[DECISION] t=85.6s | tracks=2 | weapons=0 available
  track 10 (ASM, d=0.0km, v=0m/s) -> threat=111.00
  track 12 (ASM, d=0.0km, v=0m/s) -> threat=111.00

[DECISION] t=85.8s | tracks=2 | weapons=0 available
  track 10 (ASM, d=0.0km, v=0m/s) -> threat=111.00
  track 12 (ASM, d=0.0km, v=0m/s) -> threat=111.00

[DECISION] t=86.2s | tracks=2 | weapons=0 available
  track 10 (ASM, d=0.0km, v=0m/s) -> threat=111.00
  track 12 (ASM, d=0.0km, v=0m/s) -> threat=111.00

[DECISION] t=86.6s | tracks=2 | weapons=0 available
  track 10 (ASM, d=0.0km, v=0m/s) -> threat=111.00
  track 12 (ASM, d=0.0km, v=0m/s) -> threat=111.00

[DECISION] t=86.8s | tracks=2 | weapons=0 available
  track 10 (ASM, d=0.0km, v=0m/s) -> threat=111.00
  track 12 (ASM, d=0.0km, v=0m/s) -> threat=111.00

[DECISION] t=87.0s | tracks=2 | weapons=0 available
  track 10 (ASM, d=0.0km, v=0m/s) -> threat=111.00
  track 12 (ASM, d=0.0km, v=0m/s) -> threat=111.00

[DECISION] t=87.2s | tracks=2 | weapons=0 available
  track 10 (ASM, d=0.0km, v=0m/s) -> threat=111.00
  track 12 (ASM, d=0.0km, v=0m/s) -> threat=111.00

[DECISION] t=87.4s | tracks=2 | weapons=0 available
  track 10 (ASM, d=0.0km, v=0m/s) -> threat=111.00
  track 12 (ASM, d=0.0km, v=0m/s) -> threat=111.00

[DECISION] t=87.6s | tracks=2 | weapons=0 available
  track 10 (ASM, d=0.0km, v=0m/s) -> threat=111.00
  track 12 (ASM, d=0.0km, v=0m/s) -> threat=111.00

[DECISION] t=87.8s | tracks=2 | weapons=0 available
  track 10 (ASM, d=0.0km, v=0m/s) -> threat=111.00
  track 12 (ASM, d=0.0km, v=0m/s) -> threat=111.00

[DECISION] t=88.0s | tracks=2 | weapons=0 available
  track 10 (ASM, d=0.0km, v=0m/s) -> threat=111.00
  track 12 (ASM, d=0.0km, v=0m/s) -> threat=111.00

[DECISION] t=88.2s | tracks=2 | weapons=0 available
  track 10 (ASM, d=0.0km, v=0m/s) -> threat=111.00
  track 12 (ASM, d=0.0km, v=0m/s) -> threat=111.00

[DECISION] t=88.4s | tracks=2 | weapons=0 available
  track 10 (ASM, d=0.0km, v=0m/s) -> threat=111.00
  track 12 (ASM, d=0.0km, v=0m/s) -> threat=111.00

[DECISION] t=88.6s | tracks=2 | weapons=0 available
  track 10 (ASM, d=0.0km, v=0m/s) -> threat=111.00
  track 12 (ASM, d=0.0km, v=0m/s) -> threat=111.00

[DECISION] t=88.8s | tracks=2 | weapons=0 available
  track 10 (ASM, d=0.0km, v=0m/s) -> threat=111.00
  track 12 (ASM, d=0.0km, v=0m/s) -> threat=111.00

[DECISION] t=89.2s | tracks=2 | weapons=0 available
  track 10 (ASM, d=0.0km, v=0m/s) -> threat=111.00
  track 12 (ASM, d=0.0km, v=0m/s) -> threat=111.00

[DECISION] t=89.6s | tracks=2 | weapons=0 available
  track 10 (ASM, d=0.0km, v=0m/s) -> threat=111.00
  track 12 (ASM, d=0.0km, v=0m/s) -> threat=111.00

[DECISION] t=89.8s | tracks=2 | weapons=0 available
  track 10 (ASM, d=0.0km, v=0m/s) -> threat=111.00
  track 12 (ASM, d=0.0km, v=0m/s) -> threat=111.00

[DECISION] t=90.2s | tracks=2 | weapons=0 available
  track 10 (ASM, d=0.0km, v=0m/s) -> threat=111.00
  track 12 (ASM, d=0.0km, v=0m/s) -> threat=111.00

[DECISION] t=90.4s | tracks=2 | weapons=0 available
  track 10 (ASM, d=0.0km, v=0m/s) -> threat=111.00
  track 12 (ASM, d=0.0km, v=0m/s) -> threat=111.00

[DECISION] t=90.6s | tracks=2 | weapons=0 available
  track 10 (ASM, d=0.0km, v=0m/s) -> threat=111.00
  track 12 (ASM, d=0.0km, v=0m/s) -> threat=111.00

[DECISION] t=90.8s | tracks=2 | weapons=0 available
  track 10 (ASM, d=0.0km, v=0m/s) -> threat=111.00
  track 12 (ASM, d=0.0km, v=0m/s) -> threat=111.00

[DECISION] t=91.0s | tracks=2 | weapons=0 available
  track 10 (ASM, d=0.0km, v=0m/s) -> threat=111.00
  track 12 (ASM, d=0.0km, v=0m/s) -> threat=111.00

[DECISION] t=91.2s | tracks=2 | weapons=0 available
  track 10 (ASM, d=0.0km, v=0m/s) -> threat=111.00
  track 12 (ASM, d=0.0km, v=0m/s) -> threat=111.00

[DECISION] t=91.6s | tracks=2 | weapons=0 available
  track 10 (ASM, d=0.0km, v=0m/s) -> threat=111.00
  track 12 (ASM, d=0.0km, v=0m/s) -> threat=111.00

[DECISION] t=92.0s | tracks=2 | weapons=0 available
  track 10 (ASM, d=0.0km, v=0m/s) -> threat=111.00
  track 12 (ASM, d=0.0km, v=0m/s) -> threat=111.00

[DECISION] t=92.0s | tracks=2 | weapons=0 available
  track 10 (ASM, d=0.0km, v=0m/s) -> threat=111.00
  track 12 (ASM, d=0.0km, v=0m/s) -> threat=111.00

[DECISION] t=92.2s | tracks=2 | weapons=0 available
  track 10 (ASM, d=0.0km, v=0m/s) -> threat=111.00
  track 12 (ASM, d=0.0km, v=0m/s) -> threat=111.00

[DECISION] t=92.4s | tracks=2 | weapons=0 available
  track 10 (ASM, d=0.0km, v=0m/s) -> threat=111.00
  track 12 (ASM, d=0.0km, v=0m/s) -> threat=111.00

[DECISION] t=92.8s | tracks=2 | weapons=0 available
  track 10 (ASM, d=0.0km, v=0m/s) -> threat=111.00
  track 12 (ASM, d=0.0km, v=0m/s) -> threat=111.00

[DECISION] t=93.0s | tracks=2 | weapons=0 available
  track 10 (ASM, d=0.0km, v=0m/s) -> threat=111.00
  track 12 (ASM, d=0.0km, v=0m/s) -> threat=111.00

[DECISION] t=93.2s | tracks=2 | weapons=0 available
  track 10 (ASM, d=0.0km, v=0m/s) -> threat=111.00
  track 12 (ASM, d=0.0km, v=0m/s) -> threat=111.00

[DECISION] t=93.4s | tracks=2 | weapons=0 available
  track 10 (ASM, d=0.0km, v=0m/s) -> threat=111.00
  track 12 (ASM, d=0.0km, v=0m/s) -> threat=111.00

[DECISION] t=93.6s | tracks=2 | weapons=0 available
  track 10 (ASM, d=0.0km, v=0m/s) -> threat=111.00
  track 12 (ASM, d=0.0km, v=0m/s) -> threat=111.00

[DECISION] t=93.8s | tracks=2 | weapons=0 available
  track 10 (ASM, d=0.0km, v=0m/s) -> threat=111.00
  track 12 (ASM, d=0.0km, v=0m/s) -> threat=111.00

[DECISION] t=94.0s | tracks=2 | weapons=0 available
  track 10 (ASM, d=0.0km, v=0m/s) -> threat=111.00
  track 12 (ASM, d=0.0km, v=0m/s) -> threat=111.00

[DECISION] t=94.2s | tracks=2 | weapons=0 available
  track 10 (ASM, d=0.0km, v=0m/s) -> threat=111.00
  track 12 (ASM, d=0.0km, v=0m/s) -> threat=111.00

[DECISION] t=94.4s | tracks=2 | weapons=0 available
  track 10 (ASM, d=0.0km, v=0m/s) -> threat=111.00
  track 12 (ASM, d=0.0km, v=0m/s) -> threat=111.00

[DECISION] t=94.6s | tracks=2 | weapons=0 available
  track 10 (ASM, d=0.0km, v=0m/s) -> threat=111.00
  track 12 (ASM, d=0.0km, v=0m/s) -> threat=111.00

[DECISION] t=94.8s | tracks=2 | weapons=0 available
  track 10 (ASM, d=0.0km, v=0m/s) -> threat=111.00
  track 12 (ASM, d=0.0km, v=0m/s) -> threat=111.00

[DECISION] t=95.0s | tracks=2 | weapons=0 available
  track 10 (ASM, d=0.0km, v=0m/s) -> threat=111.00
  track 12 (ASM, d=0.0km, v=0m/s) -> threat=111.00

[DECISION] t=95.6s | tracks=2 | weapons=0 available
  track 10 (ASM, d=0.0km, v=0m/s) -> threat=111.00
  track 12 (ASM, d=0.0km, v=0m/s) -> threat=111.00

[DECISION] t=95.8s | tracks=2 | weapons=0 available
  track 10 (ASM, d=0.0km, v=0m/s) -> threat=111.00
  track 12 (ASM, d=0.0km, v=0m/s) -> threat=111.00

[DECISION] t=96.0s | tracks=2 | weapons=0 available
  track 10 (ASM, d=0.0km, v=0m/s) -> threat=111.00
  track 12 (ASM, d=0.0km, v=0m/s) -> threat=111.00

[DECISION] t=96.2s | tracks=2 | weapons=0 available
  track 10 (ASM, d=0.0km, v=0m/s) -> threat=111.00
  track 12 (ASM, d=0.0km, v=0m/s) -> threat=111.00

[DECISION] t=96.6s | tracks=2 | weapons=0 available
  track 10 (ASM, d=0.0km, v=0m/s) -> threat=111.00
  track 12 (ASM, d=0.0km, v=0m/s) -> threat=111.00

[DECISION] t=96.8s | tracks=2 | weapons=0 available
  track 10 (ASM, d=0.0km, v=0m/s) -> threat=111.00
  track 12 (ASM, d=0.0km, v=0m/s) -> threat=111.00

[DECISION] t=97.0s | tracks=2 | weapons=0 available
  track 10 (ASM, d=0.0km, v=0m/s) -> threat=111.00
  track 12 (ASM, d=0.0km, v=0m/s) -> threat=111.00

[DECISION] t=97.4s | tracks=2 | weapons=0 available
  track 10 (ASM, d=0.0km, v=0m/s) -> threat=111.00
  track 12 (ASM, d=0.0km, v=0m/s) -> threat=111.00

[DECISION] t=97.8s | tracks=2 | weapons=0 available
  track 10 (ASM, d=0.0km, v=0m/s) -> threat=111.00
  track 12 (ASM, d=0.0km, v=0m/s) -> threat=111.00

[DECISION] t=98.0s | tracks=2 | weapons=0 available
  track 10 (ASM, d=0.0km, v=0m/s) -> threat=111.00
  track 12 (ASM, d=0.0km, v=0m/s) -> threat=111.00

[DECISION] t=98.2s | tracks=2 | weapons=0 available
  track 10 (ASM, d=0.0km, v=0m/s) -> threat=111.00
  track 12 (ASM, d=0.0km, v=0m/s) -> threat=111.00

[DECISION] t=98.6s | tracks=2 | weapons=0 available
  track 10 (ASM, d=0.0km, v=0m/s) -> threat=111.00
  track 12 (ASM, d=0.0km, v=0m/s) -> threat=111.00

[DECISION] t=99.0s | tracks=2 | weapons=0 available
  track 10 (ASM, d=0.0km, v=0m/s) -> threat=111.00
  track 12 (ASM, d=0.0km, v=0m/s) -> threat=111.00

[DECISION] t=99.2s | tracks=2 | weapons=0 available
  track 10 (ASM, d=0.0km, v=0m/s) -> threat=111.00
  track 12 (ASM, d=0.0km, v=0m/s) -> threat=111.00

[DECISION] t=99.4s | tracks=2 | weapons=0 available
  track 10 (ASM, d=0.0km, v=0m/s) -> threat=111.00
  track 12 (ASM, d=0.0km, v=0m/s) -> threat=111.00

[DECISION] t=99.6s | tracks=2 | weapons=0 available
  track 10 (ASM, d=0.0km, v=0m/s) -> threat=111.00
  track 12 (ASM, d=0.0km, v=0m/s) -> threat=111.00

[DECISION] t=99.8s | tracks=2 | weapons=0 available
  track 10 (ASM, d=0.0km, v=0m/s) -> threat=111.00
  track 12 (ASM, d=0.0km, v=0m/s) -> threat=111.00

[DECISION] t=100.0s | tracks=2 | weapons=0 available
  track 10 (ASM, d=0.0km, v=0m/s) -> threat=111.00
  track 12 (ASM, d=0.0km, v=0m/s) -> threat=111.00

[DECISION] t=100.2s | tracks=2 | weapons=0 available
  track 10 (ASM, d=0.0km, v=0m/s) -> threat=111.00
  track 12 (ASM, d=0.0km, v=0m/s) -> threat=111.00

[DECISION] t=0.0s | tracks=2 | weapons=0 available
  track 10 (ASM, d=0.0km, v=0m/s) -> threat=111.00
  track 12 (ASM, d=0.0km, v=0m/s) -> threat=111.00

[DECISION] t=100.6s | tracks=2 | weapons=0 available
  track 10 (ASM, d=0.0km, v=0m/s) -> threat=111.00
  track 12 (ASM, d=0.0km, v=0m/s) -> threat=111.00

[DECISION] t=100.8s | tracks=2 | weapons=0 available
  track 10 (ASM, d=0.0km, v=0m/s) -> threat=111.00
  track 12 (ASM, d=0.0km, v=0m/s) -> threat=111.00

[DECISION] t=101.0s | tracks=2 | weapons=0 available
  track 10 (ASM, d=0.0km, v=0m/s) -> threat=111.00
  track 12 (ASM, d=0.0km, v=0m/s) -> threat=111.00

[DECISION] t=101.2s | tracks=2 | weapons=0 available
  track 10 (ASM, d=0.0km, v=0m/s) -> threat=111.00
  track 12 (ASM, d=0.0km, v=0m/s) -> threat=111.00

[DECISION] t=101.4s | tracks=2 | weapons=0 available
  track 10 (ASM, d=0.0km, v=0m/s) -> threat=111.00
  track 12 (ASM, d=0.0km, v=0m/s) -> threat=111.00

[DECISION] t=101.6s | tracks=2 | weapons=0 available
  track 10 (ASM, d=0.0km, v=0m/s) -> threat=111.00
  track 12 (ASM, d=0.0km, v=0m/s) -> threat=111.00

[DECISION] t=101.8s | tracks=2 | weapons=0 available
  track 10 (ASM, d=0.0km, v=0m/s) -> threat=111.00
  track 12 (ASM, d=0.0km, v=0m/s) -> threat=111.00

[DECISION] t=102.0s | tracks=2 | weapons=0 available
  track 10 (ASM, d=0.0km, v=0m/s) -> threat=111.00
  track 12 (ASM, d=0.0km, v=0m/s) -> threat=111.00

[DECISION] t=102.2s | tracks=2 | weapons=0 available
  track 10 (ASM, d=0.0km, v=0m/s) -> threat=111.00
  track 12 (ASM, d=0.0km, v=0m/s) -> threat=111.00

[DECISION] t=102.4s | tracks=2 | weapons=0 available
  track 10 (ASM, d=0.0km, v=0m/s) -> threat=111.00
  track 12 (ASM, d=0.0km, v=0m/s) -> threat=111.00

[DECISION] t=102.6s | tracks=2 | weapons=0 available
  track 10 (ASM, d=0.0km, v=0m/s) -> threat=111.00
  track 12 (ASM, d=0.0km, v=0m/s) -> threat=111.00

[DECISION] t=102.8s | tracks=2 | weapons=0 available
  track 10 (ASM, d=0.0km, v=0m/s) -> threat=111.00
  track 12 (ASM, d=0.0km, v=0m/s) -> threat=111.00

[DECISION] t=103.0s | tracks=2 | weapons=0 available
  track 10 (ASM, d=0.0km, v=0m/s) -> threat=111.00
  track 12 (ASM, d=0.0km, v=0m/s) -> threat=111.00

[DECISION] t=103.2s | tracks=2 | weapons=0 available
  track 10 (ASM, d=0.0km, v=0m/s) -> threat=111.00
  track 12 (ASM, d=0.0km, v=0m/s) -> threat=111.00

[DECISION] t=103.4s | tracks=2 | weapons=0 available
  track 10 (ASM, d=0.0km, v=0m/s) -> threat=111.00
  track 12 (ASM, d=0.0km, v=0m/s) -> threat=111.00

[DECISION] t=103.6s | tracks=2 | weapons=0 available
  track 10 (ASM, d=0.0km, v=0m/s) -> threat=111.00
  track 12 (ASM, d=0.0km, v=0m/s) -> threat=111.00

[DECISION] t=103.8s | tracks=2 | weapons=0 available
  track 10 (ASM, d=0.0km, v=0m/s) -> threat=111.00
  track 12 (ASM, d=0.0km, v=0m/s) -> threat=111.00

[DECISION] t=104.0s | tracks=2 | weapons=0 available
  track 10 (ASM, d=0.0km, v=0m/s) -> threat=111.00
  track 12 (ASM, d=0.0km, v=0m/s) -> threat=111.00

[DECISION] t=104.4s | tracks=2 | weapons=0 available
  track 10 (ASM, d=0.0km, v=0m/s) -> threat=111.00
  track 12 (ASM, d=0.0km, v=0m/s) -> threat=111.00

[DECISION] t=104.6s | tracks=2 | weapons=0 available
  track 10 (ASM, d=0.0km, v=0m/s) -> threat=111.00
  track 12 (ASM, d=0.0km, v=0m/s) -> threat=111.00

[DECISION] t=104.8s | tracks=2 | weapons=0 available
  track 10 (ASM, d=0.0km, v=0m/s) -> threat=111.00
  track 12 (ASM, d=0.0km, v=0m/s) -> threat=111.00

[DECISION] t=105.0s | tracks=2 | weapons=0 available
  track 10 (ASM, d=0.0km, v=0m/s) -> threat=111.00
  track 12 (ASM, d=0.0km, v=0m/s) -> threat=111.00

[DECISION] t=105.2s | tracks=2 | weapons=0 available
  track 10 (ASM, d=0.0km, v=0m/s) -> threat=111.00
  track 12 (ASM, d=0.0km, v=0m/s) -> threat=111.00

[DECISION] t=105.4s | tracks=2 | weapons=0 available
  track 10 (ASM, d=0.0km, v=0m/s) -> threat=111.00
  track 12 (ASM, d=0.0km, v=0m/s) -> threat=111.00

[DECISION] t=105.8s | tracks=2 | weapons=0 available
  track 10 (ASM, d=0.0km, v=0m/s) -> threat=111.00
  track 12 (ASM, d=0.0km, v=0m/s) -> threat=111.00

[DECISION] t=106.0s | tracks=2 | weapons=0 available
  track 10 (ASM, d=0.0km, v=0m/s) -> threat=111.00
  track 12 (ASM, d=0.0km, v=0m/s) -> threat=111.00

[DECISION] t=106.2s | tracks=2 | weapons=0 available
  track 10 (ASM, d=0.0km, v=0m/s) -> threat=111.00
  track 12 (ASM, d=0.0km, v=0m/s) -> threat=111.00

[DECISION] t=106.4s | tracks=2 | weapons=0 available
  track 10 (ASM, d=0.0km, v=0m/s) -> threat=111.00
  track 12 (ASM, d=0.0km, v=0m/s) -> threat=111.00

[DECISION] t=106.8s | tracks=2 | weapons=0 available
  track 10 (ASM, d=0.0km, v=0m/s) -> threat=111.00
  track 12 (ASM, d=0.0km, v=0m/s) -> threat=111.00

[DECISION] t=106.8s | tracks=2 | weapons=0 available
  track 10 (ASM, d=0.0km, v=0m/s) -> threat=111.00
  track 12 (ASM, d=0.0km, v=0m/s) -> threat=111.00

[DECISION] t=107.2s | tracks=2 | weapons=0 available
  track 10 (ASM, d=0.0km, v=0m/s) -> threat=111.00
  track 12 (ASM, d=0.0km, v=0m/s) -> threat=111.00

[DECISION] t=107.4s | tracks=2 | weapons=0 available
  track 10 (ASM, d=0.0km, v=0m/s) -> threat=111.00
  track 12 (ASM, d=0.0km, v=0m/s) -> threat=111.00

[DECISION] t=107.6s | tracks=2 | weapons=0 available
  track 10 (ASM, d=0.0km, v=0m/s) -> threat=111.00
  track 12 (ASM, d=0.0km, v=0m/s) -> threat=111.00

[DECISION] t=107.8s | tracks=2 | weapons=0 available
  track 10 (ASM, d=0.0km, v=0m/s) -> threat=111.00
  track 12 (ASM, d=0.0km, v=0m/s) -> threat=111.00

[DECISION] t=108.0s | tracks=2 | weapons=0 available
  track 10 (ASM, d=0.0km, v=0m/s) -> threat=111.00
  track 12 (ASM, d=0.0km, v=0m/s) -> threat=111.00

[DECISION] t=108.2s | tracks=2 | weapons=0 available
  track 10 (ASM, d=0.0km, v=0m/s) -> threat=111.00
  track 12 (ASM, d=0.0km, v=0m/s) -> threat=111.00

[DECISION] t=108.4s | tracks=2 | weapons=0 available
  track 10 (ASM, d=0.0km, v=0m/s) -> threat=111.00
  track 12 (ASM, d=0.0km, v=0m/s) -> threat=111.00

[DECISION] t=108.8s | tracks=2 | weapons=0 available
  track 10 (ASM, d=0.0km, v=0m/s) -> threat=111.00
  track 12 (ASM, d=0.0km, v=0m/s) -> threat=111.00

[DECISION] t=109.0s | tracks=2 | weapons=0 available
  track 10 (ASM, d=0.0km, v=0m/s) -> threat=111.00
  track 12 (ASM, d=0.0km, v=0m/s) -> threat=111.00

[DECISION] t=109.4s | tracks=2 | weapons=0 available
  track 10 (ASM, d=0.0km, v=0m/s) -> threat=111.00
  track 12 (ASM, d=0.0km, v=0m/s) -> threat=111.00

[DECISION] t=109.8s | tracks=2 | weapons=0 available
  track 10 (ASM, d=0.0km, v=0m/s) -> threat=111.00
  track 12 (ASM, d=0.0km, v=0m/s) -> threat=111.00

[DECISION] t=110.0s | tracks=2 | weapons=0 available
  track 10 (ASM, d=0.0km, v=0m/s) -> threat=111.00
  track 12 (ASM, d=0.0km, v=0m/s) -> threat=111.00

[DECISION] t=110.2s | tracks=2 | weapons=0 available
  track 10 (ASM, d=0.0km, v=0m/s) -> threat=111.00
  track 12 (ASM, d=0.0km, v=0m/s) -> threat=111.00

[DECISION] t=110.4s | tracks=2 | weapons=0 available
  track 10 (ASM, d=0.0km, v=0m/s) -> threat=111.00
  track 12 (ASM, d=0.0km, v=0m/s) -> threat=111.00

[DECISION] t=110.6s | tracks=2 | weapons=0 available
  track 10 (ASM, d=0.0km, v=0m/s) -> threat=111.00
  track 12 (ASM, d=0.0km, v=0m/s) -> threat=111.00

[DECISION] t=110.8s | tracks=2 | weapons=0 available
  track 10 (ASM, d=0.0km, v=0m/s) -> threat=111.00
  track 12 (ASM, d=0.0km, v=0m/s) -> threat=111.00

[DECISION] t=111.2s | tracks=2 | weapons=0 available
  track 10 (ASM, d=0.0km, v=0m/s) -> threat=111.00
  track 12 (ASM, d=0.0km, v=0m/s) -> threat=111.00

[DECISION] t=111.6s | tracks=2 | weapons=0 available
  track 10 (ASM, d=0.0km, v=0m/s) -> threat=111.00
  track 12 (ASM, d=0.0km, v=0m/s) -> threat=111.00

[DECISION] t=111.8s | tracks=2 | weapons=0 available
  track 10 (ASM, d=0.0km, v=0m/s) -> threat=111.00
  track 12 (ASM, d=0.0km, v=0m/s) -> threat=111.00

[DECISION] t=112.4s | tracks=2 | weapons=0 available
  track 10 (ASM, d=0.0km, v=0m/s) -> threat=111.00
  track 12 (ASM, d=0.0km, v=0m/s) -> threat=111.00

[DECISION] t=112.6s | tracks=2 | weapons=0 available
  track 10 (ASM, d=0.0km, v=0m/s) -> threat=111.00
  track 12 (ASM, d=0.0km, v=0m/s) -> threat=111.00

[DECISION] t=112.8s | tracks=2 | weapons=0 available
  track 10 (ASM, d=0.0km, v=0m/s) -> threat=111.00
  track 12 (ASM, d=0.0km, v=0m/s) -> threat=111.00

[DECISION] t=113.0s | tracks=2 | weapons=0 available
  track 10 (ASM, d=0.0km, v=0m/s) -> threat=111.00
  track 12 (ASM, d=0.0km, v=0m/s) -> threat=111.00

[DECISION] t=113.4s | tracks=2 | weapons=0 available
  track 10 (ASM, d=0.0km, v=0m/s) -> threat=111.00
  track 12 (ASM, d=0.0km, v=0m/s) -> threat=111.00

[DECISION] t=113.6s | tracks=2 | weapons=0 available
  track 10 (ASM, d=0.0km, v=0m/s) -> threat=111.00
  track 12 (ASM, d=0.0km, v=0m/s) -> threat=111.00

[DECISION] t=113.8s | tracks=2 | weapons=0 available
  track 10 (ASM, d=0.0km, v=0m/s) -> threat=111.00
  track 12 (ASM, d=0.0km, v=0m/s) -> threat=111.00

[DECISION] t=114.2s | tracks=2 | weapons=0 available
  track 10 (ASM, d=0.0km, v=0m/s) -> threat=111.00
  track 12 (ASM, d=0.0km, v=0m/s) -> threat=111.00

[DECISION] t=114.6s | tracks=2 | weapons=0 available
  track 10 (ASM, d=0.0km, v=0m/s) -> threat=111.00
  track 12 (ASM, d=0.0km, v=0m/s) -> threat=111.00

[DECISION] t=114.6s | tracks=2 | weapons=0 available
  track 10 (ASM, d=0.0km, v=0m/s) -> threat=111.00
  track 12 (ASM, d=0.0km, v=0m/s) -> threat=111.00

[DECISION] t=114.8s | tracks=2 | weapons=0 available
  track 10 (ASM, d=0.0km, v=0m/s) -> threat=111.00
  track 12 (ASM, d=0.0km, v=0m/s) -> threat=111.00

[DECISION] t=115.2s | tracks=2 | weapons=0 available
  track 10 (ASM, d=0.0km, v=0m/s) -> threat=111.00
  track 12 (ASM, d=0.0km, v=0m/s) -> threat=111.00

[DECISION] t=115.4s | tracks=2 | weapons=0 available
  track 10 (ASM, d=0.0km, v=0m/s) -> threat=111.00
  track 12 (ASM, d=0.0km, v=0m/s) -> threat=111.00

[DECISION] t=115.6s | tracks=2 | weapons=0 available
  track 10 (ASM, d=0.0km, v=0m/s) -> threat=111.00
  track 12 (ASM, d=0.0km, v=0m/s) -> threat=111.00

[DECISION] t=115.8s | tracks=2 | weapons=0 available
  track 10 (ASM, d=0.0km, v=0m/s) -> threat=111.00
  track 12 (ASM, d=0.0km, v=0m/s) -> threat=111.00

[DECISION] t=116.0s | tracks=2 | weapons=0 available
  track 10 (ASM, d=0.0km, v=0m/s) -> threat=111.00
  track 12 (ASM, d=0.0km, v=0m/s) -> threat=111.00

[DECISION] t=116.2s | tracks=2 | weapons=0 available
  track 10 (ASM, d=0.0km, v=0m/s) -> threat=111.00
  track 12 (ASM, d=0.0km, v=0m/s) -> threat=111.00

[DECISION] t=116.4s | tracks=2 | weapons=0 available
  track 10 (ASM, d=0.0km, v=0m/s) -> threat=111.00
  track 12 (ASM, d=0.0km, v=0m/s) -> threat=111.00

[DECISION] t=116.8s | tracks=2 | weapons=0 available
  track 10 (ASM, d=0.0km, v=0m/s) -> threat=111.00
  track 12 (ASM, d=0.0km, v=0m/s) -> threat=111.00

[DECISION] t=117.0s | tracks=2 | weapons=0 available
  track 10 (ASM, d=0.0km, v=0m/s) -> threat=111.00
  track 12 (ASM, d=0.0km, v=0m/s) -> threat=111.00

[DECISION] t=117.4s | tracks=2 | weapons=0 available
  track 10 (ASM, d=0.0km, v=0m/s) -> threat=111.00
  track 12 (ASM, d=0.0km, v=0m/s) -> threat=111.00

[DECISION] t=117.6s | tracks=2 | weapons=0 available
  track 10 (ASM, d=0.0km, v=0m/s) -> threat=111.00
  track 12 (ASM, d=0.0km, v=0m/s) -> threat=111.00

[DECISION] t=118.0s | tracks=2 | weapons=0 available
  track 10 (ASM, d=0.0km, v=0m/s) -> threat=111.00
  track 12 (ASM, d=0.0km, v=0m/s) -> threat=111.00

[DECISION] t=118.4s | tracks=2 | weapons=0 available
  track 10 (ASM, d=0.0km, v=0m/s) -> threat=111.00
  track 12 (ASM, d=0.0km, v=0m/s) -> threat=111.00

[DECISION] t=118.6s | tracks=2 | weapons=0 available
  track 10 (ASM, d=0.0km, v=0m/s) -> threat=111.00
  track 12 (ASM, d=0.0km, v=0m/s) -> threat=111.00

[DECISION] t=118.8s | tracks=2 | weapons=0 available
  track 10 (ASM, d=0.0km, v=0m/s) -> threat=111.00
  track 12 (ASM, d=0.0km, v=0m/s) -> threat=111.00

[DECISION] t=119.0s | tracks=2 | weapons=0 available
  track 10 (ASM, d=0.0km, v=0m/s) -> threat=111.00
  track 12 (ASM, d=0.0km, v=0m/s) -> threat=111.00

[DECISION] t=119.2s | tracks=2 | weapons=0 available
  track 10 (ASM, d=0.0km, v=0m/s) -> threat=111.00
  track 12 (ASM, d=0.0km, v=0m/s) -> threat=111.00

[DECISION] t=119.6s | tracks=2 | weapons=0 available
  track 10 (ASM, d=0.0km, v=0m/s) -> threat=111.00
  track 12 (ASM, d=0.0km, v=0m/s) -> threat=111.00

[DECISION] t=119.8s | tracks=2 | weapons=0 available
  track 10 (ASM, d=0.0km, v=0m/s) -> threat=111.00
  track 12 (ASM, d=0.0km, v=0m/s) -> threat=111.00

[DECISION] t=120.0s | tracks=2 | weapons=0 available
  track 10 (ASM, d=0.0km, v=0m/s) -> threat=111.00
  track 12 (ASM, d=0.0km, v=0m/s) -> threat=111.00

[DECISION] t=120.2s | tracks=2 | weapons=0 available
  track 10 (ASM, d=0.0km, v=0m/s) -> threat=111.00
  track 12 (ASM, d=0.0km, v=0m/s) -> threat=111.00

[DECISION] t=120.6s | tracks=2 | weapons=0 available
  track 10 (ASM, d=0.0km, v=0m/s) -> threat=111.00
  track 12 (ASM, d=0.0km, v=0m/s) -> threat=111.00

[DECISION] t=121.0s | tracks=2 | weapons=0 available
  track 10 (ASM, d=0.0km, v=0m/s) -> threat=111.00
  track 12 (ASM, d=0.0km, v=0m/s) -> threat=111.00

[DECISION] t=121.2s | tracks=2 | weapons=0 available
  track 10 (ASM, d=0.0km, v=0m/s) -> threat=111.00
  track 12 (ASM, d=0.0km, v=0m/s) -> threat=111.00

[DECISION] t=121.4s | tracks=2 | weapons=0 available
  track 10 (ASM, d=0.0km, v=0m/s) -> threat=111.00
  track 12 (ASM, d=0.0km, v=0m/s) -> threat=111.00

[DECISION] t=121.6s | tracks=2 | weapons=0 available
  track 10 (ASM, d=0.0km, v=0m/s) -> threat=111.00
  track 12 (ASM, d=0.0km, v=0m/s) -> threat=111.00

[DECISION] t=121.8s | tracks=2 | weapons=0 available
  track 10 (ASM, d=0.0km, v=0m/s) -> threat=111.00
  track 12 (ASM, d=0.0km, v=0m/s) -> threat=111.00

[DECISION] t=122.0s | tracks=2 | weapons=0 available
  track 10 (ASM, d=0.0km, v=0m/s) -> threat=111.00
  track 12 (ASM, d=0.0km, v=0m/s) -> threat=111.00

[DECISION] t=122.2s | tracks=2 | weapons=0 available
  track 10 (ASM, d=0.0km, v=0m/s) -> threat=111.00
  track 12 (ASM, d=0.0km, v=0m/s) -> threat=111.00

[DECISION] t=122.6s | tracks=2 | weapons=0 available
  track 10 (ASM, d=0.0km, v=0m/s) -> threat=111.00
  track 12 (ASM, d=0.0km, v=0m/s) -> threat=111.00

[DECISION] t=122.8s | tracks=2 | weapons=0 available
  track 10 (ASM, d=0.0km, v=0m/s) -> threat=111.00
  track 12 (ASM, d=0.0km, v=0m/s) -> threat=111.00

[DECISION] t=0.0s | tracks=2 | weapons=0 available
  track 10 (ASM, d=0.0km, v=0m/s) -> threat=111.00
  track 12 (ASM, d=0.0km, v=0m/s) -> threat=111.00

[DECISION] t=123.2s | tracks=2 | weapons=0 available
  track 10 (ASM, d=0.0km, v=0m/s) -> threat=111.00
  track 12 (ASM, d=0.0km, v=0m/s) -> threat=111.00

[DECISION] t=123.4s | tracks=2 | weapons=0 available
  track 10 (ASM, d=0.0km, v=0m/s) -> threat=111.00
  track 12 (ASM, d=0.0km, v=0m/s) -> threat=111.00

[DECISION] t=123.6s | tracks=2 | weapons=0 available
  track 10 (ASM, d=0.0km, v=0m/s) -> threat=111.00
  track 12 (ASM, d=0.0km, v=0m/s) -> threat=111.00

[DECISION] t=123.8s | tracks=2 | weapons=0 available
  track 10 (ASM, d=0.0km, v=0m/s) -> threat=111.00
  track 12 (ASM, d=0.0km, v=0m/s) -> threat=111.00

[DECISION] t=124.0s | tracks=2 | weapons=0 available
  track 10 (ASM, d=0.0km, v=0m/s) -> threat=111.00
  track 12 (ASM, d=0.0km, v=0m/s) -> threat=111.00

[DECISION] t=124.4s | tracks=2 | weapons=0 available
  track 10 (ASM, d=0.0km, v=0m/s) -> threat=111.00
  track 12 (ASM, d=0.0km, v=0m/s) -> threat=111.00

[DECISION] t=124.8s | tracks=2 | weapons=0 available
  track 10 (ASM, d=0.0km, v=0m/s) -> threat=111.00
  track 12 (ASM, d=0.0km, v=0m/s) -> threat=111.00

[DECISION] t=125.0s | tracks=2 | weapons=0 available
  track 10 (ASM, d=0.0km, v=0m/s) -> threat=111.00
  track 12 (ASM, d=0.0km, v=0m/s) -> threat=111.00

[DECISION] t=125.2s | tracks=2 | weapons=0 available
  track 10 (ASM, d=0.0km, v=0m/s) -> threat=111.00
  track 12 (ASM, d=0.0km, v=0m/s) -> threat=111.00

[DECISION] t=125.4s | tracks=2 | weapons=0 available
  track 10 (ASM, d=0.0km, v=0m/s) -> threat=111.00
  track 12 (ASM, d=0.0km, v=0m/s) -> threat=111.00

[DECISION] t=125.8s | tracks=2 | weapons=0 available
  track 10 (ASM, d=0.0km, v=0m/s) -> threat=111.00
  track 12 (ASM, d=0.0km, v=0m/s) -> threat=111.00

[DECISION] t=126.0s | tracks=2 | weapons=0 available
  track 10 (ASM, d=0.0km, v=0m/s) -> threat=111.00
  track 12 (ASM, d=0.0km, v=0m/s) -> threat=111.00

[DECISION] t=126.4s | tracks=2 | weapons=0 available
  track 10 (ASM, d=0.0km, v=0m/s) -> threat=111.00
  track 12 (ASM, d=0.0km, v=0m/s) -> threat=111.00

[DECISION] t=126.6s | tracks=2 | weapons=0 available
  track 10 (ASM, d=0.0km, v=0m/s) -> threat=111.00
  track 12 (ASM, d=0.0km, v=0m/s) -> threat=111.00

[DECISION] t=126.8s | tracks=2 | weapons=0 available
  track 10 (ASM, d=0.0km, v=0m/s) -> threat=111.00
  track 12 (ASM, d=0.0km, v=0m/s) -> threat=111.00

[DECISION] t=127.0s | tracks=2 | weapons=0 available
  track 10 (ASM, d=0.0km, v=0m/s) -> threat=111.00
  track 12 (ASM, d=0.0km, v=0m/s) -> threat=111.00

[DECISION] t=127.2s | tracks=2 | weapons=0 available
  track 10 (ASM, d=0.0km, v=0m/s) -> threat=111.00
  track 12 (ASM, d=0.0km, v=0m/s) -> threat=111.00

[DECISION] t=127.4s | tracks=2 | weapons=0 available
  track 10 (ASM, d=0.0km, v=0m/s) -> threat=111.00
  track 12 (ASM, d=0.0km, v=0m/s) -> threat=111.00

[DECISION] t=127.6s | tracks=2 | weapons=0 available
  track 10 (ASM, d=0.0km, v=0m/s) -> threat=111.00
  track 12 (ASM, d=0.0km, v=0m/s) -> threat=111.00

[DECISION] t=128.0s | tracks=2 | weapons=0 available
  track 10 (ASM, d=0.0km, v=0m/s) -> threat=111.00
  track 12 (ASM, d=0.0km, v=0m/s) -> threat=111.00

[DECISION] t=128.3s | tracks=2 | weapons=0 available
  track 10 (ASM, d=0.0km, v=0m/s) -> threat=111.00
  track 12 (ASM, d=0.0km, v=0m/s) -> threat=111.00

[DECISION] t=128.5s | tracks=2 | weapons=0 available
  track 10 (ASM, d=0.0km, v=0m/s) -> threat=111.00
  track 12 (ASM, d=0.0km, v=0m/s) -> threat=111.00

[DECISION] t=128.9s | tracks=2 | weapons=0 available
  track 10 (ASM, d=0.0km, v=0m/s) -> threat=111.00
  track 12 (ASM, d=0.0km, v=0m/s) -> threat=111.00

[DECISION] t=129.5s | tracks=2 | weapons=0 available
  track 10 (ASM, d=0.0km, v=0m/s) -> threat=111.00
  track 12 (ASM, d=0.0km, v=0m/s) -> threat=111.00

[DECISION] t=129.7s | tracks=2 | weapons=0 available
  track 10 (ASM, d=0.0km, v=0m/s) -> threat=111.00
  track 12 (ASM, d=0.0km, v=0m/s) -> threat=111.00

[DECISION] t=130.1s | tracks=2 | weapons=0 available
  track 10 (ASM, d=0.0km, v=0m/s) -> threat=111.00
  track 12 (ASM, d=0.0km, v=0m/s) -> threat=111.00

[DECISION] t=130.3s | tracks=2 | weapons=0 available
  track 10 (ASM, d=0.0km, v=0m/s) -> threat=111.00
  track 12 (ASM, d=0.0km, v=0m/s) -> threat=111.00

[DECISION] t=130.7s | tracks=2 | weapons=0 available
  track 10 (ASM, d=0.0km, v=0m/s) -> threat=111.00
  track 12 (ASM, d=0.0km, v=0m/s) -> threat=111.00

[DECISION] t=130.9s | tracks=2 | weapons=0 available
  track 10 (ASM, d=0.0km, v=0m/s) -> threat=111.00
  track 12 (ASM, d=0.0km, v=0m/s) -> threat=111.00

[DECISION] t=131.1s | tracks=2 | weapons=0 available
  track 10 (ASM, d=0.0km, v=0m/s) -> threat=111.00
  track 12 (ASM, d=0.0km, v=0m/s) -> threat=111.00

[DECISION] t=131.3s | tracks=2 | weapons=0 available
  track 10 (ASM, d=0.0km, v=0m/s) -> threat=111.00
  track 12 (ASM, d=0.0km, v=0m/s) -> threat=111.00

[DECISION] t=131.5s | tracks=2 | weapons=0 available
  track 10 (ASM, d=0.0km, v=0m/s) -> threat=111.00
  track 12 (ASM, d=0.0km, v=0m/s) -> threat=111.00

[DECISION] t=131.9s | tracks=2 | weapons=0 available
  track 10 (ASM, d=0.0km, v=0m/s) -> threat=111.00
  track 12 (ASM, d=0.0km, v=0m/s) -> threat=111.00

[DECISION] t=131.9s | tracks=2 | weapons=0 available
  track 10 (ASM, d=0.0km, v=0m/s) -> threat=111.00
  track 12 (ASM, d=0.0km, v=0m/s) -> threat=111.00

[DECISION] t=132.1s | tracks=2 | weapons=0 available
  track 10 (ASM, d=0.0km, v=0m/s) -> threat=111.00
  track 12 (ASM, d=0.0km, v=0m/s) -> threat=111.00

[DECISION] t=132.3s | tracks=2 | weapons=0 available
  track 10 (ASM, d=0.0km, v=0m/s) -> threat=111.00
  track 12 (ASM, d=0.0km, v=0m/s) -> threat=111.00

[DECISION] t=132.5s | tracks=2 | weapons=0 available
  track 10 (ASM, d=0.0km, v=0m/s) -> threat=111.00
  track 12 (ASM, d=0.0km, v=0m/s) -> threat=111.00

[DECISION] t=132.9s | tracks=2 | weapons=0 available
  track 10 (ASM, d=0.0km, v=0m/s) -> threat=111.00
  track 12 (ASM, d=0.0km, v=0m/s) -> threat=111.00

[DECISION] t=133.1s | tracks=2 | weapons=0 available
  track 10 (ASM, d=0.0km, v=0m/s) -> threat=111.00
  track 12 (ASM, d=0.0km, v=0m/s) -> threat=111.00

[DECISION] t=133.3s | tracks=2 | weapons=0 available
  track 10 (ASM, d=0.0km, v=0m/s) -> threat=111.00
  track 12 (ASM, d=0.0km, v=0m/s) -> threat=111.00

[DECISION] t=133.5s | tracks=2 | weapons=0 available
  track 10 (ASM, d=0.0km, v=0m/s) -> threat=111.00
  track 12 (ASM, d=0.0km, v=0m/s) -> threat=111.00

[DECISION] t=0.0s | tracks=2 | weapons=0 available
  track 10 (ASM, d=0.0km, v=0m/s) -> threat=111.00
  track 12 (ASM, d=0.0km, v=0m/s) -> threat=111.00

[DECISION] t=133.9s | tracks=2 | weapons=0 available
  track 10 (ASM, d=0.0km, v=0m/s) -> threat=111.00
  track 12 (ASM, d=0.0km, v=0m/s) -> threat=111.00

[DECISION] t=134.1s | tracks=2 | weapons=0 available
  track 10 (ASM, d=0.0km, v=0m/s) -> threat=111.00
  track 12 (ASM, d=0.0km, v=0m/s) -> threat=111.00

[DECISION] t=134.5s | tracks=2 | weapons=0 available
  track 10 (ASM, d=0.0km, v=0m/s) -> threat=111.00
  track 12 (ASM, d=0.0km, v=0m/s) -> threat=111.00

[DECISION] t=135.1s | tracks=2 | weapons=0 available
  track 10 (ASM, d=0.0km, v=0m/s) -> threat=111.00
  track 12 (ASM, d=0.0km, v=0m/s) -> threat=111.00

[DECISION] t=135.1s | tracks=2 | weapons=0 available
  track 10 (ASM, d=0.0km, v=0m/s) -> threat=111.00
  track 12 (ASM, d=0.0km, v=0m/s) -> threat=111.00

[DECISION] t=135.3s | tracks=2 | weapons=0 available
  track 10 (ASM, d=0.0km, v=0m/s) -> threat=111.00
  track 12 (ASM, d=0.0km, v=0m/s) -> threat=111.00

[DECISION] t=135.5s | tracks=2 | weapons=0 available
  track 10 (ASM, d=0.0km, v=0m/s) -> threat=111.00
  track 12 (ASM, d=0.0km, v=0m/s) -> threat=111.00

[DECISION] t=136.1s | tracks=2 | weapons=0 available
  track 10 (ASM, d=0.0km, v=0m/s) -> threat=111.00
  track 12 (ASM, d=0.0km, v=0m/s) -> threat=111.00

[DECISION] t=136.3s | tracks=2 | weapons=0 available
  track 10 (ASM, d=0.0km, v=0m/s) -> threat=111.00
  track 12 (ASM, d=0.0km, v=0m/s) -> threat=111.00

[DECISION] t=136.5s | tracks=2 | weapons=0 available
  track 10 (ASM, d=0.0km, v=0m/s) -> threat=111.00
  track 12 (ASM, d=0.0km, v=0m/s) -> threat=111.00

[DECISION] t=136.7s | tracks=2 | weapons=0 available
  track 10 (ASM, d=0.0km, v=0m/s) -> threat=111.00
  track 12 (ASM, d=0.0km, v=0m/s) -> threat=111.00

[DECISION] t=137.1s | tracks=2 | weapons=0 available
  track 10 (ASM, d=0.0km, v=0m/s) -> threat=111.00
  track 12 (ASM, d=0.0km, v=0m/s) -> threat=111.00

[DECISION] t=137.5s | tracks=2 | weapons=0 available
  track 10 (ASM, d=0.0km, v=0m/s) -> threat=111.00
  track 12 (ASM, d=0.0km, v=0m/s) -> threat=111.00

[DECISION] t=137.7s | tracks=2 | weapons=0 available
  track 10 (ASM, d=0.0km, v=0m/s) -> threat=111.00
  track 12 (ASM, d=0.0km, v=0m/s) -> threat=111.00

[DECISION] t=137.9s | tracks=2 | weapons=0 available
  track 10 (ASM, d=0.0km, v=0m/s) -> threat=111.00
  track 12 (ASM, d=0.0km, v=0m/s) -> threat=111.00

[DECISION] t=138.1s | tracks=2 | weapons=0 available
  track 10 (ASM, d=0.0km, v=0m/s) -> threat=111.00
  track 12 (ASM, d=0.0km, v=0m/s) -> threat=111.00

[DECISION] t=138.3s | tracks=2 | weapons=0 available
  track 10 (ASM, d=0.0km, v=0m/s) -> threat=111.00
  track 12 (ASM, d=0.0km, v=0m/s) -> threat=111.00

[DECISION] t=138.5s | tracks=2 | weapons=0 available
  track 10 (ASM, d=0.0km, v=0m/s) -> threat=111.00
  track 12 (ASM, d=0.0km, v=0m/s) -> threat=111.00

[DECISION] t=138.7s | tracks=2 | weapons=0 available
  track 10 (ASM, d=0.0km, v=0m/s) -> threat=111.00
  track 12 (ASM, d=0.0km, v=0m/s) -> threat=111.00

[DECISION] t=139.1s | tracks=2 | weapons=0 available
  track 10 (ASM, d=0.0km, v=0m/s) -> threat=111.00
  track 12 (ASM, d=0.0km, v=0m/s) -> threat=111.00

[DECISION] t=139.3s | tracks=2 | weapons=0 available
  track 10 (ASM, d=0.0km, v=0m/s) -> threat=111.00
  track 12 (ASM, d=0.0km, v=0m/s) -> threat=111.00

[DECISION] t=0.0s | tracks=2 | weapons=0 available
  track 10 (ASM, d=0.0km, v=0m/s) -> threat=111.00
  track 12 (ASM, d=0.0km, v=0m/s) -> threat=111.00

[DECISION] t=139.9s | tracks=2 | weapons=0 available
  track 10 (ASM, d=0.0km, v=0m/s) -> threat=111.00
  track 12 (ASM, d=0.0km, v=0m/s) -> threat=111.00

[DECISION] t=140.1s | tracks=2 | weapons=0 available
  track 10 (ASM, d=0.0km, v=0m/s) -> threat=111.00
  track 12 (ASM, d=0.0km, v=0m/s) -> threat=111.00

[DECISION] t=140.3s | tracks=2 | weapons=0 available
  track 10 (ASM, d=0.0km, v=0m/s) -> threat=111.00
  track 12 (ASM, d=0.0km, v=0m/s) -> threat=111.00

[DECISION] t=140.7s | tracks=2 | weapons=0 available
  track 10 (ASM, d=0.0km, v=0m/s) -> threat=111.00
  track 12 (ASM, d=0.0km, v=0m/s) -> threat=111.00

[DECISION] t=140.9s | tracks=2 | weapons=0 available
  track 10 (ASM, d=0.0km, v=0m/s) -> threat=111.00
  track 12 (ASM, d=0.0km, v=0m/s) -> threat=111.00

[DECISION] t=140.9s | tracks=2 | weapons=0 available
  track 10 (ASM, d=0.0km, v=0m/s) -> threat=111.00
  track 12 (ASM, d=0.0km, v=0m/s) -> threat=111.00

[DECISION] t=141.1s | tracks=2 | weapons=0 available
  track 10 (ASM, d=0.0km, v=0m/s) -> threat=111.00
  track 12 (ASM, d=0.0km, v=0m/s) -> threat=111.00

[DECISION] t=141.3s | tracks=2 | weapons=0 available
  track 10 (ASM, d=0.0km, v=0m/s) -> threat=111.00
  track 12 (ASM, d=0.0km, v=0m/s) -> threat=111.00

[DECISION] t=141.7s | tracks=2 | weapons=0 available
  track 10 (ASM, d=0.0km, v=0m/s) -> threat=111.00
  track 12 (ASM, d=0.0km, v=0m/s) -> threat=111.00

[DECISION] t=141.9s | tracks=2 | weapons=0 available
  track 10 (ASM, d=0.0km, v=0m/s) -> threat=111.00
  track 12 (ASM, d=0.0km, v=0m/s) -> threat=111.00

[DECISION] t=142.1s | tracks=2 | weapons=0 available
  track 10 (ASM, d=0.0km, v=0m/s) -> threat=111.00
  track 12 (ASM, d=0.0km, v=0m/s) -> threat=111.00

[DECISION] t=142.3s | tracks=2 | weapons=0 available
  track 10 (ASM, d=0.0km, v=0m/s) -> threat=111.00
  track 12 (ASM, d=0.0km, v=0m/s) -> threat=111.00

[DECISION] t=142.5s | tracks=2 | weapons=0 available
  track 10 (ASM, d=0.0km, v=0m/s) -> threat=111.00
  track 12 (ASM, d=0.0km, v=0m/s) -> threat=111.00

[DECISION] t=142.7s | tracks=2 | weapons=0 available
  track 10 (ASM, d=0.0km, v=0m/s) -> threat=111.00
  track 12 (ASM, d=0.0km, v=0m/s) -> threat=111.00

[DECISION] t=142.9s | tracks=2 | weapons=0 available
  track 10 (ASM, d=0.0km, v=0m/s) -> threat=111.00
  track 12 (ASM, d=0.0km, v=0m/s) -> threat=111.00

[DECISION] t=0.0s | tracks=2 | weapons=0 available
  track 10 (ASM, d=0.0km, v=0m/s) -> threat=111.00
  track 12 (ASM, d=0.0km, v=0m/s) -> threat=111.00

[DECISION] t=143.5s | tracks=2 | weapons=0 available
  track 10 (ASM, d=0.0km, v=0m/s) -> threat=111.00
  track 12 (ASM, d=0.0km, v=0m/s) -> threat=111.00

[DECISION] t=143.7s | tracks=2 | weapons=0 available
  track 10 (ASM, d=0.0km, v=0m/s) -> threat=111.00
  track 12 (ASM, d=0.0km, v=0m/s) -> threat=111.00

[DECISION] t=143.9s | tracks=2 | weapons=0 available
  track 10 (ASM, d=0.0km, v=0m/s) -> threat=111.00
  track 12 (ASM, d=0.0km, v=0m/s) -> threat=111.00

[DECISION] t=144.1s | tracks=2 | weapons=0 available
  track 10 (ASM, d=0.0km, v=0m/s) -> threat=111.00
  track 12 (ASM, d=0.0km, v=0m/s) -> threat=111.00

[DECISION] t=144.3s | tracks=2 | weapons=0 available
  track 10 (ASM, d=0.0km, v=0m/s) -> threat=111.00
  track 12 (ASM, d=0.0km, v=0m/s) -> threat=111.00

[DECISION] t=144.5s | tracks=2 | weapons=0 available
  track 10 (ASM, d=0.0km, v=0m/s) -> threat=111.00
  track 12 (ASM, d=0.0km, v=0m/s) -> threat=111.00

[DECISION] t=144.7s | tracks=2 | weapons=0 available
  track 10 (ASM, d=0.0km, v=0m/s) -> threat=111.00
  track 12 (ASM, d=0.0km, v=0m/s) -> threat=111.00

[DECISION] t=144.9s | tracks=2 | weapons=0 available
  track 10 (ASM, d=0.0km, v=0m/s) -> threat=111.00
  track 12 (ASM, d=0.0km, v=0m/s) -> threat=111.00

[DECISION] t=145.1s | tracks=2 | weapons=0 available
  track 10 (ASM, d=0.0km, v=0m/s) -> threat=111.00
  track 12 (ASM, d=0.0km, v=0m/s) -> threat=111.00

[DECISION] t=145.3s | tracks=2 | weapons=0 available
  track 10 (ASM, d=0.0km, v=0m/s) -> threat=111.00
  track 12 (ASM, d=0.0km, v=0m/s) -> threat=111.00

[DECISION] t=145.5s | tracks=2 | weapons=0 available
  track 10 (ASM, d=0.0km, v=0m/s) -> threat=111.00
  track 12 (ASM, d=0.0km, v=0m/s) -> threat=111.00

[DECISION] t=145.9s | tracks=2 | weapons=0 available
  track 10 (ASM, d=0.0km, v=0m/s) -> threat=111.00
  track 12 (ASM, d=0.0km, v=0m/s) -> threat=111.00

[DECISION] t=146.3s | tracks=2 | weapons=0 available
  track 10 (ASM, d=0.0km, v=0m/s) -> threat=111.00
  track 12 (ASM, d=0.0km, v=0m/s) -> threat=111.00

[DECISION] t=146.7s | tracks=2 | weapons=0 available
  track 10 (ASM, d=0.0km, v=0m/s) -> threat=111.00
  track 12 (ASM, d=0.0km, v=0m/s) -> threat=111.00

[DECISION] t=146.9s | tracks=2 | weapons=0 available
  track 10 (ASM, d=0.0km, v=0m/s) -> threat=111.00
  track 12 (ASM, d=0.0km, v=0m/s) -> threat=111.00

[DECISION] t=147.1s | tracks=2 | weapons=0 available
  track 10 (ASM, d=0.0km, v=0m/s) -> threat=111.00
  track 12 (ASM, d=0.0km, v=0m/s) -> threat=111.00

[DECISION] t=147.5s | tracks=2 | weapons=0 available
  track 10 (ASM, d=0.0km, v=0m/s) -> threat=111.00
  track 12 (ASM, d=0.0km, v=0m/s) -> threat=111.00

[DECISION] t=147.7s | tracks=2 | weapons=0 available
  track 10 (ASM, d=0.0km, v=0m/s) -> threat=111.00
  track 12 (ASM, d=0.0km, v=0m/s) -> threat=111.00

[DECISION] t=147.9s | tracks=2 | weapons=0 available
  track 10 (ASM, d=0.0km, v=0m/s) -> threat=111.00
  track 12 (ASM, d=0.0km, v=0m/s) -> threat=111.00

[DECISION] t=148.1s | tracks=2 | weapons=0 available
  track 10 (ASM, d=0.0km, v=0m/s) -> threat=111.00
  track 12 (ASM, d=0.0km, v=0m/s) -> threat=111.00

[DECISION] t=148.3s | tracks=2 | weapons=0 available
  track 10 (ASM, d=0.0km, v=0m/s) -> threat=111.00
  track 12 (ASM, d=0.0km, v=0m/s) -> threat=111.00

[DECISION] t=148.5s | tracks=2 | weapons=0 available
  track 10 (ASM, d=0.0km, v=0m/s) -> threat=111.00
  track 12 (ASM, d=0.0km, v=0m/s) -> threat=111.00

[DECISION] t=148.7s | tracks=2 | weapons=0 available
  track 10 (ASM, d=0.0km, v=0m/s) -> threat=111.00
  track 12 (ASM, d=0.0km, v=0m/s) -> threat=111.00

[DECISION] t=148.9s | tracks=2 | weapons=0 available
  track 10 (ASM, d=0.0km, v=0m/s) -> threat=111.00
  track 12 (ASM, d=0.0km, v=0m/s) -> threat=111.00

[DECISION] t=149.1s | tracks=2 | weapons=0 available
  track 10 (ASM, d=0.0km, v=0m/s) -> threat=111.00
  track 12 (ASM, d=0.0km, v=0m/s) -> threat=111.00

[DECISION] t=149.3s | tracks=2 | weapons=0 available
  track 10 (ASM, d=0.0km, v=0m/s) -> threat=111.00
  track 12 (ASM, d=0.0km, v=0m/s) -> threat=111.00

[DECISION] t=149.5s | tracks=2 | weapons=0 available
  track 10 (ASM, d=0.0km, v=0m/s) -> threat=111.00
  track 12 (ASM, d=0.0km, v=0m/s) -> threat=111.00

[DECISION] t=149.7s | tracks=2 | weapons=0 available
  track 10 (ASM, d=0.0km, v=0m/s) -> threat=111.00
  track 12 (ASM, d=0.0km, v=0m/s) -> threat=111.00

[DECISION] t=149.9s | tracks=2 | weapons=0 available
  track 10 (ASM, d=0.0km, v=0m/s) -> threat=111.00
  track 12 (ASM, d=0.0km, v=0m/s) -> threat=111.00

[DECISION] t=150.1s | tracks=2 | weapons=0 available
  track 10 (ASM, d=0.0km, v=0m/s) -> threat=111.00
  track 12 (ASM, d=0.0km, v=0m/s) -> threat=111.00

[DECISION] t=150.3s | tracks=2 | weapons=0 available
  track 10 (ASM, d=0.0km, v=0m/s) -> threat=111.00
  track 12 (ASM, d=0.0km, v=0m/s) -> threat=111.00

[DECISION] t=150.5s | tracks=2 | weapons=0 available
  track 10 (ASM, d=0.0km, v=0m/s) -> threat=111.00
  track 12 (ASM, d=0.0km, v=0m/s) -> threat=111.00

[DECISION] t=150.7s | tracks=2 | weapons=0 available
  track 10 (ASM, d=0.0km, v=0m/s) -> threat=111.00
  track 12 (ASM, d=0.0km, v=0m/s) -> threat=111.00

[DECISION] t=150.9s | tracks=2 | weapons=0 available
  track 10 (ASM, d=0.0km, v=0m/s) -> threat=111.00
  track 12 (ASM, d=0.0km, v=0m/s) -> threat=111.00

[DECISION] t=151.1s | tracks=2 | weapons=0 available
  track 10 (ASM, d=0.0km, v=0m/s) -> threat=111.00
  track 12 (ASM, d=0.0km, v=0m/s) -> threat=111.00

[DECISION] t=151.3s | tracks=2 | weapons=0 available
  track 10 (ASM, d=0.0km, v=0m/s) -> threat=111.00
  track 12 (ASM, d=0.0km, v=0m/s) -> threat=111.00

[DECISION] t=151.5s | tracks=2 | weapons=0 available
  track 10 (ASM, d=0.0km, v=0m/s) -> threat=111.00
  track 12 (ASM, d=0.0km, v=0m/s) -> threat=111.00

[DECISION] t=151.7s | tracks=2 | weapons=0 available
  track 10 (ASM, d=0.0km, v=0m/s) -> threat=111.00
  track 12 (ASM, d=0.0km, v=0m/s) -> threat=111.00

[DECISION] t=152.1s | tracks=2 | weapons=0 available
  track 10 (ASM, d=0.0km, v=0m/s) -> threat=111.00
  track 12 (ASM, d=0.0km, v=0m/s) -> threat=111.00

[DECISION] t=152.3s | tracks=2 | weapons=0 available
  track 10 (ASM, d=0.0km, v=0m/s) -> threat=111.00
  track 12 (ASM, d=0.0km, v=0m/s) -> threat=111.00

[DECISION] t=152.5s | tracks=2 | weapons=0 available
  track 10 (ASM, d=0.0km, v=0m/s) -> threat=111.00
  track 12 (ASM, d=0.0km, v=0m/s) -> threat=111.00

[DECISION] t=152.9s | tracks=2 | weapons=0 available
  track 10 (ASM, d=0.0km, v=0m/s) -> threat=111.00
  track 12 (ASM, d=0.0km, v=0m/s) -> threat=111.00

[DECISION] t=152.9s | tracks=2 | weapons=0 available
  track 10 (ASM, d=0.0km, v=0m/s) -> threat=111.00
  track 12 (ASM, d=0.0km, v=0m/s) -> threat=111.00

[DECISION] t=153.1s | tracks=2 | weapons=0 available
  track 10 (ASM, d=0.0km, v=0m/s) -> threat=111.00
  track 12 (ASM, d=0.0km, v=0m/s) -> threat=111.00

[DECISION] t=153.3s | tracks=2 | weapons=0 available
  track 10 (ASM, d=0.0km, v=0m/s) -> threat=111.00
  track 12 (ASM, d=0.0km, v=0m/s) -> threat=111.00

[DECISION] t=153.7s | tracks=2 | weapons=0 available
  track 10 (ASM, d=0.0km, v=0m/s) -> threat=111.00
  track 12 (ASM, d=0.0km, v=0m/s) -> threat=111.00

[DECISION] t=154.1s | tracks=2 | weapons=0 available
  track 10 (ASM, d=0.0km, v=0m/s) -> threat=111.00
  track 12 (ASM, d=0.0km, v=0m/s) -> threat=111.00

[DECISION] t=154.3s | tracks=2 | weapons=0 available
  track 10 (ASM, d=0.0km, v=0m/s) -> threat=111.00
  track 12 (ASM, d=0.0km, v=0m/s) -> threat=111.00

[DECISION] t=154.5s | tracks=2 | weapons=0 available
  track 10 (ASM, d=0.0km, v=0m/s) -> threat=111.00
  track 12 (ASM, d=0.0km, v=0m/s) -> threat=111.00

[DECISION] t=154.9s | tracks=2 | weapons=0 available
  track 10 (ASM, d=0.0km, v=0m/s) -> threat=111.00
  track 12 (ASM, d=0.0km, v=0m/s) -> threat=111.00

[DECISION] t=155.1s | tracks=2 | weapons=0 available
  track 10 (ASM, d=0.0km, v=0m/s) -> threat=111.00
  track 12 (ASM, d=0.0km, v=0m/s) -> threat=111.00

[DECISION] t=155.3s | tracks=2 | weapons=0 available
  track 10 (ASM, d=0.0km, v=0m/s) -> threat=111.00
  track 12 (ASM, d=0.0km, v=0m/s) -> threat=111.00

[DECISION] t=155.5s | tracks=2 | weapons=0 available
  track 10 (ASM, d=0.0km, v=0m/s) -> threat=111.00
  track 12 (ASM, d=0.0km, v=0m/s) -> threat=111.00

[DECISION] t=155.7s | tracks=2 | weapons=0 available
  track 10 (ASM, d=0.0km, v=0m/s) -> threat=111.00
  track 12 (ASM, d=0.0km, v=0m/s) -> threat=111.00

[DECISION] t=155.9s | tracks=2 | weapons=0 available
  track 10 (ASM, d=0.0km, v=0m/s) -> threat=111.00
  track 12 (ASM, d=0.0km, v=0m/s) -> threat=111.00

[DECISION] t=156.1s | tracks=2 | weapons=0 available
  track 10 (ASM, d=0.0km, v=0m/s) -> threat=111.00
  track 12 (ASM, d=0.0km, v=0m/s) -> threat=111.00

[DECISION] t=156.3s | tracks=2 | weapons=0 available
  track 10 (ASM, d=0.0km, v=0m/s) -> threat=111.00
  track 12 (ASM, d=0.0km, v=0m/s) -> threat=111.00

[DECISION] t=156.5s | tracks=2 | weapons=0 available
  track 10 (ASM, d=0.0km, v=0m/s) -> threat=111.00
  track 12 (ASM, d=0.0km, v=0m/s) -> threat=111.00

[DECISION] t=156.9s | tracks=2 | weapons=0 available
  track 10 (ASM, d=0.0km, v=0m/s) -> threat=111.00
  track 12 (ASM, d=0.0km, v=0m/s) -> threat=111.00

[DECISION] t=157.3s | tracks=2 | weapons=0 available
  track 10 (ASM, d=0.0km, v=0m/s) -> threat=111.00
  track 12 (ASM, d=0.0km, v=0m/s) -> threat=111.00

[DECISION] t=157.3s | tracks=2 | weapons=0 available
  track 10 (ASM, d=0.0km, v=0m/s) -> threat=111.00
  track 12 (ASM, d=0.0km, v=0m/s) -> threat=111.00

[DECISION] t=157.5s | tracks=2 | weapons=0 available
  track 10 (ASM, d=0.0km, v=0m/s) -> threat=111.00
  track 12 (ASM, d=0.0km, v=0m/s) -> threat=111.00

[DECISION] t=157.7s | tracks=2 | weapons=0 available
  track 10 (ASM, d=0.0km, v=0m/s) -> threat=111.00
  track 12 (ASM, d=0.0km, v=0m/s) -> threat=111.00

[DECISION] t=157.9s | tracks=2 | weapons=0 available
  track 10 (ASM, d=0.0km, v=0m/s) -> threat=111.00
  track 12 (ASM, d=0.0km, v=0m/s) -> threat=111.00

[DECISION] t=158.1s | tracks=2 | weapons=0 available
  track 10 (ASM, d=0.0km, v=0m/s) -> threat=111.00
  track 12 (ASM, d=0.0km, v=0m/s) -> threat=111.00

[DECISION] t=158.5s | tracks=2 | weapons=0 available
  track 10 (ASM, d=0.0km, v=0m/s) -> threat=111.00
  track 12 (ASM, d=0.0km, v=0m/s) -> threat=111.00

[DECISION] t=158.9s | tracks=2 | weapons=0 available
  track 10 (ASM, d=0.0km, v=0m/s) -> threat=111.00
  track 12 (ASM, d=0.0km, v=0m/s) -> threat=111.00

[DECISION] t=159.1s | tracks=2 | weapons=0 available
  track 10 (ASM, d=0.0km, v=0m/s) -> threat=111.00
  track 12 (ASM, d=0.0km, v=0m/s) -> threat=111.00

[DECISION] t=159.3s | tracks=2 | weapons=0 available
  track 10 (ASM, d=0.0km, v=0m/s) -> threat=111.00
  track 12 (ASM, d=0.0km, v=0m/s) -> threat=111.00

[DECISION] t=159.7s | tracks=2 | weapons=0 available
  track 10 (ASM, d=0.0km, v=0m/s) -> threat=111.00
  track 12 (ASM, d=0.0km, v=0m/s) -> threat=111.00

[DECISION] t=159.9s | tracks=2 | weapons=0 available
  track 10 (ASM, d=0.0km, v=0m/s) -> threat=111.00
  track 12 (ASM, d=0.0km, v=0m/s) -> threat=111.00

[DECISION] t=160.1s | tracks=2 | weapons=0 available
  track 10 (ASM, d=0.0km, v=0m/s) -> threat=111.00
  track 12 (ASM, d=0.0km, v=0m/s) -> threat=111.00

[DECISION] t=160.3s | tracks=2 | weapons=0 available
  track 10 (ASM, d=0.0km, v=0m/s) -> threat=111.00
  track 12 (ASM, d=0.0km, v=0m/s) -> threat=111.00

[DECISION] t=160.5s | tracks=2 | weapons=0 available
  track 10 (ASM, d=0.0km, v=0m/s) -> threat=111.00
  track 12 (ASM, d=0.0km, v=0m/s) -> threat=111.00

[DECISION] t=160.7s | tracks=2 | weapons=0 available
  track 10 (ASM, d=0.0km, v=0m/s) -> threat=111.00
  track 12 (ASM, d=0.0km, v=0m/s) -> threat=111.00

[DECISION] t=161.1s | tracks=2 | weapons=0 available
  track 10 (ASM, d=0.0km, v=0m/s) -> threat=111.00
  track 12 (ASM, d=0.0km, v=0m/s) -> threat=111.00

[DECISION] t=161.5s | tracks=2 | weapons=0 available
  track 10 (ASM, d=0.0km, v=0m/s) -> threat=111.00
  track 12 (ASM, d=0.0km, v=0m/s) -> threat=111.00

[DECISION] t=161.9s | tracks=2 | weapons=0 available
  track 10 (ASM, d=0.0km, v=0m/s) -> threat=111.00
  track 12 (ASM, d=0.0km, v=0m/s) -> threat=111.00

[DECISION] t=162.3s | tracks=2 | weapons=0 available
  track 10 (ASM, d=0.0km, v=0m/s) -> threat=111.00
  track 12 (ASM, d=0.0km, v=0m/s) -> threat=111.00

[DECISION] t=162.3s | tracks=2 | weapons=0 available
  track 10 (ASM, d=0.0km, v=0m/s) -> threat=111.00
  track 12 (ASM, d=0.0km, v=0m/s) -> threat=111.00

[DECISION] t=162.5s | tracks=2 | weapons=0 available
  track 10 (ASM, d=0.0km, v=0m/s) -> threat=111.00
  track 12 (ASM, d=0.0km, v=0m/s) -> threat=111.00

[DECISION] t=162.7s | tracks=2 | weapons=0 available
  track 10 (ASM, d=0.0km, v=0m/s) -> threat=111.00
  track 12 (ASM, d=0.0km, v=0m/s) -> threat=111.00

[DECISION] t=162.9s | tracks=2 | weapons=0 available
  track 10 (ASM, d=0.0km, v=0m/s) -> threat=111.00
  track 12 (ASM, d=0.0km, v=0m/s) -> threat=111.00

[DECISION] t=163.1s | tracks=2 | weapons=0 available
  track 10 (ASM, d=0.0km, v=0m/s) -> threat=111.00
  track 12 (ASM, d=0.0km, v=0m/s) -> threat=111.00

[DECISION] t=163.3s | tracks=2 | weapons=0 available
  track 10 (ASM, d=0.0km, v=0m/s) -> threat=111.00
  track 12 (ASM, d=0.0km, v=0m/s) -> threat=111.00

[DECISION] t=163.5s | tracks=2 | weapons=0 available
  track 10 (ASM, d=0.0km, v=0m/s) -> threat=111.00
  track 12 (ASM, d=0.0km, v=0m/s) -> threat=111.00

[DECISION] t=163.9s | tracks=2 | weapons=0 available
  track 10 (ASM, d=0.0km, v=0m/s) -> threat=111.00
  track 12 (ASM, d=0.0km, v=0m/s) -> threat=111.00

[DECISION] t=164.1s | tracks=2 | weapons=0 available
  track 10 (ASM, d=0.0km, v=0m/s) -> threat=111.00
  track 12 (ASM, d=0.0km, v=0m/s) -> threat=111.00

[DECISION] t=164.3s | tracks=2 | weapons=0 available
  track 10 (ASM, d=0.0km, v=0m/s) -> threat=111.00
  track 12 (ASM, d=0.0km, v=0m/s) -> threat=111.00

[DECISION] t=164.5s | tracks=2 | weapons=0 available
  track 10 (ASM, d=0.0km, v=0m/s) -> threat=111.00
  track 12 (ASM, d=0.0km, v=0m/s) -> threat=111.00

[DECISION] t=164.7s | tracks=2 | weapons=0 available
  track 10 (ASM, d=0.0km, v=0m/s) -> threat=111.00
  track 12 (ASM, d=0.0km, v=0m/s) -> threat=111.00

[DECISION] t=164.9s | tracks=2 | weapons=0 available
  track 10 (ASM, d=0.0km, v=0m/s) -> threat=111.00
  track 12 (ASM, d=0.0km, v=0m/s) -> threat=111.00

[DECISION] t=165.1s | tracks=2 | weapons=0 available
  track 10 (ASM, d=0.0km, v=0m/s) -> threat=111.00
  track 12 (ASM, d=0.0km, v=0m/s) -> threat=111.00

[DECISION] t=165.3s | tracks=2 | weapons=0 available
  track 10 (ASM, d=0.0km, v=0m/s) -> threat=111.00
  track 12 (ASM, d=0.0km, v=0m/s) -> threat=111.00

[DECISION] t=165.5s | tracks=2 | weapons=0 available
  track 10 (ASM, d=0.0km, v=0m/s) -> threat=111.00
  track 12 (ASM, d=0.0km, v=0m/s) -> threat=111.00

[DECISION] t=165.7s | tracks=2 | weapons=0 available
  track 10 (ASM, d=0.0km, v=0m/s) -> threat=111.00
  track 12 (ASM, d=0.0km, v=0m/s) -> threat=111.00

[DECISION] t=165.9s | tracks=2 | weapons=0 available
  track 10 (ASM, d=0.0km, v=0m/s) -> threat=111.00
  track 12 (ASM, d=0.0km, v=0m/s) -> threat=111.00

[DECISION] t=166.3s | tracks=2 | weapons=0 available
  track 10 (ASM, d=0.0km, v=0m/s) -> threat=111.00
  track 12 (ASM, d=0.0km, v=0m/s) -> threat=111.00

[DECISION] t=166.5s | tracks=2 | weapons=0 available
  track 10 (ASM, d=0.0km, v=0m/s) -> threat=111.00
  track 12 (ASM, d=0.0km, v=0m/s) -> threat=111.00

[DECISION] t=166.7s | tracks=2 | weapons=0 available
  track 10 (ASM, d=0.0km, v=0m/s) -> threat=111.00
  track 12 (ASM, d=0.0km, v=0m/s) -> threat=111.00

[DECISION] t=166.9s | tracks=2 | weapons=0 available
  track 10 (ASM, d=0.0km, v=0m/s) -> threat=111.00
  track 12 (ASM, d=0.0km, v=0m/s) -> threat=111.00

[DECISION] t=167.1s | tracks=2 | weapons=0 available
  track 10 (ASM, d=0.0km, v=0m/s) -> threat=111.00
  track 12 (ASM, d=0.0km, v=0m/s) -> threat=111.00

[DECISION] t=167.3s | tracks=2 | weapons=0 available
  track 10 (ASM, d=0.0km, v=0m/s) -> threat=111.00
  track 12 (ASM, d=0.0km, v=0m/s) -> threat=111.00

[DECISION] t=167.5s | tracks=2 | weapons=0 available
  track 10 (ASM, d=0.0km, v=0m/s) -> threat=111.00
  track 12 (ASM, d=0.0km, v=0m/s) -> threat=111.00

[DECISION] t=0.0s | tracks=2 | weapons=0 available
  track 10 (ASM, d=0.0km, v=0m/s) -> threat=111.00
  track 12 (ASM, d=0.0km, v=0m/s) -> threat=111.00

[DECISION] t=168.1s | tracks=2 | weapons=0 available
  track 10 (ASM, d=0.0km, v=0m/s) -> threat=111.00
  track 12 (ASM, d=0.0km, v=0m/s) -> threat=111.00

[DECISION] t=168.1s | tracks=2 | weapons=0 available
  track 10 (ASM, d=0.0km, v=0m/s) -> threat=111.00
  track 12 (ASM, d=0.0km, v=0m/s) -> threat=111.00

[DECISION] t=168.5s | tracks=2 | weapons=0 available
  track 10 (ASM, d=0.0km, v=0m/s) -> threat=111.00
  track 12 (ASM, d=0.0km, v=0m/s) -> threat=111.00

[DECISION] t=168.5s | tracks=2 | weapons=0 available
  track 10 (ASM, d=0.0km, v=0m/s) -> threat=111.00
  track 12 (ASM, d=0.0km, v=0m/s) -> threat=111.00

[DECISION] t=168.7s | tracks=2 | weapons=0 available
  track 10 (ASM, d=0.0km, v=0m/s) -> threat=111.00
  track 12 (ASM, d=0.0km, v=0m/s) -> threat=111.00

[DECISION] t=168.9s | tracks=2 | weapons=0 available
  track 10 (ASM, d=0.0km, v=0m/s) -> threat=111.00
  track 12 (ASM, d=0.0km, v=0m/s) -> threat=111.00

[DECISION] t=169.1s | tracks=2 | weapons=0 available
  track 10 (ASM, d=0.0km, v=0m/s) -> threat=111.00
  track 12 (ASM, d=0.0km, v=0m/s) -> threat=111.00

[DECISION] t=169.3s | tracks=2 | weapons=0 available
  track 10 (ASM, d=0.0km, v=0m/s) -> threat=111.00
  track 12 (ASM, d=0.0km, v=0m/s) -> threat=111.00

[DECISION] t=169.7s | tracks=2 | weapons=0 available
  track 10 (ASM, d=0.0km, v=0m/s) -> threat=111.00
  track 12 (ASM, d=0.0km, v=0m/s) -> threat=111.00

[DECISION] t=169.9s | tracks=2 | weapons=0 available
  track 10 (ASM, d=0.0km, v=0m/s) -> threat=111.00
  track 12 (ASM, d=0.0km, v=0m/s) -> threat=111.00

[DECISION] t=170.1s | tracks=2 | weapons=0 available
  track 10 (ASM, d=0.0km, v=0m/s) -> threat=111.00
  track 12 (ASM, d=0.0km, v=0m/s) -> threat=111.00

[DECISION] t=170.3s | tracks=2 | weapons=0 available
  track 10 (ASM, d=0.0km, v=0m/s) -> threat=111.00
  track 12 (ASM, d=0.0km, v=0m/s) -> threat=111.00

[DECISION] t=170.5s | tracks=2 | weapons=0 available
  track 10 (ASM, d=0.0km, v=0m/s) -> threat=111.00
  track 12 (ASM, d=0.0km, v=0m/s) -> threat=111.00

[DECISION] t=170.7s | tracks=2 | weapons=0 available
  track 10 (ASM, d=0.0km, v=0m/s) -> threat=111.00
  track 12 (ASM, d=0.0km, v=0m/s) -> threat=111.00

[DECISION] t=170.9s | tracks=2 | weapons=0 available
  track 10 (ASM, d=0.0km, v=0m/s) -> threat=111.00
  track 12 (ASM, d=0.0km, v=0m/s) -> threat=111.00

[DECISION] t=171.1s | tracks=2 | weapons=0 available
  track 10 (ASM, d=0.0km, v=0m/s) -> threat=111.00
  track 12 (ASM, d=0.0km, v=0m/s) -> threat=111.00

[DECISION] t=0.0s | tracks=2 | weapons=0 available
  track 10 (ASM, d=0.0km, v=0m/s) -> threat=111.00
  track 12 (ASM, d=0.0km, v=0m/s) -> threat=111.00

[DECISION] t=171.5s | tracks=2 | weapons=0 available
  track 10 (ASM, d=0.0km, v=0m/s) -> threat=111.00
  track 12 (ASM, d=0.0km, v=0m/s) -> threat=111.00

[DECISION] t=171.7s | tracks=2 | weapons=0 available
  track 10 (ASM, d=0.0km, v=0m/s) -> threat=111.00
  track 12 (ASM, d=0.0km, v=0m/s) -> threat=111.00

[DECISION] t=0.0s | tracks=2 | weapons=0 available
  track 10 (ASM, d=0.0km, v=0m/s) -> threat=111.00
  track 12 (ASM, d=0.0km, v=0m/s) -> threat=111.00

[DECISION] t=172.1s | tracks=2 | weapons=0 available
  track 10 (ASM, d=0.0km, v=0m/s) -> threat=111.00
  track 12 (ASM, d=0.0km, v=0m/s) -> threat=111.00

[DECISION] t=172.5s | tracks=2 | weapons=0 available
  track 10 (ASM, d=0.0km, v=0m/s) -> threat=111.00
  track 12 (ASM, d=0.0km, v=0m/s) -> threat=111.00

[DECISION] t=172.7s | tracks=2 | weapons=0 available
  track 10 (ASM, d=0.0km, v=0m/s) -> threat=111.00
  track 12 (ASM, d=0.0km, v=0m/s) -> threat=111.00

[DECISION] t=172.9s | tracks=2 | weapons=0 available
  track 10 (ASM, d=0.0km, v=0m/s) -> threat=111.00
  track 12 (ASM, d=0.0km, v=0m/s) -> threat=111.00

[DECISION] t=173.1s | tracks=2 | weapons=0 available
  track 10 (ASM, d=0.0km, v=0m/s) -> threat=111.00
  track 12 (ASM, d=0.0km, v=0m/s) -> threat=111.00

[DECISION] t=173.5s | tracks=2 | weapons=0 available
  track 10 (ASM, d=0.0km, v=0m/s) -> threat=111.00
  track 12 (ASM, d=0.0km, v=0m/s) -> threat=111.00

[DECISION] t=173.5s | tracks=2 | weapons=0 available
  track 10 (ASM, d=0.0km, v=0m/s) -> threat=111.00
  track 12 (ASM, d=0.0km, v=0m/s) -> threat=111.00

[DECISION] t=173.7s | tracks=2 | weapons=0 available
  track 10 (ASM, d=0.0km, v=0m/s) -> threat=111.00
  track 12 (ASM, d=0.0km, v=0m/s) -> threat=111.00

[DECISION] t=173.9s | tracks=2 | weapons=0 available
  track 10 (ASM, d=0.0km, v=0m/s) -> threat=111.00
  track 12 (ASM, d=0.0km, v=0m/s) -> threat=111.00

[DECISION] t=174.3s | tracks=2 | weapons=0 available
  track 10 (ASM, d=0.0km, v=0m/s) -> threat=111.00
  track 12 (ASM, d=0.0km, v=0m/s) -> threat=111.00

[DECISION] t=174.3s | tracks=2 | weapons=0 available
  track 10 (ASM, d=0.0km, v=0m/s) -> threat=111.00
  track 12 (ASM, d=0.0km, v=0m/s) -> threat=111.00

[DECISION] t=174.5s | tracks=2 | weapons=0 available
  track 10 (ASM, d=0.0km, v=0m/s) -> threat=111.00
  track 12 (ASM, d=0.0km, v=0m/s) -> threat=111.00

[DECISION] t=174.7s | tracks=2 | weapons=0 available
  track 10 (ASM, d=0.0km, v=0m/s) -> threat=111.00
  track 12 (ASM, d=0.0km, v=0m/s) -> threat=111.00

[DECISION] t=174.9s | tracks=2 | weapons=0 available
  track 10 (ASM, d=0.0km, v=0m/s) -> threat=111.00
  track 12 (ASM, d=0.0km, v=0m/s) -> threat=111.00

[DECISION] t=175.1s | tracks=2 | weapons=0 available
  track 10 (ASM, d=0.0km, v=0m/s) -> threat=111.00
  track 12 (ASM, d=0.0km, v=0m/s) -> threat=111.00

[DECISION] t=175.5s | tracks=2 | weapons=0 available
  track 10 (ASM, d=0.0km, v=0m/s) -> threat=111.00
  track 12 (ASM, d=0.0km, v=0m/s) -> threat=111.00

[DECISION] t=175.7s | tracks=2 | weapons=0 available
  track 10 (ASM, d=0.0km, v=0m/s) -> threat=111.00
  track 12 (ASM, d=0.0km, v=0m/s) -> threat=111.00

[DECISION] t=175.9s | tracks=2 | weapons=0 available
  track 10 (ASM, d=0.0km, v=0m/s) -> threat=111.00
  track 12 (ASM, d=0.0km, v=0m/s) -> threat=111.00

[DECISION] t=176.1s | tracks=2 | weapons=0 available
  track 10 (ASM, d=0.0km, v=0m/s) -> threat=111.00
  track 12 (ASM, d=0.0km, v=0m/s) -> threat=111.00

[DECISION] t=176.3s | tracks=2 | weapons=0 available
  track 10 (ASM, d=0.0km, v=0m/s) -> threat=111.00
  track 12 (ASM, d=0.0km, v=0m/s) -> threat=111.00

[DECISION] t=176.5s | tracks=2 | weapons=0 available
  track 10 (ASM, d=0.0km, v=0m/s) -> threat=111.00
  track 12 (ASM, d=0.0km, v=0m/s) -> threat=111.00

[DECISION] t=176.7s | tracks=2 | weapons=0 available
  track 10 (ASM, d=0.0km, v=0m/s) -> threat=111.00
  track 12 (ASM, d=0.0km, v=0m/s) -> threat=111.00

[DECISION] t=176.9s | tracks=2 | weapons=0 available
  track 10 (ASM, d=0.0km, v=0m/s) -> threat=111.00
  track 12 (ASM, d=0.0km, v=0m/s) -> threat=111.00

[DECISION] t=177.1s | tracks=2 | weapons=0 available
  track 10 (ASM, d=0.0km, v=0m/s) -> threat=111.00
  track 12 (ASM, d=0.0km, v=0m/s) -> threat=111.00

[DECISION] t=177.3s | tracks=2 | weapons=0 available
  track 10 (ASM, d=0.0km, v=0m/s) -> threat=111.00
  track 12 (ASM, d=0.0km, v=0m/s) -> threat=111.00

[DECISION] t=177.5s | tracks=2 | weapons=0 available
  track 10 (ASM, d=0.0km, v=0m/s) -> threat=111.00
  track 12 (ASM, d=0.0km, v=0m/s) -> threat=111.00

[DECISION] t=178.1s | tracks=2 | weapons=0 available
  track 10 (ASM, d=0.0km, v=0m/s) -> threat=111.00
  track 12 (ASM, d=0.0km, v=0m/s) -> threat=111.00

[DECISION] t=178.3s | tracks=2 | weapons=0 available
  track 10 (ASM, d=0.0km, v=0m/s) -> threat=111.00
  track 12 (ASM, d=0.0km, v=0m/s) -> threat=111.00

[DECISION] t=178.5s | tracks=2 | weapons=0 available
  track 10 (ASM, d=0.0km, v=0m/s) -> threat=111.00
  track 12 (ASM, d=0.0km, v=0m/s) -> threat=111.00

[DECISION] t=178.7s | tracks=2 | weapons=0 available
  track 10 (ASM, d=0.0km, v=0m/s) -> threat=111.00
  track 12 (ASM, d=0.0km, v=0m/s) -> threat=111.00

[DECISION] t=179.1s | tracks=2 | weapons=0 available
  track 10 (ASM, d=0.0km, v=0m/s) -> threat=111.00
  track 12 (ASM, d=0.0km, v=0m/s) -> threat=111.00

[DECISION] t=179.3s | tracks=2 | weapons=0 available
  track 10 (ASM, d=0.0km, v=0m/s) -> threat=111.00
  track 12 (ASM, d=0.0km, v=0m/s) -> threat=111.00

[DECISION] t=179.3s | tracks=2 | weapons=0 available
  track 10 (ASM, d=0.0km, v=0m/s) -> threat=111.00
  track 12 (ASM, d=0.0km, v=0m/s) -> threat=111.00

[DECISION] t=179.5s | tracks=2 | weapons=0 available
  track 10 (ASM, d=0.0km, v=0m/s) -> threat=111.00
  track 12 (ASM, d=0.0km, v=0m/s) -> threat=111.00

[DECISION] t=179.9s | tracks=2 | weapons=0 available
  track 10 (ASM, d=0.0km, v=0m/s) -> threat=111.00
  track 12 (ASM, d=0.0km, v=0m/s) -> threat=111.00

[DECISION] t=179.9s | tracks=2 | weapons=0 available
  track 10 (ASM, d=0.0km, v=0m/s) -> threat=111.00
  track 12 (ASM, d=0.0km, v=0m/s) -> threat=111.00

[DECISION] t=180.1s | tracks=2 | weapons=0 available
  track 10 (ASM, d=0.0km, v=0m/s) -> threat=111.00
  track 12 (ASM, d=0.0km, v=0m/s) -> threat=111.00

[DECISION] t=180.3s | tracks=2 | weapons=0 available
  track 10 (ASM, d=0.0km, v=0m/s) -> threat=111.00
  track 12 (ASM, d=0.0km, v=0m/s) -> threat=111.00

[DECISION] t=180.5s | tracks=2 | weapons=0 available
  track 10 (ASM, d=0.0km, v=0m/s) -> threat=111.00
  track 12 (ASM, d=0.0km, v=0m/s) -> threat=111.00

[DECISION] t=180.9s | tracks=2 | weapons=0 available
  track 10 (ASM, d=0.0km, v=0m/s) -> threat=111.00
  track 12 (ASM, d=0.0km, v=0m/s) -> threat=111.00

[DECISION] t=181.1s | tracks=2 | weapons=0 available
  track 10 (ASM, d=0.0km, v=0m/s) -> threat=111.00
  track 12 (ASM, d=0.0km, v=0m/s) -> threat=111.00

[DECISION] t=181.3s | tracks=2 | weapons=0 available
  track 10 (ASM, d=0.0km, v=0m/s) -> threat=111.00
  track 12 (ASM, d=0.0km, v=0m/s) -> threat=111.00

[DECISION] t=181.5s | tracks=2 | weapons=0 available
  track 10 (ASM, d=0.0km, v=0m/s) -> threat=111.00
  track 12 (ASM, d=0.0km, v=0m/s) -> threat=111.00

[DECISION] t=181.7s | tracks=2 | weapons=0 available
  track 10 (ASM, d=0.0km, v=0m/s) -> threat=111.00
  track 12 (ASM, d=0.0km, v=0m/s) -> threat=111.00

[DECISION] t=182.1s | tracks=2 | weapons=0 available
  track 10 (ASM, d=0.0km, v=0m/s) -> threat=111.00
  track 12 (ASM, d=0.0km, v=0m/s) -> threat=111.00

[DECISION] t=182.1s | tracks=2 | weapons=0 available
  track 10 (ASM, d=0.0km, v=0m/s) -> threat=111.00
  track 12 (ASM, d=0.0km, v=0m/s) -> threat=111.00

[DECISION] t=182.3s | tracks=2 | weapons=0 available
  track 10 (ASM, d=0.0km, v=0m/s) -> threat=111.00
  track 12 (ASM, d=0.0km, v=0m/s) -> threat=111.00

[DECISION] t=182.5s | tracks=2 | weapons=0 available
  track 10 (ASM, d=0.0km, v=0m/s) -> threat=111.00
  track 12 (ASM, d=0.0km, v=0m/s) -> threat=111.00

[DECISION] t=182.9s | tracks=2 | weapons=0 available
  track 10 (ASM, d=0.0km, v=0m/s) -> threat=111.00
  track 12 (ASM, d=0.0km, v=0m/s) -> threat=111.00

[DECISION] t=183.1s | tracks=2 | weapons=0 available
  track 10 (ASM, d=0.0km, v=0m/s) -> threat=111.00
  track 12 (ASM, d=0.0km, v=0m/s) -> threat=111.00

[DECISION] t=183.3s | tracks=2 | weapons=0 available
  track 10 (ASM, d=0.0km, v=0m/s) -> threat=111.00
  track 12 (ASM, d=0.0km, v=0m/s) -> threat=111.00

[DECISION] t=183.5s | tracks=2 | weapons=0 available
  track 10 (ASM, d=0.0km, v=0m/s) -> threat=111.00
  track 12 (ASM, d=0.0km, v=0m/s) -> threat=111.00

[DECISION] t=183.7s | tracks=2 | weapons=0 available
  track 10 (ASM, d=0.0km, v=0m/s) -> threat=111.00
  track 12 (ASM, d=0.0km, v=0m/s) -> threat=111.00

[DECISION] t=183.9s | tracks=2 | weapons=0 available
  track 10 (ASM, d=0.0km, v=0m/s) -> threat=111.00
  track 12 (ASM, d=0.0km, v=0m/s) -> threat=111.00

[DECISION] t=184.3s | tracks=2 | weapons=0 available
  track 10 (ASM, d=0.0km, v=0m/s) -> threat=111.00
  track 12 (ASM, d=0.0km, v=0m/s) -> threat=111.00

[DECISION] t=184.5s | tracks=2 | weapons=0 available
  track 10 (ASM, d=0.0km, v=0m/s) -> threat=111.00
  track 12 (ASM, d=0.0km, v=0m/s) -> threat=111.00

[DECISION] t=184.9s | tracks=2 | weapons=0 available
  track 10 (ASM, d=0.0km, v=0m/s) -> threat=111.00
  track 12 (ASM, d=0.0km, v=0m/s) -> threat=111.00

[DECISION] t=185.1s | tracks=2 | weapons=0 available
  track 10 (ASM, d=0.0km, v=0m/s) -> threat=111.00
  track 12 (ASM, d=0.0km, v=0m/s) -> threat=111.00

[DECISION] t=185.3s | tracks=2 | weapons=0 available
  track 10 (ASM, d=0.0km, v=0m/s) -> threat=111.00
  track 12 (ASM, d=0.0km, v=0m/s) -> threat=111.00

[DECISION] t=185.5s | tracks=2 | weapons=0 available
  track 10 (ASM, d=0.0km, v=0m/s) -> threat=111.00
  track 12 (ASM, d=0.0km, v=0m/s) -> threat=111.00

[DECISION] t=185.7s | tracks=2 | weapons=0 available
  track 10 (ASM, d=0.0km, v=0m/s) -> threat=111.00
  track 12 (ASM, d=0.0km, v=0m/s) -> threat=111.00

[DECISION] t=185.9s | tracks=2 | weapons=0 available
  track 10 (ASM, d=0.0km, v=0m/s) -> threat=111.00
  track 12 (ASM, d=0.0km, v=0m/s) -> threat=111.00

[DECISION] t=186.1s | tracks=2 | weapons=0 available
  track 10 (ASM, d=0.0km, v=0m/s) -> threat=111.00
  track 12 (ASM, d=0.0km, v=0m/s) -> threat=111.00

[DECISION] t=186.5s | tracks=2 | weapons=0 available
  track 10 (ASM, d=0.0km, v=0m/s) -> threat=111.00
  track 12 (ASM, d=0.0km, v=0m/s) -> threat=111.00

[DECISION] t=186.7s | tracks=2 | weapons=0 available
  track 10 (ASM, d=0.0km, v=0m/s) -> threat=111.00
  track 12 (ASM, d=0.0km, v=0m/s) -> threat=111.00

[DECISION] t=186.9s | tracks=2 | weapons=0 available
  track 10 (ASM, d=0.0km, v=0m/s) -> threat=111.00
  track 12 (ASM, d=0.0km, v=0m/s) -> threat=111.00

[DECISION] t=187.1s | tracks=2 | weapons=0 available
  track 10 (ASM, d=0.0km, v=0m/s) -> threat=111.00
  track 12 (ASM, d=0.0km, v=0m/s) -> threat=111.00

[DECISION] t=187.3s | tracks=2 | weapons=0 available
  track 10 (ASM, d=0.0km, v=0m/s) -> threat=111.00
  track 12 (ASM, d=0.0km, v=0m/s) -> threat=111.00

[DECISION] t=187.5s | tracks=2 | weapons=0 available
  track 10 (ASM, d=0.0km, v=0m/s) -> threat=111.00
  track 12 (ASM, d=0.0km, v=0m/s) -> threat=111.00

[DECISION] t=187.7s | tracks=2 | weapons=0 available
  track 10 (ASM, d=0.0km, v=0m/s) -> threat=111.00
  track 12 (ASM, d=0.0km, v=0m/s) -> threat=111.00

[DECISION] t=187.9s | tracks=2 | weapons=0 available
  track 10 (ASM, d=0.0km, v=0m/s) -> threat=111.00
  track 12 (ASM, d=0.0km, v=0m/s) -> threat=111.00

[DECISION] t=188.1s | tracks=2 | weapons=0 available
  track 10 (ASM, d=0.0km, v=0m/s) -> threat=111.00
  track 12 (ASM, d=0.0km, v=0m/s) -> threat=111.00

[DECISION] t=188.3s | tracks=2 | weapons=0 available
  track 10 (ASM, d=0.0km, v=0m/s) -> threat=111.00
  track 12 (ASM, d=0.0km, v=0m/s) -> threat=111.00

[DECISION] t=188.7s | tracks=2 | weapons=0 available
  track 10 (ASM, d=0.0km, v=0m/s) -> threat=111.00
  track 12 (ASM, d=0.0km, v=0m/s) -> threat=111.00

[DECISION] t=188.9s | tracks=2 | weapons=0 available
  track 10 (ASM, d=0.0km, v=0m/s) -> threat=111.00
  track 12 (ASM, d=0.0km, v=0m/s) -> threat=111.00

[DECISION] t=189.3s | tracks=2 | weapons=0 available
  track 10 (ASM, d=0.0km, v=0m/s) -> threat=111.00
  track 12 (ASM, d=0.0km, v=0m/s) -> threat=111.00

[DECISION] t=189.3s | tracks=2 | weapons=0 available
  track 10 (ASM, d=0.0km, v=0m/s) -> threat=111.00
  track 12 (ASM, d=0.0km, v=0m/s) -> threat=111.00

[DECISION] t=0.0s | tracks=2 | weapons=0 available
  track 10 (ASM, d=0.0km, v=0m/s) -> threat=111.00
  track 12 (ASM, d=0.0km, v=0m/s) -> threat=111.00

[DECISION] t=189.9s | tracks=2 | weapons=0 available
  track 10 (ASM, d=0.0km, v=0m/s) -> threat=111.00
  track 12 (ASM, d=0.0km, v=0m/s) -> threat=111.00

[DECISION] t=190.1s | tracks=2 | weapons=0 available
  track 10 (ASM, d=0.0km, v=0m/s) -> threat=111.00
  track 12 (ASM, d=0.0km, v=0m/s) -> threat=111.00

[DECISION] t=190.3s | tracks=2 | weapons=0 available
  track 10 (ASM, d=0.0km, v=0m/s) -> threat=111.00
  track 12 (ASM, d=0.0km, v=0m/s) -> threat=111.00

[DECISION] t=190.5s | tracks=2 | weapons=0 available
  track 10 (ASM, d=0.0km, v=0m/s) -> threat=111.00
  track 12 (ASM, d=0.0km, v=0m/s) -> threat=111.00

[DECISION] t=190.9s | tracks=2 | weapons=0 available
  track 10 (ASM, d=0.0km, v=0m/s) -> threat=111.00
  track 12 (ASM, d=0.0km, v=0m/s) -> threat=111.00

[DECISION] t=0.0s | tracks=2 | weapons=0 available
  track 10 (ASM, d=0.0km, v=0m/s) -> threat=111.00
  track 12 (ASM, d=0.0km, v=0m/s) -> threat=111.00

[DECISION] t=191.5s | tracks=2 | weapons=0 available
  track 10 (ASM, d=0.0km, v=0m/s) -> threat=111.00
  track 12 (ASM, d=0.0km, v=0m/s) -> threat=111.00

[DECISION] t=191.7s | tracks=2 | weapons=0 available
  track 10 (ASM, d=0.0km, v=0m/s) -> threat=111.00
  track 12 (ASM, d=0.0km, v=0m/s) -> threat=111.00

[DECISION] t=191.9s | tracks=2 | weapons=0 available
  track 10 (ASM, d=0.0km, v=0m/s) -> threat=111.00
  track 12 (ASM, d=0.0km, v=0m/s) -> threat=111.00

[DECISION] t=192.1s | tracks=2 | weapons=0 available
  track 10 (ASM, d=0.0km, v=0m/s) -> threat=111.00
  track 12 (ASM, d=0.0km, v=0m/s) -> threat=111.00

[DECISION] t=192.3s | tracks=2 | weapons=0 available
  track 10 (ASM, d=0.0km, v=0m/s) -> threat=111.00
  track 12 (ASM, d=0.0km, v=0m/s) -> threat=111.00

[DECISION] t=192.5s | tracks=2 | weapons=0 available
  track 10 (ASM, d=0.0km, v=0m/s) -> threat=111.00
  track 12 (ASM, d=0.0km, v=0m/s) -> threat=111.00

[DECISION] t=192.7s | tracks=2 | weapons=0 available
  track 10 (ASM, d=0.0km, v=0m/s) -> threat=111.00
  track 12 (ASM, d=0.0km, v=0m/s) -> threat=111.00

[DECISION] t=193.1s | tracks=2 | weapons=0 available
  track 10 (ASM, d=0.0km, v=0m/s) -> threat=111.00
  track 12 (ASM, d=0.0km, v=0m/s) -> threat=111.00

[DECISION] t=193.1s | tracks=2 | weapons=0 available
  track 10 (ASM, d=0.0km, v=0m/s) -> threat=111.00
  track 12 (ASM, d=0.0km, v=0m/s) -> threat=111.00

[DECISION] t=193.3s | tracks=2 | weapons=0 available
  track 10 (ASM, d=0.0km, v=0m/s) -> threat=111.00
  track 12 (ASM, d=0.0km, v=0m/s) -> threat=111.00

[DECISION] t=193.7s | tracks=2 | weapons=0 available
  track 10 (ASM, d=0.0km, v=0m/s) -> threat=111.00
  track 12 (ASM, d=0.0km, v=0m/s) -> threat=111.00

[DECISION] t=193.9s | tracks=2 | weapons=0 available
  track 10 (ASM, d=0.0km, v=0m/s) -> threat=111.00
  track 12 (ASM, d=0.0km, v=0m/s) -> threat=111.00

[DECISION] t=194.1s | tracks=2 | weapons=0 available
  track 10 (ASM, d=0.0km, v=0m/s) -> threat=111.00
  track 12 (ASM, d=0.0km, v=0m/s) -> threat=111.00

[DECISION] t=194.3s | tracks=2 | weapons=0 available
  track 10 (ASM, d=0.0km, v=0m/s) -> threat=111.00
  track 12 (ASM, d=0.0km, v=0m/s) -> threat=111.00

[DECISION] t=194.5s | tracks=2 | weapons=0 available
  track 10 (ASM, d=0.0km, v=0m/s) -> threat=111.00
  track 12 (ASM, d=0.0km, v=0m/s) -> threat=111.00

[DECISION] t=194.7s | tracks=2 | weapons=0 available
  track 10 (ASM, d=0.0km, v=0m/s) -> threat=111.00
  track 12 (ASM, d=0.0km, v=0m/s) -> threat=111.00

[DECISION] t=194.9s | tracks=2 | weapons=0 available
  track 10 (ASM, d=0.0km, v=0m/s) -> threat=111.00
  track 12 (ASM, d=0.0km, v=0m/s) -> threat=111.00

[DECISION] t=195.1s | tracks=2 | weapons=0 available
  track 10 (ASM, d=0.0km, v=0m/s) -> threat=111.00
  track 12 (ASM, d=0.0km, v=0m/s) -> threat=111.00

[DECISION] t=195.5s | tracks=2 | weapons=0 available
  track 10 (ASM, d=0.0km, v=0m/s) -> threat=111.00
  track 12 (ASM, d=0.0km, v=0m/s) -> threat=111.00

[DECISION] t=195.7s | tracks=2 | weapons=0 available
  track 10 (ASM, d=0.0km, v=0m/s) -> threat=111.00
  track 12 (ASM, d=0.0km, v=0m/s) -> threat=111.00

[DECISION] t=195.9s | tracks=2 | weapons=0 available
  track 10 (ASM, d=0.0km, v=0m/s) -> threat=111.00
  track 12 (ASM, d=0.0km, v=0m/s) -> threat=111.00

[DECISION] t=196.1s | tracks=2 | weapons=0 available
  track 10 (ASM, d=0.0km, v=0m/s) -> threat=111.00
  track 12 (ASM, d=0.0km, v=0m/s) -> threat=111.00

[DECISION] t=196.3s | tracks=2 | weapons=0 available
  track 10 (ASM, d=0.0km, v=0m/s) -> threat=111.00
  track 12 (ASM, d=0.0km, v=0m/s) -> threat=111.00

[DECISION] t=196.5s | tracks=2 | weapons=0 available
  track 10 (ASM, d=0.0km, v=0m/s) -> threat=111.00
  track 12 (ASM, d=0.0km, v=0m/s) -> threat=111.00

[DECISION] t=196.7s | tracks=2 | weapons=0 available
  track 10 (ASM, d=0.0km, v=0m/s) -> threat=111.00
  track 12 (ASM, d=0.0km, v=0m/s) -> threat=111.00

[DECISION] t=196.9s | tracks=2 | weapons=0 available
  track 10 (ASM, d=0.0km, v=0m/s) -> threat=111.00
  track 12 (ASM, d=0.0km, v=0m/s) -> threat=111.00

[DECISION] t=197.1s | tracks=2 | weapons=0 available
  track 10 (ASM, d=0.0km, v=0m/s) -> threat=111.00
  track 12 (ASM, d=0.0km, v=0m/s) -> threat=111.00

[DECISION] t=197.3s | tracks=2 | weapons=0 available
  track 10 (ASM, d=0.0km, v=0m/s) -> threat=111.00
  track 12 (ASM, d=0.0km, v=0m/s) -> threat=111.00

[DECISION] t=197.5s | tracks=2 | weapons=0 available
  track 10 (ASM, d=0.0km, v=0m/s) -> threat=111.00
  track 12 (ASM, d=0.0km, v=0m/s) -> threat=111.00

[DECISION] t=197.7s | tracks=2 | weapons=0 available
  track 10 (ASM, d=0.0km, v=0m/s) -> threat=111.00
  track 12 (ASM, d=0.0km, v=0m/s) -> threat=111.00

[DECISION] t=197.9s | tracks=2 | weapons=0 available
  track 10 (ASM, d=0.0km, v=0m/s) -> threat=111.00
  track 12 (ASM, d=0.0km, v=0m/s) -> threat=111.00

[DECISION] t=198.1s | tracks=2 | weapons=0 available
  track 10 (ASM, d=0.0km, v=0m/s) -> threat=111.00
  track 12 (ASM, d=0.0km, v=0m/s) -> threat=111.00

[DECISION] t=198.3s | tracks=2 | weapons=0 available
  track 10 (ASM, d=0.0km, v=0m/s) -> threat=111.00
  track 12 (ASM, d=0.0km, v=0m/s) -> threat=111.00

[DECISION] t=198.7s | tracks=2 | weapons=0 available
  track 10 (ASM, d=0.0km, v=0m/s) -> threat=111.00
  track 12 (ASM, d=0.0km, v=0m/s) -> threat=111.00

[DECISION] t=198.9s | tracks=2 | weapons=0 available
  track 10 (ASM, d=0.0km, v=0m/s) -> threat=111.00
  track 12 (ASM, d=0.0km, v=0m/s) -> threat=111.00

[DECISION] t=199.1s | tracks=2 | weapons=0 available
  track 10 (ASM, d=0.0km, v=0m/s) -> threat=111.00
  track 12 (ASM, d=0.0km, v=0m/s) -> threat=111.00

[DECISION] t=199.3s | tracks=2 | weapons=0 available
  track 10 (ASM, d=0.0km, v=0m/s) -> threat=111.00
  track 12 (ASM, d=0.0km, v=0m/s) -> threat=111.00

[DECISION] t=199.5s | tracks=2 | weapons=0 available
  track 10 (ASM, d=0.0km, v=0m/s) -> threat=111.00
  track 12 (ASM, d=0.0km, v=0m/s) -> threat=111.00

[DECISION] t=199.7s | tracks=2 | weapons=0 available
  track 10 (ASM, d=0.0km, v=0m/s) -> threat=111.00
  track 12 (ASM, d=0.0km, v=0m/s) -> threat=111.00

[DECISION] t=199.9s | tracks=2 | weapons=0 available
  track 10 (ASM, d=0.0km, v=0m/s) -> threat=111.00
  track 12 (ASM, d=0.0km, v=0m/s) -> threat=111.00

[DECISION] t=200.3s | tracks=2 | weapons=0 available
  track 10 (ASM, d=0.0km, v=0m/s) -> threat=111.00
  track 12 (ASM, d=0.0km, v=0m/s) -> threat=111.00

[DECISION] t=200.3s | tracks=2 | weapons=0 available
  track 10 (ASM, d=0.0km, v=0m/s) -> threat=111.00
  track 12 (ASM, d=0.0km, v=0m/s) -> threat=111.00

[DECISION] t=200.5s | tracks=2 | weapons=0 available
  track 10 (ASM, d=0.0km, v=0m/s) -> threat=111.00
  track 12 (ASM, d=0.0km, v=0m/s) -> threat=111.00

[DECISION] t=200.7s | tracks=2 | weapons=0 available
  track 10 (ASM, d=0.0km, v=0m/s) -> threat=111.00
  track 12 (ASM, d=0.0km, v=0m/s) -> threat=111.00

[DECISION] t=201.1s | tracks=2 | weapons=0 available
  track 10 (ASM, d=0.0km, v=0m/s) -> threat=111.00
  track 12 (ASM, d=0.0km, v=0m/s) -> threat=111.00

[DECISION] t=201.1s | tracks=2 | weapons=0 available
  track 10 (ASM, d=0.0km, v=0m/s) -> threat=111.00
  track 12 (ASM, d=0.0km, v=0m/s) -> threat=111.00

[DECISION] t=201.3s | tracks=2 | weapons=0 available
  track 10 (ASM, d=0.0km, v=0m/s) -> threat=111.00
  track 12 (ASM, d=0.0km, v=0m/s) -> threat=111.00

[DECISION] t=201.5s | tracks=2 | weapons=0 available
  track 10 (ASM, d=0.0km, v=0m/s) -> threat=111.00
  track 12 (ASM, d=0.0km, v=0m/s) -> threat=111.00

[DECISION] t=201.7s | tracks=2 | weapons=0 available
  track 10 (ASM, d=0.0km, v=0m/s) -> threat=111.00
  track 12 (ASM, d=0.0km, v=0m/s) -> threat=111.00

[DECISION] t=202.1s | tracks=2 | weapons=0 available
  track 10 (ASM, d=0.0km, v=0m/s) -> threat=111.00
  track 12 (ASM, d=0.0km, v=0m/s) -> threat=111.00

[DECISION] t=202.3s | tracks=2 | weapons=0 available
  track 10 (ASM, d=0.0km, v=0m/s) -> threat=111.00
  track 12 (ASM, d=0.0km, v=0m/s) -> threat=111.00

[DECISION] t=202.7s | tracks=2 | weapons=0 available
  track 10 (ASM, d=0.0km, v=0m/s) -> threat=111.00
  track 12 (ASM, d=0.0km, v=0m/s) -> threat=111.00

[DECISION] t=203.1s | tracks=2 | weapons=0 available
  track 10 (ASM, d=0.0km, v=0m/s) -> threat=111.00
  track 12 (ASM, d=0.0km, v=0m/s) -> threat=111.00

[DECISION] t=203.1s | tracks=2 | weapons=0 available
  track 10 (ASM, d=0.0km, v=0m/s) -> threat=111.00
  track 12 (ASM, d=0.0km, v=0m/s) -> threat=111.00

[DECISION] t=203.3s | tracks=2 | weapons=0 available
  track 10 (ASM, d=0.0km, v=0m/s) -> threat=111.00
  track 12 (ASM, d=0.0km, v=0m/s) -> threat=111.00

[DECISION] t=203.5s | tracks=2 | weapons=0 available
  track 10 (ASM, d=0.0km, v=0m/s) -> threat=111.00
  track 12 (ASM, d=0.0km, v=0m/s) -> threat=111.00

[DECISION] t=203.7s | tracks=2 | weapons=0 available
  track 10 (ASM, d=0.0km, v=0m/s) -> threat=111.00
  track 12 (ASM, d=0.0km, v=0m/s) -> threat=111.00

[DECISION] t=204.1s | tracks=2 | weapons=0 available
  track 10 (ASM, d=0.0km, v=0m/s) -> threat=111.00
  track 12 (ASM, d=0.0km, v=0m/s) -> threat=111.00

[DECISION] t=204.3s | tracks=2 | weapons=0 available
  track 10 (ASM, d=0.0km, v=0m/s) -> threat=111.00
  track 12 (ASM, d=0.0km, v=0m/s) -> threat=111.00

[DECISION] t=204.5s | tracks=2 | weapons=0 available
  track 10 (ASM, d=0.0km, v=0m/s) -> threat=111.00
  track 12 (ASM, d=0.0km, v=0m/s) -> threat=111.00

[DECISION] t=204.7s | tracks=2 | weapons=0 available
  track 10 (ASM, d=0.0km, v=0m/s) -> threat=111.00
  track 12 (ASM, d=0.0km, v=0m/s) -> threat=111.00

[DECISION] t=204.9s | tracks=2 | weapons=0 available
  track 10 (ASM, d=0.0km, v=0m/s) -> threat=111.00
  track 12 (ASM, d=0.0km, v=0m/s) -> threat=111.00

[DECISION] t=205.1s | tracks=2 | weapons=0 available
  track 10 (ASM, d=0.0km, v=0m/s) -> threat=111.00
  track 12 (ASM, d=0.0km, v=0m/s) -> threat=111.00

[DECISION] t=205.3s | tracks=2 | weapons=0 available
  track 10 (ASM, d=0.0km, v=0m/s) -> threat=111.00
  track 12 (ASM, d=0.0km, v=0m/s) -> threat=111.00

[DECISION] t=205.5s | tracks=2 | weapons=0 available
  track 10 (ASM, d=0.0km, v=0m/s) -> threat=111.00
  track 12 (ASM, d=0.0km, v=0m/s) -> threat=111.00

[DECISION] t=205.7s | tracks=2 | weapons=0 available
  track 10 (ASM, d=0.0km, v=0m/s) -> threat=111.00
  track 12 (ASM, d=0.0km, v=0m/s) -> threat=111.00

[DECISION] t=205.9s | tracks=2 | weapons=0 available
  track 10 (ASM, d=0.0km, v=0m/s) -> threat=111.00
  track 12 (ASM, d=0.0km, v=0m/s) -> threat=111.00

[DECISION] t=206.1s | tracks=2 | weapons=0 available
  track 10 (ASM, d=0.0km, v=0m/s) -> threat=111.00
  track 12 (ASM, d=0.0km, v=0m/s) -> threat=111.00

[DECISION] t=206.1s | tracks=2 | weapons=0 available
  track 10 (ASM, d=0.0km, v=0m/s) -> threat=111.00
  track 12 (ASM, d=0.0km, v=0m/s) -> threat=111.00

[DECISION] t=206.3s | tracks=2 | weapons=0 available
  track 10 (ASM, d=0.0km, v=0m/s) -> threat=111.00
  track 12 (ASM, d=0.0km, v=0m/s) -> threat=111.00

[DECISION] t=206.5s | tracks=2 | weapons=0 available
  track 10 (ASM, d=0.0km, v=0m/s) -> threat=111.00
  track 12 (ASM, d=0.0km, v=0m/s) -> threat=111.00

[DECISION] t=206.7s | tracks=2 | weapons=0 available
  track 10 (ASM, d=0.0km, v=0m/s) -> threat=111.00
  track 12 (ASM, d=0.0km, v=0m/s) -> threat=111.00

[DECISION] t=206.9s | tracks=2 | weapons=0 available
  track 10 (ASM, d=0.0km, v=0m/s) -> threat=111.00
  track 12 (ASM, d=0.0km, v=0m/s) -> threat=111.00

[DECISION] t=207.1s | tracks=2 | weapons=0 available
  track 10 (ASM, d=0.0km, v=0m/s) -> threat=111.00
  track 12 (ASM, d=0.0km, v=0m/s) -> threat=111.00

[DECISION] t=207.1s | tracks=2 | weapons=0 available
  track 10 (ASM, d=0.0km, v=0m/s) -> threat=111.00
  track 12 (ASM, d=0.0km, v=0m/s) -> threat=111.00

[DECISION] t=207.1s | tracks=2 | weapons=0 available
  track 10 (ASM, d=0.0km, v=0m/s) -> threat=111.00
  track 12 (ASM, d=0.0km, v=0m/s) -> threat=111.00

[DECISION] t=207.3s | tracks=2 | weapons=0 available
  track 10 (ASM, d=0.0km, v=0m/s) -> threat=111.00
  track 12 (ASM, d=0.0km, v=0m/s) -> threat=111.00

[DECISION] t=207.5s | tracks=2 | weapons=0 available
  track 10 (ASM, d=0.0km, v=0m/s) -> threat=111.00
  track 12 (ASM, d=0.0km, v=0m/s) -> threat=111.00

[DECISION] t=207.5s | tracks=2 | weapons=0 available
  track 10 (ASM, d=0.0km, v=0m/s) -> threat=111.00
  track 12 (ASM, d=0.0km, v=0m/s) -> threat=111.00

[DECISION] t=207.5s | tracks=2 | weapons=0 available
  track 10 (ASM, d=0.0km, v=0m/s) -> threat=111.00
  track 12 (ASM, d=0.0km, v=0m/s) -> threat=111.00

[DECISION] t=207.7s | tracks=2 | weapons=0 available
  track 10 (ASM, d=0.0km, v=0m/s) -> threat=111.00
  track 12 (ASM, d=0.0km, v=0m/s) -> threat=111.00

[DECISION] t=207.7s | tracks=2 | weapons=0 available
  track 10 (ASM, d=0.0km, v=0m/s) -> threat=111.00
  track 12 (ASM, d=0.0km, v=0m/s) -> threat=111.00

[DECISION] t=207.9s | tracks=2 | weapons=0 available
  track 10 (ASM, d=0.0km, v=0m/s) -> threat=111.00
  track 12 (ASM, d=0.0km, v=0m/s) -> threat=111.00

[DECISION] t=208.3s | tracks=2 | weapons=0 available
  track 10 (ASM, d=0.0km, v=0m/s) -> threat=111.00
  track 12 (ASM, d=0.0km, v=0m/s) -> threat=111.00

[DECISION] t=208.3s | tracks=2 | weapons=0 available
  track 10 (ASM, d=0.0km, v=0m/s) -> threat=111.00
  track 12 (ASM, d=0.0km, v=0m/s) -> threat=111.00

[DECISION] t=208.5s | tracks=2 | weapons=0 available
  track 10 (ASM, d=0.0km, v=0m/s) -> threat=111.00
  track 12 (ASM, d=0.0km, v=0m/s) -> threat=111.00

[DECISION] t=208.5s | tracks=2 | weapons=0 available
  track 10 (ASM, d=0.0km, v=0m/s) -> threat=111.00
  track 12 (ASM, d=0.0km, v=0m/s) -> threat=111.00

[DECISION] t=208.7s | tracks=2 | weapons=0 available
  track 10 (ASM, d=0.0km, v=0m/s) -> threat=111.00
  track 12 (ASM, d=0.0km, v=0m/s) -> threat=111.00

[DECISION] t=208.7s | tracks=2 | weapons=0 available
  track 10 (ASM, d=0.0km, v=0m/s) -> threat=111.00
  track 12 (ASM, d=0.0km, v=0m/s) -> threat=111.00

[DECISION] t=208.9s | tracks=2 | weapons=0 available
  track 10 (ASM, d=0.0km, v=0m/s) -> threat=111.00
  track 12 (ASM, d=0.0km, v=0m/s) -> threat=111.00

[DECISION] t=208.9s | tracks=2 | weapons=0 available
  track 10 (ASM, d=0.0km, v=0m/s) -> threat=111.00
  track 12 (ASM, d=0.0km, v=0m/s) -> threat=111.00

[DECISION] t=209.3s | tracks=2 | weapons=0 available
  track 10 (ASM, d=0.0km, v=0m/s) -> threat=111.00
  track 12 (ASM, d=0.0km, v=0m/s) -> threat=111.00

[DECISION] t=209.5s | tracks=2 | weapons=0 available
  track 10 (ASM, d=0.0km, v=0m/s) -> threat=111.00
  track 12 (ASM, d=0.0km, v=0m/s) -> threat=111.00

[DECISION] t=209.7s | tracks=2 | weapons=0 available
  track 10 (ASM, d=0.0km, v=0m/s) -> threat=111.00
  track 12 (ASM, d=0.0km, v=0m/s) -> threat=111.00

[DECISION] t=209.9s | tracks=2 | weapons=0 available
  track 10 (ASM, d=0.0km, v=0m/s) -> threat=111.00
  track 12 (ASM, d=0.0km, v=0m/s) -> threat=111.00

[DECISION] t=210.1s | tracks=2 | weapons=0 available
  track 10 (ASM, d=0.0km, v=0m/s) -> threat=111.00
  track 12 (ASM, d=0.0km, v=0m/s) -> threat=111.00

[DECISION] t=210.3s | tracks=2 | weapons=0 available
  track 10 (ASM, d=0.0km, v=0m/s) -> threat=111.00
  track 12 (ASM, d=0.0km, v=0m/s) -> threat=111.00

[DECISION] t=210.5s | tracks=2 | weapons=0 available
  track 10 (ASM, d=0.0km, v=0m/s) -> threat=111.00
  track 12 (ASM, d=0.0km, v=0m/s) -> threat=111.00

[DECISION] t=210.9s | tracks=2 | weapons=0 available
  track 10 (ASM, d=0.0km, v=0m/s) -> threat=111.00
  track 12 (ASM, d=0.0km, v=0m/s) -> threat=111.00

[DECISION] t=211.1s | tracks=2 | weapons=0 available
  track 10 (ASM, d=0.0km, v=0m/s) -> threat=111.00
  track 12 (ASM, d=0.0km, v=0m/s) -> threat=111.00

[DECISION] t=0.0s | tracks=2 | weapons=0 available
  track 10 (ASM, d=0.0km, v=0m/s) -> threat=111.00
  track 12 (ASM, d=0.0km, v=0m/s) -> threat=111.00

[DECISION] t=211.5s | tracks=2 | weapons=0 available
  track 10 (ASM, d=0.0km, v=0m/s) -> threat=111.00
  track 12 (ASM, d=0.0km, v=0m/s) -> threat=111.00

[DECISION] t=211.7s | tracks=2 | weapons=0 available
  track 10 (ASM, d=0.0km, v=0m/s) -> threat=111.00
  track 12 (ASM, d=0.0km, v=0m/s) -> threat=111.00

[DECISION] t=211.9s | tracks=2 | weapons=0 available
  track 10 (ASM, d=0.0km, v=0m/s) -> threat=111.00
  track 12 (ASM, d=0.0km, v=0m/s) -> threat=111.00

[DECISION] t=212.3s | tracks=2 | weapons=0 available
  track 10 (ASM, d=0.0km, v=0m/s) -> threat=111.00
  track 12 (ASM, d=0.0km, v=0m/s) -> threat=111.00

[DECISION] t=212.5s | tracks=2 | weapons=0 available
  track 10 (ASM, d=0.0km, v=0m/s) -> threat=111.00
  track 12 (ASM, d=0.0km, v=0m/s) -> threat=111.00

[DECISION] t=212.7s | tracks=2 | weapons=0 available
  track 10 (ASM, d=0.0km, v=0m/s) -> threat=111.00
  track 12 (ASM, d=0.0km, v=0m/s) -> threat=111.00

[DECISION] t=212.9s | tracks=2 | weapons=0 available
  track 10 (ASM, d=0.0km, v=0m/s) -> threat=111.00
  track 12 (ASM, d=0.0km, v=0m/s) -> threat=111.00

[DECISION] t=213.3s | tracks=2 | weapons=0 available
  track 10 (ASM, d=0.0km, v=0m/s) -> threat=111.00
  track 12 (ASM, d=0.0km, v=0m/s) -> threat=111.00

[DECISION] t=213.7s | tracks=2 | weapons=0 available
  track 10 (ASM, d=0.0km, v=0m/s) -> threat=111.00
  track 12 (ASM, d=0.0km, v=0m/s) -> threat=111.00

[DECISION] t=213.9s | tracks=2 | weapons=0 available
  track 10 (ASM, d=0.0km, v=0m/s) -> threat=111.00
  track 12 (ASM, d=0.0km, v=0m/s) -> threat=111.00

[DECISION] t=214.1s | tracks=2 | weapons=0 available
  track 10 (ASM, d=0.0km, v=0m/s) -> threat=111.00
  track 12 (ASM, d=0.0km, v=0m/s) -> threat=111.00

[DECISION] t=214.3s | tracks=2 | weapons=0 available
  track 10 (ASM, d=0.0km, v=0m/s) -> threat=111.00
  track 12 (ASM, d=0.0km, v=0m/s) -> threat=111.00

[DECISION] t=214.5s | tracks=2 | weapons=0 available
  track 10 (ASM, d=0.0km, v=0m/s) -> threat=111.00
  track 12 (ASM, d=0.0km, v=0m/s) -> threat=111.00

[DECISION] t=214.7s | tracks=2 | weapons=0 available
  track 10 (ASM, d=0.0km, v=0m/s) -> threat=111.00
  track 12 (ASM, d=0.0km, v=0m/s) -> threat=111.00

[DECISION] t=214.9s | tracks=2 | weapons=0 available
  track 10 (ASM, d=0.0km, v=0m/s) -> threat=111.00
  track 12 (ASM, d=0.0km, v=0m/s) -> threat=111.00

[DECISION] t=215.1s | tracks=2 | weapons=0 available
  track 10 (ASM, d=0.0km, v=0m/s) -> threat=111.00
  track 12 (ASM, d=0.0km, v=0m/s) -> threat=111.00

[DECISION] t=215.3s | tracks=2 | weapons=0 available
  track 10 (ASM, d=0.0km, v=0m/s) -> threat=111.00
  track 12 (ASM, d=0.0km, v=0m/s) -> threat=111.00

[DECISION] t=215.5s | tracks=2 | weapons=0 available
  track 10 (ASM, d=0.0km, v=0m/s) -> threat=111.00
  track 12 (ASM, d=0.0km, v=0m/s) -> threat=111.00

[DECISION] t=215.7s | tracks=2 | weapons=0 available
  track 10 (ASM, d=0.0km, v=0m/s) -> threat=111.00
  track 12 (ASM, d=0.0km, v=0m/s) -> threat=111.00

[DECISION] t=215.9s | tracks=2 | weapons=0 available
  track 10 (ASM, d=0.0km, v=0m/s) -> threat=111.00
  track 12 (ASM, d=0.0km, v=0m/s) -> threat=111.00

[DECISION] t=216.1s | tracks=2 | weapons=0 available
  track 10 (ASM, d=0.0km, v=0m/s) -> threat=111.00
  track 12 (ASM, d=0.0km, v=0m/s) -> threat=111.00

[DECISION] t=216.1s | tracks=2 | weapons=0 available
  track 10 (ASM, d=0.0km, v=0m/s) -> threat=111.00
  track 12 (ASM, d=0.0km, v=0m/s) -> threat=111.00

[DECISION] t=216.3s | tracks=2 | weapons=0 available
  track 10 (ASM, d=0.0km, v=0m/s) -> threat=111.00
  track 12 (ASM, d=0.0km, v=0m/s) -> threat=111.00

[DECISION] t=216.7s | tracks=2 | weapons=0 available
  track 10 (ASM, d=0.0km, v=0m/s) -> threat=111.00
  track 12 (ASM, d=0.0km, v=0m/s) -> threat=111.00

[DECISION] t=216.7s | tracks=2 | weapons=0 available
  track 10 (ASM, d=0.0km, v=0m/s) -> threat=111.00
  track 12 (ASM, d=0.0km, v=0m/s) -> threat=111.00

[DECISION] t=216.9s | tracks=2 | weapons=0 available
  track 10 (ASM, d=0.0km, v=0m/s) -> threat=111.00
  track 12 (ASM, d=0.0km, v=0m/s) -> threat=111.00

[DECISION] t=217.1s | tracks=2 | weapons=0 available
  track 10 (ASM, d=0.0km, v=0m/s) -> threat=111.00
  track 12 (ASM, d=0.0km, v=0m/s) -> threat=111.00

[DECISION] t=217.5s | tracks=2 | weapons=0 available
  track 10 (ASM, d=0.0km, v=0m/s) -> threat=111.00
  track 12 (ASM, d=0.0km, v=0m/s) -> threat=111.00

[DECISION] t=217.9s | tracks=2 | weapons=0 available
  track 10 (ASM, d=0.0km, v=0m/s) -> threat=111.00
  track 12 (ASM, d=0.0km, v=0m/s) -> threat=111.00

[DECISION] t=217.9s | tracks=2 | weapons=0 available
  track 10 (ASM, d=0.0km, v=0m/s) -> threat=111.00
  track 12 (ASM, d=0.0km, v=0m/s) -> threat=111.00

[DECISION] t=218.3s | tracks=2 | weapons=0 available
  track 10 (ASM, d=0.0km, v=0m/s) -> threat=111.00
  track 12 (ASM, d=0.0km, v=0m/s) -> threat=111.00

[DECISION] t=218.3s | tracks=2 | weapons=0 available
  track 10 (ASM, d=0.0km, v=0m/s) -> threat=111.00
  track 12 (ASM, d=0.0km, v=0m/s) -> threat=111.00

[DECISION] t=218.5s | tracks=2 | weapons=0 available
  track 10 (ASM, d=0.0km, v=0m/s) -> threat=111.00
  track 12 (ASM, d=0.0km, v=0m/s) -> threat=111.00

[DECISION] t=218.7s | tracks=2 | weapons=0 available
  track 10 (ASM, d=0.0km, v=0m/s) -> threat=111.00
  track 12 (ASM, d=0.0km, v=0m/s) -> threat=111.00

[DECISION] t=218.9s | tracks=2 | weapons=0 available
  track 10 (ASM, d=0.0km, v=0m/s) -> threat=111.00
  track 12 (ASM, d=0.0km, v=0m/s) -> threat=111.00

[DECISION] t=219.1s | tracks=2 | weapons=0 available
  track 10 (ASM, d=0.0km, v=0m/s) -> threat=111.00
  track 12 (ASM, d=0.0km, v=0m/s) -> threat=111.00

[DECISION] t=219.3s | tracks=2 | weapons=0 available
  track 10 (ASM, d=0.0km, v=0m/s) -> threat=111.00
  track 12 (ASM, d=0.0km, v=0m/s) -> threat=111.00

[DECISION] t=219.7s | tracks=2 | weapons=0 available
  track 10 (ASM, d=0.0km, v=0m/s) -> threat=111.00
  track 12 (ASM, d=0.0km, v=0m/s) -> threat=111.00

[DECISION] t=220.1s | tracks=2 | weapons=0 available
  track 10 (ASM, d=0.0km, v=0m/s) -> threat=111.00
  track 12 (ASM, d=0.0km, v=0m/s) -> threat=111.00

[DECISION] t=220.3s | tracks=2 | weapons=0 available
  track 10 (ASM, d=0.0km, v=0m/s) -> threat=111.00
  track 12 (ASM, d=0.0km, v=0m/s) -> threat=111.00

[DECISION] t=220.5s | tracks=2 | weapons=0 available
  track 10 (ASM, d=0.0km, v=0m/s) -> threat=111.00
  track 12 (ASM, d=0.0km, v=0m/s) -> threat=111.00

[DECISION] t=221.1s | tracks=2 | weapons=0 available
  track 10 (ASM, d=0.0km, v=0m/s) -> threat=111.00
  track 12 (ASM, d=0.0km, v=0m/s) -> threat=111.00

[DECISION] t=221.1s | tracks=2 | weapons=0 available
  track 10 (ASM, d=0.0km, v=0m/s) -> threat=111.00
  track 12 (ASM, d=0.0km, v=0m/s) -> threat=111.00

[DECISION] t=221.3s | tracks=2 | weapons=0 available
  track 10 (ASM, d=0.0km, v=0m/s) -> threat=111.00
  track 12 (ASM, d=0.0km, v=0m/s) -> threat=111.00

[DECISION] t=221.5s | tracks=2 | weapons=0 available
  track 10 (ASM, d=0.0km, v=0m/s) -> threat=111.00
  track 12 (ASM, d=0.0km, v=0m/s) -> threat=111.00

[DECISION] t=221.7s | tracks=2 | weapons=0 available
  track 10 (ASM, d=0.0km, v=0m/s) -> threat=111.00
  track 12 (ASM, d=0.0km, v=0m/s) -> threat=111.00

[DECISION] t=222.1s | tracks=2 | weapons=0 available
  track 10 (ASM, d=0.0km, v=0m/s) -> threat=111.00
  track 12 (ASM, d=0.0km, v=0m/s) -> threat=111.00

[DECISION] t=222.1s | tracks=2 | weapons=0 available
  track 10 (ASM, d=0.0km, v=0m/s) -> threat=111.00
  track 12 (ASM, d=0.0km, v=0m/s) -> threat=111.00

[DECISION] t=222.5s | tracks=2 | weapons=0 available
  track 10 (ASM, d=0.0km, v=0m/s) -> threat=111.00
  track 12 (ASM, d=0.0km, v=0m/s) -> threat=111.00

[DECISION] t=222.7s | tracks=2 | weapons=0 available
  track 10 (ASM, d=0.0km, v=0m/s) -> threat=111.00
  track 12 (ASM, d=0.0km, v=0m/s) -> threat=111.00

[DECISION] t=223.1s | tracks=2 | weapons=0 available
  track 10 (ASM, d=0.0km, v=0m/s) -> threat=111.00
  track 12 (ASM, d=0.0km, v=0m/s) -> threat=111.00

[DECISION] t=223.3s | tracks=2 | weapons=0 available
  track 10 (ASM, d=0.0km, v=0m/s) -> threat=111.00
  track 12 (ASM, d=0.0km, v=0m/s) -> threat=111.00

[DECISION] t=223.5s | tracks=2 | weapons=0 available
  track 10 (ASM, d=0.0km, v=0m/s) -> threat=111.00
  track 12 (ASM, d=0.0km, v=0m/s) -> threat=111.00

[DECISION] t=223.7s | tracks=2 | weapons=0 available
  track 10 (ASM, d=0.0km, v=0m/s) -> threat=111.00
  track 12 (ASM, d=0.0km, v=0m/s) -> threat=111.00

[DECISION] t=224.1s | tracks=2 | weapons=0 available
  track 10 (ASM, d=0.0km, v=0m/s) -> threat=111.00
  track 12 (ASM, d=0.0km, v=0m/s) -> threat=111.00

[DECISION] t=224.3s | tracks=2 | weapons=0 available
  track 10 (ASM, d=0.0km, v=0m/s) -> threat=111.00
  track 12 (ASM, d=0.0km, v=0m/s) -> threat=111.00

[DECISION] t=224.5s | tracks=2 | weapons=0 available
  track 10 (ASM, d=0.0km, v=0m/s) -> threat=111.00
  track 12 (ASM, d=0.0km, v=0m/s) -> threat=111.00

[DECISION] t=224.7s | tracks=2 | weapons=0 available
  track 10 (ASM, d=0.0km, v=0m/s) -> threat=111.00
  track 12 (ASM, d=0.0km, v=0m/s) -> threat=111.00

[DECISION] t=0.0s | tracks=2 | weapons=0 available
  track 10 (ASM, d=0.0km, v=0m/s) -> threat=111.00
  track 12 (ASM, d=0.0km, v=0m/s) -> threat=111.00

[DECISION] t=225.1s | tracks=2 | weapons=0 available
  track 10 (ASM, d=0.0km, v=0m/s) -> threat=111.00
  track 12 (ASM, d=0.0km, v=0m/s) -> threat=111.00

[DECISION] t=225.3s | tracks=2 | weapons=0 available
  track 10 (ASM, d=0.0km, v=0m/s) -> threat=111.00
  track 12 (ASM, d=0.0km, v=0m/s) -> threat=111.00

[DECISION] t=225.5s | tracks=2 | weapons=0 available
  track 10 (ASM, d=0.0km, v=0m/s) -> threat=111.00
  track 12 (ASM, d=0.0km, v=0m/s) -> threat=111.00

[DECISION] t=225.7s | tracks=2 | weapons=0 available
  track 10 (ASM, d=0.0km, v=0m/s) -> threat=111.00
  track 12 (ASM, d=0.0km, v=0m/s) -> threat=111.00

[DECISION] t=225.9s | tracks=2 | weapons=0 available
  track 10 (ASM, d=0.0km, v=0m/s) -> threat=111.00
  track 12 (ASM, d=0.0km, v=0m/s) -> threat=111.00

[DECISION] t=226.1s | tracks=2 | weapons=0 available
  track 10 (ASM, d=0.0km, v=0m/s) -> threat=111.00
  track 12 (ASM, d=0.0km, v=0m/s) -> threat=111.00

[DECISION] t=226.3s | tracks=2 | weapons=0 available
  track 10 (ASM, d=0.0km, v=0m/s) -> threat=111.00
  track 12 (ASM, d=0.0km, v=0m/s) -> threat=111.00

[DECISION] t=226.5s | tracks=2 | weapons=0 available
  track 10 (ASM, d=0.0km, v=0m/s) -> threat=111.00
  track 12 (ASM, d=0.0km, v=0m/s) -> threat=111.00

[DECISION] t=226.9s | tracks=2 | weapons=0 available
  track 10 (ASM, d=0.0km, v=0m/s) -> threat=111.00
  track 12 (ASM, d=0.0km, v=0m/s) -> threat=111.00

[DECISION] t=227.1s | tracks=2 | weapons=0 available
  track 10 (ASM, d=0.0km, v=0m/s) -> threat=111.00
  track 12 (ASM, d=0.0km, v=0m/s) -> threat=111.00

[DECISION] t=227.3s | tracks=2 | weapons=0 available
  track 10 (ASM, d=0.0km, v=0m/s) -> threat=111.00
  track 12 (ASM, d=0.0km, v=0m/s) -> threat=111.00

[DECISION] t=227.7s | tracks=2 | weapons=0 available
  track 10 (ASM, d=0.0km, v=0m/s) -> threat=111.00
  track 12 (ASM, d=0.0km, v=0m/s) -> threat=111.00

[DECISION] t=228.1s | tracks=2 | weapons=0 available
  track 10 (ASM, d=0.0km, v=0m/s) -> threat=111.00
  track 12 (ASM, d=0.0km, v=0m/s) -> threat=111.00

[DECISION] t=228.1s | tracks=2 | weapons=0 available
  track 10 (ASM, d=0.0km, v=0m/s) -> threat=111.00
  track 12 (ASM, d=0.0km, v=0m/s) -> threat=111.00

[DECISION] t=228.3s | tracks=2 | weapons=0 available
  track 10 (ASM, d=0.0km, v=0m/s) -> threat=111.00
  track 12 (ASM, d=0.0km, v=0m/s) -> threat=111.00

[DECISION] t=228.3s | tracks=2 | weapons=0 available
  track 10 (ASM, d=0.0km, v=0m/s) -> threat=111.00
  track 12 (ASM, d=0.0km, v=0m/s) -> threat=111.00

[DECISION] t=228.5s | tracks=2 | weapons=0 available
  track 10 (ASM, d=0.0km, v=0m/s) -> threat=111.00
  track 12 (ASM, d=0.0km, v=0m/s) -> threat=111.00

[DECISION] t=228.7s | tracks=2 | weapons=0 available
  track 10 (ASM, d=0.0km, v=0m/s) -> threat=111.00
  track 12 (ASM, d=0.0km, v=0m/s) -> threat=111.00

[DECISION] t=228.7s | tracks=2 | weapons=0 available
  track 10 (ASM, d=0.0km, v=0m/s) -> threat=111.00
  track 12 (ASM, d=0.0km, v=0m/s) -> threat=111.00

[DECISION] t=228.7s | tracks=2 | weapons=0 available
  track 10 (ASM, d=0.0km, v=0m/s) -> threat=111.00
  track 12 (ASM, d=0.0km, v=0m/s) -> threat=111.00

[DECISION] t=229.1s | tracks=2 | weapons=0 available
  track 10 (ASM, d=0.0km, v=0m/s) -> threat=111.00
  track 12 (ASM, d=0.0km, v=0m/s) -> threat=111.00

[DECISION] t=229.3s | tracks=2 | weapons=0 available
  track 10 (ASM, d=0.0km, v=0m/s) -> threat=111.00
  track 12 (ASM, d=0.0km, v=0m/s) -> threat=111.00

[DECISION] t=229.7s | tracks=2 | weapons=0 available
  track 10 (ASM, d=0.0km, v=0m/s) -> threat=111.00
  track 12 (ASM, d=0.0km, v=0m/s) -> threat=111.00

[DECISION] t=229.9s | tracks=2 | weapons=0 available
  track 10 (ASM, d=0.0km, v=0m/s) -> threat=111.00
  track 12 (ASM, d=0.0km, v=0m/s) -> threat=111.00

[DECISION] t=230.1s | tracks=2 | weapons=0 available
  track 10 (ASM, d=0.0km, v=0m/s) -> threat=111.00
  track 12 (ASM, d=0.0km, v=0m/s) -> threat=111.00

[DECISION] t=230.3s | tracks=2 | weapons=0 available
  track 10 (ASM, d=0.0km, v=0m/s) -> threat=111.00
  track 12 (ASM, d=0.0km, v=0m/s) -> threat=111.00

[DECISION] t=230.5s | tracks=2 | weapons=0 available
  track 10 (ASM, d=0.0km, v=0m/s) -> threat=111.00
  track 12 (ASM, d=0.0km, v=0m/s) -> threat=111.00

[DECISION] t=230.7s | tracks=2 | weapons=0 available
  track 10 (ASM, d=0.0km, v=0m/s) -> threat=111.00
  track 12 (ASM, d=0.0km, v=0m/s) -> threat=111.00

[DECISION] t=230.9s | tracks=2 | weapons=0 available
  track 10 (ASM, d=0.0km, v=0m/s) -> threat=111.00
  track 12 (ASM, d=0.0km, v=0m/s) -> threat=111.00

[DECISION] t=231.3s | tracks=2 | weapons=0 available
  track 10 (ASM, d=0.0km, v=0m/s) -> threat=111.00
  track 12 (ASM, d=0.0km, v=0m/s) -> threat=111.00

[DECISION] t=231.3s | tracks=2 | weapons=0 available
  track 10 (ASM, d=0.0km, v=0m/s) -> threat=111.00
  track 12 (ASM, d=0.0km, v=0m/s) -> threat=111.00

[DECISION] t=231.5s | tracks=2 | weapons=0 available
  track 10 (ASM, d=0.0km, v=0m/s) -> threat=111.00
  track 12 (ASM, d=0.0km, v=0m/s) -> threat=111.00

[DECISION] t=231.5s | tracks=2 | weapons=0 available
  track 10 (ASM, d=0.0km, v=0m/s) -> threat=111.00
  track 12 (ASM, d=0.0km, v=0m/s) -> threat=111.00

[DECISION] t=231.7s | tracks=2 | weapons=0 available
  track 10 (ASM, d=0.0km, v=0m/s) -> threat=111.00
  track 12 (ASM, d=0.0km, v=0m/s) -> threat=111.00

[DECISION] t=231.9s | tracks=2 | weapons=0 available
  track 10 (ASM, d=0.0km, v=0m/s) -> threat=111.00
  track 12 (ASM, d=0.0km, v=0m/s) -> threat=111.00

[DECISION] t=232.3s | tracks=2 | weapons=0 available
  track 10 (ASM, d=0.0km, v=0m/s) -> threat=111.00
  track 12 (ASM, d=0.0km, v=0m/s) -> threat=111.00

[DECISION] t=232.5s | tracks=2 | weapons=0 available
  track 10 (ASM, d=0.0km, v=0m/s) -> threat=111.00
  track 12 (ASM, d=0.0km, v=0m/s) -> threat=111.00

[DECISION] t=232.7s | tracks=2 | weapons=0 available
  track 10 (ASM, d=0.0km, v=0m/s) -> threat=111.00
  track 12 (ASM, d=0.0km, v=0m/s) -> threat=111.00

[DECISION] t=232.9s | tracks=2 | weapons=0 available
  track 10 (ASM, d=0.0km, v=0m/s) -> threat=111.00
  track 12 (ASM, d=0.0km, v=0m/s) -> threat=111.00

[DECISION] t=233.1s | tracks=2 | weapons=0 available
  track 10 (ASM, d=0.0km, v=0m/s) -> threat=111.00
  track 12 (ASM, d=0.0km, v=0m/s) -> threat=111.00

[DECISION] t=233.3s | tracks=2 | weapons=0 available
  track 10 (ASM, d=0.0km, v=0m/s) -> threat=111.00
  track 12 (ASM, d=0.0km, v=0m/s) -> threat=111.00

[DECISION] t=233.3s | tracks=2 | weapons=0 available
  track 10 (ASM, d=0.0km, v=0m/s) -> threat=111.00
  track 12 (ASM, d=0.0km, v=0m/s) -> threat=111.00

[DECISION] t=233.5s | tracks=2 | weapons=0 available
  track 10 (ASM, d=0.0km, v=0m/s) -> threat=111.00
  track 12 (ASM, d=0.0km, v=0m/s) -> threat=111.00

[DECISION] t=233.9s | tracks=2 | weapons=0 available
  track 10 (ASM, d=0.0km, v=0m/s) -> threat=111.00
  track 12 (ASM, d=0.0km, v=0m/s) -> threat=111.00

[DECISION] t=234.1s | tracks=2 | weapons=0 available
  track 10 (ASM, d=0.0km, v=0m/s) -> threat=111.00
  track 12 (ASM, d=0.0km, v=0m/s) -> threat=111.00

[DECISION] t=234.3s | tracks=2 | weapons=0 available
  track 10 (ASM, d=0.0km, v=0m/s) -> threat=111.00
  track 12 (ASM, d=0.0km, v=0m/s) -> threat=111.00

[DECISION] t=234.9s | tracks=2 | weapons=0 available
  track 10 (ASM, d=0.0km, v=0m/s) -> threat=111.00
  track 12 (ASM, d=0.0km, v=0m/s) -> threat=111.00

[DECISION] t=234.9s | tracks=2 | weapons=0 available
  track 10 (ASM, d=0.0km, v=0m/s) -> threat=111.00
  track 12 (ASM, d=0.0km, v=0m/s) -> threat=111.00

[DECISION] t=235.1s | tracks=2 | weapons=0 available
  track 10 (ASM, d=0.0km, v=0m/s) -> threat=111.00
  track 12 (ASM, d=0.0km, v=0m/s) -> threat=111.00

[DECISION] t=235.3s | tracks=2 | weapons=0 available
  track 10 (ASM, d=0.0km, v=0m/s) -> threat=111.00
  track 12 (ASM, d=0.0km, v=0m/s) -> threat=111.00

[DECISION] t=235.3s | tracks=2 | weapons=0 available
  track 10 (ASM, d=0.0km, v=0m/s) -> threat=111.00
  track 12 (ASM, d=0.0km, v=0m/s) -> threat=111.00

[DECISION] t=235.5s | tracks=2 | weapons=0 available
  track 10 (ASM, d=0.0km, v=0m/s) -> threat=111.00
  track 12 (ASM, d=0.0km, v=0m/s) -> threat=111.00

[DECISION] t=235.7s | tracks=2 | weapons=0 available
  track 10 (ASM, d=0.0km, v=0m/s) -> threat=111.00
  track 12 (ASM, d=0.0km, v=0m/s) -> threat=111.00

[DECISION] t=236.1s | tracks=2 | weapons=0 available
  track 10 (ASM, d=0.0km, v=0m/s) -> threat=111.00
  track 12 (ASM, d=0.0km, v=0m/s) -> threat=111.00

[DECISION] t=236.3s | tracks=2 | weapons=0 available
  track 10 (ASM, d=0.0km, v=0m/s) -> threat=111.00
  track 12 (ASM, d=0.0km, v=0m/s) -> threat=111.00

[DECISION] t=236.5s | tracks=2 | weapons=0 available
  track 10 (ASM, d=0.0km, v=0m/s) -> threat=111.00
  track 12 (ASM, d=0.0km, v=0m/s) -> threat=111.00

[DECISION] t=236.7s | tracks=2 | weapons=0 available
  track 10 (ASM, d=0.0km, v=0m/s) -> threat=111.00
  track 12 (ASM, d=0.0km, v=0m/s) -> threat=111.00

[DECISION] t=237.1s | tracks=2 | weapons=0 available
  track 10 (ASM, d=0.0km, v=0m/s) -> threat=111.00
  track 12 (ASM, d=0.0km, v=0m/s) -> threat=111.00

[DECISION] t=237.3s | tracks=2 | weapons=0 available
  track 10 (ASM, d=0.0km, v=0m/s) -> threat=111.00
  track 12 (ASM, d=0.0km, v=0m/s) -> threat=111.00

[DECISION] t=237.3s | tracks=2 | weapons=0 available
  track 10 (ASM, d=0.0km, v=0m/s) -> threat=111.00
  track 12 (ASM, d=0.0km, v=0m/s) -> threat=111.00

[DECISION] t=237.5s | tracks=2 | weapons=0 available
  track 10 (ASM, d=0.0km, v=0m/s) -> threat=111.00
  track 12 (ASM, d=0.0km, v=0m/s) -> threat=111.00

[DECISION] t=237.7s | tracks=2 | weapons=0 available
  track 10 (ASM, d=0.0km, v=0m/s) -> threat=111.00
  track 12 (ASM, d=0.0km, v=0m/s) -> threat=111.00

[DECISION] t=238.1s | tracks=2 | weapons=0 available
  track 10 (ASM, d=0.0km, v=0m/s) -> threat=111.00
  track 12 (ASM, d=0.0km, v=0m/s) -> threat=111.00

[DECISION] t=238.3s | tracks=2 | weapons=0 available
  track 10 (ASM, d=0.0km, v=0m/s) -> threat=111.00
  track 12 (ASM, d=0.0km, v=0m/s) -> threat=111.00

[DECISION] t=238.5s | tracks=2 | weapons=0 available
  track 10 (ASM, d=0.0km, v=0m/s) -> threat=111.00
  track 12 (ASM, d=0.0km, v=0m/s) -> threat=111.00

[DECISION] t=238.7s | tracks=2 | weapons=0 available
  track 10 (ASM, d=0.0km, v=0m/s) -> threat=111.00
  track 12 (ASM, d=0.0km, v=0m/s) -> threat=111.00

[DECISION] t=239.1s | tracks=2 | weapons=0 available
  track 10 (ASM, d=0.0km, v=0m/s) -> threat=111.00
  track 12 (ASM, d=0.0km, v=0m/s) -> threat=111.00

[DECISION] t=239.1s | tracks=2 | weapons=0 available
  track 10 (ASM, d=0.0km, v=0m/s) -> threat=111.00
  track 12 (ASM, d=0.0km, v=0m/s) -> threat=111.00

[DECISION] t=239.5s | tracks=2 | weapons=0 available
  track 10 (ASM, d=0.0km, v=0m/s) -> threat=111.00
  track 12 (ASM, d=0.0km, v=0m/s) -> threat=111.00

[DECISION] t=239.9s | tracks=2 | weapons=0 available
  track 10 (ASM, d=0.0km, v=0m/s) -> threat=111.00
  track 12 (ASM, d=0.0km, v=0m/s) -> threat=111.00

[DECISION] t=240.1s | tracks=2 | weapons=0 available
  track 10 (ASM, d=0.0km, v=0m/s) -> threat=111.00
  track 12 (ASM, d=0.0km, v=0m/s) -> threat=111.00

[DECISION] t=240.3s | tracks=2 | weapons=0 available
  track 10 (ASM, d=0.0km, v=0m/s) -> threat=111.00
  track 12 (ASM, d=0.0km, v=0m/s) -> threat=111.00

[DECISION] t=240.3s | tracks=2 | weapons=0 available
  track 10 (ASM, d=0.0km, v=0m/s) -> threat=111.00
  track 12 (ASM, d=0.0km, v=0m/s) -> threat=111.00

[DECISION] t=240.5s | tracks=2 | weapons=0 available
  track 10 (ASM, d=0.0km, v=0m/s) -> threat=111.00
  track 12 (ASM, d=0.0km, v=0m/s) -> threat=111.00

[DECISION] t=240.7s | tracks=2 | weapons=0 available
  track 10 (ASM, d=0.0km, v=0m/s) -> threat=111.00
  track 12 (ASM, d=0.0km, v=0m/s) -> threat=111.00

[DECISION] t=240.9s | tracks=2 | weapons=0 available
  track 10 (ASM, d=0.0km, v=0m/s) -> threat=111.00
  track 12 (ASM, d=0.0km, v=0m/s) -> threat=111.00

[DECISION] t=241.1s | tracks=2 | weapons=0 available
  track 10 (ASM, d=0.0km, v=0m/s) -> threat=111.00
  track 12 (ASM, d=0.0km, v=0m/s) -> threat=111.00

[DECISION] t=241.1s | tracks=2 | weapons=0 available
  track 10 (ASM, d=0.0km, v=0m/s) -> threat=111.00
  track 12 (ASM, d=0.0km, v=0m/s) -> threat=111.00

[DECISION] t=241.3s | tracks=2 | weapons=0 available
  track 10 (ASM, d=0.0km, v=0m/s) -> threat=111.00
  track 12 (ASM, d=0.0km, v=0m/s) -> threat=111.00

[DECISION] t=241.5s | tracks=2 | weapons=0 available
  track 10 (ASM, d=0.0km, v=0m/s) -> threat=111.00
  track 12 (ASM, d=0.0km, v=0m/s) -> threat=111.00

[DECISION] t=241.9s | tracks=2 | weapons=0 available
  track 10 (ASM, d=0.0km, v=0m/s) -> threat=111.00
  track 12 (ASM, d=0.0km, v=0m/s) -> threat=111.00

[DECISION] t=241.9s | tracks=2 | weapons=0 available
  track 10 (ASM, d=0.0km, v=0m/s) -> threat=111.00
  track 12 (ASM, d=0.0km, v=0m/s) -> threat=111.00

[DECISION] t=242.3s | tracks=2 | weapons=0 available
  track 10 (ASM, d=0.0km, v=0m/s) -> threat=111.00
  track 12 (ASM, d=0.0km, v=0m/s) -> threat=111.00

[DECISION] t=242.5s | tracks=2 | weapons=0 available
  track 10 (ASM, d=0.0km, v=0m/s) -> threat=111.00
  track 12 (ASM, d=0.0km, v=0m/s) -> threat=111.00

[DECISION] t=242.7s | tracks=2 | weapons=0 available
  track 10 (ASM, d=0.0km, v=0m/s) -> threat=111.00
  track 12 (ASM, d=0.0km, v=0m/s) -> threat=111.00

[DECISION] t=242.7s | tracks=2 | weapons=0 available
  track 10 (ASM, d=0.0km, v=0m/s) -> threat=111.00
  track 12 (ASM, d=0.0km, v=0m/s) -> threat=111.00

[DECISION] t=243.1s | tracks=2 | weapons=0 available
  track 10 (ASM, d=0.0km, v=0m/s) -> threat=111.00
  track 12 (ASM, d=0.0km, v=0m/s) -> threat=111.00

[DECISION] t=243.3s | tracks=2 | weapons=0 available
  track 10 (ASM, d=0.0km, v=0m/s) -> threat=111.00
  track 12 (ASM, d=0.0km, v=0m/s) -> threat=111.00

[DECISION] t=243.5s | tracks=2 | weapons=0 available
  track 10 (ASM, d=0.0km, v=0m/s) -> threat=111.00
  track 12 (ASM, d=0.0km, v=0m/s) -> threat=111.00

[DECISION] t=243.7s | tracks=2 | weapons=0 available
  track 10 (ASM, d=0.0km, v=0m/s) -> threat=111.00
  track 12 (ASM, d=0.0km, v=0m/s) -> threat=111.00

[DECISION] t=243.9s | tracks=2 | weapons=0 available
  track 10 (ASM, d=0.0km, v=0m/s) -> threat=111.00
  track 12 (ASM, d=0.0km, v=0m/s) -> threat=111.00

[DECISION] t=244.1s | tracks=2 | weapons=0 available
  track 10 (ASM, d=0.0km, v=0m/s) -> threat=111.00
  track 12 (ASM, d=0.0km, v=0m/s) -> threat=111.00

[DECISION] t=244.5s | tracks=2 | weapons=0 available
  track 10 (ASM, d=0.0km, v=0m/s) -> threat=111.00
  track 12 (ASM, d=0.0km, v=0m/s) -> threat=111.00

[DECISION] t=244.7s | tracks=2 | weapons=0 available
  track 10 (ASM, d=0.0km, v=0m/s) -> threat=111.00
  track 12 (ASM, d=0.0km, v=0m/s) -> threat=111.00

[DECISION] t=244.9s | tracks=2 | weapons=0 available
  track 10 (ASM, d=0.0km, v=0m/s) -> threat=111.00
  track 12 (ASM, d=0.0km, v=0m/s) -> threat=111.00

[DECISION] t=245.3s | tracks=2 | weapons=0 available
  track 10 (ASM, d=0.0km, v=0m/s) -> threat=111.00
  track 12 (ASM, d=0.0km, v=0m/s) -> threat=111.00

[DECISION] t=245.3s | tracks=2 | weapons=0 available
  track 10 (ASM, d=0.0km, v=0m/s) -> threat=111.00
  track 12 (ASM, d=0.0km, v=0m/s) -> threat=111.00

[DECISION] t=245.5s | tracks=2 | weapons=0 available
  track 10 (ASM, d=0.0km, v=0m/s) -> threat=111.00
  track 12 (ASM, d=0.0km, v=0m/s) -> threat=111.00

[DECISION] t=245.9s | tracks=2 | weapons=0 available
  track 10 (ASM, d=0.0km, v=0m/s) -> threat=111.00
  track 12 (ASM, d=0.0km, v=0m/s) -> threat=111.00

[DECISION] t=246.1s | tracks=2 | weapons=0 available
  track 10 (ASM, d=0.0km, v=0m/s) -> threat=111.00
  track 12 (ASM, d=0.0km, v=0m/s) -> threat=111.00

[DECISION] t=246.5s | tracks=2 | weapons=0 available
  track 10 (ASM, d=0.0km, v=0m/s) -> threat=111.00
  track 12 (ASM, d=0.0km, v=0m/s) -> threat=111.00

[DECISION] t=246.7s | tracks=2 | weapons=0 available
  track 10 (ASM, d=0.0km, v=0m/s) -> threat=111.00
  track 12 (ASM, d=0.0km, v=0m/s) -> threat=111.00

[DECISION] t=246.9s | tracks=2 | weapons=0 available
  track 10 (ASM, d=0.0km, v=0m/s) -> threat=111.00
  track 12 (ASM, d=0.0km, v=0m/s) -> threat=111.00

[DECISION] t=247.1s | tracks=2 | weapons=0 available
  track 10 (ASM, d=0.0km, v=0m/s) -> threat=111.00
  track 12 (ASM, d=0.0km, v=0m/s) -> threat=111.00

[DECISION] t=247.3s | tracks=2 | weapons=0 available
  track 10 (ASM, d=0.0km, v=0m/s) -> threat=111.00
  track 12 (ASM, d=0.0km, v=0m/s) -> threat=111.00

[DECISION] t=247.5s | tracks=2 | weapons=0 available
  track 10 (ASM, d=0.0km, v=0m/s) -> threat=111.00
  track 12 (ASM, d=0.0km, v=0m/s) -> threat=111.00

[DECISION] t=248.1s | tracks=2 | weapons=0 available
  track 10 (ASM, d=0.0km, v=0m/s) -> threat=111.00
  track 12 (ASM, d=0.0km, v=0m/s) -> threat=111.00

[DECISION] t=248.1s | tracks=2 | weapons=0 available
  track 10 (ASM, d=0.0km, v=0m/s) -> threat=111.00
  track 12 (ASM, d=0.0km, v=0m/s) -> threat=111.00

[DECISION] t=248.3s | tracks=2 | weapons=0 available
  track 10 (ASM, d=0.0km, v=0m/s) -> threat=111.00
  track 12 (ASM, d=0.0km, v=0m/s) -> threat=111.00

[DECISION] t=248.7s | tracks=2 | weapons=0 available
  track 10 (ASM, d=0.0km, v=0m/s) -> threat=111.00
  track 12 (ASM, d=0.0km, v=0m/s) -> threat=111.00

[DECISION] t=248.7s | tracks=2 | weapons=0 available
  track 10 (ASM, d=0.0km, v=0m/s) -> threat=111.00
  track 12 (ASM, d=0.0km, v=0m/s) -> threat=111.00

[DECISION] t=248.9s | tracks=2 | weapons=0 available
  track 10 (ASM, d=0.0km, v=0m/s) -> threat=111.00
  track 12 (ASM, d=0.0km, v=0m/s) -> threat=111.00

[DECISION] t=249.1s | tracks=2 | weapons=0 available
  track 10 (ASM, d=0.0km, v=0m/s) -> threat=111.00
  track 12 (ASM, d=0.0km, v=0m/s) -> threat=111.00

[DECISION] t=249.1s | tracks=2 | weapons=0 available
  track 10 (ASM, d=0.0km, v=0m/s) -> threat=111.00
  track 12 (ASM, d=0.0km, v=0m/s) -> threat=111.00

[DECISION] t=0.0s | tracks=2 | weapons=0 available
  track 10 (ASM, d=0.0km, v=0m/s) -> threat=111.00
  track 12 (ASM, d=0.0km, v=0m/s) -> threat=111.00

[DECISION] t=249.5s | tracks=2 | weapons=0 available
  track 10 (ASM, d=0.0km, v=0m/s) -> threat=111.00
  track 12 (ASM, d=0.0km, v=0m/s) -> threat=111.00

[DECISION] t=249.7s | tracks=2 | weapons=0 available
  track 10 (ASM, d=0.0km, v=0m/s) -> threat=111.00
  track 12 (ASM, d=0.0km, v=0m/s) -> threat=111.00

[DECISION] t=249.9s | tracks=2 | weapons=0 available
  track 10 (ASM, d=0.0km, v=0m/s) -> threat=111.00
  track 12 (ASM, d=0.0km, v=0m/s) -> threat=111.00

[DECISION] t=250.1s | tracks=2 | weapons=0 available
  track 10 (ASM, d=0.0km, v=0m/s) -> threat=111.00
  track 12 (ASM, d=0.0km, v=0m/s) -> threat=111.00

[DECISION] t=250.3s | tracks=2 | weapons=0 available
  track 10 (ASM, d=0.0km, v=0m/s) -> threat=111.00
  track 12 (ASM, d=0.0km, v=0m/s) -> threat=111.00

[DECISION] t=250.3s | tracks=2 | weapons=0 available
  track 10 (ASM, d=0.0km, v=0m/s) -> threat=111.00
  track 12 (ASM, d=0.0km, v=0m/s) -> threat=111.00

[DECISION] t=250.5s | tracks=2 | weapons=0 available
  track 10 (ASM, d=0.0km, v=0m/s) -> threat=111.00
  track 12 (ASM, d=0.0km, v=0m/s) -> threat=111.00

[DECISION] t=250.9s | tracks=2 | weapons=0 available
  track 10 (ASM, d=0.0km, v=0m/s) -> threat=111.00
  track 12 (ASM, d=0.0km, v=0m/s) -> threat=111.00

[DECISION] t=0.0s | tracks=2 | weapons=0 available
  track 10 (ASM, d=0.0km, v=0m/s) -> threat=111.00
  track 12 (ASM, d=0.0km, v=0m/s) -> threat=111.00

[DECISION] t=251.7s | tracks=2 | weapons=0 available
  track 10 (ASM, d=0.0km, v=0m/s) -> threat=111.00
  track 12 (ASM, d=0.0km, v=0m/s) -> threat=111.00

[DECISION] t=251.9s | tracks=2 | weapons=0 available
  track 10 (ASM, d=0.0km, v=0m/s) -> threat=111.00
  track 12 (ASM, d=0.0km, v=0m/s) -> threat=111.00

[DECISION] t=252.3s | tracks=2 | weapons=0 available
  track 10 (ASM, d=0.0km, v=0m/s) -> threat=111.00
  track 12 (ASM, d=0.0km, v=0m/s) -> threat=111.00

[DECISION] t=252.3s | tracks=2 | weapons=0 available
  track 10 (ASM, d=0.0km, v=0m/s) -> threat=111.00
  track 12 (ASM, d=0.0km, v=0m/s) -> threat=111.00

[DECISION] t=252.5s | tracks=2 | weapons=0 available
  track 10 (ASM, d=0.0km, v=0m/s) -> threat=111.00
  track 12 (ASM, d=0.0km, v=0m/s) -> threat=111.00

[DECISION] t=252.9s | tracks=2 | weapons=0 available
  track 10 (ASM, d=0.0km, v=0m/s) -> threat=111.00
  track 12 (ASM, d=0.0km, v=0m/s) -> threat=111.00

[DECISION] t=253.1s | tracks=2 | weapons=0 available
  track 10 (ASM, d=0.0km, v=0m/s) -> threat=111.00
  track 12 (ASM, d=0.0km, v=0m/s) -> threat=111.00

[DECISION] t=0.0s | tracks=2 | weapons=0 available
  track 10 (ASM, d=0.0km, v=0m/s) -> threat=111.00
  track 12 (ASM, d=0.0km, v=0m/s) -> threat=111.00

[DECISION] t=253.3s | tracks=2 | weapons=0 available
  track 10 (ASM, d=0.0km, v=0m/s) -> threat=111.00
  track 12 (ASM, d=0.0km, v=0m/s) -> threat=111.00

[DECISION] t=253.5s | tracks=2 | weapons=0 available
  track 10 (ASM, d=0.0km, v=0m/s) -> threat=111.00
  track 12 (ASM, d=0.0km, v=0m/s) -> threat=111.00

[DECISION] t=253.9s | tracks=2 | weapons=0 available
  track 10 (ASM, d=0.0km, v=0m/s) -> threat=111.00
  track 12 (ASM, d=0.0km, v=0m/s) -> threat=111.00

[DECISION] t=253.9s | tracks=2 | weapons=0 available
  track 10 (ASM, d=0.0km, v=0m/s) -> threat=111.00
  track 12 (ASM, d=0.0km, v=0m/s) -> threat=111.00

[DECISION] t=254.1s | tracks=2 | weapons=0 available
  track 10 (ASM, d=0.0km, v=0m/s) -> threat=111.00
  track 12 (ASM, d=0.0km, v=0m/s) -> threat=111.00

[DECISION] t=254.3s | tracks=2 | weapons=0 available
  track 10 (ASM, d=0.0km, v=0m/s) -> threat=111.00
  track 12 (ASM, d=0.0km, v=0m/s) -> threat=111.00

[DECISION] t=254.5s | tracks=2 | weapons=0 available
  track 10 (ASM, d=0.0km, v=0m/s) -> threat=111.00
  track 12 (ASM, d=0.0km, v=0m/s) -> threat=111.00

[DECISION] t=254.7s | tracks=2 | weapons=0 available
  track 10 (ASM, d=0.0km, v=0m/s) -> threat=111.00
  track 12 (ASM, d=0.0km, v=0m/s) -> threat=111.00

[DECISION] t=255.1s | tracks=2 | weapons=0 available
  track 10 (ASM, d=0.0km, v=0m/s) -> threat=111.00
  track 12 (ASM, d=0.0km, v=0m/s) -> threat=111.00

[DECISION] t=255.3s | tracks=2 | weapons=0 available
  track 10 (ASM, d=0.0km, v=0m/s) -> threat=111.00
  track 12 (ASM, d=0.0km, v=0m/s) -> threat=111.00

[DECISION] t=255.5s | tracks=2 | weapons=0 available
  track 10 (ASM, d=0.0km, v=0m/s) -> threat=111.00
  track 12 (ASM, d=0.0km, v=0m/s) -> threat=111.00

[DECISION] t=256.2s | tracks=2 | weapons=0 available
  track 10 (ASM, d=0.0km, v=0m/s) -> threat=111.00
  track 12 (ASM, d=0.0km, v=0m/s) -> threat=111.00

[DECISION] t=0.0s | tracks=2 | weapons=0 available
  track 10 (ASM, d=0.0km, v=0m/s) -> threat=111.00
  track 12 (ASM, d=0.0km, v=0m/s) -> threat=111.00

[DECISION] t=256.4s | tracks=2 | weapons=0 available
  track 10 (ASM, d=0.0km, v=0m/s) -> threat=111.00
  track 12 (ASM, d=0.0km, v=0m/s) -> threat=111.00

[DECISION] t=256.5s | tracks=2 | weapons=0 available
  track 10 (ASM, d=0.0km, v=0m/s) -> threat=111.00
  track 12 (ASM, d=0.0km, v=0m/s) -> threat=111.00

[DECISION] t=0.0s | tracks=2 | weapons=0 available
  track 10 (ASM, d=0.0km, v=0m/s) -> threat=111.00
  track 12 (ASM, d=0.0km, v=0m/s) -> threat=111.00

[DECISION] t=256.9s | tracks=2 | weapons=0 available
  track 10 (ASM, d=0.0km, v=0m/s) -> threat=111.00
  track 12 (ASM, d=0.0km, v=0m/s) -> threat=111.00

[DECISION] t=257.1s | tracks=2 | weapons=0 available
  track 10 (ASM, d=0.0km, v=0m/s) -> threat=111.00
  track 12 (ASM, d=0.0km, v=0m/s) -> threat=111.00

[DECISION] t=257.3s | tracks=2 | weapons=0 available
  track 10 (ASM, d=0.0km, v=0m/s) -> threat=111.00
  track 12 (ASM, d=0.0km, v=0m/s) -> threat=111.00

[DECISION] t=257.5s | tracks=2 | weapons=0 available
  track 10 (ASM, d=0.0km, v=0m/s) -> threat=111.00
  track 12 (ASM, d=0.0km, v=0m/s) -> threat=111.00

[DECISION] t=257.7s | tracks=2 | weapons=0 available
  track 10 (ASM, d=0.0km, v=0m/s) -> threat=111.00
  track 12 (ASM, d=0.0km, v=0m/s) -> threat=111.00

[DECISION] t=257.9s | tracks=2 | weapons=0 available
  track 10 (ASM, d=0.0km, v=0m/s) -> threat=111.00
  track 12 (ASM, d=0.0km, v=0m/s) -> threat=111.00

[DECISION] t=258.1s | tracks=2 | weapons=0 available
  track 10 (ASM, d=0.0km, v=0m/s) -> threat=111.00
  track 12 (ASM, d=0.0km, v=0m/s) -> threat=111.00

[DECISION] t=258.3s | tracks=2 | weapons=0 available
  track 10 (ASM, d=0.0km, v=0m/s) -> threat=111.00
  track 12 (ASM, d=0.0km, v=0m/s) -> threat=111.00

[DECISION] t=0.0s | tracks=2 | weapons=0 available
  track 10 (ASM, d=0.0km, v=0m/s) -> threat=111.00
  track 12 (ASM, d=0.0km, v=0m/s) -> threat=111.00

[DECISION] t=258.6s | tracks=2 | weapons=0 available
  track 10 (ASM, d=0.0km, v=0m/s) -> threat=111.00
  track 12 (ASM, d=0.0km, v=0m/s) -> threat=111.00

[DECISION] t=258.8s | tracks=2 | weapons=0 available
  track 10 (ASM, d=0.0km, v=0m/s) -> threat=111.00
  track 12 (ASM, d=0.0km, v=0m/s) -> threat=111.00

[DECISION] t=259.0s | tracks=2 | weapons=0 available
  track 10 (ASM, d=0.0km, v=0m/s) -> threat=111.00
  track 12 (ASM, d=0.0km, v=0m/s) -> threat=111.00

[DECISION] t=259.2s | tracks=2 | weapons=0 available
  track 10 (ASM, d=0.0km, v=0m/s) -> threat=111.00
  track 12 (ASM, d=0.0km, v=0m/s) -> threat=111.00

[DECISION] t=259.4s | tracks=2 | weapons=0 available
  track 10 (ASM, d=0.0km, v=0m/s) -> threat=111.00
  track 12 (ASM, d=0.0km, v=0m/s) -> threat=111.00

[DECISION] t=259.6s | tracks=2 | weapons=0 available
  track 10 (ASM, d=0.0km, v=0m/s) -> threat=111.00
  track 12 (ASM, d=0.0km, v=0m/s) -> threat=111.00

[DECISION] t=259.8s | tracks=2 | weapons=0 available
  track 10 (ASM, d=0.0km, v=0m/s) -> threat=111.00
  track 12 (ASM, d=0.0km, v=0m/s) -> threat=111.00

[DECISION] t=0.0s | tracks=2 | weapons=0 available
  track 10 (ASM, d=0.0km, v=0m/s) -> threat=111.00
  track 12 (ASM, d=0.0km, v=0m/s) -> threat=111.00

[DECISION] t=260.3s | tracks=2 | weapons=0 available
  track 10 (ASM, d=0.0km, v=0m/s) -> threat=111.00
  track 12 (ASM, d=0.0km, v=0m/s) -> threat=111.00

[DECISION] t=260.4s | tracks=2 | weapons=0 available
  track 10 (ASM, d=0.0km, v=0m/s) -> threat=111.00
  track 12 (ASM, d=0.0km, v=0m/s) -> threat=111.00

[DECISION] t=260.6s | tracks=2 | weapons=0 available
  track 10 (ASM, d=0.0km, v=0m/s) -> threat=111.00
  track 12 (ASM, d=0.0km, v=0m/s) -> threat=111.00

[DECISION] t=260.8s | tracks=2 | weapons=0 available
  track 10 (ASM, d=0.0km, v=0m/s) -> threat=111.00
  track 12 (ASM, d=0.0km, v=0m/s) -> threat=111.00

[DECISION] t=261.0s | tracks=2 | weapons=0 available
  track 10 (ASM, d=0.0km, v=0m/s) -> threat=111.00
  track 12 (ASM, d=0.0km, v=0m/s) -> threat=111.00

[DECISION] t=261.3s | tracks=2 | weapons=0 available
  track 10 (ASM, d=0.0km, v=0m/s) -> threat=111.00
  track 12 (ASM, d=0.0km, v=0m/s) -> threat=111.00

[DECISION] t=261.6s | tracks=2 | weapons=0 available
  track 10 (ASM, d=0.0km, v=0m/s) -> threat=111.00
  track 12 (ASM, d=0.0km, v=0m/s) -> threat=111.00

[DECISION] t=261.8s | tracks=2 | weapons=0 available
  track 10 (ASM, d=0.0km, v=0m/s) -> threat=111.00
  track 12 (ASM, d=0.0km, v=0m/s) -> threat=111.00

[DECISION] t=262.1s | tracks=2 | weapons=0 available
  track 10 (ASM, d=0.0km, v=0m/s) -> threat=111.00
  track 12 (ASM, d=0.0km, v=0m/s) -> threat=111.00

[DECISION] t=262.4s | tracks=2 | weapons=0 available
  track 10 (ASM, d=0.0km, v=0m/s) -> threat=111.00
  track 12 (ASM, d=0.0km, v=0m/s) -> threat=111.00

[DECISION] t=262.5s | tracks=2 | weapons=0 available
  track 10 (ASM, d=0.0km, v=0m/s) -> threat=111.00
  track 12 (ASM, d=0.0km, v=0m/s) -> threat=111.00

[DECISION] t=262.6s | tracks=2 | weapons=0 available
  track 10 (ASM, d=0.0km, v=0m/s) -> threat=111.00
  track 12 (ASM, d=0.0km, v=0m/s) -> threat=111.00

[DECISION] t=262.7s | tracks=2 | weapons=0 available
  track 10 (ASM, d=0.0km, v=0m/s) -> threat=111.00
  track 12 (ASM, d=0.0km, v=0m/s) -> threat=111.00

[DECISION] t=262.9s | tracks=2 | weapons=0 available
  track 10 (ASM, d=0.0km, v=0m/s) -> threat=111.00
  track 12 (ASM, d=0.0km, v=0m/s) -> threat=111.00

[DECISION] t=263.1s | tracks=2 | weapons=0 available
  track 10 (ASM, d=0.0km, v=0m/s) -> threat=111.00
  track 12 (ASM, d=0.0km, v=0m/s) -> threat=111.00

[DECISION] t=263.3s | tracks=2 | weapons=0 available
  track 10 (ASM, d=0.0km, v=0m/s) -> threat=111.00
  track 12 (ASM, d=0.0km, v=0m/s) -> threat=111.00

[DECISION] t=263.8s | tracks=2 | weapons=0 available
  track 10 (ASM, d=0.0km, v=0m/s) -> threat=111.00
  track 12 (ASM, d=0.0km, v=0m/s) -> threat=111.00

[DECISION] t=264.0s | tracks=2 | weapons=0 available
  track 10 (ASM, d=0.0km, v=0m/s) -> threat=111.00
  track 12 (ASM, d=0.0km, v=0m/s) -> threat=111.00

[DECISION] t=264.1s | tracks=2 | weapons=0 available
  track 10 (ASM, d=0.0km, v=0m/s) -> threat=111.00
  track 12 (ASM, d=0.0km, v=0m/s) -> threat=111.00

[DECISION] t=264.4s | tracks=2 | weapons=0 available
  track 10 (ASM, d=0.0km, v=0m/s) -> threat=111.00
  track 12 (ASM, d=0.0km, v=0m/s) -> threat=111.00

[DECISION] t=264.7s | tracks=2 | weapons=0 available
  track 10 (ASM, d=0.0km, v=0m/s) -> threat=111.00
  track 12 (ASM, d=0.0km, v=0m/s) -> threat=111.00

[DECISION] t=264.9s | tracks=2 | weapons=0 available
  track 10 (ASM, d=0.0km, v=0m/s) -> threat=111.00
  track 12 (ASM, d=0.0km, v=0m/s) -> threat=111.00

[DECISION] t=265.0s | tracks=2 | weapons=0 available
  track 10 (ASM, d=0.0km, v=0m/s) -> threat=111.00
  track 12 (ASM, d=0.0km, v=0m/s) -> threat=111.00

[DECISION] t=265.1s | tracks=2 | weapons=0 available
  track 10 (ASM, d=0.0km, v=0m/s) -> threat=111.00
  track 12 (ASM, d=0.0km, v=0m/s) -> threat=111.00

[DECISION] t=265.3s | tracks=2 | weapons=0 available
  track 10 (ASM, d=0.0km, v=0m/s) -> threat=111.00
  track 12 (ASM, d=0.0km, v=0m/s) -> threat=111.00

[DECISION] t=0.0s | tracks=2 | weapons=0 available
  track 10 (ASM, d=0.0km, v=0m/s) -> threat=111.00
  track 12 (ASM, d=0.0km, v=0m/s) -> threat=111.00

[DECISION] t=265.5s | tracks=2 | weapons=0 available
  track 10 (ASM, d=0.0km, v=0m/s) -> threat=111.00
  track 12 (ASM, d=0.0km, v=0m/s) -> threat=111.00

[DECISION] t=265.7s | tracks=2 | weapons=0 available
  track 10 (ASM, d=0.0km, v=0m/s) -> threat=111.00
  track 12 (ASM, d=0.0km, v=0m/s) -> threat=111.00

[DECISION] t=265.9s | tracks=2 | weapons=0 available
  track 10 (ASM, d=0.0km, v=0m/s) -> threat=111.00
  track 12 (ASM, d=0.0km, v=0m/s) -> threat=111.00

[DECISION] t=266.2s | tracks=2 | weapons=0 available
  track 10 (ASM, d=0.0km, v=0m/s) -> threat=111.00
  track 12 (ASM, d=0.0km, v=0m/s) -> threat=111.00

[DECISION] t=266.3s | tracks=2 | weapons=0 available
  track 10 (ASM, d=0.0km, v=0m/s) -> threat=111.00
  track 12 (ASM, d=0.0km, v=0m/s) -> threat=111.00

[DECISION] t=266.5s | tracks=2 | weapons=0 available
  track 10 (ASM, d=0.0km, v=0m/s) -> threat=111.00
  track 12 (ASM, d=0.0km, v=0m/s) -> threat=111.00

[DECISION] t=0.0s | tracks=2 | weapons=0 available
  track 10 (ASM, d=0.0km, v=0m/s) -> threat=111.00
  track 12 (ASM, d=0.0km, v=0m/s) -> threat=111.00

[DECISION] t=267.0s | tracks=2 | weapons=0 available
  track 10 (ASM, d=0.0km, v=0m/s) -> threat=111.00
  track 12 (ASM, d=0.0km, v=0m/s) -> threat=111.00

[DECISION] t=267.3s | tracks=2 | weapons=0 available
  track 10 (ASM, d=0.0km, v=0m/s) -> threat=111.00
  track 12 (ASM, d=0.0km, v=0m/s) -> threat=111.00

[DECISION] t=267.4s | tracks=2 | weapons=0 available
  track 10 (ASM, d=0.0km, v=0m/s) -> threat=111.00
  track 12 (ASM, d=0.0km, v=0m/s) -> threat=111.00

[DECISION] t=267.7s | tracks=2 | weapons=0 available
  track 10 (ASM, d=0.0km, v=0m/s) -> threat=111.00
  track 12 (ASM, d=0.0km, v=0m/s) -> threat=111.00

[DECISION] t=267.8s | tracks=2 | weapons=0 available
  track 10 (ASM, d=0.0km, v=0m/s) -> threat=111.00
  track 12 (ASM, d=0.0km, v=0m/s) -> threat=111.00

[DECISION] t=268.2s | tracks=2 | weapons=0 available
  track 10 (ASM, d=0.0km, v=0m/s) -> threat=111.00
  track 12 (ASM, d=0.0km, v=0m/s) -> threat=111.00

[DECISION] t=268.3s | tracks=2 | weapons=0 available
  track 10 (ASM, d=0.0km, v=0m/s) -> threat=111.00
  track 12 (ASM, d=0.0km, v=0m/s) -> threat=111.00

[DECISION] t=268.6s | tracks=2 | weapons=0 available
  track 10 (ASM, d=0.0km, v=0m/s) -> threat=111.00
  track 12 (ASM, d=0.0km, v=0m/s) -> threat=111.00

[DECISION] t=268.7s | tracks=2 | weapons=0 available
  track 10 (ASM, d=0.0km, v=0m/s) -> threat=111.00
  track 12 (ASM, d=0.0km, v=0m/s) -> threat=111.00

[DECISION] t=268.9s | tracks=2 | weapons=0 available
  track 10 (ASM, d=0.0km, v=0m/s) -> threat=111.00
  track 12 (ASM, d=0.0km, v=0m/s) -> threat=111.00

[DECISION] t=269.1s | tracks=2 | weapons=0 available
  track 10 (ASM, d=0.0km, v=0m/s) -> threat=111.00
  track 12 (ASM, d=0.0km, v=0m/s) -> threat=111.00

[DECISION] t=0.0s | tracks=2 | weapons=0 available
  track 10 (ASM, d=0.0km, v=0m/s) -> threat=111.00
  track 12 (ASM, d=0.0km, v=0m/s) -> threat=111.00

[DECISION] t=269.6s | tracks=2 | weapons=0 available
  track 10 (ASM, d=0.0km, v=0m/s) -> threat=111.00
  track 12 (ASM, d=0.0km, v=0m/s) -> threat=111.00

[DECISION] t=269.8s | tracks=2 | weapons=0 available
  track 10 (ASM, d=0.0km, v=0m/s) -> threat=111.00
  track 12 (ASM, d=0.0km, v=0m/s) -> threat=111.00

[DECISION] t=270.0s | tracks=2 | weapons=0 available
  track 10 (ASM, d=0.0km, v=0m/s) -> threat=111.00
  track 12 (ASM, d=0.0km, v=0m/s) -> threat=111.00

[DECISION] t=0.0s | tracks=2 | weapons=0 available
  track 10 (ASM, d=0.0km, v=0m/s) -> threat=111.00
  track 12 (ASM, d=0.0km, v=0m/s) -> threat=111.00

[DECISION] t=270.5s | tracks=2 | weapons=0 available
  track 10 (ASM, d=0.0km, v=0m/s) -> threat=111.00
  track 12 (ASM, d=0.0km, v=0m/s) -> threat=111.00

[DECISION] t=270.7s | tracks=2 | weapons=0 available
  track 10 (ASM, d=0.0km, v=0m/s) -> threat=111.00
  track 12 (ASM, d=0.0km, v=0m/s) -> threat=111.00

[DECISION] t=270.9s | tracks=2 | weapons=0 available
  track 10 (ASM, d=0.0km, v=0m/s) -> threat=111.00
  track 12 (ASM, d=0.0km, v=0m/s) -> threat=111.00

[DECISION] t=271.0s | tracks=2 | weapons=0 available
  track 10 (ASM, d=0.0km, v=0m/s) -> threat=111.00
  track 12 (ASM, d=0.0km, v=0m/s) -> threat=111.00

[DECISION] t=271.2s | tracks=2 | weapons=0 available
  track 10 (ASM, d=0.0km, v=0m/s) -> threat=111.00
  track 12 (ASM, d=0.0km, v=0m/s) -> threat=111.00

[DECISION] t=271.5s | tracks=2 | weapons=0 available
  track 10 (ASM, d=0.0km, v=0m/s) -> threat=111.00
  track 12 (ASM, d=0.0km, v=0m/s) -> threat=111.00

[DECISION] t=271.6s | tracks=2 | weapons=0 available
  track 10 (ASM, d=0.0km, v=0m/s) -> threat=111.00
  track 12 (ASM, d=0.0km, v=0m/s) -> threat=111.00

[DECISION] t=271.8s | tracks=2 | weapons=0 available
  track 10 (ASM, d=0.0km, v=0m/s) -> threat=111.00
  track 12 (ASM, d=0.0km, v=0m/s) -> threat=111.00

[DECISION] t=272.3s | tracks=2 | weapons=0 available
  track 10 (ASM, d=0.0km, v=0m/s) -> threat=111.00
  track 12 (ASM, d=0.0km, v=0m/s) -> threat=111.00

[DECISION] t=272.5s | tracks=2 | weapons=0 available
  track 10 (ASM, d=0.0km, v=0m/s) -> threat=111.00
  track 12 (ASM, d=0.0km, v=0m/s) -> threat=111.00

[DECISION] t=272.6s | tracks=2 | weapons=0 available
  track 10 (ASM, d=0.0km, v=0m/s) -> threat=111.00
  track 12 (ASM, d=0.0km, v=0m/s) -> threat=111.00

[DECISION] t=0.0s | tracks=2 | weapons=0 available
  track 10 (ASM, d=0.0km, v=0m/s) -> threat=111.00
  track 12 (ASM, d=0.0km, v=0m/s) -> threat=111.00

[DECISION] t=273.0s | tracks=2 | weapons=0 available
  track 10 (ASM, d=0.0km, v=0m/s) -> threat=111.00
  track 12 (ASM, d=0.0km, v=0m/s) -> threat=111.00

[DECISION] t=273.2s | tracks=2 | weapons=0 available
  track 10 (ASM, d=0.0km, v=0m/s) -> threat=111.00
  track 12 (ASM, d=0.0km, v=0m/s) -> threat=111.00

[DECISION] t=0.0s | tracks=2 | weapons=0 available
  track 10 (ASM, d=0.0km, v=0m/s) -> threat=111.00
  track 12 (ASM, d=0.0km, v=0m/s) -> threat=111.00

[DECISION] t=273.5s | tracks=2 | weapons=0 available
  track 10 (ASM, d=0.0km, v=0m/s) -> threat=111.00
  track 12 (ASM, d=0.0km, v=0m/s) -> threat=111.00

[DECISION] t=273.8s | tracks=2 | weapons=0 available
  track 10 (ASM, d=0.0km, v=0m/s) -> threat=111.00
  track 12 (ASM, d=0.0km, v=0m/s) -> threat=111.00

[DECISION] t=274.1s | tracks=2 | weapons=0 available
  track 10 (ASM, d=0.0km, v=0m/s) -> threat=111.00
  track 12 (ASM, d=0.0km, v=0m/s) -> threat=111.00

[DECISION] t=0.0s | tracks=2 | weapons=0 available
  track 10 (ASM, d=0.0km, v=0m/s) -> threat=111.00
  track 12 (ASM, d=0.0km, v=0m/s) -> threat=111.00

[DECISION] t=274.4s | tracks=2 | weapons=0 available
  track 10 (ASM, d=0.0km, v=0m/s) -> threat=111.00
  track 12 (ASM, d=0.0km, v=0m/s) -> threat=111.00

[DECISION] t=274.5s | tracks=2 | weapons=0 available
  track 10 (ASM, d=0.0km, v=0m/s) -> threat=111.00
  track 12 (ASM, d=0.0km, v=0m/s) -> threat=111.00

[DECISION] t=274.6s | tracks=2 | weapons=0 available
  track 10 (ASM, d=0.0km, v=0m/s) -> threat=111.00
  track 12 (ASM, d=0.0km, v=0m/s) -> threat=111.00

[DECISION] t=274.8s | tracks=2 | weapons=0 available
  track 10 (ASM, d=0.0km, v=0m/s) -> threat=111.00
  track 12 (ASM, d=0.0km, v=0m/s) -> threat=111.00

[DECISION] t=275.1s | tracks=2 | weapons=0 available
  track 10 (ASM, d=0.0km, v=0m/s) -> threat=111.00
  track 12 (ASM, d=0.0km, v=0m/s) -> threat=111.00

[DECISION] t=275.4s | tracks=2 | weapons=0 available
  track 10 (ASM, d=0.0km, v=0m/s) -> threat=111.00
  track 12 (ASM, d=0.0km, v=0m/s) -> threat=111.00

[DECISION] t=275.5s | tracks=2 | weapons=0 available
  track 10 (ASM, d=0.0km, v=0m/s) -> threat=111.00
  track 12 (ASM, d=0.0km, v=0m/s) -> threat=111.00

[DECISION] t=275.7s | tracks=2 | weapons=0 available
  track 10 (ASM, d=0.0km, v=0m/s) -> threat=111.00
  track 12 (ASM, d=0.0km, v=0m/s) -> threat=111.00

[DECISION] t=276.0s | tracks=2 | weapons=0 available
  track 10 (ASM, d=0.0km, v=0m/s) -> threat=111.00
  track 12 (ASM, d=0.0km, v=0m/s) -> threat=111.00

[DECISION] t=276.1s | tracks=2 | weapons=0 available
  track 10 (ASM, d=0.0km, v=0m/s) -> threat=111.00
  track 12 (ASM, d=0.0km, v=0m/s) -> threat=111.00

[DECISION] t=276.4s | tracks=2 | weapons=0 available
  track 10 (ASM, d=0.0km, v=0m/s) -> threat=111.00
  track 12 (ASM, d=0.0km, v=0m/s) -> threat=111.00

[DECISION] t=0.0s | tracks=2 | weapons=0 available
  track 10 (ASM, d=0.0km, v=0m/s) -> threat=111.00
  track 12 (ASM, d=0.0km, v=0m/s) -> threat=111.00

[DECISION] t=276.8s | tracks=2 | weapons=0 available
  track 10 (ASM, d=0.0km, v=0m/s) -> threat=111.00
  track 12 (ASM, d=0.0km, v=0m/s) -> threat=111.00

[DECISION] t=277.0s | tracks=2 | weapons=0 available
  track 10 (ASM, d=0.0km, v=0m/s) -> threat=111.00
  track 12 (ASM, d=0.0km, v=0m/s) -> threat=111.00

[DECISION] t=277.3s | tracks=2 | weapons=0 available
  track 10 (ASM, d=0.0km, v=0m/s) -> threat=111.00
  track 12 (ASM, d=0.0km, v=0m/s) -> threat=111.00

[DECISION] t=277.5s | tracks=2 | weapons=0 available
  track 10 (ASM, d=0.0km, v=0m/s) -> threat=111.00
  track 12 (ASM, d=0.0km, v=0m/s) -> threat=111.00

[DECISION] t=277.7s | tracks=2 | weapons=0 available
  track 10 (ASM, d=0.0km, v=0m/s) -> threat=111.00
  track 12 (ASM, d=0.0km, v=0m/s) -> threat=111.00

[DECISION] t=277.8s | tracks=2 | weapons=0 available
  track 10 (ASM, d=0.0km, v=0m/s) -> threat=111.00
  track 12 (ASM, d=0.0km, v=0m/s) -> threat=111.00

[DECISION] t=278.0s | tracks=2 | weapons=0 available
  track 10 (ASM, d=0.0km, v=0m/s) -> threat=111.00
  track 12 (ASM, d=0.0km, v=0m/s) -> threat=111.00

[DECISION] t=278.3s | tracks=2 | weapons=0 available
  track 10 (ASM, d=0.0km, v=0m/s) -> threat=111.00
  track 12 (ASM, d=0.0km, v=0m/s) -> threat=111.00

[DECISION] t=278.6s | tracks=2 | weapons=0 available
  track 10 (ASM, d=0.0km, v=0m/s) -> threat=111.00
  track 12 (ASM, d=0.0km, v=0m/s) -> threat=111.00

[DECISION] t=278.9s | tracks=2 | weapons=0 available
  track 10 (ASM, d=0.0km, v=0m/s) -> threat=111.00
  track 12 (ASM, d=0.0km, v=0m/s) -> threat=111.00

[DECISION] t=279.0s | tracks=2 | weapons=0 available
  track 10 (ASM, d=0.0km, v=0m/s) -> threat=111.00
  track 12 (ASM, d=0.0km, v=0m/s) -> threat=111.00

[DECISION] t=0.0s | tracks=2 | weapons=0 available
  track 10 (ASM, d=0.0km, v=0m/s) -> threat=111.00
  track 12 (ASM, d=0.0km, v=0m/s) -> threat=111.00

[DECISION] t=279.3s | tracks=2 | weapons=0 available
  track 10 (ASM, d=0.0km, v=0m/s) -> threat=111.00
  track 12 (ASM, d=0.0km, v=0m/s) -> threat=111.00

[DECISION] t=279.4s | tracks=2 | weapons=0 available
  track 10 (ASM, d=0.0km, v=0m/s) -> threat=111.00
  track 12 (ASM, d=0.0km, v=0m/s) -> threat=111.00

[DECISION] t=279.6s | tracks=2 | weapons=0 available
  track 10 (ASM, d=0.0km, v=0m/s) -> threat=111.00
  track 12 (ASM, d=0.0km, v=0m/s) -> threat=111.00

[DECISION] t=279.9s | tracks=2 | weapons=0 available
  track 10 (ASM, d=0.0km, v=0m/s) -> threat=111.00
  track 12 (ASM, d=0.0km, v=0m/s) -> threat=111.00

[DECISION] t=280.2s | tracks=2 | weapons=0 available
  track 10 (ASM, d=0.0km, v=0m/s) -> threat=111.00
  track 12 (ASM, d=0.0km, v=0m/s) -> threat=111.00

[DECISION] t=280.4s | tracks=2 | weapons=0 available
  track 10 (ASM, d=0.0km, v=0m/s) -> threat=111.00
  track 12 (ASM, d=0.0km, v=0m/s) -> threat=111.00

[DECISION] t=280.6s | tracks=2 | weapons=0 available
  track 10 (ASM, d=0.0km, v=0m/s) -> threat=111.00
  track 12 (ASM, d=0.0km, v=0m/s) -> threat=111.00

[DECISION] t=280.8s | tracks=2 | weapons=0 available
  track 10 (ASM, d=0.0km, v=0m/s) -> threat=111.00
  track 12 (ASM, d=0.0km, v=0m/s) -> threat=111.00

[DECISION] t=281.0s | tracks=2 | weapons=0 available
  track 10 (ASM, d=0.0km, v=0m/s) -> threat=111.00
  track 12 (ASM, d=0.0km, v=0m/s) -> threat=111.00

[DECISION] t=281.2s | tracks=2 | weapons=0 available
  track 10 (ASM, d=0.0km, v=0m/s) -> threat=111.00
  track 12 (ASM, d=0.0km, v=0m/s) -> threat=111.00

[DECISION] t=281.4s | tracks=2 | weapons=0 available
  track 10 (ASM, d=0.0km, v=0m/s) -> threat=111.00
  track 12 (ASM, d=0.0km, v=0m/s) -> threat=111.00

[DECISION] t=281.5s | tracks=2 | weapons=0 available
  track 10 (ASM, d=0.0km, v=0m/s) -> threat=111.00
  track 12 (ASM, d=0.0km, v=0m/s) -> threat=111.00

[DECISION] t=281.7s | tracks=2 | weapons=0 available
  track 10 (ASM, d=0.0km, v=0m/s) -> threat=111.00
  track 12 (ASM, d=0.0km, v=0m/s) -> threat=111.00

[DECISION] t=281.8s | tracks=2 | weapons=0 available
  track 10 (ASM, d=0.0km, v=0m/s) -> threat=111.00
  track 12 (ASM, d=0.0km, v=0m/s) -> threat=111.00

[DECISION] t=0.0s | tracks=2 | weapons=0 available
  track 10 (ASM, d=0.0km, v=0m/s) -> threat=111.00
  track 12 (ASM, d=0.0km, v=0m/s) -> threat=111.00

[DECISION] t=282.1s | tracks=2 | weapons=0 available
  track 10 (ASM, d=0.0km, v=0m/s) -> threat=111.00
  track 12 (ASM, d=0.0km, v=0m/s) -> threat=111.00

[DECISION] t=282.3s | tracks=2 | weapons=0 available
  track 10 (ASM, d=0.0km, v=0m/s) -> threat=111.00
  track 12 (ASM, d=0.0km, v=0m/s) -> threat=111.00

[DECISION] t=282.5s | tracks=2 | weapons=0 available
  track 10 (ASM, d=0.0km, v=0m/s) -> threat=111.00
  track 12 (ASM, d=0.0km, v=0m/s) -> threat=111.00

[DECISION] t=282.8s | tracks=2 | weapons=0 available
  track 10 (ASM, d=0.0km, v=0m/s) -> threat=111.00
  track 12 (ASM, d=0.0km, v=0m/s) -> threat=111.00

[DECISION] t=283.1s | tracks=2 | weapons=0 available
  track 10 (ASM, d=0.0km, v=0m/s) -> threat=111.00
  track 12 (ASM, d=0.0km, v=0m/s) -> threat=111.00

[DECISION] t=283.2s | tracks=2 | weapons=0 available
  track 10 (ASM, d=0.0km, v=0m/s) -> threat=111.00
  track 12 (ASM, d=0.0km, v=0m/s) -> threat=111.00

[DECISION] t=283.4s | tracks=2 | weapons=0 available
  track 10 (ASM, d=0.0km, v=0m/s) -> threat=111.00
  track 12 (ASM, d=0.0km, v=0m/s) -> threat=111.00

[DECISION] t=283.5s | tracks=2 | weapons=0 available
  track 10 (ASM, d=0.0km, v=0m/s) -> threat=111.00
  track 12 (ASM, d=0.0km, v=0m/s) -> threat=111.00

[DECISION] t=283.8s | tracks=2 | weapons=0 available
  track 10 (ASM, d=0.0km, v=0m/s) -> threat=111.00
  track 12 (ASM, d=0.0km, v=0m/s) -> threat=111.00

[DECISION] t=283.9s | tracks=2 | weapons=0 available
  track 10 (ASM, d=0.0km, v=0m/s) -> threat=111.00
  track 12 (ASM, d=0.0km, v=0m/s) -> threat=111.00

[DECISION] t=284.2s | tracks=2 | weapons=0 available
  track 10 (ASM, d=0.0km, v=0m/s) -> threat=111.00
  track 12 (ASM, d=0.0km, v=0m/s) -> threat=111.00

[DECISION] t=284.2s | tracks=2 | weapons=0 available
  track 10 (ASM, d=0.0km, v=0m/s) -> threat=111.00
  track 12 (ASM, d=0.0km, v=0m/s) -> threat=111.00

[DECISION] t=0.0s | tracks=2 | weapons=0 available
  track 10 (ASM, d=0.0km, v=0m/s) -> threat=111.00
  track 12 (ASM, d=0.0km, v=0m/s) -> threat=111.00

[DECISION] t=284.6s | tracks=2 | weapons=0 available
  track 10 (ASM, d=0.0km, v=0m/s) -> threat=111.00
  track 12 (ASM, d=0.0km, v=0m/s) -> threat=111.00

[DECISION] t=285.1s | tracks=2 | weapons=0 available
  track 10 (ASM, d=0.0km, v=0m/s) -> threat=111.00
  track 12 (ASM, d=0.0km, v=0m/s) -> threat=111.00

[DECISION] t=285.2s | tracks=2 | weapons=0 available
  track 10 (ASM, d=0.0km, v=0m/s) -> threat=111.00
  track 12 (ASM, d=0.0km, v=0m/s) -> threat=111.00

[DECISION] t=285.5s | tracks=2 | weapons=0 available
  track 10 (ASM, d=0.0km, v=0m/s) -> threat=111.00
  track 12 (ASM, d=0.0km, v=0m/s) -> threat=111.00

[DECISION] t=285.5s | tracks=2 | weapons=0 available
  track 10 (ASM, d=0.0km, v=0m/s) -> threat=111.00
  track 12 (ASM, d=0.0km, v=0m/s) -> threat=111.00

[DECISION] t=285.6s | tracks=2 | weapons=0 available
  track 10 (ASM, d=0.0km, v=0m/s) -> threat=111.00
  track 12 (ASM, d=0.0km, v=0m/s) -> threat=111.00

[DECISION] t=285.7s | tracks=2 | weapons=0 available
  track 10 (ASM, d=0.0km, v=0m/s) -> threat=111.00
  track 12 (ASM, d=0.0km, v=0m/s) -> threat=111.00

[DECISION] t=285.9s | tracks=2 | weapons=0 available
  track 10 (ASM, d=0.0km, v=0m/s) -> threat=111.00
  track 12 (ASM, d=0.0km, v=0m/s) -> threat=111.00

[DECISION] t=286.0s | tracks=2 | weapons=0 available
  track 10 (ASM, d=0.0km, v=0m/s) -> threat=111.00
  track 12 (ASM, d=0.0km, v=0m/s) -> threat=111.00

[DECISION] t=286.2s | tracks=2 | weapons=0 available
  track 10 (ASM, d=0.0km, v=0m/s) -> threat=111.00
  track 12 (ASM, d=0.0km, v=0m/s) -> threat=111.00

[DECISION] t=286.4s | tracks=2 | weapons=0 available
  track 10 (ASM, d=0.0km, v=0m/s) -> threat=111.00
  track 12 (ASM, d=0.0km, v=0m/s) -> threat=111.00

[DECISION] t=286.6s | tracks=2 | weapons=0 available
  track 10 (ASM, d=0.0km, v=0m/s) -> threat=111.00
  track 12 (ASM, d=0.0km, v=0m/s) -> threat=111.00

[DECISION] t=286.7s | tracks=2 | weapons=0 available
  track 10 (ASM, d=0.0km, v=0m/s) -> threat=111.00
  track 12 (ASM, d=0.0km, v=0m/s) -> threat=111.00

[DECISION] t=286.9s | tracks=2 | weapons=0 available
  track 10 (ASM, d=0.0km, v=0m/s) -> threat=111.00
  track 12 (ASM, d=0.0km, v=0m/s) -> threat=111.00

[DECISION] t=287.1s | tracks=2 | weapons=0 available
  track 10 (ASM, d=0.0km, v=0m/s) -> threat=111.00
  track 12 (ASM, d=0.0km, v=0m/s) -> threat=111.00

[DECISION] t=287.2s | tracks=2 | weapons=0 available
  track 10 (ASM, d=0.0km, v=0m/s) -> threat=111.00
  track 12 (ASM, d=0.0km, v=0m/s) -> threat=111.00

[DECISION] t=287.5s | tracks=2 | weapons=0 available
  track 10 (ASM, d=0.0km, v=0m/s) -> threat=111.00
  track 12 (ASM, d=0.0km, v=0m/s) -> threat=111.00

[DECISION] t=287.5s | tracks=2 | weapons=0 available
  track 10 (ASM, d=0.0km, v=0m/s) -> threat=111.00
  track 12 (ASM, d=0.0km, v=0m/s) -> threat=111.00

[DECISION] t=287.7s | tracks=2 | weapons=0 available
  track 10 (ASM, d=0.0km, v=0m/s) -> threat=111.00
  track 12 (ASM, d=0.0km, v=0m/s) -> threat=111.00

[DECISION] t=288.0s | tracks=2 | weapons=0 available
  track 10 (ASM, d=0.0km, v=0m/s) -> threat=111.00
  track 12 (ASM, d=0.0km, v=0m/s) -> threat=111.00

[DECISION] t=288.0s | tracks=2 | weapons=0 available
  track 10 (ASM, d=0.0km, v=0m/s) -> threat=111.00
  track 12 (ASM, d=0.0km, v=0m/s) -> threat=111.00

[DECISION] t=288.1s | tracks=2 | weapons=0 available
  track 10 (ASM, d=0.0km, v=0m/s) -> threat=111.00
  track 12 (ASM, d=0.0km, v=0m/s) -> threat=111.00

[DECISION] t=288.3s | tracks=2 | weapons=0 available
  track 10 (ASM, d=0.0km, v=0m/s) -> threat=111.00
  track 12 (ASM, d=0.0km, v=0m/s) -> threat=111.00

[DECISION] t=288.4s | tracks=2 | weapons=0 available
  track 10 (ASM, d=0.0km, v=0m/s) -> threat=111.00
  track 12 (ASM, d=0.0km, v=0m/s) -> threat=111.00

[DECISION] t=288.6s | tracks=2 | weapons=0 available
  track 10 (ASM, d=0.0km, v=0m/s) -> threat=111.00
  track 12 (ASM, d=0.0km, v=0m/s) -> threat=111.00

[DECISION] t=288.8s | tracks=2 | weapons=0 available
  track 10 (ASM, d=0.0km, v=0m/s) -> threat=111.00
  track 12 (ASM, d=0.0km, v=0m/s) -> threat=111.00

[DECISION] t=289.0s | tracks=2 | weapons=0 available
  track 10 (ASM, d=0.0km, v=0m/s) -> threat=111.00
  track 12 (ASM, d=0.0km, v=0m/s) -> threat=111.00

[DECISION] t=289.3s | tracks=2 | weapons=0 available
  track 10 (ASM, d=0.0km, v=0m/s) -> threat=111.00
  track 12 (ASM, d=0.0km, v=0m/s) -> threat=111.00

[DECISION] t=0.0s | tracks=2 | weapons=0 available
  track 10 (ASM, d=0.0km, v=0m/s) -> threat=111.00
  track 12 (ASM, d=0.0km, v=0m/s) -> threat=111.00

[DECISION] t=289.8s | tracks=2 | weapons=0 available
  track 10 (ASM, d=0.0km, v=0m/s) -> threat=111.00
  track 12 (ASM, d=0.0km, v=0m/s) -> threat=111.00

[DECISION] t=290.0s | tracks=2 | weapons=0 available
  track 10 (ASM, d=0.0km, v=0m/s) -> threat=111.00
  track 12 (ASM, d=0.0km, v=0m/s) -> threat=111.00

[DECISION] t=290.2s | tracks=2 | weapons=0 available
  track 10 (ASM, d=0.0km, v=0m/s) -> threat=111.00
  track 12 (ASM, d=0.0km, v=0m/s) -> threat=111.00

[DECISION] t=290.3s | tracks=2 | weapons=0 available
  track 10 (ASM, d=0.0km, v=0m/s) -> threat=111.00
  track 12 (ASM, d=0.0km, v=0m/s) -> threat=111.00

[DECISION] t=290.7s | tracks=2 | weapons=0 available
  track 10 (ASM, d=0.0km, v=0m/s) -> threat=111.00
  track 12 (ASM, d=0.0km, v=0m/s) -> threat=111.00

[DECISION] t=291.0s | tracks=2 | weapons=0 available
  track 10 (ASM, d=0.0km, v=0m/s) -> threat=111.00
  track 12 (ASM, d=0.0km, v=0m/s) -> threat=111.00

[DECISION] t=291.2s | tracks=2 | weapons=0 available
  track 10 (ASM, d=0.0km, v=0m/s) -> threat=111.00
  track 12 (ASM, d=0.0km, v=0m/s) -> threat=111.00

[DECISION] t=291.4s | tracks=2 | weapons=0 available
  track 10 (ASM, d=0.0km, v=0m/s) -> threat=111.00
  track 12 (ASM, d=0.0km, v=0m/s) -> threat=111.00

[DECISION] t=291.5s | tracks=2 | weapons=0 available
  track 10 (ASM, d=0.0km, v=0m/s) -> threat=111.00
  track 12 (ASM, d=0.0km, v=0m/s) -> threat=111.00

[DECISION] t=291.8s | tracks=2 | weapons=0 available
  track 10 (ASM, d=0.0km, v=0m/s) -> threat=111.00
  track 12 (ASM, d=0.0km, v=0m/s) -> threat=111.00

[DECISION] t=292.1s | tracks=2 | weapons=0 available
  track 10 (ASM, d=0.0km, v=0m/s) -> threat=111.00
  track 12 (ASM, d=0.0km, v=0m/s) -> threat=111.00

[DECISION] t=292.3s | tracks=2 | weapons=0 available
  track 10 (ASM, d=0.0km, v=0m/s) -> threat=111.00
  track 12 (ASM, d=0.0km, v=0m/s) -> threat=111.00

[DECISION] t=292.4s | tracks=2 | weapons=0 available
  track 10 (ASM, d=0.0km, v=0m/s) -> threat=111.00
  track 12 (ASM, d=0.0km, v=0m/s) -> threat=111.00

[DECISION] t=292.7s | tracks=2 | weapons=0 available
  track 10 (ASM, d=0.0km, v=0m/s) -> threat=111.00
  track 12 (ASM, d=0.0km, v=0m/s) -> threat=111.00

[DECISION] t=292.8s | tracks=2 | weapons=0 available
  track 10 (ASM, d=0.0km, v=0m/s) -> threat=111.00
  track 12 (ASM, d=0.0km, v=0m/s) -> threat=111.00

[DECISION] t=292.9s | tracks=2 | weapons=0 available
  track 10 (ASM, d=0.0km, v=0m/s) -> threat=111.00
  track 12 (ASM, d=0.0km, v=0m/s) -> threat=111.00

[DECISION] t=293.0s | tracks=2 | weapons=0 available
  track 10 (ASM, d=0.0km, v=0m/s) -> threat=111.00
  track 12 (ASM, d=0.0km, v=0m/s) -> threat=111.00

[DECISION] t=293.2s | tracks=2 | weapons=0 available
  track 10 (ASM, d=0.0km, v=0m/s) -> threat=111.00
  track 12 (ASM, d=0.0km, v=0m/s) -> threat=111.00

[DECISION] t=293.3s | tracks=2 | weapons=0 available
  track 10 (ASM, d=0.0km, v=0m/s) -> threat=111.00
  track 12 (ASM, d=0.0km, v=0m/s) -> threat=111.00

[DECISION] t=293.5s | tracks=2 | weapons=0 available
  track 10 (ASM, d=0.0km, v=0m/s) -> threat=111.00
  track 12 (ASM, d=0.0km, v=0m/s) -> threat=111.00

[DECISION] t=293.7s | tracks=2 | weapons=0 available
  track 10 (ASM, d=0.0km, v=0m/s) -> threat=111.00
  track 12 (ASM, d=0.0km, v=0m/s) -> threat=111.00

[DECISION] t=293.9s | tracks=2 | weapons=0 available
  track 10 (ASM, d=0.0km, v=0m/s) -> threat=111.00
  track 12 (ASM, d=0.0km, v=0m/s) -> threat=111.00

[DECISION] t=294.0s | tracks=2 | weapons=0 available
  track 10 (ASM, d=0.0km, v=0m/s) -> threat=111.00
  track 12 (ASM, d=0.0km, v=0m/s) -> threat=111.00

[DECISION] t=294.3s | tracks=2 | weapons=0 available
  track 10 (ASM, d=0.0km, v=0m/s) -> threat=111.00
  track 12 (ASM, d=0.0km, v=0m/s) -> threat=111.00

[DECISION] t=294.4s | tracks=2 | weapons=0 available
  track 10 (ASM, d=0.0km, v=0m/s) -> threat=111.00
  track 12 (ASM, d=0.0km, v=0m/s) -> threat=111.00

[DECISION] t=294.7s | tracks=2 | weapons=0 available
  track 10 (ASM, d=0.0km, v=0m/s) -> threat=111.00
  track 12 (ASM, d=0.0km, v=0m/s) -> threat=111.00

[DECISION] t=294.8s | tracks=2 | weapons=0 available
  track 10 (ASM, d=0.0km, v=0m/s) -> threat=111.00
  track 12 (ASM, d=0.0km, v=0m/s) -> threat=111.00

[DECISION] t=294.9s | tracks=2 | weapons=0 available
  track 10 (ASM, d=0.0km, v=0m/s) -> threat=111.00
  track 12 (ASM, d=0.0km, v=0m/s) -> threat=111.00

[DECISION] t=295.0s | tracks=2 | weapons=0 available
  track 10 (ASM, d=0.0km, v=0m/s) -> threat=111.00
  track 12 (ASM, d=0.0km, v=0m/s) -> threat=111.00

[DECISION] t=295.1s | tracks=2 | weapons=0 available
  track 10 (ASM, d=0.0km, v=0m/s) -> threat=111.00
  track 12 (ASM, d=0.0km, v=0m/s) -> threat=111.00

[DECISION] t=295.4s | tracks=2 | weapons=0 available
  track 10 (ASM, d=0.0km, v=0m/s) -> threat=111.00
  track 12 (ASM, d=0.0km, v=0m/s) -> threat=111.00

[DECISION] t=295.5s | tracks=2 | weapons=0 available
  track 10 (ASM, d=0.0km, v=0m/s) -> threat=111.00
  track 12 (ASM, d=0.0km, v=0m/s) -> threat=111.00

[DECISION] t=295.6s | tracks=2 | weapons=0 available
  track 10 (ASM, d=0.0km, v=0m/s) -> threat=111.00
  track 12 (ASM, d=0.0km, v=0m/s) -> threat=111.00

[DECISION] t=295.8s | tracks=2 | weapons=0 available
  track 10 (ASM, d=0.0km, v=0m/s) -> threat=111.00
  track 12 (ASM, d=0.0km, v=0m/s) -> threat=111.00

[DECISION] t=296.0s | tracks=2 | weapons=0 available
  track 10 (ASM, d=0.0km, v=0m/s) -> threat=111.00
  track 12 (ASM, d=0.0km, v=0m/s) -> threat=111.00

[DECISION] t=296.2s | tracks=2 | weapons=0 available
  track 10 (ASM, d=0.0km, v=0m/s) -> threat=111.00
  track 12 (ASM, d=0.0km, v=0m/s) -> threat=111.00

[DECISION] t=296.4s | tracks=2 | weapons=0 available
  track 10 (ASM, d=0.0km, v=0m/s) -> threat=111.00
  track 12 (ASM, d=0.0km, v=0m/s) -> threat=111.00

[DECISION] t=296.5s | tracks=2 | weapons=0 available
  track 10 (ASM, d=0.0km, v=0m/s) -> threat=111.00
  track 12 (ASM, d=0.0km, v=0m/s) -> threat=111.00

[DECISION] t=296.8s | tracks=2 | weapons=0 available
  track 10 (ASM, d=0.0km, v=0m/s) -> threat=111.00
  track 12 (ASM, d=0.0km, v=0m/s) -> threat=111.00

[DECISION] t=296.9s | tracks=2 | weapons=0 available
  track 10 (ASM, d=0.0km, v=0m/s) -> threat=111.00
  track 12 (ASM, d=0.0km, v=0m/s) -> threat=111.00

[DECISION] t=297.1s | tracks=2 | weapons=0 available
  track 10 (ASM, d=0.0km, v=0m/s) -> threat=111.00
  track 12 (ASM, d=0.0km, v=0m/s) -> threat=111.00

[DECISION] t=297.3s | tracks=2 | weapons=0 available
  track 10 (ASM, d=0.0km, v=0m/s) -> threat=111.00
  track 12 (ASM, d=0.0km, v=0m/s) -> threat=111.00

[DECISION] t=297.4s | tracks=2 | weapons=0 available
  track 10 (ASM, d=0.0km, v=0m/s) -> threat=111.00
  track 12 (ASM, d=0.0km, v=0m/s) -> threat=111.00

[DECISION] t=297.6s | tracks=2 | weapons=0 available
  track 10 (ASM, d=0.0km, v=0m/s) -> threat=111.00
  track 12 (ASM, d=0.0km, v=0m/s) -> threat=111.00

[DECISION] t=297.8s | tracks=2 | weapons=0 available
  track 10 (ASM, d=0.0km, v=0m/s) -> threat=111.00
  track 12 (ASM, d=0.0km, v=0m/s) -> threat=111.00

[DECISION] t=298.0s | tracks=2 | weapons=0 available
  track 10 (ASM, d=0.0km, v=0m/s) -> threat=111.00
  track 12 (ASM, d=0.0km, v=0m/s) -> threat=111.00

[DECISION] t=298.1s | tracks=2 | weapons=0 available
  track 10 (ASM, d=0.0km, v=0m/s) -> threat=111.00
  track 12 (ASM, d=0.0km, v=0m/s) -> threat=111.00

[DECISION] t=298.3s | tracks=2 | weapons=0 available
  track 10 (ASM, d=0.0km, v=0m/s) -> threat=111.00
  track 12 (ASM, d=0.0km, v=0m/s) -> threat=111.00

[DECISION] t=298.6s | tracks=2 | weapons=0 available
  track 10 (ASM, d=0.0km, v=0m/s) -> threat=111.00
  track 12 (ASM, d=0.0km, v=0m/s) -> threat=111.00

[DECISION] t=298.7s | tracks=2 | weapons=0 available
  track 10 (ASM, d=0.0km, v=0m/s) -> threat=111.00
  track 12 (ASM, d=0.0km, v=0m/s) -> threat=111.00

[DECISION] t=298.9s | tracks=2 | weapons=0 available
  track 10 (ASM, d=0.0km, v=0m/s) -> threat=111.00
  track 12 (ASM, d=0.0km, v=0m/s) -> threat=111.00

[DECISION] t=299.1s | tracks=2 | weapons=0 available
  track 10 (ASM, d=0.0km, v=0m/s) -> threat=111.00
  track 12 (ASM, d=0.0km, v=0m/s) -> threat=111.00

[DECISION] t=299.3s | tracks=2 | weapons=0 available
  track 10 (ASM, d=0.0km, v=0m/s) -> threat=111.00
  track 12 (ASM, d=0.0km, v=0m/s) -> threat=111.00

[DECISION] t=0.0s | tracks=2 | weapons=0 available
  track 10 (ASM, d=0.0km, v=0m/s) -> threat=111.00
  track 12 (ASM, d=0.0km, v=0m/s) -> threat=111.00

[DECISION] t=299.8s | tracks=2 | weapons=0 available
  track 10 (ASM, d=0.0km, v=0m/s) -> threat=111.00
  track 12 (ASM, d=0.0km, v=0m/s) -> threat=111.00

[DECISION] t=300.0s | tracks=2 | weapons=0 available
  track 10 (ASM, d=0.0km, v=0m/s) -> threat=111.00
  track 12 (ASM, d=0.0km, v=0m/s) -> threat=111.00

[DECISION] t=300.0s | tracks=2 | weapons=0 available
  track 10 (ASM, d=0.0km, v=0m/s) -> threat=111.00
  track 12 (ASM, d=0.0km, v=0m/s) -> threat=111.00

[DECISION] t=300.0s | tracks=2 | weapons=0 available
  track 10 (ASM, d=0.0km, v=0m/s) -> threat=111.00
  track 12 (ASM, d=0.0km, v=0m/s) -> threat=111.00

[DECISION] t=300.0s | tracks=2 | weapons=0 available
  track 10 (ASM, d=0.0km, v=0m/s) -> threat=111.00
  track 12 (ASM, d=0.0km, v=0m/s) -> threat=111.00

[DECISION] t=300.0s | tracks=2 | weapons=0 available
  track 10 (ASM, d=0.0km, v=0m/s) -> threat=111.00
  track 12 (ASM, d=0.0km, v=0m/s) -> threat=111.00

[DECISION] t=300.0s | tracks=2 | weapons=0 available
  track 10 (ASM, d=0.0km, v=0m/s) -> threat=111.00
  track 12 (ASM, d=0.0km, v=0m/s) -> threat=111.00

[DECISION] t=300.0s | tracks=2 | weapons=0 available
  track 10 (ASM, d=0.0km, v=0m/s) -> threat=111.00
  track 12 (ASM, d=0.0km, v=0m/s) -> threat=111.00

[DECISION] t=300.0s | tracks=2 | weapons=0 available
  track 10 (ASM, d=0.0km, v=0m/s) -> threat=111.00
  track 12 (ASM, d=0.0km, v=0m/s) -> threat=111.00

[DECISION] t=300.0s | tracks=2 | weapons=0 available
  track 10 (ASM, d=0.0km, v=0m/s) -> threat=111.00
  track 12 (ASM, d=0.0km, v=0m/s) -> threat=111.00

[DECISION] t=300.0s | tracks=2 | weapons=0 available
  track 10 (ASM, d=0.0km, v=0m/s) -> threat=111.00
  track 12 (ASM, d=0.0km, v=0m/s) -> threat=111.00

[DECISION] t=300.0s | tracks=2 | weapons=0 available
  track 10 (ASM, d=0.0km, v=0m/s) -> threat=111.00
  track 12 (ASM, d=0.0km, v=0m/s) -> threat=111.00

[DECISION] t=300.0s | tracks=2 | weapons=0 available
  track 10 (ASM, d=0.0km, v=0m/s) -> threat=111.00
  track 12 (ASM, d=0.0km, v=0m/s) -> threat=111.00

[DECISION] t=300.0s | tracks=2 | weapons=0 available
  track 10 (ASM, d=0.0km, v=0m/s) -> threat=111.00
  track 12 (ASM, d=0.0km, v=0m/s) -> threat=111.00

[DECISION] t=300.0s | tracks=2 | weapons=0 available
  track 10 (ASM, d=0.0km, v=0m/s) -> threat=111.00
  track 12 (ASM, d=0.0km, v=0m/s) -> threat=111.00

[DECISION] t=300.0s | tracks=2 | weapons=0 available
  track 10 (ASM, d=0.0km, v=0m/s) -> threat=111.00
  track 12 (ASM, d=0.0km, v=0m/s) -> threat=111.00

[DECISION] t=300.0s | tracks=2 | weapons=0 available
  track 10 (ASM, d=0.0km, v=0m/s) -> threat=111.00
  track 12 (ASM, d=0.0km, v=0m/s) -> threat=111.00

[DECISION] t=300.0s | tracks=2 | weapons=0 available
  track 10 (ASM, d=0.0km, v=0m/s) -> threat=111.00
  track 12 (ASM, d=0.0km, v=0m/s) -> threat=111.00

[DECISION] t=300.0s | tracks=2 | weapons=0 available
  track 10 (ASM, d=0.0km, v=0m/s) -> threat=111.00
  track 12 (ASM, d=0.0km, v=0m/s) -> threat=111.00

[DECISION] t=300.0s | tracks=2 | weapons=0 available
  track 10 (ASM, d=0.0km, v=0m/s) -> threat=111.00
  track 12 (ASM, d=0.0km, v=0m/s) -> threat=111.00
  [MISSED] 00:00:34.0 WEAPON_MISSED radar1 asm2 radar1_aim120_sim_3_1 Engagement: 1 Start_Time: 00:00:29.5   Intercept_Pk: 0 Pk_Deg

[DECISION] t=300.0s | tracks=2 | weapons=0 available
  track 10 (ASM, d=0.0km, v=0m/s) -> threat=111.00
  track 12 (ASM, d=0.0km, v=0m/s) -> threat=111.00

[DECISION] t=300.0s | tracks=2 | weapons=0 available
  track 10 (ASM, d=0.0km, v=0m/s) -> threat=111.00
  track 12 (ASM, d=0.0km, v=0m/s) -> threat=111.00

[DECISION] t=300.0s | tracks=2 | weapons=0 available
  track 10 (ASM, d=0.0km, v=0m/s) -> threat=111.00
  track 12 (ASM, d=0.0km, v=0m/s) -> threat=111.00

[DECISION] t=300.0s | tracks=2 | weapons=0 available
  track 10 (ASM, d=0.0km, v=0m/s) -> threat=111.00
  track 12 (ASM, d=0.0km, v=0m/s) -> threat=111.00

[DECISION] t=300.0s | tracks=2 | weapons=0 available
  track 10 (ASM, d=0.0km, v=0m/s) -> threat=111.00
  track 12 (ASM, d=0.0km, v=0m/s) -> threat=111.00

[DECISION] t=300.0s | tracks=2 | weapons=0 available
  track 10 (ASM, d=0.0km, v=0m/s) -> threat=111.00
  track 12 (ASM, d=0.0km, v=0m/s) -> threat=111.00

[DECISION] t=300.0s | tracks=2 | weapons=0 available
  track 10 (ASM, d=0.0km, v=0m/s) -> threat=111.00
  track 12 (ASM, d=0.0km, v=0m/s) -> threat=111.00

[DECISION] t=300.0s | tracks=2 | weapons=0 available
  track 10 (ASM, d=0.0km, v=0m/s) -> threat=111.00
  track 12 (ASM, d=0.0km, v=0m/s) -> threat=111.00

[DECISION] t=300.0s | tracks=2 | weapons=0 available
  track 10 (ASM, d=0.0km, v=0m/s) -> threat=111.00
  track 12 (ASM, d=0.0km, v=0m/s) -> threat=111.00

[DECISION] t=300.0s | tracks=2 | weapons=0 available
  track 10 (ASM, d=0.0km, v=0m/s) -> threat=111.00
  track 12 (ASM, d=0.0km, v=0m/s) -> threat=111.00

[DECISION] t=300.0s | tracks=2 | weapons=0 available
  track 10 (ASM, d=0.0km, v=0m/s) -> threat=111.00
  track 12 (ASM, d=0.0km, v=0m/s) -> threat=111.00

[DECISION] t=300.0s | tracks=2 | weapons=0 available
  track 10 (ASM, d=0.0km, v=0m/s) -> threat=111.00
  track 12 (ASM, d=0.0km, v=0m/s) -> threat=111.00

[DECISION] t=300.0s | tracks=2 | weapons=0 available
  track 10 (ASM, d=0.0km, v=0m/s) -> threat=111.00
  track 12 (ASM, d=0.0km, v=0m/s) -> threat=111.00

[DECISION] t=300.0s | tracks=2 | weapons=0 available
  track 10 (ASM, d=0.0km, v=0m/s) -> threat=111.00
  track 12 (ASM, d=0.0km, v=0m/s) -> threat=111.00

[DECISION] t=300.0s | tracks=2 | weapons=0 available
  track 10 (ASM, d=0.0km, v=0m/s) -> threat=111.00
  track 12 (ASM, d=0.0km, v=0m/s) -> threat=111.00

[DECISION] t=300.0s | tracks=2 | weapons=0 available
  track 10 (ASM, d=0.0km, v=0m/s) -> threat=111.00
  track 12 (ASM, d=0.0km, v=0m/s) -> threat=111.00

[DECISION] t=300.0s | tracks=2 | weapons=0 available
  track 10 (ASM, d=0.0km, v=0m/s) -> threat=111.00
  track 12 (ASM, d=0.0km, v=0m/s) -> threat=111.00

[DECISION] t=300.0s | tracks=2 | weapons=0 available
  track 10 (ASM, d=0.0km, v=0m/s) -> threat=111.00
  track 12 (ASM, d=0.0km, v=0m/s) -> threat=111.00

[DECISION] t=300.0s | tracks=2 | weapons=0 available
  track 10 (ASM, d=0.0km, v=0m/s) -> threat=111.00
  track 12 (ASM, d=0.0km, v=0m/s) -> threat=111.00

[DECISION] t=300.0s | tracks=2 | weapons=0 available
  track 10 (ASM, d=0.0km, v=0m/s) -> threat=111.00
  track 12 (ASM, d=0.0km, v=0m/s) -> threat=111.00

[DECISION] t=300.0s | tracks=2 | weapons=0 available
  track 10 (ASM, d=0.0km, v=0m/s) -> threat=111.00
  track 12 (ASM, d=0.0km, v=0m/s) -> threat=111.00

[DECISION] t=300.0s | tracks=2 | weapons=0 available
  track 10 (ASM, d=0.0km, v=0m/s) -> threat=111.00
  track 12 (ASM, d=0.0km, v=0m/s) -> threat=111.00

[DECISION] t=300.0s | tracks=2 | weapons=0 available
  track 10 (ASM, d=0.0km, v=0m/s) -> threat=111.00
  track 12 (ASM, d=0.0km, v=0m/s) -> threat=111.00

[DECISION] t=300.0s | tracks=2 | weapons=0 available
  track 10 (ASM, d=0.0km, v=0m/s) -> threat=111.00
  track 12 (ASM, d=0.0km, v=0m/s) -> threat=111.00

[DECISION] t=300.0s | tracks=2 | weapons=0 available
  track 10 (ASM, d=0.0km, v=0m/s) -> threat=111.00
  track 12 (ASM, d=0.0km, v=0m/s) -> threat=111.00

[DECISION] t=300.0s | tracks=2 | weapons=0 available
  track 10 (ASM, d=0.0km, v=0m/s) -> threat=111.00
  track 12 (ASM, d=0.0km, v=0m/s) -> threat=111.00

[DECISION] t=300.0s | tracks=2 | weapons=0 available
  track 10 (ASM, d=0.0km, v=0m/s) -> threat=111.00
  track 12 (ASM, d=0.0km, v=0m/s) -> threat=111.00

[DECISION] t=300.0s | tracks=2 | weapons=0 available
  track 10 (ASM, d=0.0km, v=0m/s) -> threat=111.00
  track 12 (ASM, d=0.0km, v=0m/s) -> threat=111.00

[DECISION] t=300.0s | tracks=2 | weapons=0 available
  track 10 (ASM, d=0.0km, v=0m/s) -> threat=111.00
  track 12 (ASM, d=0.0km, v=0m/s) -> threat=111.00

[DECISION] t=300.0s | tracks=2 | weapons=0 available
  track 10 (ASM, d=0.0km, v=0m/s) -> threat=111.00
  track 12 (ASM, d=0.0km, v=0m/s) -> threat=111.00

[DECISION] t=300.0s | tracks=2 | weapons=0 available
  track 10 (ASM, d=0.0km, v=0m/s) -> threat=111.00
  track 12 (ASM, d=0.0km, v=0m/s) -> threat=111.00

[DECISION] t=300.0s | tracks=2 | weapons=0 available
  track 10 (ASM, d=0.0km, v=0m/s) -> threat=111.00
  track 12 (ASM, d=0.0km, v=0m/s) -> threat=111.00

[DECISION] t=300.0s | tracks=2 | weapons=0 available
  track 10 (ASM, d=0.0km, v=0m/s) -> threat=111.00
  track 12 (ASM, d=0.0km, v=0m/s) -> threat=111.00

[DECISION] t=300.0s | tracks=2 | weapons=0 available
  track 10 (ASM, d=0.0km, v=0m/s) -> threat=111.00
  track 12 (ASM, d=0.0km, v=0m/s) -> threat=111.00

[DECISION] t=300.0s | tracks=2 | weapons=0 available
  track 10 (ASM, d=0.0km, v=0m/s) -> threat=111.00
  track 12 (ASM, d=0.0km, v=0m/s) -> threat=111.00

[DECISION] t=300.0s | tracks=2 | weapons=0 available
  track 10 (ASM, d=0.0km, v=0m/s) -> threat=111.00
  track 12 (ASM, d=0.0km, v=0m/s) -> threat=111.00

[DECISION] t=300.0s | tracks=2 | weapons=0 available
  track 10 (ASM, d=0.0km, v=0m/s) -> threat=111.00
  track 12 (ASM, d=0.0km, v=0m/s) -> threat=111.00

[DECISION] t=300.0s | tracks=2 | weapons=0 available
  track 10 (ASM, d=0.0km, v=0m/s) -> threat=111.00
  track 12 (ASM, d=0.0km, v=0m/s) -> threat=111.00

[DECISION] t=300.0s | tracks=2 | weapons=0 available
  track 10 (ASM, d=0.0km, v=0m/s) -> threat=111.00
  track 12 (ASM, d=0.0km, v=0m/s) -> threat=111.00

[DECISION] t=300.0s | tracks=2 | weapons=0 available
  track 10 (ASM, d=0.0km, v=0m/s) -> threat=111.00
  track 12 (ASM, d=0.0km, v=0m/s) -> threat=111.00

[DECISION] t=300.0s | tracks=2 | weapons=0 available
  track 10 (ASM, d=0.0km, v=0m/s) -> threat=111.00
  track 12 (ASM, d=0.0km, v=0m/s) -> threat=111.00

[DECISION] t=300.0s | tracks=2 | weapons=0 available
  track 10 (ASM, d=0.0km, v=0m/s) -> threat=111.00
  track 12 (ASM, d=0.0km, v=0m/s) -> threat=111.00

[DECISION] t=300.0s | tracks=2 | weapons=0 available
  track 10 (ASM, d=0.0km, v=0m/s) -> threat=111.00
  track 12 (ASM, d=0.0km, v=0m/s) -> threat=111.00

[DECISION] t=300.0s | tracks=2 | weapons=0 available
  track 10 (ASM, d=0.0km, v=0m/s) -> threat=111.00
  track 12 (ASM, d=0.0km, v=0m/s) -> threat=111.00

[DECISION] t=300.0s | tracks=2 | weapons=0 available
  track 10 (ASM, d=0.0km, v=0m/s) -> threat=111.00
  track 12 (ASM, d=0.0km, v=0m/s) -> threat=111.00

[DECISION] t=300.0s | tracks=2 | weapons=0 available
  track 10 (ASM, d=0.0km, v=0m/s) -> threat=111.00
  track 12 (ASM, d=0.0km, v=0m/s) -> threat=111.00

[DECISION] t=300.0s | tracks=2 | weapons=0 available
  track 10 (ASM, d=0.0km, v=0m/s) -> threat=111.00
  track 12 (ASM, d=0.0km, v=0m/s) -> threat=111.00

[DECISION] t=300.0s | tracks=2 | weapons=0 available
  track 10 (ASM, d=0.0km, v=0m/s) -> threat=111.00
  track 12 (ASM, d=0.0km, v=0m/s) -> threat=111.00

[DECISION] t=300.0s | tracks=2 | weapons=0 available
  track 10 (ASM, d=0.0km, v=0m/s) -> threat=111.00
  track 12 (ASM, d=0.0km, v=0m/s) -> threat=111.00

[DECISION] t=300.0s | tracks=2 | weapons=0 available
  track 10 (ASM, d=0.0km, v=0m/s) -> threat=111.00
  track 12 (ASM, d=0.0km, v=0m/s) -> threat=111.00

[DECISION] t=300.0s | tracks=2 | weapons=0 available
  track 10 (ASM, d=0.0km, v=0m/s) -> threat=111.00
  track 12 (ASM, d=0.0km, v=0m/s) -> threat=111.00

[DECISION] t=300.0s | tracks=2 | weapons=0 available
  track 10 (ASM, d=0.0km, v=0m/s) -> threat=111.00
  track 12 (ASM, d=0.0km, v=0m/s) -> threat=111.00

[DECISION] t=300.0s | tracks=2 | weapons=0 available
  track 10 (ASM, d=0.0km, v=0m/s) -> threat=111.00
  track 12 (ASM, d=0.0km, v=0m/s) -> threat=111.00

[DECISION] t=300.0s | tracks=2 | weapons=0 available
  track 10 (ASM, d=0.0km, v=0m/s) -> threat=111.00
  track 12 (ASM, d=0.0km, v=0m/s) -> threat=111.00

[DECISION] t=300.0s | tracks=2 | weapons=0 available
  track 10 (ASM, d=0.0km, v=0m/s) -> threat=111.00
  track 12 (ASM, d=0.0km, v=0m/s) -> threat=111.00

[DECISION] t=300.0s | tracks=2 | weapons=0 available
  track 10 (ASM, d=0.0km, v=0m/s) -> threat=111.00
  track 12 (ASM, d=0.0km, v=0m/s) -> threat=111.00

[DECISION] t=300.0s | tracks=2 | weapons=0 available
  track 10 (ASM, d=0.0km, v=0m/s) -> threat=111.00
  track 12 (ASM, d=0.0km, v=0m/s) -> threat=111.00

[DECISION] t=300.0s | tracks=2 | weapons=0 available
  track 10 (ASM, d=0.0km, v=0m/s) -> threat=111.00
  track 12 (ASM, d=0.0km, v=0m/s) -> threat=111.00

[DECISION] t=300.0s | tracks=2 | weapons=0 available
  track 10 (ASM, d=0.0km, v=0m/s) -> threat=111.00
  track 12 (ASM, d=0.0km, v=0m/s) -> threat=111.00

[DECISION] t=300.0s | tracks=2 | weapons=0 available
  track 10 (ASM, d=0.0km, v=0m/s) -> threat=111.00
  track 12 (ASM, d=0.0km, v=0m/s) -> threat=111.00

[DECISION] t=300.0s | tracks=2 | weapons=0 available
  track 10 (ASM, d=0.0km, v=0m/s) -> threat=111.00
  track 12 (ASM, d=0.0km, v=0m/s) -> threat=111.00

[DECISION] t=300.0s | tracks=2 | weapons=0 available
  track 10 (ASM, d=0.0km, v=0m/s) -> threat=111.00
  track 12 (ASM, d=0.0km, v=0m/s) -> threat=111.00

[DECISION] t=300.0s | tracks=2 | weapons=0 available
  track 10 (ASM, d=0.0km, v=0m/s) -> threat=111.00
  track 12 (ASM, d=0.0km, v=0m/s) -> threat=111.00

[DECISION] t=300.0s | tracks=2 | weapons=0 available
  track 10 (ASM, d=0.0km, v=0m/s) -> threat=111.00
  track 12 (ASM, d=0.0km, v=0m/s) -> threat=111.00

[DECISION] t=300.0s | tracks=2 | weapons=0 available
  track 10 (ASM, d=0.0km, v=0m/s) -> threat=111.00
  track 12 (ASM, d=0.0km, v=0m/s) -> threat=111.00

[DECISION] t=300.0s | tracks=2 | weapons=0 available
  track 10 (ASM, d=0.0km, v=0m/s) -> threat=111.00
  track 12 (ASM, d=0.0km, v=0m/s) -> threat=111.00

[DECISION] t=300.0s | tracks=2 | weapons=0 available
  track 10 (ASM, d=0.0km, v=0m/s) -> threat=111.00
  track 12 (ASM, d=0.0km, v=0m/s) -> threat=111.00

[DECISION] t=300.0s | tracks=2 | weapons=0 available
  track 10 (ASM, d=0.0km, v=0m/s) -> threat=111.00
  track 12 (ASM, d=0.0km, v=0m/s) -> threat=111.00

[DECISION] t=300.0s | tracks=2 | weapons=0 available
  track 10 (ASM, d=0.0km, v=0m/s) -> threat=111.00
  track 12 (ASM, d=0.0km, v=0m/s) -> threat=111.00

[DECISION] t=300.0s | tracks=2 | weapons=0 available
  track 10 (ASM, d=0.0km, v=0m/s) -> threat=111.00
  track 12 (ASM, d=0.0km, v=0m/s) -> threat=111.00

[KC] AFSIM exited: 0
  [WEAPON_FIRED] 00:00:29.5 WEAPON_FIRED radar1 asm2 radar1_aim120_sim_3_1 Engagement: 1 Start_Time: 00:00:29.5   Launch: LLA: 38:04:06.0
  [WEAPON_FIRED] 00:00:29.5 WEAPON_FIRED radar1 asm1 radar1_aim120_sim_4_1 Engagement: 2 Start_Time: 00:00:29.5   Launch: LLA: 38:04:06.0
  [MISSED] 00:00:33.6 WEAPON_MISSED radar1 asm1 radar1_aim120_sim_4_1 Engagement: 2 Start_Time: 00:00:29.5   Intercept_Pk: 0 Pk_Deg
  [MISSED] 00:00:34.0 WEAPON_MISSED radar1 asm2 radar1_aim120_sim_3_1 Engagement: 1 Start_Time: 00:00:29.5   Intercept_Pk: 0 Pk_Deg

============================================================
  杀伤链统计摘要
============================================================
  目标总数: 6
  拦截弹发射: 8
  命中: 0
  漏网(已判定): 5
  漏网(未判定): 1
  拦截率: 0%
  决策耗时: min=0.0ms max=104.2ms avg=5.8ms
  OODA延迟: min=1ms max=3787ms avg=1970ms
============================================================
