[KC] Starting: src/sim/kill_chain_np_multi.txt
[KC] Output EVT: C:\Users\15041\.openclaw\workspace\kill-chain-sim\output\kill_chain_np_multi.evt

[DECISION] t=196.3s | tracks=5 | weapons=6 available
  track 12 (FIGHTER, d=6.5km, v=300m/s) -> threat=150.85
  track 10 (FIGHTER, d=15.5km, v=300m/s) -> threat=150.76
  track 8 (FIGHTER, d=22.4km, v=300m/s) -> threat=150.74
  track 2 (ASM, d=2.6km, v=0m/s) -> threat=101.38
  track 4 (ASM, d=3.6km, v=0m/s) -> threat=101.28
    -> FIRE:aim120_sim_1:12
    -> FIRE:aim120_sim_2:10
    -> FIRE:aim120_sim_3:8
    -> FIRE:aim120_sim_4:2
    -> FIRE:aim120_sim_5:4
  [FIRE] FIRE:aim120_sim_1:radar1:12
  [FIRE] FIRE:aim120_sim_2:radar1:10
  [FIRE] FIRE:aim120_sim_3:radar1:8
  [FIRE] FIRE:aim120_sim_4:radar1:2
  [FIRE] FIRE:aim120_sim_5:radar1:4
  [CONFIRMED] weapon aim120_sim_1 fired OK
  [CONFIRMED] weapon aim120_sim_2 fired OK
  [CONFIRMED] weapon aim120_sim_3 fired OK
  [CONFIRMED] weapon aim120_sim_4 fired OK
  [CONFIRMED] weapon aim120_sim_5 fired OK

[DECISION] t=196.5s | tracks=5 | weapons=1 available
  track 12 (FIGHTER, d=6.5km, v=300m/s) -> threat=150.85
  track 10 (FIGHTER, d=15.5km, v=300m/s) -> threat=150.76
  track 8 (FIGHTER, d=22.4km, v=300m/s) -> threat=150.74
  track 2 (ASM, d=2.6km, v=0m/s) -> threat=101.38
  track 4 (ASM, d=3.6km, v=0m/s) -> threat=101.28
    -> FIRE:aim120_sim_6:12
  [FIRE] FIRE:aim120_sim_6:radar1:12
  [ACK] Timeout, retrying (1/2)...
  [ACK] Timeout, retrying (2/2)...
  [ACK] No ACK after 3 attempts, continuing...
  [WEAPON_FIRED] 00:03:17.0 WEAPON_FIRED radar1 asm2 radar1_aim120_sim_5_1 Engagement: 5 Start_Time: 00:03:17.0   Launch: LLA: 38:04:06.0
  [MISSED] 00:03:19.6 WEAPON_MISSED radar1 fighter3 radar1_aim120_sim_2_1 Engagement: 2 Start_Time: 00:03:17.0   Intercept_Pk: 0 Pk
  [KILLED] 00:03:26.2 WEAPON_HIT radar1 asm1 radar1_aim120_sim_4_1 Engagement: 4 Start_Time: 00:03:17.0   Intercept_Pk: 1 Pk_Degrad

[DECISION] t=35.8s | tracks=5 | weapons=0 available
  track 12 (FIGHTER, d=8.2km, v=300m/s) -> threat=150.82
  track 10 (FIGHTER, d=17.2km, v=300m/s) -> threat=150.76
  track 8 (FIGHTER, d=24.1km, v=300m/s) -> threat=150.74
  track 2 (ASM, d=2.6km, v=0m/s) -> threat=101.38
  track 4 (ASM, d=3.6km, v=0m/s) -> threat=101.28

[DECISION] t=0.0s | tracks=5 | weapons=0 available
  track 12 (FIGHTER, d=8.2km, v=300m/s) -> threat=150.82
  track 10 (FIGHTER, d=17.2km, v=300m/s) -> threat=150.76
  track 8 (FIGHTER, d=24.1km, v=300m/s) -> threat=150.74
  track 2 (ASM, d=2.6km, v=0m/s) -> threat=101.38
  track 4 (ASM, d=3.6km, v=0m/s) -> threat=101.28

[DECISION] t=36.3s | tracks=5 | weapons=0 available
  track 12 (FIGHTER, d=11.4km, v=300m/s) -> threat=150.79
  track 10 (FIGHTER, d=20.3km, v=300m/s) -> threat=150.75
  track 8 (FIGHTER, d=27.3km, v=300m/s) -> threat=150.74
  track 2 (ASM, d=2.6km, v=0m/s) -> threat=101.38
  track 4 (ASM, d=3.6km, v=0m/s) -> threat=101.28

[DECISION] t=212.7s | tracks=5 | weapons=0 available
  track 12 (FIGHTER, d=11.4km, v=300m/s) -> threat=150.79
  track 10 (FIGHTER, d=20.3km, v=300m/s) -> threat=150.75
  track 8 (FIGHTER, d=27.3km, v=300m/s) -> threat=150.74
  track 2 (ASM, d=2.6km, v=0m/s) -> threat=101.38
  track 4 (ASM, d=3.6km, v=0m/s) -> threat=101.28

[DECISION] t=212.9s | tracks=5 | weapons=0 available
  track 12 (FIGHTER, d=11.4km, v=300m/s) -> threat=150.79
  track 10 (FIGHTER, d=20.3km, v=300m/s) -> threat=150.75
  track 8 (FIGHTER, d=27.3km, v=300m/s) -> threat=150.74
  track 2 (ASM, d=2.6km, v=0m/s) -> threat=101.38
  track 4 (ASM, d=3.6km, v=0m/s) -> threat=101.28

[DECISION] t=0.0s | tracks=5 | weapons=0 available
  track 12 (FIGHTER, d=11.4km, v=300m/s) -> threat=150.79
  track 10 (FIGHTER, d=20.3km, v=300m/s) -> threat=150.75
  track 8 (FIGHTER, d=27.3km, v=300m/s) -> threat=150.74
  track 2 (ASM, d=2.6km, v=0m/s) -> threat=101.38
  track 4 (ASM, d=3.6km, v=0m/s) -> threat=101.28

[DECISION] t=36.8s | tracks=5 | weapons=0 available
  track 12 (FIGHTER, d=11.4km, v=300m/s) -> threat=150.79
  track 10 (FIGHTER, d=20.3km, v=300m/s) -> threat=150.75
  track 8 (FIGHTER, d=27.3km, v=300m/s) -> threat=150.74
  track 2 (ASM, d=2.6km, v=0m/s) -> threat=101.38
  track 4 (ASM, d=3.6km, v=0m/s) -> threat=101.28

[DECISION] t=36.9s | tracks=5 | weapons=0 available
  track 12 (FIGHTER, d=11.4km, v=300m/s) -> threat=150.79
  track 10 (FIGHTER, d=20.3km, v=300m/s) -> threat=150.75
  track 8 (FIGHTER, d=27.3km, v=300m/s) -> threat=150.74
  track 2 (ASM, d=2.6km, v=0m/s) -> threat=101.38
  track 4 (ASM, d=3.6km, v=0m/s) -> threat=101.28

[DECISION] t=37.1s | tracks=5 | weapons=0 available
  track 12 (FIGHTER, d=11.7km, v=300m/s) -> threat=150.79
  track 10 (FIGHTER, d=20.6km, v=300m/s) -> threat=150.75
  track 8 (FIGHTER, d=27.6km, v=300m/s) -> threat=150.74
  track 2 (ASM, d=2.6km, v=0m/s) -> threat=101.38
  track 4 (ASM, d=3.6km, v=0m/s) -> threat=101.28

[DECISION] t=37.3s | tracks=5 | weapons=0 available
  track 12 (FIGHTER, d=11.7km, v=300m/s) -> threat=150.79
  track 10 (FIGHTER, d=20.6km, v=300m/s) -> threat=150.75
  track 8 (FIGHTER, d=27.6km, v=300m/s) -> threat=150.74
  track 2 (ASM, d=2.6km, v=0m/s) -> threat=101.38
  track 4 (ASM, d=3.6km, v=0m/s) -> threat=101.28

[DECISION] t=37.4s | tracks=5 | weapons=0 available
  track 12 (FIGHTER, d=11.7km, v=300m/s) -> threat=150.79
  track 10 (FIGHTER, d=20.6km, v=300m/s) -> threat=150.75
  track 8 (FIGHTER, d=27.6km, v=300m/s) -> threat=150.74
  track 2 (ASM, d=2.6km, v=0m/s) -> threat=101.38
  track 4 (ASM, d=3.6km, v=0m/s) -> threat=101.28

[DECISION] t=37.8s | tracks=5 | weapons=0 available
  track 12 (FIGHTER, d=11.7km, v=300m/s) -> threat=150.79
  track 10 (FIGHTER, d=20.6km, v=300m/s) -> threat=150.75
  track 8 (FIGHTER, d=27.6km, v=300m/s) -> threat=150.74
  track 2 (ASM, d=2.6km, v=0m/s) -> threat=101.38
  track 4 (ASM, d=3.6km, v=0m/s) -> threat=101.28

[DECISION] t=37.9s | tracks=5 | weapons=0 available
  track 12 (FIGHTER, d=11.7km, v=300m/s) -> threat=150.79
  track 10 (FIGHTER, d=20.6km, v=300m/s) -> threat=150.75
  track 8 (FIGHTER, d=27.6km, v=300m/s) -> threat=150.74
  track 2 (ASM, d=2.6km, v=0m/s) -> threat=101.38
  track 4 (ASM, d=3.6km, v=0m/s) -> threat=101.28

[DECISION] t=38.0s | tracks=5 | weapons=0 available
  track 12 (FIGHTER, d=11.7km, v=300m/s) -> threat=150.79
  track 10 (FIGHTER, d=20.6km, v=300m/s) -> threat=150.75
  track 8 (FIGHTER, d=27.6km, v=300m/s) -> threat=150.74
  track 2 (ASM, d=2.6km, v=0m/s) -> threat=101.38
  track 4 (ASM, d=3.6km, v=0m/s) -> threat=101.28

[DECISION] t=215.1s | tracks=5 | weapons=0 available
  track 12 (FIGHTER, d=11.7km, v=300m/s) -> threat=150.79
  track 10 (FIGHTER, d=20.6km, v=300m/s) -> threat=150.75
  track 8 (FIGHTER, d=27.6km, v=300m/s) -> threat=150.74
  track 2 (ASM, d=2.6km, v=0m/s) -> threat=101.38
  track 4 (ASM, d=3.6km, v=0m/s) -> threat=101.28

[DECISION] t=38.4s | tracks=5 | weapons=0 available
  track 12 (FIGHTER, d=11.7km, v=300m/s) -> threat=150.79
  track 10 (FIGHTER, d=20.6km, v=300m/s) -> threat=150.75
  track 8 (FIGHTER, d=27.6km, v=300m/s) -> threat=150.74
  track 2 (ASM, d=2.6km, v=0m/s) -> threat=101.38
  track 4 (ASM, d=3.6km, v=0m/s) -> threat=101.28

[DECISION] t=38.5s | tracks=5 | weapons=0 available
  track 12 (FIGHTER, d=11.7km, v=300m/s) -> threat=150.79
  track 10 (FIGHTER, d=20.6km, v=300m/s) -> threat=150.75
  track 8 (FIGHTER, d=27.6km, v=300m/s) -> threat=150.74
  track 2 (ASM, d=2.6km, v=0m/s) -> threat=101.38
  track 4 (ASM, d=3.6km, v=0m/s) -> threat=101.28

[DECISION] t=38.6s | tracks=5 | weapons=0 available
  track 12 (FIGHTER, d=11.7km, v=300m/s) -> threat=150.79
  track 10 (FIGHTER, d=20.6km, v=300m/s) -> threat=150.75
  track 8 (FIGHTER, d=27.6km, v=300m/s) -> threat=150.74
  track 2 (ASM, d=2.6km, v=0m/s) -> threat=101.38
  track 4 (ASM, d=3.6km, v=0m/s) -> threat=101.28

[DECISION] t=38.8s | tracks=5 | weapons=0 available
  track 12 (FIGHTER, d=11.7km, v=300m/s) -> threat=150.79
  track 10 (FIGHTER, d=20.6km, v=300m/s) -> threat=150.75
  track 8 (FIGHTER, d=27.6km, v=300m/s) -> threat=150.74
  track 2 (ASM, d=2.6km, v=0m/s) -> threat=101.38
  track 4 (ASM, d=3.6km, v=0m/s) -> threat=101.28

[DECISION] t=216.3s | tracks=5 | weapons=0 available
  track 12 (FIGHTER, d=11.7km, v=300m/s) -> threat=150.79
  track 10 (FIGHTER, d=20.6km, v=300m/s) -> threat=150.75
  track 8 (FIGHTER, d=27.6km, v=300m/s) -> threat=150.74
  track 2 (ASM, d=2.6km, v=0m/s) -> threat=101.38
  track 4 (ASM, d=3.6km, v=0m/s) -> threat=101.28

[DECISION] t=39.1s | tracks=5 | weapons=0 available
  track 12 (FIGHTER, d=11.7km, v=300m/s) -> threat=150.79
  track 10 (FIGHTER, d=20.6km, v=300m/s) -> threat=150.75
  track 8 (FIGHTER, d=27.6km, v=300m/s) -> threat=150.74
  track 2 (ASM, d=2.6km, v=0m/s) -> threat=101.38
  track 4 (ASM, d=3.6km, v=0m/s) -> threat=101.28

[DECISION] t=39.2s | tracks=5 | weapons=0 available
  track 12 (FIGHTER, d=11.7km, v=300m/s) -> threat=150.79
  track 10 (FIGHTER, d=20.6km, v=300m/s) -> threat=150.75
  track 8 (FIGHTER, d=27.6km, v=300m/s) -> threat=150.74
  track 2 (ASM, d=2.6km, v=0m/s) -> threat=101.38
  track 4 (ASM, d=3.6km, v=0m/s) -> threat=101.28

[DECISION] t=0.0s | tracks=5 | weapons=0 available
  track 12 (FIGHTER, d=11.7km, v=300m/s) -> threat=150.79
  track 10 (FIGHTER, d=20.6km, v=300m/s) -> threat=150.75
  track 8 (FIGHTER, d=27.6km, v=300m/s) -> threat=150.74
  track 2 (ASM, d=2.6km, v=0m/s) -> threat=101.38
  track 4 (ASM, d=3.6km, v=0m/s) -> threat=101.28
  [KILLED] 00:03:26.2 WEAPON_HIT radar1 asm1 radar1_aim120_sim_4_1 Engagement: 4 Start_Time: 00:03:17.0   Intercept_Pk: 1 Pk_Degrad
  [KILLED] 00:03:26.2 WEAPON_TERMINATED radar1 asm1 radar1_aim120_sim_4_1 Engagement: 4 Start_Time: 00:03:17.0   Intercept_Pk: 1 Pk
  [KILLED] 00:03:28.1 WEAPON_HIT radar1 asm2 radar1_aim120_sim_5_1 Engagement: 5 Start_Time: 00:03:17.0   Intercept_Pk: 1 Pk_Degrad
  [KILL_FEEDBACK] track 2 (asm2) marked killed via EVT
  [KILLED] 00:03:28.1 WEAPON_TERMINATED radar1 asm2 radar1_aim120_sim_5_1 Engagement: 5 Start_Time: 00:03:17.0   Intercept_Pk: 1 Pk
  [MISSED] 00:03:34.1 WEAPON_MISSED radar1 fighter2 radar1_aim120_sim_3_1 Engagement: 3 Start_Time: 00:03:17.0   Intercept_Pk: 0 Pk

[DECISION] t=217.7s | tracks=4 | weapons=0 available
  track 12 (FIGHTER, d=11.7km, v=300m/s) -> threat=150.79
  track 10 (FIGHTER, d=20.6km, v=300m/s) -> threat=150.75
  track 8 (FIGHTER, d=27.6km, v=300m/s) -> threat=150.74
  track 4 (ASM, d=3.6km, v=0m/s) -> threat=101.28

[DECISION] t=217.7s | tracks=4 | weapons=0 available
  track 12 (FIGHTER, d=12.8km, v=300m/s) -> threat=150.78
  track 10 (FIGHTER, d=21.8km, v=300m/s) -> threat=150.75
  track 8 (FIGHTER, d=28.9km, v=300m/s) -> threat=150.73
  track 4 (ASM, d=3.6km, v=0m/s) -> threat=101.28

[DECISION] t=40.3s | tracks=4 | weapons=0 available
  track 12 (FIGHTER, d=12.8km, v=300m/s) -> threat=150.78
  track 10 (FIGHTER, d=21.8km, v=300m/s) -> threat=150.75
  track 8 (FIGHTER, d=28.9km, v=300m/s) -> threat=150.73
  track 4 (ASM, d=3.6km, v=0m/s) -> threat=101.28

[DECISION] t=40.5s | tracks=4 | weapons=0 available
  track 12 (FIGHTER, d=12.8km, v=300m/s) -> threat=150.78
  track 10 (FIGHTER, d=21.8km, v=300m/s) -> threat=150.75
  track 8 (FIGHTER, d=28.9km, v=300m/s) -> threat=150.73
  track 4 (ASM, d=3.6km, v=0m/s) -> threat=101.28

[DECISION] t=40.7s | tracks=4 | weapons=0 available
  track 12 (FIGHTER, d=12.8km, v=300m/s) -> threat=150.78
  track 10 (FIGHTER, d=21.8km, v=300m/s) -> threat=150.75
  track 8 (FIGHTER, d=28.9km, v=300m/s) -> threat=150.73
  track 4 (ASM, d=3.6km, v=0m/s) -> threat=101.28

[DECISION] t=40.8s | tracks=4 | weapons=0 available
  track 12 (FIGHTER, d=12.8km, v=300m/s) -> threat=150.78
  track 10 (FIGHTER, d=21.8km, v=300m/s) -> threat=150.75
  track 8 (FIGHTER, d=28.9km, v=300m/s) -> threat=150.73
  track 4 (ASM, d=3.6km, v=0m/s) -> threat=101.28

[DECISION] t=41.0s | tracks=4 | weapons=0 available
  track 12 (FIGHTER, d=12.8km, v=300m/s) -> threat=150.78
  track 10 (FIGHTER, d=21.8km, v=300m/s) -> threat=150.75
  track 8 (FIGHTER, d=28.9km, v=300m/s) -> threat=150.73
  track 4 (ASM, d=3.6km, v=0m/s) -> threat=101.28

[DECISION] t=219.1s | tracks=4 | weapons=0 available
  track 12 (FIGHTER, d=13.3km, v=300m/s) -> threat=150.78
  track 10 (FIGHTER, d=22.3km, v=300m/s) -> threat=150.74
  track 8 (FIGHTER, d=29.2km, v=300m/s) -> threat=150.73
  track 4 (ASM, d=3.6km, v=0m/s) -> threat=101.28

[DECISION] t=41.2s | tracks=4 | weapons=0 available
  track 12 (FIGHTER, d=13.3km, v=300m/s) -> threat=150.78
  track 10 (FIGHTER, d=22.3km, v=300m/s) -> threat=150.74
  track 8 (FIGHTER, d=29.2km, v=300m/s) -> threat=150.73
  track 4 (ASM, d=3.6km, v=0m/s) -> threat=101.28

[DECISION] t=41.4s | tracks=4 | weapons=0 available
  track 12 (FIGHTER, d=13.3km, v=300m/s) -> threat=150.78
  track 10 (FIGHTER, d=22.3km, v=300m/s) -> threat=150.74
  track 8 (FIGHTER, d=29.2km, v=300m/s) -> threat=150.73
  track 4 (ASM, d=3.6km, v=0m/s) -> threat=101.28

[DECISION] t=41.5s | tracks=4 | weapons=0 available
  track 12 (FIGHTER, d=13.3km, v=300m/s) -> threat=150.78
  track 10 (FIGHTER, d=22.3km, v=300m/s) -> threat=150.74
  track 8 (FIGHTER, d=29.2km, v=300m/s) -> threat=150.73
  track 4 (ASM, d=3.6km, v=0m/s) -> threat=101.28

[DECISION] t=41.7s | tracks=4 | weapons=0 available
  track 12 (FIGHTER, d=13.3km, v=300m/s) -> threat=150.78
  track 10 (FIGHTER, d=22.3km, v=300m/s) -> threat=150.74
  track 8 (FIGHTER, d=29.2km, v=300m/s) -> threat=150.73
  track 4 (ASM, d=3.6km, v=0m/s) -> threat=101.28

[DECISION] t=42.0s | tracks=4 | weapons=0 available
  track 12 (FIGHTER, d=13.3km, v=300m/s) -> threat=150.78
  track 10 (FIGHTER, d=22.3km, v=300m/s) -> threat=150.74
  track 8 (FIGHTER, d=29.2km, v=300m/s) -> threat=150.73
  track 4 (ASM, d=3.6km, v=0m/s) -> threat=101.28

[DECISION] t=220.5s | tracks=4 | weapons=0 available
  track 12 (FIGHTER, d=13.3km, v=300m/s) -> threat=150.78
  track 10 (FIGHTER, d=22.3km, v=300m/s) -> threat=150.74
  track 8 (FIGHTER, d=29.2km, v=300m/s) -> threat=150.73
  track 4 (ASM, d=3.6km, v=0m/s) -> threat=101.28

[DECISION] t=220.9s | tracks=4 | weapons=0 available
  track 12 (FIGHTER, d=13.3km, v=300m/s) -> threat=150.78
  track 10 (FIGHTER, d=22.3km, v=300m/s) -> threat=150.74
  track 8 (FIGHTER, d=29.2km, v=300m/s) -> threat=150.73
  track 4 (ASM, d=3.6km, v=0m/s) -> threat=101.28

[DECISION] t=0.0s | tracks=4 | weapons=0 available
  track 12 (FIGHTER, d=13.3km, v=300m/s) -> threat=150.78
  track 10 (FIGHTER, d=22.3km, v=300m/s) -> threat=150.74
  track 8 (FIGHTER, d=29.2km, v=300m/s) -> threat=150.73
  track 4 (ASM, d=3.6km, v=0m/s) -> threat=101.28
  [KILLED] 00:03:26.2 WEAPON_HIT radar1 asm1 radar1_aim120_sim_4_1 Engagement: 4 Start_Time: 00:03:17.0   Intercept_Pk: 1 Pk_Degrad
  [KILLED] 00:03:26.2 WEAPON_TERMINATED radar1 asm1 radar1_aim120_sim_4_1 Engagement: 4 Start_Time: 00:03:17.0   Intercept_Pk: 1 Pk
  [KILLED] 00:03:28.1 WEAPON_HIT radar1 asm2 radar1_aim120_sim_5_1 Engagement: 5 Start_Time: 00:03:17.0   Intercept_Pk: 1 Pk_Degrad
  [KILL_FEEDBACK] track 2 (asm2) marked killed via EVT
  [KILLED] 00:03:28.1 WEAPON_TERMINATED radar1 asm2 radar1_aim120_sim_5_1 Engagement: 5 Start_Time: 00:03:17.0   Intercept_Pk: 1 Pk

[DECISION] t=42.8s | tracks=4 | weapons=0 available
  track 12 (FIGHTER, d=13.9km, v=300m/s) -> threat=150.77
  track 10 (FIGHTER, d=23.0km, v=300m/s) -> threat=150.74
  track 8 (FIGHTER, d=30.0km, v=300m/s) -> threat=150.73
  track 4 (ASM, d=3.6km, v=0m/s) -> threat=101.28

[DECISION] t=43.0s | tracks=4 | weapons=0 available
  track 12 (FIGHTER, d=14.1km, v=300m/s) -> threat=150.77
  track 10 (FIGHTER, d=23.0km, v=300m/s) -> threat=150.74
  track 8 (FIGHTER, d=30.0km, v=300m/s) -> threat=150.73
  track 4 (ASM, d=3.6km, v=0m/s) -> threat=101.28

[DECISION] t=43.4s | tracks=3 | weapons=0 available
  track 12 (FIGHTER, d=14.2km, v=300m/s) -> threat=150.77
  track 10 (FIGHTER, d=23.1km, v=300m/s) -> threat=150.74
  track 4 (ASM, d=3.6km, v=0m/s) -> threat=101.28

[DECISION] t=0.0s | tracks=3 | weapons=0 available
  track 12 (FIGHTER, d=14.2km, v=300m/s) -> threat=150.77
  track 10 (FIGHTER, d=23.1km, v=300m/s) -> threat=150.74
  track 4 (ASM, d=3.6km, v=0m/s) -> threat=101.28

[DECISION] t=43.8s | tracks=3 | weapons=0 available
  track 12 (FIGHTER, d=14.3km, v=300m/s) -> threat=150.77
  track 10 (FIGHTER, d=23.1km, v=300m/s) -> threat=150.74
  track 4 (ASM, d=3.6km, v=0m/s) -> threat=101.28

[DECISION] t=43.9s | tracks=3 | weapons=0 available
  track 12 (FIGHTER, d=14.3km, v=300m/s) -> threat=150.77
  track 10 (FIGHTER, d=23.1km, v=300m/s) -> threat=150.74
  track 4 (ASM, d=3.6km, v=0m/s) -> threat=101.28

[DECISION] t=0.0s | tracks=3 | weapons=0 available
  track 12 (FIGHTER, d=14.3km, v=300m/s) -> threat=150.77
  track 10 (FIGHTER, d=23.1km, v=300m/s) -> threat=150.74
  track 4 (ASM, d=3.6km, v=0m/s) -> threat=101.28

[DECISION] t=44.2s | tracks=3 | weapons=0 available
  track 12 (FIGHTER, d=14.3km, v=300m/s) -> threat=150.77
  track 10 (FIGHTER, d=23.1km, v=300m/s) -> threat=150.74
  track 4 (ASM, d=3.6km, v=0m/s) -> threat=101.28

[DECISION] t=0.0s | tracks=3 | weapons=0 available
  track 12 (FIGHTER, d=14.5km, v=300m/s) -> threat=150.77
  track 10 (FIGHTER, d=23.6km, v=300m/s) -> threat=150.74
  track 4 (ASM, d=3.6km, v=0m/s) -> threat=101.28

[DECISION] t=0.0s | tracks=3 | weapons=0 available
  track 12 (FIGHTER, d=14.5km, v=300m/s) -> threat=150.77
  track 10 (FIGHTER, d=23.6km, v=300m/s) -> threat=150.74
  track 4 (ASM, d=3.6km, v=0m/s) -> threat=101.28

[DECISION] t=44.7s | tracks=3 | weapons=0 available
  track 12 (FIGHTER, d=14.5km, v=300m/s) -> threat=150.77
  track 10 (FIGHTER, d=23.6km, v=300m/s) -> threat=150.74
  track 4 (ASM, d=3.6km, v=0m/s) -> threat=101.28

[DECISION] t=224.1s | tracks=3 | weapons=0 available
  track 12 (FIGHTER, d=14.5km, v=300m/s) -> threat=150.77
  track 10 (FIGHTER, d=23.6km, v=300m/s) -> threat=150.74
  track 4 (ASM, d=3.6km, v=0m/s) -> threat=101.28

[DECISION] t=45.0s | tracks=3 | weapons=0 available
  track 12 (FIGHTER, d=14.5km, v=300m/s) -> threat=150.77
  track 10 (FIGHTER, d=23.6km, v=300m/s) -> threat=150.74
  track 4 (ASM, d=3.6km, v=0m/s) -> threat=101.28

[DECISION] t=45.2s | tracks=3 | weapons=0 available
  track 12 (FIGHTER, d=14.5km, v=300m/s) -> threat=150.77
  track 10 (FIGHTER, d=23.6km, v=300m/s) -> threat=150.74
  track 4 (ASM, d=3.6km, v=0m/s) -> threat=101.28

[DECISION] t=224.7s | tracks=3 | weapons=0 available
  track 12 (FIGHTER, d=14.5km, v=300m/s) -> threat=150.77
  track 10 (FIGHTER, d=23.6km, v=300m/s) -> threat=150.74
  track 4 (ASM, d=3.6km, v=0m/s) -> threat=101.28

[DECISION] t=45.6s | tracks=3 | weapons=0 available
  track 12 (FIGHTER, d=14.5km, v=300m/s) -> threat=150.77
  track 10 (FIGHTER, d=23.6km, v=300m/s) -> threat=150.74
  track 4 (ASM, d=3.6km, v=0m/s) -> threat=101.28

[DECISION] t=45.8s | tracks=3 | weapons=0 available
  track 12 (FIGHTER, d=15.1km, v=300m/s) -> threat=150.77
  track 10 (FIGHTER, d=24.0km, v=300m/s) -> threat=150.74
  track 4 (ASM, d=3.6km, v=0m/s) -> threat=101.28

[DECISION] t=46.0s | tracks=3 | weapons=0 available
  track 12 (FIGHTER, d=15.1km, v=300m/s) -> threat=150.77
  track 10 (FIGHTER, d=24.0km, v=300m/s) -> threat=150.74
  track 4 (ASM, d=3.6km, v=0m/s) -> threat=101.28

[DECISION] t=0.0s | tracks=3 | weapons=0 available
  track 12 (FIGHTER, d=15.1km, v=300m/s) -> threat=150.77
  track 10 (FIGHTER, d=24.0km, v=300m/s) -> threat=150.74
  track 4 (ASM, d=3.6km, v=0m/s) -> threat=101.28

[DECISION] t=225.9s | tracks=3 | weapons=0 available
  track 12 (FIGHTER, d=15.1km, v=300m/s) -> threat=150.77
  track 10 (FIGHTER, d=24.0km, v=300m/s) -> threat=150.74
  track 4 (ASM, d=3.6km, v=0m/s) -> threat=101.28

[DECISION] t=46.6s | tracks=3 | weapons=0 available
  track 12 (FIGHTER, d=15.1km, v=300m/s) -> threat=150.77
  track 10 (FIGHTER, d=24.0km, v=300m/s) -> threat=150.74
  track 4 (ASM, d=3.6km, v=0m/s) -> threat=101.28
  [KILLED] 00:03:26.2 WEAPON_HIT radar1 asm1 radar1_aim120_sim_4_1 Engagement: 4 Start_Time: 00:03:17.0   Intercept_Pk: 1 Pk_Degrad
  [KILLED] 00:03:26.2 WEAPON_TERMINATED radar1 asm1 radar1_aim120_sim_4_1 Engagement: 4 Start_Time: 00:03:17.0   Intercept_Pk: 1 Pk
  [KILLED] 00:03:28.1 WEAPON_HIT radar1 asm2 radar1_aim120_sim_5_1 Engagement: 5 Start_Time: 00:03:17.0   Intercept_Pk: 1 Pk_Degrad
  [KILL_FEEDBACK] track 2 (asm2) marked killed via EVT
  [KILLED] 00:03:28.1 WEAPON_TERMINATED radar1 asm2 radar1_aim120_sim_5_1 Engagement: 5 Start_Time: 00:03:17.0   Intercept_Pk: 1 Pk

[DECISION] t=46.8s | tracks=3 | weapons=0 available
  track 12 (FIGHTER, d=15.1km, v=300m/s) -> threat=150.77
  track 10 (FIGHTER, d=24.0km, v=300m/s) -> threat=150.74
  track 4 (ASM, d=3.6km, v=0m/s) -> threat=101.28

[DECISION] t=226.5s | tracks=3 | weapons=0 available
  track 12 (FIGHTER, d=15.6km, v=300m/s) -> threat=150.76
  track 10 (FIGHTER, d=24.5km, v=300m/s) -> threat=150.74
  track 4 (ASM, d=3.6km, v=0m/s) -> threat=101.28

[DECISION] t=227.1s | tracks=3 | weapons=0 available
  track 12 (FIGHTER, d=15.6km, v=300m/s) -> threat=150.76
  track 10 (FIGHTER, d=24.5km, v=300m/s) -> threat=150.74
  track 4 (ASM, d=3.6km, v=0m/s) -> threat=101.28

[DECISION] t=47.5s | tracks=3 | weapons=0 available
  track 12 (FIGHTER, d=15.6km, v=300m/s) -> threat=150.76
  track 10 (FIGHTER, d=24.5km, v=300m/s) -> threat=150.74
  track 4 (ASM, d=3.6km, v=0m/s) -> threat=101.28

[DECISION] t=47.6s | tracks=3 | weapons=0 available
  track 12 (FIGHTER, d=15.6km, v=300m/s) -> threat=150.76
  track 10 (FIGHTER, d=24.5km, v=300m/s) -> threat=150.74
  track 4 (ASM, d=3.6km, v=0m/s) -> threat=101.28

[DECISION] t=47.8s | tracks=3 | weapons=0 available
  track 12 (FIGHTER, d=15.6km, v=300m/s) -> threat=150.76
  track 10 (FIGHTER, d=24.5km, v=300m/s) -> threat=150.74
  track 4 (ASM, d=3.6km, v=0m/s) -> threat=101.28

[DECISION] t=47.9s | tracks=3 | weapons=0 available
  track 12 (FIGHTER, d=15.6km, v=300m/s) -> threat=150.76
  track 10 (FIGHTER, d=24.5km, v=300m/s) -> threat=150.74
  track 4 (ASM, d=3.6km, v=0m/s) -> threat=101.28

[DECISION] t=48.1s | tracks=3 | weapons=0 available
  track 12 (FIGHTER, d=15.6km, v=300m/s) -> threat=150.76
  track 10 (FIGHTER, d=24.5km, v=300m/s) -> threat=150.74
  track 4 (ASM, d=3.6km, v=0m/s) -> threat=101.28

[DECISION] t=48.3s | tracks=3 | weapons=0 available
  track 12 (FIGHTER, d=15.6km, v=300m/s) -> threat=150.76
  track 10 (FIGHTER, d=24.5km, v=300m/s) -> threat=150.74
  track 4 (ASM, d=3.6km, v=0m/s) -> threat=101.28

[DECISION] t=48.5s | tracks=3 | weapons=0 available
  track 12 (FIGHTER, d=15.6km, v=300m/s) -> threat=150.76
  track 10 (FIGHTER, d=24.5km, v=300m/s) -> threat=150.74
  track 4 (ASM, d=3.6km, v=0m/s) -> threat=101.28

[DECISION] t=0.0s | tracks=3 | weapons=0 available
  track 12 (FIGHTER, d=15.6km, v=300m/s) -> threat=150.76
  track 10 (FIGHTER, d=24.5km, v=300m/s) -> threat=150.74
  track 4 (ASM, d=3.6km, v=0m/s) -> threat=101.28

[DECISION] t=48.9s | tracks=3 | weapons=0 available
  track 12 (FIGHTER, d=15.6km, v=300m/s) -> threat=150.76
  track 10 (FIGHTER, d=24.5km, v=300m/s) -> threat=150.74
  track 4 (ASM, d=3.6km, v=0m/s) -> threat=101.28

[DECISION] t=229.1s | tracks=3 | weapons=0 available
  track 12 (FIGHTER, d=15.6km, v=300m/s) -> threat=150.76
  track 10 (FIGHTER, d=24.5km, v=300m/s) -> threat=150.74
  track 4 (ASM, d=3.6km, v=0m/s) -> threat=101.28

[DECISION] t=229.3s | tracks=3 | weapons=0 available
  track 12 (FIGHTER, d=16.3km, v=300m/s) -> threat=150.76
  track 10 (FIGHTER, d=25.4km, v=300m/s) -> threat=150.74
  track 4 (ASM, d=3.6km, v=0m/s) -> threat=101.28

[DECISION] t=49.4s | tracks=3 | weapons=0 available
  track 12 (FIGHTER, d=16.3km, v=300m/s) -> threat=150.76
  track 10 (FIGHTER, d=25.4km, v=300m/s) -> threat=150.74
  track 4 (ASM, d=3.6km, v=0m/s) -> threat=101.28

[DECISION] t=0.0s | tracks=3 | weapons=0 available
  track 12 (FIGHTER, d=16.4km, v=300m/s) -> threat=150.76
  track 10 (FIGHTER, d=25.4km, v=300m/s) -> threat=150.74
  track 4 (ASM, d=3.6km, v=0m/s) -> threat=101.28

[DECISION] t=49.6s | tracks=3 | weapons=0 available
  track 12 (FIGHTER, d=16.4km, v=300m/s) -> threat=150.76
  track 10 (FIGHTER, d=25.4km, v=300m/s) -> threat=150.74
  track 4 (ASM, d=3.6km, v=0m/s) -> threat=101.28

[DECISION] t=49.7s | tracks=3 | weapons=0 available
  track 12 (FIGHTER, d=16.4km, v=300m/s) -> threat=150.76
  track 10 (FIGHTER, d=25.4km, v=300m/s) -> threat=150.74
  track 4 (ASM, d=3.6km, v=0m/s) -> threat=101.28

[DECISION] t=49.9s | tracks=3 | weapons=0 available
  track 12 (FIGHTER, d=16.6km, v=300m/s) -> threat=150.76
  track 10 (FIGHTER, d=25.4km, v=300m/s) -> threat=150.74
  track 4 (ASM, d=3.6km, v=0m/s) -> threat=101.28

[DECISION] t=50.2s | tracks=3 | weapons=0 available
  track 12 (FIGHTER, d=16.6km, v=300m/s) -> threat=150.76
  track 10 (FIGHTER, d=25.4km, v=300m/s) -> threat=150.74
  track 4 (ASM, d=3.6km, v=0m/s) -> threat=101.28

[DECISION] t=50.3s | tracks=3 | weapons=0 available
  track 12 (FIGHTER, d=16.6km, v=300m/s) -> threat=150.76
  track 10 (FIGHTER, d=25.4km, v=300m/s) -> threat=150.74
  track 4 (ASM, d=3.6km, v=0m/s) -> threat=101.28

[DECISION] t=50.5s | tracks=3 | weapons=0 available
  track 12 (FIGHTER, d=16.6km, v=300m/s) -> threat=150.76
  track 10 (FIGHTER, d=25.4km, v=300m/s) -> threat=150.74
  track 4 (ASM, d=3.6km, v=0m/s) -> threat=101.28

[DECISION] t=50.8s | tracks=3 | weapons=0 available
  track 12 (FIGHTER, d=16.9km, v=300m/s) -> threat=150.76
  track 10 (FIGHTER, d=25.9km, v=300m/s) -> threat=150.74
  track 4 (ASM, d=3.6km, v=0m/s) -> threat=101.28
  [KILLED] 00:03:26.2 WEAPON_HIT radar1 asm1 radar1_aim120_sim_4_1 Engagement: 4 Start_Time: 00:03:17.0   Intercept_Pk: 1 Pk_Degrad
  [KILLED] 00:03:26.2 WEAPON_TERMINATED radar1 asm1 radar1_aim120_sim_4_1 Engagement: 4 Start_Time: 00:03:17.0   Intercept_Pk: 1 Pk
  [KILLED] 00:03:28.1 WEAPON_HIT radar1 asm2 radar1_aim120_sim_5_1 Engagement: 5 Start_Time: 00:03:17.0   Intercept_Pk: 1 Pk_Degrad
  [KILL_FEEDBACK] track 2 (asm2) marked killed via EVT
  [KILLED] 00:03:28.1 WEAPON_TERMINATED radar1 asm2 radar1_aim120_sim_5_1 Engagement: 5 Start_Time: 00:03:17.0   Intercept_Pk: 1 Pk

[DECISION] t=50.9s | tracks=3 | weapons=0 available
  track 12 (FIGHTER, d=16.9km, v=300m/s) -> threat=150.76
  track 10 (FIGHTER, d=25.9km, v=300m/s) -> threat=150.74
  track 4 (ASM, d=3.6km, v=0m/s) -> threat=101.28

[DECISION] t=231.7s | tracks=3 | weapons=0 available
  track 12 (FIGHTER, d=16.9km, v=300m/s) -> threat=150.76
  track 10 (FIGHTER, d=25.9km, v=300m/s) -> threat=150.74
  track 4 (ASM, d=3.6km, v=0m/s) -> threat=101.28

[DECISION] t=231.9s | tracks=3 | weapons=0 available
  track 12 (FIGHTER, d=16.9km, v=300m/s) -> threat=150.76
  track 10 (FIGHTER, d=25.9km, v=300m/s) -> threat=150.74
  track 4 (ASM, d=3.6km, v=0m/s) -> threat=101.28

[DECISION] t=51.4s | tracks=3 | weapons=0 available
  track 12 (FIGHTER, d=16.9km, v=300m/s) -> threat=150.76
  track 10 (FIGHTER, d=25.9km, v=300m/s) -> threat=150.74
  track 4 (ASM, d=3.6km, v=0m/s) -> threat=101.28

[DECISION] t=232.5s | tracks=3 | weapons=0 available
  track 12 (FIGHTER, d=16.9km, v=300m/s) -> threat=150.76
  track 10 (FIGHTER, d=25.9km, v=300m/s) -> threat=150.74
  track 4 (ASM, d=3.6km, v=0m/s) -> threat=101.28

[DECISION] t=0.0s | tracks=3 | weapons=0 available
  track 12 (FIGHTER, d=17.4km, v=300m/s) -> threat=150.76
  track 10 (FIGHTER, d=26.3km, v=300m/s) -> threat=150.74
  track 4 (ASM, d=3.6km, v=0m/s) -> threat=101.28

[DECISION] t=52.1s | tracks=3 | weapons=0 available
  track 12 (FIGHTER, d=17.4km, v=300m/s) -> threat=150.76
  track 10 (FIGHTER, d=26.3km, v=300m/s) -> threat=150.74
  track 4 (ASM, d=3.6km, v=0m/s) -> threat=101.28

[DECISION] t=52.2s | tracks=3 | weapons=0 available
  track 12 (FIGHTER, d=17.4km, v=300m/s) -> threat=150.76
  track 10 (FIGHTER, d=26.3km, v=300m/s) -> threat=150.74
  track 4 (ASM, d=3.6km, v=0m/s) -> threat=101.28

[DECISION] t=52.3s | tracks=3 | weapons=0 available
  track 12 (FIGHTER, d=17.4km, v=300m/s) -> threat=150.76
  track 10 (FIGHTER, d=26.3km, v=300m/s) -> threat=150.74
  track 4 (ASM, d=3.6km, v=0m/s) -> threat=101.28

[DECISION] t=233.5s | tracks=3 | weapons=0 available
  track 12 (FIGHTER, d=17.4km, v=300m/s) -> threat=150.76
  track 10 (FIGHTER, d=26.3km, v=300m/s) -> threat=150.74
  track 4 (ASM, d=3.6km, v=0m/s) -> threat=101.28

[DECISION] t=52.6s | tracks=3 | weapons=0 available
  track 12 (FIGHTER, d=17.4km, v=300m/s) -> threat=150.76
  track 10 (FIGHTER, d=26.3km, v=300m/s) -> threat=150.74
  track 4 (ASM, d=3.6km, v=0m/s) -> threat=101.28

[DECISION] t=52.9s | tracks=3 | weapons=0 available
  track 12 (FIGHTER, d=17.4km, v=300m/s) -> threat=150.76
  track 10 (FIGHTER, d=26.3km, v=300m/s) -> threat=150.74
  track 4 (ASM, d=3.6km, v=0m/s) -> threat=101.28

[DECISION] t=233.9s | tracks=3 | weapons=0 available
  track 12 (FIGHTER, d=17.8km, v=300m/s) -> threat=150.76
  track 10 (FIGHTER, d=26.7km, v=300m/s) -> threat=150.74
  track 4 (ASM, d=3.6km, v=0m/s) -> threat=101.28

[DECISION] t=53.3s | tracks=3 | weapons=0 available
  track 12 (FIGHTER, d=17.8km, v=300m/s) -> threat=150.76
  track 10 (FIGHTER, d=26.7km, v=300m/s) -> threat=150.74
  track 4 (ASM, d=3.6km, v=0m/s) -> threat=101.28

[DECISION] t=53.4s | tracks=3 | weapons=0 available
  track 12 (FIGHTER, d=17.8km, v=300m/s) -> threat=150.76
  track 10 (FIGHTER, d=26.7km, v=300m/s) -> threat=150.74
  track 4 (ASM, d=3.6km, v=0m/s) -> threat=101.28

[DECISION] t=53.6s | tracks=3 | weapons=0 available
  track 12 (FIGHTER, d=17.8km, v=300m/s) -> threat=150.76
  track 10 (FIGHTER, d=26.7km, v=300m/s) -> threat=150.74
  track 4 (ASM, d=3.6km, v=0m/s) -> threat=101.28

[DECISION] t=53.8s | tracks=3 | weapons=0 available
  track 12 (FIGHTER, d=18.1km, v=300m/s) -> threat=150.76
  track 10 (FIGHTER, d=26.7km, v=300m/s) -> threat=150.74
  track 4 (ASM, d=3.6km, v=0m/s) -> threat=101.28

[DECISION] t=235.3s | tracks=3 | weapons=0 available
  track 12 (FIGHTER, d=18.1km, v=300m/s) -> threat=150.76
  track 10 (FIGHTER, d=26.7km, v=300m/s) -> threat=150.74
  track 4 (ASM, d=3.6km, v=0m/s) -> threat=101.28

[DECISION] t=54.2s | tracks=3 | weapons=0 available
  track 12 (FIGHTER, d=18.1km, v=300m/s) -> threat=150.76
  track 10 (FIGHTER, d=26.7km, v=300m/s) -> threat=150.74
  track 4 (ASM, d=3.6km, v=0m/s) -> threat=101.28

[DECISION] t=54.3s | tracks=3 | weapons=0 available
  track 12 (FIGHTER, d=18.1km, v=300m/s) -> threat=150.76
  track 10 (FIGHTER, d=26.7km, v=300m/s) -> threat=150.74
  track 4 (ASM, d=3.6km, v=0m/s) -> threat=101.28

[DECISION] t=236.1s | tracks=3 | weapons=0 available
  track 12 (FIGHTER, d=18.1km, v=300m/s) -> threat=150.76
  track 10 (FIGHTER, d=26.7km, v=300m/s) -> threat=150.74
  track 4 (ASM, d=3.6km, v=0m/s) -> threat=101.28
  [KILLED] 00:03:26.2 WEAPON_HIT radar1 asm1 radar1_aim120_sim_4_1 Engagement: 4 Start_Time: 00:03:17.0   Intercept_Pk: 1 Pk_Degrad
  [KILLED] 00:03:26.2 WEAPON_TERMINATED radar1 asm1 radar1_aim120_sim_4_1 Engagement: 4 Start_Time: 00:03:17.0   Intercept_Pk: 1 Pk
  [KILLED] 00:03:28.1 WEAPON_HIT radar1 asm2 radar1_aim120_sim_5_1 Engagement: 5 Start_Time: 00:03:17.0   Intercept_Pk: 1 Pk_Degrad
  [KILL_FEEDBACK] track 2 (asm2) marked killed via EVT
  [KILLED] 00:03:28.1 WEAPON_TERMINATED radar1 asm2 radar1_aim120_sim_5_1 Engagement: 5 Start_Time: 00:03:17.0   Intercept_Pk: 1 Pk

[DECISION] t=54.8s | tracks=3 | weapons=0 available
  track 12 (FIGHTER, d=18.4km, v=300m/s) -> threat=150.75
  track 10 (FIGHTER, d=27.5km, v=300m/s) -> threat=150.74
  track 4 (ASM, d=3.6km, v=0m/s) -> threat=101.28

[DECISION] t=236.7s | tracks=3 | weapons=0 available
  track 12 (FIGHTER, d=18.4km, v=300m/s) -> threat=150.75
  track 10 (FIGHTER, d=27.5km, v=300m/s) -> threat=150.74
  track 4 (ASM, d=3.6km, v=0m/s) -> threat=101.28

[DECISION] t=55.1s | tracks=3 | weapons=0 available
  track 12 (FIGHTER, d=18.4km, v=300m/s) -> threat=150.75
  track 10 (FIGHTER, d=27.5km, v=300m/s) -> threat=150.74
  track 4 (ASM, d=3.6km, v=0m/s) -> threat=101.28

[DECISION] t=55.3s | tracks=3 | weapons=0 available
  track 12 (FIGHTER, d=18.4km, v=300m/s) -> threat=150.75
  track 10 (FIGHTER, d=27.5km, v=300m/s) -> threat=150.74
  track 4 (ASM, d=3.6km, v=0m/s) -> threat=101.28

[DECISION] t=55.5s | tracks=3 | weapons=0 available
  track 12 (FIGHTER, d=18.4km, v=300m/s) -> threat=150.75
  track 10 (FIGHTER, d=27.5km, v=300m/s) -> threat=150.74
  track 4 (ASM, d=3.6km, v=0m/s) -> threat=101.28

[DECISION] t=55.7s | tracks=3 | weapons=0 available
  track 12 (FIGHTER, d=18.4km, v=300m/s) -> threat=150.75
  track 10 (FIGHTER, d=27.5km, v=300m/s) -> threat=150.74
  track 4 (ASM, d=3.6km, v=0m/s) -> threat=101.28

[DECISION] t=55.8s | tracks=3 | weapons=0 available
  track 12 (FIGHTER, d=18.4km, v=300m/s) -> threat=150.75
  track 10 (FIGHTER, d=27.5km, v=300m/s) -> threat=150.74
  track 4 (ASM, d=3.6km, v=0m/s) -> threat=101.28

[DECISION] t=237.9s | tracks=3 | weapons=0 available
  track 12 (FIGHTER, d=18.4km, v=300m/s) -> threat=150.75
  track 10 (FIGHTER, d=27.5km, v=300m/s) -> threat=150.74
  track 4 (ASM, d=3.6km, v=0m/s) -> threat=101.28

[DECISION] t=56.2s | tracks=3 | weapons=0 available
  track 12 (FIGHTER, d=18.4km, v=300m/s) -> threat=150.75
  track 10 (FIGHTER, d=27.5km, v=300m/s) -> threat=150.74
  track 4 (ASM, d=3.6km, v=0m/s) -> threat=101.28

[DECISION] t=56.5s | tracks=3 | weapons=0 available
  track 12 (FIGHTER, d=19.0km, v=300m/s) -> threat=150.75
  track 10 (FIGHTER, d=28.0km, v=300m/s) -> threat=150.74
  track 4 (ASM, d=3.6km, v=0m/s) -> threat=101.28

[DECISION] t=56.6s | tracks=3 | weapons=0 available
  track 12 (FIGHTER, d=19.0km, v=300m/s) -> threat=150.75
  track 10 (FIGHTER, d=28.0km, v=300m/s) -> threat=150.74
  track 4 (ASM, d=3.6km, v=0m/s) -> threat=101.28

[DECISION] t=238.5s | tracks=3 | weapons=0 available
  track 12 (FIGHTER, d=19.1km, v=300m/s) -> threat=150.75
  track 10 (FIGHTER, d=28.1km, v=300m/s) -> threat=150.74
  track 4 (ASM, d=3.6km, v=0m/s) -> threat=101.28

[DECISION] t=238.9s | tracks=3 | weapons=0 available
  track 12 (FIGHTER, d=19.1km, v=300m/s) -> threat=150.75
  track 10 (FIGHTER, d=28.1km, v=300m/s) -> threat=150.74
  track 4 (ASM, d=3.6km, v=0m/s) -> threat=101.28

[DECISION] t=57.2s | tracks=3 | weapons=0 available
  track 12 (FIGHTER, d=19.3km, v=300m/s) -> threat=150.75
  track 10 (FIGHTER, d=28.2km, v=300m/s) -> threat=150.74
  track 4 (ASM, d=3.6km, v=0m/s) -> threat=101.28

[DECISION] t=239.1s | tracks=3 | weapons=0 available
  track 12 (FIGHTER, d=19.3km, v=300m/s) -> threat=150.75
  track 10 (FIGHTER, d=28.2km, v=300m/s) -> threat=150.74
  track 4 (ASM, d=3.6km, v=0m/s) -> threat=101.28

[DECISION] t=239.5s | tracks=3 | weapons=0 available
  track 12 (FIGHTER, d=19.3km, v=300m/s) -> threat=150.75
  track 10 (FIGHTER, d=28.2km, v=300m/s) -> threat=150.74
  track 4 (ASM, d=3.6km, v=0m/s) -> threat=101.28

[DECISION] t=239.7s | tracks=3 | weapons=0 available
  track 12 (FIGHTER, d=19.3km, v=300m/s) -> threat=150.75
  track 10 (FIGHTER, d=28.2km, v=300m/s) -> threat=150.74
  track 4 (ASM, d=3.6km, v=0m/s) -> threat=101.28

[DECISION] t=57.9s | tracks=3 | weapons=0 available
  track 12 (FIGHTER, d=19.3km, v=300m/s) -> threat=150.75
  track 10 (FIGHTER, d=28.2km, v=300m/s) -> threat=150.74
  track 4 (ASM, d=3.6km, v=0m/s) -> threat=101.28

[DECISION] t=0.0s | tracks=3 | weapons=0 available
  track 12 (FIGHTER, d=19.3km, v=300m/s) -> threat=150.75
  track 10 (FIGHTER, d=28.2km, v=300m/s) -> threat=150.74
  track 4 (ASM, d=3.6km, v=0m/s) -> threat=101.28

[DECISION] t=58.2s | tracks=3 | weapons=0 available
  track 12 (FIGHTER, d=19.3km, v=300m/s) -> threat=150.75
  track 10 (FIGHTER, d=28.2km, v=300m/s) -> threat=150.74
  track 4 (ASM, d=3.6km, v=0m/s) -> threat=101.28

[DECISION] t=58.3s | tracks=3 | weapons=0 available
  track 12 (FIGHTER, d=19.3km, v=300m/s) -> threat=150.75
  track 10 (FIGHTER, d=28.2km, v=300m/s) -> threat=150.74
  track 4 (ASM, d=3.6km, v=0m/s) -> threat=101.28

[DECISION] t=58.6s | tracks=3 | weapons=0 available
  track 12 (FIGHTER, d=19.8km, v=300m/s) -> threat=150.75
  track 10 (FIGHTER, d=28.7km, v=300m/s) -> threat=150.73
  track 4 (ASM, d=3.6km, v=0m/s) -> threat=101.28

[DECISION] t=58.7s | tracks=3 | weapons=0 available
  track 12 (FIGHTER, d=19.8km, v=300m/s) -> threat=150.75
  track 10 (FIGHTER, d=28.7km, v=300m/s) -> threat=150.73
  track 4 (ASM, d=3.6km, v=0m/s) -> threat=101.28
  [KILLED] 00:03:26.2 WEAPON_HIT radar1 asm1 radar1_aim120_sim_4_1 Engagement: 4 Start_Time: 00:03:17.0   Intercept_Pk: 1 Pk_Degrad
  [KILLED] 00:03:26.2 WEAPON_TERMINATED radar1 asm1 radar1_aim120_sim_4_1 Engagement: 4 Start_Time: 00:03:17.0   Intercept_Pk: 1 Pk
  [KILLED] 00:03:28.1 WEAPON_HIT radar1 asm2 radar1_aim120_sim_5_1 Engagement: 5 Start_Time: 00:03:17.0   Intercept_Pk: 1 Pk_Degrad
  [KILL_FEEDBACK] track 2 (asm2) marked killed via EVT
  [KILLED] 00:03:28.1 WEAPON_TERMINATED radar1 asm2 radar1_aim120_sim_5_1 Engagement: 5 Start_Time: 00:03:17.0   Intercept_Pk: 1 Pk

[DECISION] t=59.1s | tracks=3 | weapons=0 available
  track 12 (FIGHTER, d=19.8km, v=300m/s) -> threat=150.75
  track 10 (FIGHTER, d=28.7km, v=300m/s) -> threat=150.73
  track 4 (ASM, d=3.6km, v=0m/s) -> threat=101.28

[DECISION] t=59.3s | tracks=3 | weapons=0 available
  track 12 (FIGHTER, d=19.8km, v=300m/s) -> threat=150.75
  track 10 (FIGHTER, d=28.7km, v=300m/s) -> threat=150.73
  track 4 (ASM, d=3.6km, v=0m/s) -> threat=101.28

[DECISION] t=241.9s | tracks=3 | weapons=0 available
  track 12 (FIGHTER, d=20.2km, v=300m/s) -> threat=150.75
  track 10 (FIGHTER, d=29.2km, v=300m/s) -> threat=150.73
  track 4 (ASM, d=3.6km, v=0m/s) -> threat=101.28

[DECISION] t=0.0s | tracks=3 | weapons=0 available
  track 12 (FIGHTER, d=20.2km, v=300m/s) -> threat=150.75
  track 10 (FIGHTER, d=29.2km, v=300m/s) -> threat=150.73
  track 4 (ASM, d=3.6km, v=0m/s) -> threat=101.28

[DECISION] t=59.7s | tracks=3 | weapons=0 available
  track 12 (FIGHTER, d=20.2km, v=300m/s) -> threat=150.75
  track 10 (FIGHTER, d=29.3km, v=300m/s) -> threat=150.73
  track 4 (ASM, d=3.6km, v=0m/s) -> threat=101.28

[DECISION] t=59.8s | tracks=3 | weapons=0 available
  track 12 (FIGHTER, d=20.2km, v=300m/s) -> threat=150.75
  track 10 (FIGHTER, d=29.3km, v=300m/s) -> threat=150.73
  track 4 (ASM, d=3.6km, v=0m/s) -> threat=101.28

[DECISION] t=242.7s | tracks=3 | weapons=0 available
  track 12 (FIGHTER, d=20.4km, v=300m/s) -> threat=150.75
  track 10 (FIGHTER, d=29.3km, v=300m/s) -> threat=150.73
  track 4 (ASM, d=3.6km, v=0m/s) -> threat=101.28

[DECISION] t=0.0s | tracks=3 | weapons=0 available
  track 12 (FIGHTER, d=20.4km, v=300m/s) -> threat=150.75
  track 10 (FIGHTER, d=29.3km, v=300m/s) -> threat=150.73
  track 4 (ASM, d=3.6km, v=0m/s) -> threat=101.28

[DECISION] t=60.3s | tracks=4 | weapons=0 available
  track 6 (FIGHTER, d=9.1km, v=300m/s) -> threat=150.81
  track 12 (FIGHTER, d=20.4km, v=300m/s) -> threat=150.75
  track 10 (FIGHTER, d=29.3km, v=300m/s) -> threat=150.73
  track 4 (ASM, d=3.6km, v=0m/s) -> threat=101.28

[DECISION] t=60.5s | tracks=4 | weapons=0 available
  track 6 (FIGHTER, d=9.1km, v=300m/s) -> threat=150.81
  track 12 (FIGHTER, d=20.4km, v=300m/s) -> threat=150.75
  track 10 (FIGHTER, d=29.3km, v=300m/s) -> threat=150.73
  track 4 (ASM, d=3.6km, v=0m/s) -> threat=101.28

[DECISION] t=60.6s | tracks=4 | weapons=0 available
  track 6 (FIGHTER, d=8.9km, v=300m/s) -> threat=150.81
  track 12 (FIGHTER, d=20.4km, v=300m/s) -> threat=150.75
  track 10 (FIGHTER, d=29.3km, v=300m/s) -> threat=150.73
  track 4 (ASM, d=3.6km, v=0m/s) -> threat=101.28

[DECISION] t=60.7s | tracks=4 | weapons=0 available
  track 6 (FIGHTER, d=8.9km, v=300m/s) -> threat=150.81
  track 12 (FIGHTER, d=20.4km, v=300m/s) -> threat=150.75
  track 10 (FIGHTER, d=29.3km, v=300m/s) -> threat=150.73
  track 4 (ASM, d=3.6km, v=0m/s) -> threat=101.28

[DECISION] t=60.8s | tracks=4 | weapons=0 available
  track 6 (FIGHTER, d=8.9km, v=300m/s) -> threat=150.81
  track 12 (FIGHTER, d=20.4km, v=300m/s) -> threat=150.75
  track 10 (FIGHTER, d=29.3km, v=300m/s) -> threat=150.73
  track 4 (ASM, d=3.6km, v=0m/s) -> threat=101.28

[DECISION] t=244.1s | tracks=3 | weapons=0 available
  track 12 (FIGHTER, d=20.8km, v=300m/s) -> threat=150.75
  track 10 (FIGHTER, d=29.7km, v=300m/s) -> threat=150.73
  track 4 (ASM, d=3.6km, v=0m/s) -> threat=101.28

[DECISION] t=244.3s | tracks=4 | weapons=0 available
  track 6 (FIGHTER, d=8.8km, v=300m/s) -> threat=150.81
  track 12 (FIGHTER, d=20.8km, v=300m/s) -> threat=150.75
  track 10 (FIGHTER, d=29.7km, v=300m/s) -> threat=150.73
  track 4 (ASM, d=3.6km, v=0m/s) -> threat=101.28

[DECISION] t=61.2s | tracks=4 | weapons=0 available
  track 6 (FIGHTER, d=8.8km, v=300m/s) -> threat=150.81
  track 12 (FIGHTER, d=20.8km, v=300m/s) -> threat=150.75
  track 10 (FIGHTER, d=29.7km, v=300m/s) -> threat=150.73
  track 4 (ASM, d=3.6km, v=0m/s) -> threat=101.28

[DECISION] t=244.7s | tracks=4 | weapons=0 available
  track 6 (FIGHTER, d=8.8km, v=300m/s) -> threat=150.81
  track 12 (FIGHTER, d=20.8km, v=300m/s) -> threat=150.75
  track 10 (FIGHTER, d=29.7km, v=300m/s) -> threat=150.73
  track 4 (ASM, d=3.6km, v=0m/s) -> threat=101.28

[DECISION] t=61.6s | tracks=4 | weapons=0 available
  track 6 (FIGHTER, d=8.6km, v=300m/s) -> threat=150.82
  track 12 (FIGHTER, d=20.8km, v=300m/s) -> threat=150.75
  track 10 (FIGHTER, d=29.7km, v=300m/s) -> threat=150.73
  track 4 (ASM, d=3.6km, v=0m/s) -> threat=101.28

[DECISION] t=61.7s | tracks=4 | weapons=0 available
  track 6 (FIGHTER, d=8.6km, v=300m/s) -> threat=150.82
  track 12 (FIGHTER, d=20.8km, v=300m/s) -> threat=150.75
  track 10 (FIGHTER, d=29.7km, v=300m/s) -> threat=150.73
  track 4 (ASM, d=3.6km, v=0m/s) -> threat=101.28

[DECISION] t=0.0s | tracks=4 | weapons=0 available
  track 6 (FIGHTER, d=8.6km, v=300m/s) -> threat=150.82
  track 12 (FIGHTER, d=20.8km, v=300m/s) -> threat=150.75
  track 10 (FIGHTER, d=29.7km, v=300m/s) -> threat=150.73
  track 4 (ASM, d=3.6km, v=0m/s) -> threat=101.28

[DECISION] t=62.1s | tracks=4 | weapons=0 available
  track 6 (FIGHTER, d=8.5km, v=300m/s) -> threat=150.82
  track 12 (FIGHTER, d=20.8km, v=300m/s) -> threat=150.75
  track 10 (FIGHTER, d=29.7km, v=300m/s) -> threat=150.73
  track 4 (ASM, d=3.6km, v=0m/s) -> threat=101.28

[DECISION] t=245.5s | tracks=3 | weapons=0 available
  track 6 (FIGHTER, d=8.5km, v=300m/s) -> threat=150.82
  track 12 (FIGHTER, d=21.2km, v=300m/s) -> threat=150.75
  track 4 (ASM, d=3.6km, v=0m/s) -> threat=101.28

[DECISION] t=245.7s | tracks=2 | weapons=0 available
  track 12 (FIGHTER, d=21.2km, v=300m/s) -> threat=150.75
  track 4 (ASM, d=3.6km, v=0m/s) -> threat=101.28

[DECISION] t=62.6s | tracks=2 | weapons=0 available
  track 12 (FIGHTER, d=21.2km, v=300m/s) -> threat=150.75
  track 4 (ASM, d=3.6km, v=0m/s) -> threat=101.28
  [KILLED] 00:03:26.2 WEAPON_HIT radar1 asm1 radar1_aim120_sim_4_1 Engagement: 4 Start_Time: 00:03:17.0   Intercept_Pk: 1 Pk_Degrad
  [KILLED] 00:03:26.2 WEAPON_TERMINATED radar1 asm1 radar1_aim120_sim_4_1 Engagement: 4 Start_Time: 00:03:17.0   Intercept_Pk: 1 Pk
  [KILLED] 00:03:28.1 WEAPON_HIT radar1 asm2 radar1_aim120_sim_5_1 Engagement: 5 Start_Time: 00:03:17.0   Intercept_Pk: 1 Pk_Degrad
  [KILL_FEEDBACK] track 2 (asm2) marked killed via EVT
  [KILLED] 00:03:28.1 WEAPON_TERMINATED radar1 asm2 radar1_aim120_sim_5_1 Engagement: 5 Start_Time: 00:03:17.0   Intercept_Pk: 1 Pk

[DECISION] t=246.1s | tracks=2 | weapons=0 available
  track 12 (FIGHTER, d=21.2km, v=300m/s) -> threat=150.75
  track 4 (ASM, d=3.6km, v=0m/s) -> threat=101.28

[DECISION] t=62.8s | tracks=3 | weapons=0 available
  track 6 (FIGHTER, d=8.3km, v=300m/s) -> threat=150.82
  track 12 (FIGHTER, d=21.2km, v=300m/s) -> threat=150.75
  track 4 (ASM, d=3.6km, v=0m/s) -> threat=101.28

[DECISION] t=62.9s | tracks=3 | weapons=0 available
  track 6 (FIGHTER, d=8.3km, v=300m/s) -> threat=150.82
  track 12 (FIGHTER, d=21.2km, v=300m/s) -> threat=150.75
  track 4 (ASM, d=3.6km, v=0m/s) -> threat=101.28

[DECISION] t=63.0s | tracks=3 | weapons=0 available
  track 6 (FIGHTER, d=8.2km, v=300m/s) -> threat=150.82
  track 12 (FIGHTER, d=21.2km, v=300m/s) -> threat=150.75
  track 4 (ASM, d=3.6km, v=0m/s) -> threat=101.28

[DECISION] t=63.1s | tracks=3 | weapons=0 available
  track 6 (FIGHTER, d=8.2km, v=300m/s) -> threat=150.82
  track 12 (FIGHTER, d=21.5km, v=300m/s) -> threat=150.75
  track 4 (ASM, d=3.6km, v=0m/s) -> threat=101.28

[DECISION] t=63.3s | tracks=3 | weapons=0 available
  track 6 (FIGHTER, d=8.2km, v=300m/s) -> threat=150.82
  track 12 (FIGHTER, d=21.5km, v=300m/s) -> threat=150.75
  track 4 (ASM, d=3.6km, v=0m/s) -> threat=101.28

[DECISION] t=63.5s | tracks=2 | weapons=0 available
  track 12 (FIGHTER, d=21.7km, v=300m/s) -> threat=150.75
  track 4 (ASM, d=3.6km, v=0m/s) -> threat=101.28

[DECISION] t=63.7s | tracks=2 | weapons=0 available
  track 12 (FIGHTER, d=21.7km, v=300m/s) -> threat=150.75
  track 4 (ASM, d=3.6km, v=0m/s) -> threat=101.28

[DECISION] t=63.8s | tracks=3 | weapons=0 available
  track 6 (FIGHTER, d=8.0km, v=300m/s) -> threat=150.82
  track 12 (FIGHTER, d=21.7km, v=300m/s) -> threat=150.75
  track 4 (ASM, d=3.6km, v=0m/s) -> threat=101.28

[DECISION] t=247.9s | tracks=3 | weapons=0 available
  track 6 (FIGHTER, d=8.0km, v=300m/s) -> threat=150.82
  track 12 (FIGHTER, d=21.7km, v=300m/s) -> threat=150.75
  track 4 (ASM, d=3.6km, v=0m/s) -> threat=101.28

[DECISION] t=248.1s | tracks=3 | weapons=0 available
  track 6 (FIGHTER, d=7.9km, v=300m/s) -> threat=150.83
  track 12 (FIGHTER, d=22.0km, v=300m/s) -> threat=150.75
  track 4 (ASM, d=3.6km, v=0m/s) -> threat=101.28

[DECISION] t=64.4s | tracks=3 | weapons=0 available
  track 6 (FIGHTER, d=7.9km, v=300m/s) -> threat=150.83
  track 12 (FIGHTER, d=22.0km, v=300m/s) -> threat=150.75
  track 4 (ASM, d=3.6km, v=0m/s) -> threat=101.28

[DECISION] t=64.6s | tracks=3 | weapons=0 available
  track 6 (FIGHTER, d=7.7km, v=300m/s) -> threat=150.83
  track 12 (FIGHTER, d=22.0km, v=300m/s) -> threat=150.75
  track 4 (ASM, d=3.6km, v=0m/s) -> threat=101.28

[DECISION] t=64.8s | tracks=3 | weapons=0 available
  track 6 (FIGHTER, d=7.7km, v=300m/s) -> threat=150.83
  track 12 (FIGHTER, d=22.0km, v=300m/s) -> threat=150.75
  track 4 (ASM, d=3.6km, v=0m/s) -> threat=101.28

[DECISION] t=65.0s | tracks=3 | weapons=0 available
  track 6 (FIGHTER, d=7.7km, v=300m/s) -> threat=150.83
  track 12 (FIGHTER, d=22.0km, v=300m/s) -> threat=150.75
  track 4 (ASM, d=3.6km, v=0m/s) -> threat=101.28

[DECISION] t=65.2s | tracks=3 | weapons=0 available
  track 6 (FIGHTER, d=7.6km, v=300m/s) -> threat=150.83
  track 12 (FIGHTER, d=22.0km, v=300m/s) -> threat=150.75
  track 4 (ASM, d=3.6km, v=0m/s) -> threat=101.28

[DECISION] t=65.4s | tracks=3 | weapons=0 available
  track 6 (FIGHTER, d=7.6km, v=300m/s) -> threat=150.83
  track 12 (FIGHTER, d=22.0km, v=300m/s) -> threat=150.75
  track 4 (ASM, d=3.6km, v=0m/s) -> threat=101.28

[DECISION] t=0.0s | tracks=3 | weapons=0 available
  track 6 (FIGHTER, d=7.6km, v=300m/s) -> threat=150.83
  track 12 (FIGHTER, d=22.0km, v=300m/s) -> threat=150.75
  track 4 (ASM, d=3.6km, v=0m/s) -> threat=101.28

[DECISION] t=249.7s | tracks=2 | weapons=0 available
  track 12 (FIGHTER, d=22.5km, v=300m/s) -> threat=150.74
  track 4 (ASM, d=3.6km, v=0m/s) -> threat=101.28

[DECISION] t=249.9s | tracks=2 | weapons=0 available
  track 12 (FIGHTER, d=22.6km, v=300m/s) -> threat=150.74
  track 4 (ASM, d=3.6km, v=0m/s) -> threat=101.28

[DECISION] t=66.2s | tracks=3 | weapons=0 available
  track 6 (FIGHTER, d=7.3km, v=300m/s) -> threat=150.84
  track 12 (FIGHTER, d=22.6km, v=300m/s) -> threat=150.74
  track 4 (ASM, d=3.6km, v=0m/s) -> threat=101.28

[DECISION] t=250.5s | tracks=3 | weapons=0 available
  track 6 (FIGHTER, d=7.3km, v=300m/s) -> threat=150.84
  track 12 (FIGHTER, d=22.6km, v=300m/s) -> threat=150.74
  track 4 (ASM, d=3.6km, v=0m/s) -> threat=101.28

[DECISION] t=250.7s | tracks=3 | weapons=0 available
  track 6 (FIGHTER, d=7.3km, v=300m/s) -> threat=150.84
  track 12 (FIGHTER, d=22.7km, v=300m/s) -> threat=150.74
  track 4 (ASM, d=3.6km, v=0m/s) -> threat=101.28

[DECISION] t=66.8s | tracks=3 | weapons=0 available
  track 6 (FIGHTER, d=7.1km, v=300m/s) -> threat=150.84
  track 12 (FIGHTER, d=22.7km, v=300m/s) -> threat=150.74
  track 4 (ASM, d=3.6km, v=0m/s) -> threat=101.28

[DECISION] t=67.0s | tracks=2 | weapons=0 available
  track 12 (FIGHTER, d=22.9km, v=300m/s) -> threat=150.74
  track 4 (ASM, d=3.6km, v=0m/s) -> threat=101.28
  [KILLED] 00:03:26.2 WEAPON_HIT radar1 asm1 radar1_aim120_sim_4_1 Engagement: 4 Start_Time: 00:03:17.0   Intercept_Pk: 1 Pk_Degrad
  [KILLED] 00:03:26.2 WEAPON_TERMINATED radar1 asm1 radar1_aim120_sim_4_1 Engagement: 4 Start_Time: 00:03:17.0   Intercept_Pk: 1 Pk
  [KILLED] 00:03:28.1 WEAPON_HIT radar1 asm2 radar1_aim120_sim_5_1 Engagement: 5 Start_Time: 00:03:17.0   Intercept_Pk: 1 Pk_Degrad
  [KILL_FEEDBACK] track 2 (asm2) marked killed via EVT
  [KILLED] 00:03:28.1 WEAPON_TERMINATED radar1 asm2 radar1_aim120_sim_5_1 Engagement: 5 Start_Time: 00:03:17.0   Intercept_Pk: 1 Pk

[DECISION] t=251.3s | tracks=2 | weapons=0 available
  track 12 (FIGHTER, d=22.9km, v=300m/s) -> threat=150.74
  track 4 (ASM, d=3.6km, v=0m/s) -> threat=101.28

[DECISION] t=67.2s | tracks=3 | weapons=0 available
  track 6 (FIGHTER, d=7.0km, v=300m/s) -> threat=150.84
  track 12 (FIGHTER, d=22.9km, v=300m/s) -> threat=150.74
  track 4 (ASM, d=3.6km, v=0m/s) -> threat=101.28

[DECISION] t=67.6s | tracks=3 | weapons=0 available
  track 6 (FIGHTER, d=7.0km, v=300m/s) -> threat=150.84
  track 12 (FIGHTER, d=22.9km, v=300m/s) -> threat=150.74
  track 4 (ASM, d=3.6km, v=0m/s) -> threat=101.28

[DECISION] t=67.8s | tracks=3 | weapons=0 available
  track 6 (FIGHTER, d=7.0km, v=300m/s) -> threat=150.84
  track 12 (FIGHTER, d=22.9km, v=300m/s) -> threat=150.74
  track 4 (ASM, d=3.6km, v=0m/s) -> threat=101.28

[DECISION] t=68.0s | tracks=3 | weapons=0 available
  track 6 (FIGHTER, d=7.0km, v=300m/s) -> threat=150.84
  track 12 (FIGHTER, d=22.9km, v=300m/s) -> threat=150.74
  track 4 (ASM, d=3.6km, v=0m/s) -> threat=101.28

[DECISION] t=68.2s | tracks=3 | weapons=0 available
  track 6 (FIGHTER, d=7.0km, v=300m/s) -> threat=150.84
  track 12 (FIGHTER, d=22.9km, v=300m/s) -> threat=150.74
  track 4 (ASM, d=3.6km, v=0m/s) -> threat=101.28

[DECISION] t=252.5s | tracks=2 | weapons=0 available
  track 12 (FIGHTER, d=23.3km, v=300m/s) -> threat=150.74
  track 4 (ASM, d=3.6km, v=0m/s) -> threat=101.28

[DECISION] t=252.7s | tracks=2 | weapons=0 available
  track 12 (FIGHTER, d=23.3km, v=300m/s) -> threat=150.74
  track 4 (ASM, d=3.6km, v=0m/s) -> threat=101.28

[DECISION] t=252.9s | tracks=2 | weapons=0 available
  track 12 (FIGHTER, d=23.3km, v=300m/s) -> threat=150.74
  track 4 (ASM, d=3.6km, v=0m/s) -> threat=101.28

[DECISION] t=0.0s | tracks=3 | weapons=0 available
  track 6 (FIGHTER, d=6.5km, v=300m/s) -> threat=150.85
  track 12 (FIGHTER, d=23.3km, v=300m/s) -> threat=150.74
  track 4 (ASM, d=3.6km, v=0m/s) -> threat=101.28

[DECISION] t=69.0s | tracks=3 | weapons=0 available
  track 6 (FIGHTER, d=6.4km, v=300m/s) -> threat=150.86
  track 12 (FIGHTER, d=23.3km, v=300m/s) -> threat=150.74
  track 4 (ASM, d=3.6km, v=0m/s) -> threat=101.28

[DECISION] t=253.5s | tracks=2 | weapons=0 available
  track 12 (FIGHTER, d=23.6km, v=300m/s) -> threat=150.74
  track 4 (ASM, d=3.6km, v=0m/s) -> threat=101.28

[DECISION] t=253.7s | tracks=2 | weapons=0 available
  track 12 (FIGHTER, d=23.6km, v=300m/s) -> threat=150.74
  track 4 (ASM, d=3.6km, v=0m/s) -> threat=101.28

[DECISION] t=69.6s | tracks=3 | weapons=0 available
  track 6 (FIGHTER, d=6.2km, v=300m/s) -> threat=150.86
  track 12 (FIGHTER, d=23.6km, v=300m/s) -> threat=150.74
  track 4 (ASM, d=3.6km, v=0m/s) -> threat=101.28

[DECISION] t=254.1s | tracks=2 | weapons=0 available
  track 12 (FIGHTER, d=23.8km, v=300m/s) -> threat=150.74
  track 4 (ASM, d=3.6km, v=0m/s) -> threat=101.28

[DECISION] t=254.3s | tracks=2 | weapons=0 available
  track 12 (FIGHTER, d=23.8km, v=300m/s) -> threat=150.74
  track 4 (ASM, d=3.6km, v=0m/s) -> threat=101.28

[DECISION] t=254.5s | tracks=3 | weapons=0 available
  track 6 (FIGHTER, d=6.1km, v=300m/s) -> threat=150.86
  track 12 (FIGHTER, d=23.8km, v=300m/s) -> threat=150.74
  track 4 (ASM, d=3.6km, v=0m/s) -> threat=101.28

[DECISION] t=254.7s | tracks=3 | weapons=0 available
  track 6 (FIGHTER, d=6.1km, v=300m/s) -> threat=150.86
  track 12 (FIGHTER, d=24.0km, v=300m/s) -> threat=150.74
  track 4 (ASM, d=3.6km, v=0m/s) -> threat=101.28

[DECISION] t=70.8s | tracks=3 | weapons=0 available
  track 6 (FIGHTER, d=6.1km, v=300m/s) -> threat=150.86
  track 12 (FIGHTER, d=24.0km, v=300m/s) -> threat=150.74
  track 4 (ASM, d=3.6km, v=0m/s) -> threat=101.28

[DECISION] t=255.1s | tracks=2 | weapons=0 available
  track 12 (FIGHTER, d=24.1km, v=300m/s) -> threat=150.74
  track 4 (ASM, d=3.6km, v=0m/s) -> threat=101.28

[DECISION] t=255.5s | tracks=3 | weapons=0 available
  track 6 (FIGHTER, d=5.8km, v=300m/s) -> threat=150.87
  track 12 (FIGHTER, d=24.1km, v=300m/s) -> threat=150.74
  track 4 (ASM, d=3.6km, v=0m/s) -> threat=101.28

[DECISION] t=255.7s | tracks=2 | weapons=0 available
  track 12 (FIGHTER, d=24.2km, v=300m/s) -> threat=150.74
  track 4 (ASM, d=3.6km, v=0m/s) -> threat=101.28

[DECISION] t=71.8s | tracks=3 | weapons=0 available
  track 6 (FIGHTER, d=5.6km, v=300m/s) -> threat=150.88
  track 12 (FIGHTER, d=24.2km, v=300m/s) -> threat=150.74
  track 4 (ASM, d=3.6km, v=0m/s) -> threat=101.28
  [KILLED] 00:03:26.2 WEAPON_HIT radar1 asm1 radar1_aim120_sim_4_1 Engagement: 4 Start_Time: 00:03:17.0   Intercept_Pk: 1 Pk_Degrad
  [KILLED] 00:03:26.2 WEAPON_TERMINATED radar1 asm1 radar1_aim120_sim_4_1 Engagement: 4 Start_Time: 00:03:17.0   Intercept_Pk: 1 Pk
  [KILLED] 00:03:28.1 WEAPON_HIT radar1 asm2 radar1_aim120_sim_5_1 Engagement: 5 Start_Time: 00:03:17.0   Intercept_Pk: 1 Pk_Degrad
  [KILL_FEEDBACK] track 2 (asm2) marked killed via EVT
  [KILLED] 00:03:28.1 WEAPON_TERMINATED radar1 asm2 radar1_aim120_sim_5_1 Engagement: 5 Start_Time: 00:03:17.0   Intercept_Pk: 1 Pk

[DECISION] t=256.2s | tracks=2 | weapons=0 available
  track 12 (FIGHTER, d=24.4km, v=300m/s) -> threat=150.74
  track 4 (ASM, d=3.6km, v=0m/s) -> threat=101.28

[DECISION] t=256.4s | tracks=3 | weapons=0 available
  track 6 (FIGHTER, d=5.5km, v=300m/s) -> threat=150.88
  track 12 (FIGHTER, d=24.4km, v=300m/s) -> threat=150.74
  track 4 (ASM, d=3.6km, v=0m/s) -> threat=101.28

[DECISION] t=72.6s | tracks=3 | weapons=0 available
  track 6 (FIGHTER, d=5.5km, v=300m/s) -> threat=150.88
  track 12 (FIGHTER, d=24.4km, v=300m/s) -> threat=150.74
  track 4 (ASM, d=3.6km, v=0m/s) -> threat=101.28

[DECISION] t=256.9s | tracks=3 | weapons=0 available
  track 6 (FIGHTER, d=5.5km, v=300m/s) -> threat=150.88
  track 12 (FIGHTER, d=24.4km, v=300m/s) -> threat=150.74
  track 4 (ASM, d=3.6km, v=0m/s) -> threat=101.28

[DECISION] t=0.0s | tracks=3 | weapons=0 available
  track 6 (FIGHTER, d=5.3km, v=300m/s) -> threat=150.89
  track 12 (FIGHTER, d=24.4km, v=300m/s) -> threat=150.74
  track 4 (ASM, d=3.6km, v=0m/s) -> threat=101.28

[DECISION] t=73.2s | tracks=3 | weapons=0 available
  track 6 (FIGHTER, d=5.2km, v=300m/s) -> threat=150.89
  track 12 (FIGHTER, d=24.4km, v=300m/s) -> threat=150.74
  track 4 (ASM, d=3.6km, v=0m/s) -> threat=101.28

[DECISION] t=257.3s | tracks=3 | weapons=0 available
  track 6 (FIGHTER, d=5.2km, v=300m/s) -> threat=150.89
  track 12 (FIGHTER, d=24.4km, v=300m/s) -> threat=150.74
  track 4 (ASM, d=3.6km, v=0m/s) -> threat=101.28

[DECISION] t=74.0s | tracks=2 | weapons=0 available
  track 12 (FIGHTER, d=24.8km, v=300m/s) -> threat=150.74
  track 4 (ASM, d=3.6km, v=0m/s) -> threat=101.28

[DECISION] t=258.0s | tracks=2 | weapons=0 available
  track 12 (FIGHTER, d=25.0km, v=300m/s) -> threat=150.74
  track 4 (ASM, d=3.6km, v=0m/s) -> threat=101.28

[DECISION] t=74.6s | tracks=2 | weapons=0 available
  track 12 (FIGHTER, d=25.0km, v=300m/s) -> threat=150.74
  track 4 (ASM, d=3.6km, v=0m/s) -> threat=101.28

[DECISION] t=258.3s | tracks=2 | weapons=0 available
  track 12 (FIGHTER, d=25.0km, v=300m/s) -> threat=150.74
  track 4 (ASM, d=3.6km, v=0m/s) -> threat=101.28

[DECISION] t=258.5s | tracks=2 | weapons=0 available
  track 12 (FIGHTER, d=25.1km, v=300m/s) -> threat=150.74
  track 4 (ASM, d=3.6km, v=0m/s) -> threat=101.28

[DECISION] t=75.2s | tracks=2 | weapons=0 available
  track 12 (FIGHTER, d=25.1km, v=300m/s) -> threat=150.74
  track 4 (ASM, d=3.6km, v=0m/s) -> threat=101.28

[DECISION] t=258.9s | tracks=2 | weapons=0 available
  track 12 (FIGHTER, d=25.1km, v=300m/s) -> threat=150.74
  track 4 (ASM, d=3.6km, v=0m/s) -> threat=101.28

[DECISION] t=75.6s | tracks=2 | weapons=0 available
  track 12 (FIGHTER, d=25.1km, v=300m/s) -> threat=150.74
  track 4 (ASM, d=3.6km, v=0m/s) -> threat=101.28

[DECISION] t=259.8s | tracks=3 | weapons=0 available
  track 6 (FIGHTER, d=4.4km, v=300m/s) -> threat=150.93
  track 12 (FIGHTER, d=25.1km, v=300m/s) -> threat=150.74
  track 4 (ASM, d=3.6km, v=0m/s) -> threat=101.28
  [KILLED] 00:03:26.2 WEAPON_HIT radar1 asm1 radar1_aim120_sim_4_1 Engagement: 4 Start_Time: 00:03:17.0   Intercept_Pk: 1 Pk_Degrad
  [KILLED] 00:03:26.2 WEAPON_TERMINATED radar1 asm1 radar1_aim120_sim_4_1 Engagement: 4 Start_Time: 00:03:17.0   Intercept_Pk: 1 Pk
  [KILLED] 00:03:28.1 WEAPON_HIT radar1 asm2 radar1_aim120_sim_5_1 Engagement: 5 Start_Time: 00:03:17.0   Intercept_Pk: 1 Pk_Degrad
  [KILL_FEEDBACK] track 2 (asm2) marked killed via EVT
  [KILLED] 00:03:28.1 WEAPON_TERMINATED radar1 asm2 radar1_aim120_sim_5_1 Engagement: 5 Start_Time: 00:03:17.0   Intercept_Pk: 1 Pk

[DECISION] t=77.0s | tracks=3 | weapons=0 available
  track 6 (FIGHTER, d=4.4km, v=300m/s) -> threat=150.93
  track 12 (FIGHTER, d=25.1km, v=300m/s) -> threat=150.74
  track 4 (ASM, d=3.6km, v=0m/s) -> threat=101.28

[DECISION] t=260.3s | tracks=2 | weapons=0 available
  track 12 (FIGHTER, d=25.6km, v=300m/s) -> threat=150.74
  track 4 (ASM, d=3.6km, v=0m/s) -> threat=101.28

[DECISION] t=260.6s | tracks=2 | weapons=0 available
  track 12 (FIGHTER, d=25.6km, v=300m/s) -> threat=150.74
  track 4 (ASM, d=3.6km, v=0m/s) -> threat=101.28

[DECISION] t=78.0s | tracks=3 | weapons=0 available
  track 6 (FIGHTER, d=3.8km, v=300m/s) -> threat=150.96
  track 12 (FIGHTER, d=25.6km, v=300m/s) -> threat=150.74
  track 4 (ASM, d=3.6km, v=0m/s) -> threat=101.28

[DECISION] t=261.0s | tracks=2 | weapons=0 available
  track 12 (FIGHTER, d=25.9km, v=300m/s) -> threat=150.74
  track 4 (ASM, d=3.6km, v=0m/s) -> threat=101.28

[DECISION] t=78.4s | tracks=2 | weapons=0 available
  track 12 (FIGHTER, d=25.9km, v=300m/s) -> threat=150.74
  track 4 (ASM, d=3.6km, v=0m/s) -> threat=101.28

[DECISION] t=0.0s | tracks=2 | weapons=0 available
  track 12 (FIGHTER, d=25.9km, v=300m/s) -> threat=150.74
  track 4 (ASM, d=3.6km, v=0m/s) -> threat=101.28

[DECISION] t=261.8s | tracks=2 | weapons=0 available
  track 12 (FIGHTER, d=25.9km, v=300m/s) -> threat=150.74
  track 4 (ASM, d=3.6km, v=0m/s) -> threat=101.28

[DECISION] t=261.9s | tracks=2 | weapons=0 available
  track 12 (FIGHTER, d=26.1km, v=300m/s) -> threat=150.74
  track 4 (ASM, d=3.6km, v=0m/s) -> threat=101.28

[DECISION] t=79.6s | tracks=2 | weapons=0 available
  track 12 (FIGHTER, d=26.1km, v=300m/s) -> threat=150.74
  track 4 (ASM, d=3.6km, v=0m/s) -> threat=101.28

[DECISION] t=262.3s | tracks=2 | weapons=0 available
  track 12 (FIGHTER, d=26.1km, v=300m/s) -> threat=150.74
  track 4 (ASM, d=3.6km, v=0m/s) -> threat=101.28

[DECISION] t=80.2s | tracks=2 | weapons=0 available
  track 12 (FIGHTER, d=26.1km, v=300m/s) -> threat=150.74
  track 4 (ASM, d=3.6km, v=0m/s) -> threat=101.28

[DECISION] t=80.4s | tracks=2 | weapons=0 available
  track 12 (FIGHTER, d=26.3km, v=300m/s) -> threat=150.74
  track 4 (ASM, d=3.6km, v=0m/s) -> threat=101.28

[DECISION] t=80.6s | tracks=2 | weapons=0 available
  track 12 (FIGHTER, d=26.3km, v=300m/s) -> threat=150.74
  track 4 (ASM, d=3.6km, v=0m/s) -> threat=101.28

[DECISION] t=262.9s | tracks=2 | weapons=0 available
  track 12 (FIGHTER, d=26.5km, v=300m/s) -> threat=150.74
  track 4 (ASM, d=3.6km, v=0m/s) -> threat=101.28

[DECISION] t=263.0s | tracks=2 | weapons=0 available
  track 12 (FIGHTER, d=26.5km, v=300m/s) -> threat=150.74
  track 4 (ASM, d=3.6km, v=0m/s) -> threat=101.28

[DECISION] t=81.2s | tracks=2 | weapons=0 available
  track 12 (FIGHTER, d=26.5km, v=300m/s) -> threat=150.74
  track 4 (ASM, d=3.6km, v=0m/s) -> threat=101.28
  [KILLED] 00:03:26.2 WEAPON_HIT radar1 asm1 radar1_aim120_sim_4_1 Engagement: 4 Start_Time: 00:03:17.0   Intercept_Pk: 1 Pk_Degrad
  [KILLED] 00:03:26.2 WEAPON_TERMINATED radar1 asm1 radar1_aim120_sim_4_1 Engagement: 4 Start_Time: 00:03:17.0   Intercept_Pk: 1 Pk
  [KILLED] 00:03:28.1 WEAPON_HIT radar1 asm2 radar1_aim120_sim_5_1 Engagement: 5 Start_Time: 00:03:17.0   Intercept_Pk: 1 Pk_Degrad
  [KILL_FEEDBACK] track 2 (asm2) marked killed via EVT
  [KILLED] 00:03:28.1 WEAPON_TERMINATED radar1 asm2 radar1_aim120_sim_5_1 Engagement: 5 Start_Time: 00:03:17.0   Intercept_Pk: 1 Pk

[DECISION] t=81.8s | tracks=3 | weapons=0 available
  track 6 (FIGHTER, d=2.6km, v=300m/s) -> threat=151.08
  track 12 (FIGHTER, d=26.5km, v=300m/s) -> threat=150.74
  track 4 (ASM, d=3.6km, v=0m/s) -> threat=101.28

[DECISION] t=263.8s | tracks=3 | weapons=0 available
  track 6 (FIGHTER, d=2.6km, v=300m/s) -> threat=151.08
  track 12 (FIGHTER, d=26.5km, v=300m/s) -> threat=150.74
  track 4 (ASM, d=3.6km, v=0m/s) -> threat=101.28

[DECISION] t=82.4s | tracks=3 | weapons=0 available
  track 6 (FIGHTER, d=2.6km, v=300m/s) -> threat=151.08
  track 12 (FIGHTER, d=26.5km, v=300m/s) -> threat=150.74
  track 4 (ASM, d=3.6km, v=0m/s) -> threat=101.28

[DECISION] t=264.2s | tracks=2 | weapons=0 available
  track 12 (FIGHTER, d=26.8km, v=300m/s) -> threat=150.74
  track 4 (ASM, d=3.6km, v=0m/s) -> threat=101.28

[DECISION] t=264.3s | tracks=2 | weapons=0 available
  track 12 (FIGHTER, d=26.8km, v=300m/s) -> threat=150.74
  track 4 (ASM, d=3.6km, v=0m/s) -> threat=101.28

[DECISION] t=0.0s | tracks=2 | weapons=0 available
  track 12 (FIGHTER, d=26.9km, v=300m/s) -> threat=150.74
  track 4 (ASM, d=3.6km, v=0m/s) -> threat=101.28

[DECISION] t=83.2s | tracks=3 | weapons=0 available
  track 6 (FIGHTER, d=2.2km, v=300m/s) -> threat=151.16
  track 12 (FIGHTER, d=26.9km, v=300m/s) -> threat=150.74
  track 4 (ASM, d=3.6km, v=0m/s) -> threat=101.28

[DECISION] t=264.8s | tracks=2 | weapons=0 available
  track 12 (FIGHTER, d=26.9km, v=300m/s) -> threat=150.74
  track 4 (ASM, d=3.6km, v=0m/s) -> threat=101.28

[DECISION] t=83.8s | tracks=3 | weapons=0 available
  track 6 (FIGHTER, d=2.0km, v=300m/s) -> threat=151.19
  track 12 (FIGHTER, d=27.1km, v=300m/s) -> threat=150.74
  track 4 (ASM, d=3.6km, v=0m/s) -> threat=101.28

[DECISION] t=265.3s | tracks=2 | weapons=0 available
  track 12 (FIGHTER, d=27.1km, v=300m/s) -> threat=150.74
  track 4 (ASM, d=3.6km, v=0m/s) -> threat=101.28

[DECISION] t=265.5s | tracks=3 | weapons=0 available
  track 6 (FIGHTER, d=1.9km, v=300m/s) -> threat=151.23
  track 12 (FIGHTER, d=27.1km, v=300m/s) -> threat=150.74
  track 4 (ASM, d=3.6km, v=0m/s) -> threat=101.28

[DECISION] t=265.6s | tracks=2 | weapons=0 available
  track 12 (FIGHTER, d=27.2km, v=300m/s) -> threat=150.74
  track 4 (ASM, d=3.6km, v=0m/s) -> threat=101.28

[DECISION] t=266.0s | tracks=3 | weapons=0 available
  track 6 (FIGHTER, d=1.7km, v=300m/s) -> threat=151.28
  track 12 (FIGHTER, d=27.2km, v=300m/s) -> threat=150.74
  track 4 (ASM, d=3.6km, v=0m/s) -> threat=101.28

[DECISION] t=266.2s | tracks=2 | weapons=0 available
  track 12 (FIGHTER, d=27.4km, v=300m/s) -> threat=150.74
  track 4 (ASM, d=3.6km, v=0m/s) -> threat=101.28
  [KILLED] 00:03:26.2 WEAPON_HIT radar1 asm1 radar1_aim120_sim_4_1 Engagement: 4 Start_Time: 00:03:17.0   Intercept_Pk: 1 Pk_Degrad
  [KILLED] 00:03:26.2 WEAPON_TERMINATED radar1 asm1 radar1_aim120_sim_4_1 Engagement: 4 Start_Time: 00:03:17.0   Intercept_Pk: 1 Pk
  [KILLED] 00:03:28.1 WEAPON_HIT radar1 asm2 radar1_aim120_sim_5_1 Engagement: 5 Start_Time: 00:03:17.0   Intercept_Pk: 1 Pk_Degrad
  [KILL_FEEDBACK] track 2 (asm2) marked killed via EVT
  [KILLED] 00:03:28.1 WEAPON_TERMINATED radar1 asm2 radar1_aim120_sim_5_1 Engagement: 5 Start_Time: 00:03:17.0   Intercept_Pk: 1 Pk

[DECISION] t=266.5s | tracks=2 | weapons=0 available
  track 12 (FIGHTER, d=27.5km, v=300m/s) -> threat=150.74
  track 4 (ASM, d=3.6km, v=0m/s) -> threat=101.28

[DECISION] t=85.8s | tracks=2 | weapons=0 available
  track 12 (FIGHTER, d=27.5km, v=300m/s) -> threat=150.74
  track 4 (ASM, d=3.6km, v=0m/s) -> threat=101.28

[DECISION] t=86.0s | tracks=2 | weapons=0 available
  track 12 (FIGHTER, d=27.5km, v=300m/s) -> threat=150.74
  track 4 (ASM, d=3.6km, v=0m/s) -> threat=101.28

[DECISION] t=267.1s | tracks=2 | weapons=0 available
  track 12 (FIGHTER, d=27.7km, v=300m/s) -> threat=150.74
  track 4 (ASM, d=3.6km, v=0m/s) -> threat=101.28

[DECISION] t=86.4s | tracks=3 | weapons=0 available
  track 6 (FIGHTER, d=1.3km, v=300m/s) -> threat=151.49
  track 12 (FIGHTER, d=27.7km, v=300m/s) -> threat=150.74
  track 4 (ASM, d=3.6km, v=0m/s) -> threat=101.28

[DECISION] t=86.6s | tracks=3 | weapons=0 available
  track 6 (FIGHTER, d=1.1km, v=300m/s) -> threat=151.59
  track 12 (FIGHTER, d=27.7km, v=300m/s) -> threat=150.74
  track 4 (ASM, d=3.6km, v=0m/s) -> threat=101.28

[DECISION] t=267.5s | tracks=2 | weapons=0 available
  track 12 (FIGHTER, d=27.8km, v=300m/s) -> threat=150.74
  track 4 (ASM, d=3.6km, v=0m/s) -> threat=101.28

[DECISION] t=267.6s | tracks=2 | weapons=0 available
  track 12 (FIGHTER, d=27.8km, v=300m/s) -> threat=150.74
  track 4 (ASM, d=3.6km, v=0m/s) -> threat=101.28

[DECISION] t=268.0s | tracks=2 | weapons=0 available
  track 12 (FIGHTER, d=28.0km, v=300m/s) -> threat=150.74
  track 4 (ASM, d=3.6km, v=0m/s) -> threat=101.28

[DECISION] t=268.2s | tracks=2 | weapons=0 available
  track 12 (FIGHTER, d=28.0km, v=300m/s) -> threat=150.74
  track 4 (ASM, d=3.6km, v=0m/s) -> threat=101.28

[DECISION] t=268.3s | tracks=2 | weapons=0 available
  track 12 (FIGHTER, d=28.0km, v=300m/s) -> threat=150.74
  track 4 (ASM, d=3.6km, v=0m/s) -> threat=101.28

[DECISION] t=0.0s | tracks=2 | weapons=0 available
  track 12 (FIGHTER, d=28.2km, v=300m/s) -> threat=150.74
  track 4 (ASM, d=3.6km, v=0m/s) -> threat=101.28

[DECISION] t=88.0s | tracks=2 | weapons=0 available
  track 12 (FIGHTER, d=28.2km, v=300m/s) -> threat=150.74
  track 4 (ASM, d=3.6km, v=0m/s) -> threat=101.28

[DECISION] t=268.7s | tracks=2 | weapons=0 available
  track 12 (FIGHTER, d=28.2km, v=300m/s) -> threat=150.74
  track 4 (ASM, d=3.6km, v=0m/s) -> threat=101.28

[DECISION] t=268.9s | tracks=2 | weapons=0 available
  track 12 (FIGHTER, d=28.2km, v=300m/s) -> threat=150.74
  track 4 (ASM, d=3.6km, v=0m/s) -> threat=101.28

[DECISION] t=88.8s | tracks=2 | weapons=0 available
  track 12 (FIGHTER, d=28.2km, v=300m/s) -> threat=150.74
  track 4 (ASM, d=3.6km, v=0m/s) -> threat=101.28

[DECISION] t=89.0s | tracks=2 | weapons=0 available
  track 12 (FIGHTER, d=28.2km, v=300m/s) -> threat=150.74
  track 4 (ASM, d=3.6km, v=0m/s) -> threat=101.28

[DECISION] t=269.5s | tracks=2 | weapons=0 available
  track 12 (FIGHTER, d=28.4km, v=300m/s) -> threat=150.74
  track 4 (ASM, d=3.6km, v=0m/s) -> threat=101.28
  [KILLED] 00:03:26.2 WEAPON_HIT radar1 asm1 radar1_aim120_sim_4_1 Engagement: 4 Start_Time: 00:03:17.0   Intercept_Pk: 1 Pk_Degrad
  [KILLED] 00:03:26.2 WEAPON_TERMINATED radar1 asm1 radar1_aim120_sim_4_1 Engagement: 4 Start_Time: 00:03:17.0   Intercept_Pk: 1 Pk
  [KILLED] 00:03:28.1 WEAPON_HIT radar1 asm2 radar1_aim120_sim_5_1 Engagement: 5 Start_Time: 00:03:17.0   Intercept_Pk: 1 Pk_Degrad
  [KILL_FEEDBACK] track 2 (asm2) marked killed via EVT
  [KILLED] 00:03:28.1 WEAPON_TERMINATED radar1 asm2 radar1_aim120_sim_5_1 Engagement: 5 Start_Time: 00:03:17.0   Intercept_Pk: 1 Pk

[DECISION] t=269.8s | tracks=2 | weapons=0 available
  track 12 (FIGHTER, d=28.4km, v=300m/s) -> threat=150.74
  track 4 (ASM, d=3.6km, v=0m/s) -> threat=101.28

[DECISION] t=89.8s | tracks=2 | weapons=0 available
  track 12 (FIGHTER, d=28.6km, v=300m/s) -> threat=150.73
  track 4 (ASM, d=3.6km, v=0m/s) -> threat=101.28

[DECISION] t=270.1s | tracks=2 | weapons=0 available
  track 12 (FIGHTER, d=28.6km, v=300m/s) -> threat=150.73
  track 4 (ASM, d=3.6km, v=0m/s) -> threat=101.28

[DECISION] t=270.3s | tracks=2 | weapons=0 available
  track 12 (FIGHTER, d=28.6km, v=300m/s) -> threat=150.73
  track 4 (ASM, d=3.6km, v=0m/s) -> threat=101.28

[DECISION] t=270.5s | tracks=2 | weapons=0 available
  track 12 (FIGHTER, d=28.7km, v=300m/s) -> threat=150.73
  track 4 (ASM, d=3.6km, v=0m/s) -> threat=101.28

[DECISION] t=270.7s | tracks=2 | weapons=0 available
  track 12 (FIGHTER, d=28.7km, v=300m/s) -> threat=150.73
  track 4 (ASM, d=3.6km, v=0m/s) -> threat=101.28

[DECISION] t=271.0s | tracks=2 | weapons=0 available
  track 12 (FIGHTER, d=28.9km, v=300m/s) -> threat=150.73
  track 4 (ASM, d=3.6km, v=0m/s) -> threat=101.28

[DECISION] t=271.2s | tracks=2 | weapons=0 available
  track 12 (FIGHTER, d=28.9km, v=300m/s) -> threat=150.73
  track 4 (ASM, d=3.6km, v=0m/s) -> threat=101.28

[DECISION] t=271.7s | tracks=2 | weapons=0 available
  track 12 (FIGHTER, d=28.9km, v=300m/s) -> threat=150.73
  track 4 (ASM, d=3.6km, v=0m/s) -> threat=101.28

[DECISION] t=272.0s | tracks=2 | weapons=0 available
  track 12 (FIGHTER, d=28.9km, v=300m/s) -> threat=150.73
  track 4 (ASM, d=3.6km, v=0m/s) -> threat=101.28

[DECISION] t=272.2s | tracks=2 | weapons=0 available
  track 12 (FIGHTER, d=28.9km, v=300m/s) -> threat=150.73
  track 4 (ASM, d=3.6km, v=0m/s) -> threat=101.28

[DECISION] t=0.0s | tracks=3 | weapons=0 available
  track 8 (FIGHTER, d=8.8km, v=300m/s) -> threat=150.81
  track 12 (FIGHTER, d=29.2km, v=300m/s) -> threat=150.73
  track 4 (ASM, d=3.6km, v=0m/s) -> threat=101.28

[DECISION] t=92.6s | tracks=3 | weapons=0 available
  track 8 (FIGHTER, d=8.8km, v=300m/s) -> threat=150.81
  track 12 (FIGHTER, d=29.2km, v=300m/s) -> threat=150.73
  track 4 (ASM, d=3.6km, v=0m/s) -> threat=101.28

[DECISION] t=92.8s | tracks=3 | weapons=0 available
  track 8 (FIGHTER, d=8.8km, v=300m/s) -> threat=150.81
  track 12 (FIGHTER, d=29.2km, v=300m/s) -> threat=150.73
  track 4 (ASM, d=3.6km, v=0m/s) -> threat=101.28

[DECISION] t=93.0s | tracks=4 | weapons=0 available
  track 6 (FIGHTER, d=0.7km, v=300m/s) -> threat=152.16
  track 8 (FIGHTER, d=8.7km, v=300m/s) -> threat=150.82
  track 12 (FIGHTER, d=29.2km, v=300m/s) -> threat=150.73
  track 4 (ASM, d=3.6km, v=0m/s) -> threat=101.28

[DECISION] t=273.1s | tracks=4 | weapons=0 available
  track 6 (FIGHTER, d=0.7km, v=300m/s) -> threat=152.16
  track 8 (FIGHTER, d=8.7km, v=300m/s) -> threat=150.82
  track 12 (FIGHTER, d=29.2km, v=300m/s) -> threat=150.73
  track 4 (ASM, d=3.6km, v=0m/s) -> threat=101.28

[DECISION] t=93.4s | tracks=4 | weapons=0 available
  track 6 (FIGHTER, d=0.8km, v=300m/s) -> threat=151.89
  track 8 (FIGHTER, d=8.5km, v=300m/s) -> threat=150.82
  track 12 (FIGHTER, d=29.2km, v=300m/s) -> threat=150.73
  track 4 (ASM, d=3.6km, v=0m/s) -> threat=101.28

[DECISION] t=273.4s | tracks=2 | weapons=0 available
  track 12 (FIGHTER, d=29.5km, v=300m/s) -> threat=150.73
  track 4 (ASM, d=3.6km, v=0m/s) -> threat=101.28
  [KILLED] 00:03:26.2 WEAPON_HIT radar1 asm1 radar1_aim120_sim_4_1 Engagement: 4 Start_Time: 00:03:17.0   Intercept_Pk: 1 Pk_Degrad
  [KILLED] 00:03:26.2 WEAPON_TERMINATED radar1 asm1 radar1_aim120_sim_4_1 Engagement: 4 Start_Time: 00:03:17.0   Intercept_Pk: 1 Pk
  [KILLED] 00:03:28.1 WEAPON_HIT radar1 asm2 radar1_aim120_sim_5_1 Engagement: 5 Start_Time: 00:03:17.0   Intercept_Pk: 1 Pk_Degrad
  [KILL_FEEDBACK] track 2 (asm2) marked killed via EVT
  [KILLED] 00:03:28.1 WEAPON_TERMINATED radar1 asm2 radar1_aim120_sim_5_1 Engagement: 5 Start_Time: 00:03:17.0   Intercept_Pk: 1 Pk

[DECISION] t=273.7s | tracks=2 | weapons=0 available
  track 12 (FIGHTER, d=29.5km, v=300m/s) -> threat=150.73
  track 4 (ASM, d=3.6km, v=0m/s) -> threat=101.28

[DECISION] t=273.8s | tracks=2 | weapons=0 available
  track 12 (FIGHTER, d=29.6km, v=300m/s) -> threat=150.73
  track 4 (ASM, d=3.6km, v=0m/s) -> threat=101.28

[DECISION] t=94.4s | tracks=4 | weapons=0 available
  track 6 (FIGHTER, d=1.1km, v=300m/s) -> threat=151.58
  track 8 (FIGHTER, d=8.2km, v=300m/s) -> threat=150.82
  track 12 (FIGHTER, d=29.6km, v=300m/s) -> threat=150.73
  track 4 (ASM, d=3.6km, v=0m/s) -> threat=101.28

[DECISION] t=274.0s | tracks=2 | weapons=0 available
  track 12 (FIGHTER, d=29.7km, v=300m/s) -> threat=150.73
  track 4 (ASM, d=3.6km, v=0m/s) -> threat=101.28

[DECISION] t=94.6s | tracks=4 | weapons=0 available
  track 6 (FIGHTER, d=1.3km, v=300m/s) -> threat=151.48
  track 8 (FIGHTER, d=8.2km, v=300m/s) -> threat=150.82
  track 12 (FIGHTER, d=29.7km, v=300m/s) -> threat=150.73
  track 4 (ASM, d=3.6km, v=0m/s) -> threat=101.28

[DECISION] t=274.2s | tracks=2 | weapons=0 available
  track 12 (FIGHTER, d=29.7km, v=300m/s) -> threat=150.73
  track 4 (ASM, d=3.6km, v=0m/s) -> threat=101.28

[DECISION] t=95.0s | tracks=2 | weapons=0 available
  track 12 (FIGHTER, d=29.7km, v=300m/s) -> threat=150.73
  track 4 (ASM, d=3.6km, v=0m/s) -> threat=101.28

[DECISION] t=95.2s | tracks=2 | weapons=0 available
  track 12 (FIGHTER, d=29.9km, v=300m/s) -> threat=150.73
  track 4 (ASM, d=3.6km, v=0m/s) -> threat=101.28

[DECISION] t=274.9s | tracks=4 | weapons=0 available
  track 6 (FIGHTER, d=1.6km, v=300m/s) -> threat=151.33
  track 8 (FIGHTER, d=7.9km, v=300m/s) -> threat=150.83
  track 12 (FIGHTER, d=29.9km, v=300m/s) -> threat=150.73
  track 4 (ASM, d=3.6km, v=0m/s) -> threat=101.28

[DECISION] t=275.1s | tracks=4 | weapons=0 available
  track 6 (FIGHTER, d=1.6km, v=300m/s) -> threat=151.33
  track 8 (FIGHTER, d=7.9km, v=300m/s) -> threat=150.83
  track 12 (FIGHTER, d=29.9km, v=300m/s) -> threat=150.73
  track 4 (ASM, d=3.6km, v=0m/s) -> threat=101.28

[DECISION] t=0.0s | tracks=4 | weapons=0 available
  track 6 (FIGHTER, d=1.6km, v=300m/s) -> threat=151.33
  track 8 (FIGHTER, d=7.9km, v=300m/s) -> threat=150.83
  track 12 (FIGHTER, d=29.9km, v=300m/s) -> threat=150.73
  track 4 (ASM, d=3.6km, v=0m/s) -> threat=101.28

[DECISION] t=275.5s | tracks=1 | weapons=0 available
  track 4 (ASM, d=3.6km, v=0m/s) -> threat=101.28

[DECISION] t=275.6s | tracks=1 | weapons=0 available
  track 4 (ASM, d=3.6km, v=0m/s) -> threat=101.28

[DECISION] t=275.8s | tracks=1 | weapons=0 available
  track 4 (ASM, d=3.6km, v=0m/s) -> threat=101.28

[DECISION] t=96.8s | tracks=2 | weapons=0 available
  track 8 (FIGHTER, d=7.5km, v=300m/s) -> threat=150.83
  track 4 (ASM, d=3.6km, v=0m/s) -> threat=101.28

[DECISION] t=0.0s | tracks=2 | weapons=0 available
  track 8 (FIGHTER, d=7.5km, v=300m/s) -> threat=150.83
  track 4 (ASM, d=3.6km, v=0m/s) -> threat=101.28

[DECISION] t=0.0s | tracks=3 | weapons=0 available
  track 6 (FIGHTER, d=2.0km, v=300m/s) -> threat=151.19
  track 8 (FIGHTER, d=7.3km, v=300m/s) -> threat=150.84
  track 4 (ASM, d=3.6km, v=0m/s) -> threat=101.28

[DECISION] t=97.6s | tracks=3 | weapons=0 available
  track 6 (FIGHTER, d=2.0km, v=300m/s) -> threat=151.19
  track 8 (FIGHTER, d=7.3km, v=300m/s) -> threat=150.84
  track 4 (ASM, d=3.6km, v=0m/s) -> threat=101.28

[DECISION] t=0.0s | tracks=1 | weapons=0 available
  track 4 (ASM, d=3.6km, v=0m/s) -> threat=101.28

[DECISION] t=276.9s | tracks=1 | weapons=0 available
  track 4 (ASM, d=3.6km, v=0m/s) -> threat=101.28

[DECISION] t=98.2s | tracks=3 | weapons=0 available
  track 6 (FIGHTER, d=2.3km, v=300m/s) -> threat=151.13
  track 8 (FIGHTER, d=7.0km, v=300m/s) -> threat=150.84
  track 4 (ASM, d=3.6km, v=0m/s) -> threat=101.28

[DECISION] t=98.4s | tracks=3 | weapons=0 available
  track 6 (FIGHTER, d=2.3km, v=300m/s) -> threat=151.13
  track 8 (FIGHTER, d=7.0km, v=300m/s) -> threat=150.84
  track 4 (ASM, d=3.6km, v=0m/s) -> threat=101.28

[DECISION] t=0.0s | tracks=1 | weapons=0 available
  track 4 (ASM, d=3.6km, v=0m/s) -> threat=101.28

[DECISION] t=277.4s | tracks=1 | weapons=0 available
  track 4 (ASM, d=3.6km, v=0m/s) -> threat=101.28
  [KILLED] 00:03:26.2 WEAPON_HIT radar1 asm1 radar1_aim120_sim_4_1 Engagement: 4 Start_Time: 00:03:17.0   Intercept_Pk: 1 Pk_Degrad
  [KILLED] 00:03:26.2 WEAPON_TERMINATED radar1 asm1 radar1_aim120_sim_4_1 Engagement: 4 Start_Time: 00:03:17.0   Intercept_Pk: 1 Pk
  [KILLED] 00:03:28.1 WEAPON_HIT radar1 asm2 radar1_aim120_sim_5_1 Engagement: 5 Start_Time: 00:03:17.0   Intercept_Pk: 1 Pk_Degrad
  [KILL_FEEDBACK] track 2 (asm2) marked killed via EVT
  [KILLED] 00:03:28.1 WEAPON_TERMINATED radar1 asm2 radar1_aim120_sim_5_1 Engagement: 5 Start_Time: 00:03:17.0   Intercept_Pk: 1 Pk

[DECISION] t=277.7s | tracks=1 | weapons=0 available
  track 4 (ASM, d=3.6km, v=0m/s) -> threat=101.28

[DECISION] t=99.0s | tracks=3 | weapons=0 available
  track 6 (FIGHTER, d=2.5km, v=300m/s) -> threat=151.10
  track 8 (FIGHTER, d=6.9km, v=300m/s) -> threat=150.85
  track 4 (ASM, d=3.6km, v=0m/s) -> threat=101.28

[DECISION] t=99.2s | tracks=3 | weapons=0 available
  track 6 (FIGHTER, d=2.6km, v=300m/s) -> threat=151.08
  track 8 (FIGHTER, d=6.7km, v=300m/s) -> threat=150.85
  track 4 (ASM, d=3.6km, v=0m/s) -> threat=101.28

[DECISION] t=277.9s | tracks=1 | weapons=0 available
  track 4 (ASM, d=3.6km, v=0m/s) -> threat=101.28

[DECISION] t=278.2s | tracks=1 | weapons=0 available
  track 4 (ASM, d=3.6km, v=0m/s) -> threat=101.28

[DECISION] t=0.0s | tracks=1 | weapons=0 available
  track 4 (ASM, d=3.6km, v=0m/s) -> threat=101.28

[DECISION] t=0.0s | tracks=1 | weapons=0 available
  track 4 (ASM, d=3.6km, v=0m/s) -> threat=101.28

[DECISION] t=278.8s | tracks=1 | weapons=0 available
  track 4 (ASM, d=3.6km, v=0m/s) -> threat=101.28

[DECISION] t=100.6s | tracks=1 | weapons=0 available
  track 4 (ASM, d=3.6km, v=0m/s) -> threat=101.28

[DECISION] t=0.0s | tracks=1 | weapons=0 available
  track 4 (ASM, d=3.6km, v=0m/s) -> threat=101.28

[DECISION] t=279.2s | tracks=1 | weapons=0 available
  track 4 (ASM, d=3.6km, v=0m/s) -> threat=101.28

[DECISION] t=279.9s | tracks=1 | weapons=0 available
  track 4 (ASM, d=3.6km, v=0m/s) -> threat=101.28

[DECISION] t=101.8s | tracks=1 | weapons=0 available
  track 4 (ASM, d=3.6km, v=0m/s) -> threat=101.28

[DECISION] t=0.0s | tracks=2 | weapons=0 available
  track 6 (FIGHTER, d=3.4km, v=300m/s) -> threat=151.00
  track 4 (ASM, d=3.6km, v=0m/s) -> threat=101.28

[DECISION] t=102.2s | tracks=3 | weapons=0 available
  track 6 (FIGHTER, d=3.5km, v=300m/s) -> threat=150.98
  track 8 (FIGHTER, d=5.8km, v=300m/s) -> threat=150.87
  track 4 (ASM, d=3.6km, v=0m/s) -> threat=101.28

[DECISION] t=280.3s | tracks=1 | weapons=0 available
  track 4 (ASM, d=3.6km, v=0m/s) -> threat=101.28

[DECISION] t=280.7s | tracks=3 | weapons=0 available
  track 6 (FIGHTER, d=3.7km, v=300m/s) -> threat=150.97
  track 8 (FIGHTER, d=5.8km, v=300m/s) -> threat=150.87
  track 4 (ASM, d=3.6km, v=0m/s) -> threat=101.28

[DECISION] t=0.0s | tracks=1 | weapons=0 available
  track 4 (ASM, d=3.6km, v=0m/s) -> threat=101.28

[DECISION] t=0.0s | tracks=1 | weapons=0 available
  track 4 (ASM, d=3.6km, v=0m/s) -> threat=101.28

[DECISION] t=281.2s | tracks=1 | weapons=0 available
  track 4 (ASM, d=3.6km, v=0m/s) -> threat=101.28
  [KILLED] 00:03:26.2 WEAPON_HIT radar1 asm1 radar1_aim120_sim_4_1 Engagement: 4 Start_Time: 00:03:17.0   Intercept_Pk: 1 Pk_Degrad
  [KILLED] 00:03:26.2 WEAPON_TERMINATED radar1 asm1 radar1_aim120_sim_4_1 Engagement: 4 Start_Time: 00:03:17.0   Intercept_Pk: 1 Pk
  [KILLED] 00:03:28.1 WEAPON_HIT radar1 asm2 radar1_aim120_sim_5_1 Engagement: 5 Start_Time: 00:03:17.0   Intercept_Pk: 1 Pk_Degrad
  [KILL_FEEDBACK] track 2 (asm2) marked killed via EVT
  [KILLED] 00:03:28.1 WEAPON_TERMINATED radar1 asm2 radar1_aim120_sim_5_1 Engagement: 5 Start_Time: 00:03:17.0   Intercept_Pk: 1 Pk

[DECISION] t=281.3s | tracks=1 | weapons=0 available
  track 4 (ASM, d=3.6km, v=0m/s) -> threat=101.28

[DECISION] t=103.4s | tracks=3 | weapons=0 available
  track 6 (FIGHTER, d=3.8km, v=300m/s) -> threat=150.96
  track 8 (FIGHTER, d=5.5km, v=300m/s) -> threat=150.88
  track 4 (ASM, d=3.6km, v=0m/s) -> threat=101.28

[DECISION] t=281.5s | tracks=1 | weapons=0 available
  track 4 (ASM, d=3.6km, v=0m/s) -> threat=101.28

[DECISION] t=281.7s | tracks=1 | weapons=0 available
  track 4 (ASM, d=3.6km, v=0m/s) -> threat=101.28

[DECISION] t=0.0s | tracks=3 | weapons=0 available
  track 6 (FIGHTER, d=4.0km, v=300m/s) -> threat=150.95
  track 8 (FIGHTER, d=5.4km, v=300m/s) -> threat=150.89
  track 4 (ASM, d=3.6km, v=0m/s) -> threat=101.28

[DECISION] t=282.1s | tracks=1 | weapons=0 available
  track 4 (ASM, d=3.6km, v=0m/s) -> threat=101.28

[DECISION] t=104.4s | tracks=1 | weapons=0 available
  track 4 (ASM, d=3.6km, v=0m/s) -> threat=101.28

[DECISION] t=104.6s | tracks=1 | weapons=0 available
  track 4 (ASM, d=3.6km, v=0m/s) -> threat=101.28

[DECISION] t=282.7s | tracks=1 | weapons=0 available
  track 4 (ASM, d=3.6km, v=0m/s) -> threat=101.28

[DECISION] t=105.0s | tracks=1 | weapons=0 available
  track 4 (ASM, d=3.6km, v=0m/s) -> threat=101.28

[DECISION] t=105.4s | tracks=1 | weapons=0 available
  track 4 (ASM, d=3.6km, v=0m/s) -> threat=101.28

[DECISION] t=283.1s | tracks=1 | weapons=0 available
  track 4 (ASM, d=3.6km, v=0m/s) -> threat=101.28

[DECISION] t=0.0s | tracks=1 | weapons=0 available
  track 4 (ASM, d=3.6km, v=0m/s) -> threat=101.28

[DECISION] t=283.7s | tracks=1 | weapons=0 available
  track 4 (ASM, d=3.6km, v=0m/s) -> threat=101.28

[DECISION] t=0.0s | tracks=1 | weapons=0 available
  track 4 (ASM, d=3.6km, v=0m/s) -> threat=101.28

[DECISION] t=284.1s | tracks=1 | weapons=0 available
  track 4 (ASM, d=3.6km, v=0m/s) -> threat=101.28

[DECISION] t=284.3s | tracks=3 | weapons=0 available
  track 8 (FIGHTER, d=4.5km, v=300m/s) -> threat=150.92
  track 6 (FIGHTER, d=4.9km, v=300m/s) -> threat=150.90
  track 4 (ASM, d=3.6km, v=0m/s) -> threat=101.28

[DECISION] t=284.4s | tracks=1 | weapons=0 available
  track 4 (ASM, d=3.6km, v=0m/s) -> threat=101.28

[DECISION] t=284.7s | tracks=1 | weapons=0 available
  track 4 (ASM, d=3.6km, v=0m/s) -> threat=101.28

[DECISION] t=107.8s | tracks=1 | weapons=0 available
  track 4 (ASM, d=3.6km, v=0m/s) -> threat=101.28
  [KILLED] 00:03:26.2 WEAPON_HIT radar1 asm1 radar1_aim120_sim_4_1 Engagement: 4 Start_Time: 00:03:17.0   Intercept_Pk: 1 Pk_Degrad
  [KILLED] 00:03:26.2 WEAPON_TERMINATED radar1 asm1 radar1_aim120_sim_4_1 Engagement: 4 Start_Time: 00:03:17.0   Intercept_Pk: 1 Pk
  [KILLED] 00:03:28.1 WEAPON_HIT radar1 asm2 radar1_aim120_sim_5_1 Engagement: 5 Start_Time: 00:03:17.0   Intercept_Pk: 1 Pk_Degrad
  [KILL_FEEDBACK] track 2 (asm2) marked killed via EVT
  [KILLED] 00:03:28.1 WEAPON_TERMINATED radar1 asm2 radar1_aim120_sim_5_1 Engagement: 5 Start_Time: 00:03:17.0   Intercept_Pk: 1 Pk

[DECISION] t=285.4s | tracks=1 | weapons=0 available
  track 4 (ASM, d=3.6km, v=0m/s) -> threat=101.28

[DECISION] t=285.8s | tracks=1 | weapons=0 available
  track 4 (ASM, d=3.6km, v=0m/s) -> threat=101.28

[DECISION] t=285.9s | tracks=3 | weapons=0 available
  track 8 (FIGHTER, d=4.0km, v=300m/s) -> threat=150.95
  track 6 (FIGHTER, d=5.3km, v=300m/s) -> threat=150.89
  track 4 (ASM, d=3.6km, v=0m/s) -> threat=101.28

[DECISION] t=108.8s | tracks=3 | weapons=0 available
  track 8 (FIGHTER, d=4.0km, v=300m/s) -> threat=150.95
  track 6 (FIGHTER, d=5.3km, v=300m/s) -> threat=150.89
  track 4 (ASM, d=3.6km, v=0m/s) -> threat=101.28

[DECISION] t=109.2s | tracks=1 | weapons=0 available
  track 4 (ASM, d=3.6km, v=0m/s) -> threat=101.28

[DECISION] t=286.5s | tracks=1 | weapons=0 available
  track 4 (ASM, d=3.6km, v=0m/s) -> threat=101.28

[DECISION] t=286.8s | tracks=1 | weapons=0 available
  track 4 (ASM, d=3.6km, v=0m/s) -> threat=101.28

[DECISION] t=287.1s | tracks=1 | weapons=0 available
  track 4 (ASM, d=3.6km, v=0m/s) -> threat=101.28

[DECISION] t=110.6s | tracks=3 | weapons=0 available
  track 8 (FIGHTER, d=3.6km, v=300m/s) -> threat=150.98
  track 6 (FIGHTER, d=5.8km, v=300m/s) -> threat=150.87
  track 4 (ASM, d=3.6km, v=0m/s) -> threat=101.28

[DECISION] t=287.7s | tracks=2 | weapons=0 available
  track 8 (FIGHTER, d=3.6km, v=300m/s) -> threat=150.98
  track 4 (ASM, d=3.6km, v=0m/s) -> threat=101.28

[DECISION] t=111.2s | tracks=1 | weapons=0 available
  track 4 (ASM, d=3.6km, v=0m/s) -> threat=101.28

[DECISION] t=288.0s | tracks=1 | weapons=0 available
  track 4 (ASM, d=3.6km, v=0m/s) -> threat=101.28

[DECISION] t=288.1s | tracks=1 | weapons=0 available
  track 4 (ASM, d=3.6km, v=0m/s) -> threat=101.28

[DECISION] t=288.7s | tracks=3 | weapons=0 available
  track 8 (FIGHTER, d=3.0km, v=300m/s) -> threat=151.04
  track 6 (FIGHTER, d=6.4km, v=300m/s) -> threat=150.86
  track 4 (ASM, d=3.6km, v=0m/s) -> threat=101.28

[DECISION] t=288.8s | tracks=3 | weapons=0 available
  track 8 (FIGHTER, d=3.0km, v=300m/s) -> threat=151.04
  track 6 (FIGHTER, d=6.4km, v=300m/s) -> threat=150.86
  track 4 (ASM, d=3.6km, v=0m/s) -> threat=101.28

[DECISION] t=0.0s | tracks=1 | weapons=0 available
  track 4 (ASM, d=3.6km, v=0m/s) -> threat=101.28
  [KILLED] 00:03:26.2 WEAPON_HIT radar1 asm1 radar1_aim120_sim_4_1 Engagement: 4 Start_Time: 00:03:17.0   Intercept_Pk: 1 Pk_Degrad
  [KILLED] 00:03:26.2 WEAPON_TERMINATED radar1 asm1 radar1_aim120_sim_4_1 Engagement: 4 Start_Time: 00:03:17.0   Intercept_Pk: 1 Pk
  [KILLED] 00:03:28.1 WEAPON_HIT radar1 asm2 radar1_aim120_sim_5_1 Engagement: 5 Start_Time: 00:03:17.0   Intercept_Pk: 1 Pk_Degrad
  [KILL_FEEDBACK] track 2 (asm2) marked killed via EVT
  [KILLED] 00:03:28.1 WEAPON_TERMINATED radar1 asm2 radar1_aim120_sim_5_1 Engagement: 5 Start_Time: 00:03:17.0   Intercept_Pk: 1 Pk

[DECISION] t=289.3s | tracks=1 | weapons=0 available
  track 4 (ASM, d=3.6km, v=0m/s) -> threat=101.28

[DECISION] t=113.2s | tracks=1 | weapons=0 available
  track 4 (ASM, d=3.6km, v=0m/s) -> threat=101.28

[DECISION] t=0.0s | tracks=1 | weapons=0 available
  track 4 (ASM, d=3.6km, v=0m/s) -> threat=101.28

[DECISION] t=113.6s | tracks=3 | weapons=0 available
  track 8 (FIGHTER, d=2.5km, v=300m/s) -> threat=151.10
  track 6 (FIGHTER, d=7.0km, v=300m/s) -> threat=150.84
  track 4 (ASM, d=3.6km, v=0m/s) -> threat=101.28

[DECISION] t=0.0s | tracks=3 | weapons=0 available
  track 8 (FIGHTER, d=2.5km, v=300m/s) -> threat=151.10
  track 6 (FIGHTER, d=7.0km, v=300m/s) -> threat=150.84
  track 4 (ASM, d=3.6km, v=0m/s) -> threat=101.28

[DECISION] t=290.2s | tracks=1 | weapons=0 available
  track 4 (ASM, d=3.6km, v=0m/s) -> threat=101.28

[DECISION] t=290.4s | tracks=3 | weapons=0 available
  track 8 (FIGHTER, d=2.2km, v=300m/s) -> threat=151.15
  track 6 (FIGHTER, d=7.1km, v=300m/s) -> threat=150.84
  track 4 (ASM, d=3.6km, v=0m/s) -> threat=101.28

[DECISION] t=290.5s | tracks=2 | weapons=0 available
  track 8 (FIGHTER, d=2.2km, v=300m/s) -> threat=151.15
  track 4 (ASM, d=3.6km, v=0m/s) -> threat=101.28

[DECISION] t=290.8s | tracks=1 | weapons=0 available
  track 4 (ASM, d=3.6km, v=0m/s) -> threat=101.28

[DECISION] t=290.9s | tracks=1 | weapons=0 available
  track 4 (ASM, d=3.6km, v=0m/s) -> threat=101.28

[DECISION] t=291.1s | tracks=1 | weapons=0 available
  track 4 (ASM, d=3.6km, v=0m/s) -> threat=101.28

[DECISION] t=291.2s | tracks=1 | weapons=0 available
  track 4 (ASM, d=3.6km, v=0m/s) -> threat=101.28

[DECISION] t=291.3s | tracks=1 | weapons=0 available
  track 4 (ASM, d=3.6km, v=0m/s) -> threat=101.28

[DECISION] t=115.6s | tracks=1 | weapons=0 available
  track 4 (ASM, d=3.6km, v=0m/s) -> threat=101.28

[DECISION] t=291.7s | tracks=1 | weapons=0 available
  track 4 (ASM, d=3.6km, v=0m/s) -> threat=101.28

[DECISION] t=116.0s | tracks=3 | weapons=0 available
  track 8 (FIGHTER, d=1.7km, v=300m/s) -> threat=151.27
  track 6 (FIGHTER, d=7.6km, v=300m/s) -> threat=150.83
  track 4 (ASM, d=3.6km, v=0m/s) -> threat=101.28

[DECISION] t=292.0s | tracks=3 | weapons=0 available
  track 8 (FIGHTER, d=1.7km, v=300m/s) -> threat=151.27
  track 6 (FIGHTER, d=7.7km, v=300m/s) -> threat=150.83
  track 4 (ASM, d=3.6km, v=0m/s) -> threat=101.28

[DECISION] t=292.1s | tracks=1 | weapons=0 available
  track 4 (ASM, d=3.6km, v=0m/s) -> threat=101.28

[DECISION] t=116.4s | tracks=3 | weapons=0 available
  track 8 (FIGHTER, d=1.6km, v=300m/s) -> threat=151.32
  track 6 (FIGHTER, d=7.7km, v=300m/s) -> threat=150.83
  track 4 (ASM, d=3.6km, v=0m/s) -> threat=101.28

[DECISION] t=292.4s | tracks=3 | weapons=0 available
  track 8 (FIGHTER, d=1.6km, v=300m/s) -> threat=151.32
  track 6 (FIGHTER, d=7.7km, v=300m/s) -> threat=150.83
  track 4 (ASM, d=3.6km, v=0m/s) -> threat=101.28

[DECISION] t=117.2s | tracks=1 | weapons=0 available
  track 4 (ASM, d=3.6km, v=0m/s) -> threat=101.28
  [KILLED] 00:03:26.2 WEAPON_HIT radar1 asm1 radar1_aim120_sim_4_1 Engagement: 4 Start_Time: 00:03:17.0   Intercept_Pk: 1 Pk_Degrad
  [KILLED] 00:03:26.2 WEAPON_TERMINATED radar1 asm1 radar1_aim120_sim_4_1 Engagement: 4 Start_Time: 00:03:17.0   Intercept_Pk: 1 Pk
  [KILLED] 00:03:28.1 WEAPON_HIT radar1 asm2 radar1_aim120_sim_5_1 Engagement: 5 Start_Time: 00:03:17.0   Intercept_Pk: 1 Pk_Degrad
  [KILL_FEEDBACK] track 2 (asm2) marked killed via EVT
  [KILLED] 00:03:28.1 WEAPON_TERMINATED radar1 asm2 radar1_aim120_sim_5_1 Engagement: 5 Start_Time: 00:03:17.0   Intercept_Pk: 1 Pk

[DECISION] t=293.1s | tracks=1 | weapons=0 available
  track 4 (ASM, d=3.6km, v=0m/s) -> threat=101.28

[DECISION] t=0.0s | tracks=1 | weapons=0 available
  track 4 (ASM, d=3.6km, v=0m/s) -> threat=101.28

[DECISION] t=293.5s | tracks=1 | weapons=0 available
  track 4 (ASM, d=3.6km, v=0m/s) -> threat=101.28

[DECISION] t=118.0s | tracks=1 | weapons=0 available
  track 4 (ASM, d=3.6km, v=0m/s) -> threat=101.28

[DECISION] t=293.9s | tracks=1 | weapons=0 available
  track 4 (ASM, d=3.6km, v=0m/s) -> threat=101.28

[DECISION] t=118.4s | tracks=3 | weapons=0 available
  track 8 (FIGHTER, d=1.0km, v=300m/s) -> threat=151.70
  track 6 (FIGHTER, d=8.3km, v=300m/s) -> threat=150.82
  track 4 (ASM, d=3.6km, v=0m/s) -> threat=101.28

[DECISION] t=294.1s | tracks=1 | weapons=0 available
  track 4 (ASM, d=3.6km, v=0m/s) -> threat=101.28

[DECISION] t=0.0s | tracks=1 | weapons=0 available
  track 4 (ASM, d=3.6km, v=0m/s) -> threat=101.28

[DECISION] t=119.2s | tracks=1 | weapons=0 available
  track 4 (ASM, d=3.6km, v=0m/s) -> threat=101.28

[DECISION] t=294.9s | tracks=3 | weapons=0 available
  track 8 (FIGHTER, d=0.7km, v=300m/s) -> threat=152.12
  track 6 (FIGHTER, d=8.6km, v=300m/s) -> threat=150.82
  track 4 (ASM, d=3.6km, v=0m/s) -> threat=101.28

[DECISION] t=295.1s | tracks=1 | weapons=0 available
  track 4 (ASM, d=3.6km, v=0m/s) -> threat=101.28

[DECISION] t=120.2s | tracks=1 | weapons=0 available
  track 4 (ASM, d=3.6km, v=0m/s) -> threat=101.28

[DECISION] t=295.7s | tracks=1 | weapons=0 available
  track 4 (ASM, d=3.6km, v=0m/s) -> threat=101.28

[DECISION] t=120.4s | tracks=1 | weapons=0 available
  track 4 (ASM, d=3.6km, v=0m/s) -> threat=101.28

[DECISION] t=296.1s | tracks=2 | weapons=0 available
  track 6 (FIGHTER, d=9.1km, v=300m/s) -> threat=150.81
  track 4 (ASM, d=3.6km, v=0m/s) -> threat=101.28

[DECISION] t=296.3s | tracks=4 | weapons=0 available
  track 8 (FIGHTER, d=0.3km, v=300m/s) -> threat=154.53
  track 10 (FIGHTER, d=7.1km, v=300m/s) -> threat=150.84
  track 6 (FIGHTER, d=9.1km, v=300m/s) -> threat=150.81
  track 4 (ASM, d=3.6km, v=0m/s) -> threat=101.28

[DECISION] t=121.2s | tracks=4 | weapons=0 available
  track 8 (FIGHTER, d=0.3km, v=300m/s) -> threat=154.53
  track 10 (FIGHTER, d=7.1km, v=300m/s) -> threat=150.84
  track 6 (FIGHTER, d=9.1km, v=300m/s) -> threat=150.81
  track 4 (ASM, d=3.6km, v=0m/s) -> threat=101.28

[DECISION] t=121.4s | tracks=1 | weapons=0 available
  track 4 (ASM, d=3.6km, v=0m/s) -> threat=101.28

[DECISION] t=296.9s | tracks=1 | weapons=0 available
  track 4 (ASM, d=3.6km, v=0m/s) -> threat=101.28

[DECISION] t=297.1s | tracks=1 | weapons=0 available
  track 4 (ASM, d=3.6km, v=0m/s) -> threat=101.28
  [KILLED] 00:03:26.2 WEAPON_HIT radar1 asm1 radar1_aim120_sim_4_1 Engagement: 4 Start_Time: 00:03:17.0   Intercept_Pk: 1 Pk_Degrad
  [KILLED] 00:03:26.2 WEAPON_TERMINATED radar1 asm1 radar1_aim120_sim_4_1 Engagement: 4 Start_Time: 00:03:17.0   Intercept_Pk: 1 Pk
  [KILLED] 00:03:28.1 WEAPON_HIT radar1 asm2 radar1_aim120_sim_5_1 Engagement: 5 Start_Time: 00:03:17.0   Intercept_Pk: 1 Pk_Degrad
  [KILL_FEEDBACK] track 2 (asm2) marked killed via EVT
  [KILLED] 00:03:28.1 WEAPON_TERMINATED radar1 asm2 radar1_aim120_sim_5_1 Engagement: 5 Start_Time: 00:03:17.0   Intercept_Pk: 1 Pk

[DECISION] t=122.0s | tracks=1 | weapons=0 available
  track 4 (ASM, d=3.6km, v=0m/s) -> threat=101.28

[DECISION] t=297.6s | tracks=1 | weapons=0 available
  track 4 (ASM, d=3.6km, v=0m/s) -> threat=101.28

[DECISION] t=298.0s | tracks=1 | weapons=0 available
  track 4 (ASM, d=3.6km, v=0m/s) -> threat=101.28

[DECISION] t=298.2s | tracks=1 | weapons=0 available
  track 4 (ASM, d=3.6km, v=0m/s) -> threat=101.28

[DECISION] t=298.3s | tracks=1 | weapons=0 available
  track 4 (ASM, d=3.6km, v=0m/s) -> threat=101.28

[DECISION] t=298.5s | tracks=1 | weapons=0 available
  track 4 (ASM, d=3.6km, v=0m/s) -> threat=101.28

[DECISION] t=298.6s | tracks=1 | weapons=0 available
  track 4 (ASM, d=3.6km, v=0m/s) -> threat=101.28

[DECISION] t=298.8s | tracks=1 | weapons=0 available
  track 4 (ASM, d=3.6km, v=0m/s) -> threat=101.28

[DECISION] t=124.2s | tracks=1 | weapons=0 available
  track 4 (ASM, d=3.6km, v=0m/s) -> threat=101.28

[DECISION] t=299.2s | tracks=1 | weapons=0 available
  track 4 (ASM, d=3.6km, v=0m/s) -> threat=101.28

[DECISION] t=299.4s | tracks=1 | weapons=0 available
  track 4 (ASM, d=3.6km, v=0m/s) -> threat=101.28

[DECISION] t=299.5s | tracks=1 | weapons=0 available
  track 4 (ASM, d=3.6km, v=0m/s) -> threat=101.28

[DECISION] t=124.8s | tracks=4 | weapons=0 available
  track 8 (FIGHTER, d=0.9km, v=300m/s) -> threat=151.76
  track 10 (FIGHTER, d=5.9km, v=300m/s) -> threat=150.87
  track 6 (FIGHTER, d=10.3km, v=300m/s) -> threat=150.80
  track 4 (ASM, d=3.6km, v=0m/s) -> threat=101.28

[DECISION] t=125.0s | tracks=1 | weapons=0 available
  track 4 (ASM, d=3.6km, v=0m/s) -> threat=101.28

[DECISION] t=299.9s | tracks=1 | weapons=0 available
  track 4 (ASM, d=3.6km, v=0m/s) -> threat=101.28

[DECISION] t=125.2s | tracks=4 | weapons=0 available
  track 8 (FIGHTER, d=1.1km, v=300m/s) -> threat=151.61
  track 10 (FIGHTER, d=5.9km, v=300m/s) -> threat=150.87
  track 6 (FIGHTER, d=10.4km, v=300m/s) -> threat=150.80
  track 4 (ASM, d=3.6km, v=0m/s) -> threat=101.28

[DECISION] t=125.2s | tracks=4 | weapons=0 available
  track 8 (FIGHTER, d=1.1km, v=300m/s) -> threat=151.61
  track 10 (FIGHTER, d=5.9km, v=300m/s) -> threat=150.87
  track 6 (FIGHTER, d=10.4km, v=300m/s) -> threat=150.80
  track 4 (ASM, d=3.6km, v=0m/s) -> threat=101.28

[DECISION] t=125.6s | tracks=4 | weapons=0 available
  track 8 (FIGHTER, d=1.1km, v=300m/s) -> threat=151.61
  track 10 (FIGHTER, d=5.7km, v=300m/s) -> threat=150.87
  track 6 (FIGHTER, d=10.4km, v=300m/s) -> threat=150.80
  track 4 (ASM, d=3.6km, v=0m/s) -> threat=101.28

[DECISION] t=126.0s | tracks=4 | weapons=0 available
  track 8 (FIGHTER, d=1.1km, v=300m/s) -> threat=151.61
  track 10 (FIGHTER, d=5.7km, v=300m/s) -> threat=150.87
  track 6 (FIGHTER, d=10.4km, v=300m/s) -> threat=150.80
  track 4 (ASM, d=3.6km, v=0m/s) -> threat=101.28

[DECISION] t=126.4s | tracks=4 | weapons=0 available
  track 8 (FIGHTER, d=1.4km, v=300m/s) -> threat=151.42
  track 10 (FIGHTER, d=5.4km, v=300m/s) -> threat=150.89
  track 6 (FIGHTER, d=10.7km, v=300m/s) -> threat=150.79
  track 4 (ASM, d=3.6km, v=0m/s) -> threat=101.28

[DECISION] t=126.6s | tracks=4 | weapons=0 available
  track 8 (FIGHTER, d=1.4km, v=300m/s) -> threat=151.42
  track 10 (FIGHTER, d=5.4km, v=300m/s) -> threat=150.89
  track 6 (FIGHTER, d=10.9km, v=300m/s) -> threat=150.79
  track 4 (ASM, d=3.6km, v=0m/s) -> threat=101.28

[DECISION] t=126.8s | tracks=4 | weapons=0 available
  track 8 (FIGHTER, d=1.5km, v=300m/s) -> threat=151.35
  track 10 (FIGHTER, d=5.3km, v=300m/s) -> threat=150.89
  track 6 (FIGHTER, d=10.9km, v=300m/s) -> threat=150.79
  track 4 (ASM, d=3.6km, v=0m/s) -> threat=101.28

[DECISION] t=127.0s | tracks=4 | weapons=0 available
  track 8 (FIGHTER, d=1.5km, v=300m/s) -> threat=151.35
  track 10 (FIGHTER, d=5.3km, v=300m/s) -> threat=150.89
  track 6 (FIGHTER, d=10.9km, v=300m/s) -> threat=150.79
  track 4 (ASM, d=3.6km, v=0m/s) -> threat=101.28

[DECISION] t=127.4s | tracks=4 | weapons=0 available
  track 8 (FIGHTER, d=1.7km, v=300m/s) -> threat=151.29
  track 10 (FIGHTER, d=5.3km, v=300m/s) -> threat=150.89
  track 6 (FIGHTER, d=11.0km, v=300m/s) -> threat=150.79
  track 4 (ASM, d=3.6km, v=0m/s) -> threat=101.28
  [KILLED] 00:03:26.2 WEAPON_HIT radar1 asm1 radar1_aim120_sim_4_1 Engagement: 4 Start_Time: 00:03:17.0   Intercept_Pk: 1 Pk_Degrad
  [KILLED] 00:03:26.2 WEAPON_TERMINATED radar1 asm1 radar1_aim120_sim_4_1 Engagement: 4 Start_Time: 00:03:17.0   Intercept_Pk: 1 Pk
  [KILLED] 00:03:28.1 WEAPON_HIT radar1 asm2 radar1_aim120_sim_5_1 Engagement: 5 Start_Time: 00:03:17.0   Intercept_Pk: 1 Pk_Degrad
  [KILL_FEEDBACK] track 2 (asm2) marked killed via EVT
  [KILLED] 00:03:28.1 WEAPON_TERMINATED radar1 asm2 radar1_aim120_sim_5_1 Engagement: 5 Start_Time: 00:03:17.0   Intercept_Pk: 1 Pk
  [MISSED] 00:03:34.7 WEAPON_MISSED radar1 fighter4 radar1_aim120_sim_1_1 Engagement: 1 Start_Time: 00:03:17.0   Intercept_Pk: 0 Pk

[DECISION] t=127.8s | tracks=4 | weapons=0 available
  track 8 (FIGHTER, d=1.7km, v=300m/s) -> threat=151.29
  track 10 (FIGHTER, d=5.1km, v=300m/s) -> threat=150.89
  track 6 (FIGHTER, d=11.2km, v=300m/s) -> threat=150.79
  track 4 (ASM, d=3.6km, v=0m/s) -> threat=101.28

[DECISION] t=128.1s | tracks=4 | weapons=0 available
  track 8 (FIGHTER, d=1.8km, v=300m/s) -> threat=151.24
  track 10 (FIGHTER, d=5.0km, v=300m/s) -> threat=150.90
  track 6 (FIGHTER, d=11.3km, v=300m/s) -> threat=150.79
  track 4 (ASM, d=3.6km, v=0m/s) -> threat=101.28

[DECISION] t=128.3s | tracks=4 | weapons=0 available
  track 8 (FIGHTER, d=2.0km, v=300m/s) -> threat=151.20
  track 10 (FIGHTER, d=4.9km, v=300m/s) -> threat=150.91
  track 6 (FIGHTER, d=11.3km, v=300m/s) -> threat=150.79
  track 4 (ASM, d=3.6km, v=0m/s) -> threat=101.28

[DECISION] t=128.5s | tracks=4 | weapons=0 available
  track 8 (FIGHTER, d=2.0km, v=300m/s) -> threat=151.20
  track 10 (FIGHTER, d=4.9km, v=300m/s) -> threat=150.91
  track 6 (FIGHTER, d=11.3km, v=300m/s) -> threat=150.79
  track 4 (ASM, d=3.6km, v=0m/s) -> threat=101.28

[DECISION] t=128.7s | tracks=4 | weapons=0 available
  track 8 (FIGHTER, d=2.1km, v=300m/s) -> threat=151.17
  track 10 (FIGHTER, d=4.9km, v=300m/s) -> threat=150.91
  track 6 (FIGHTER, d=11.5km, v=300m/s) -> threat=150.79
  track 4 (ASM, d=3.6km, v=0m/s) -> threat=101.28

[DECISION] t=128.9s | tracks=4 | weapons=0 available
  track 8 (FIGHTER, d=2.1km, v=300m/s) -> threat=151.17
  track 10 (FIGHTER, d=4.7km, v=300m/s) -> threat=150.91
  track 6 (FIGHTER, d=11.5km, v=300m/s) -> threat=150.79
  track 4 (ASM, d=3.6km, v=0m/s) -> threat=101.28

[DECISION] t=129.1s | tracks=4 | weapons=0 available
  track 8 (FIGHTER, d=2.1km, v=300m/s) -> threat=151.17
  track 10 (FIGHTER, d=4.7km, v=300m/s) -> threat=150.91
  track 6 (FIGHTER, d=11.6km, v=300m/s) -> threat=150.79
  track 4 (ASM, d=3.6km, v=0m/s) -> threat=101.28

[DECISION] t=129.3s | tracks=4 | weapons=0 available
  track 8 (FIGHTER, d=2.3km, v=300m/s) -> threat=151.14
  track 10 (FIGHTER, d=4.5km, v=300m/s) -> threat=150.92
  track 6 (FIGHTER, d=11.6km, v=300m/s) -> threat=150.79
  track 4 (ASM, d=3.6km, v=0m/s) -> threat=101.28

[DECISION] t=129.7s | tracks=4 | weapons=0 available
  track 8 (FIGHTER, d=2.3km, v=300m/s) -> threat=151.14
  track 10 (FIGHTER, d=4.5km, v=300m/s) -> threat=150.92
  track 6 (FIGHTER, d=11.6km, v=300m/s) -> threat=150.79
  track 4 (ASM, d=3.6km, v=0m/s) -> threat=101.28

[DECISION] t=129.7s | tracks=4 | weapons=0 available
  track 8 (FIGHTER, d=2.4km, v=300m/s) -> threat=151.11
  track 10 (FIGHTER, d=4.5km, v=300m/s) -> threat=150.92
  track 6 (FIGHTER, d=11.8km, v=300m/s) -> threat=150.78
  track 4 (ASM, d=3.6km, v=0m/s) -> threat=101.28

[DECISION] t=129.9s | tracks=4 | weapons=0 available
  track 8 (FIGHTER, d=2.4km, v=300m/s) -> threat=151.11
  track 10 (FIGHTER, d=4.4km, v=300m/s) -> threat=150.93
  track 6 (FIGHTER, d=11.8km, v=300m/s) -> threat=150.78
  track 4 (ASM, d=3.6km, v=0m/s) -> threat=101.28

[DECISION] t=130.5s | tracks=4 | weapons=0 available
  track 8 (FIGHTER, d=2.6km, v=300m/s) -> threat=151.08
  track 10 (FIGHTER, d=4.3km, v=300m/s) -> threat=150.93
  track 6 (FIGHTER, d=11.9km, v=300m/s) -> threat=150.78
  track 4 (ASM, d=3.6km, v=0m/s) -> threat=101.28

[DECISION] t=130.7s | tracks=4 | weapons=0 available
  track 8 (FIGHTER, d=2.7km, v=300m/s) -> threat=151.06
  track 10 (FIGHTER, d=4.3km, v=300m/s) -> threat=150.93
  track 6 (FIGHTER, d=12.1km, v=300m/s) -> threat=150.78
  track 4 (ASM, d=3.6km, v=0m/s) -> threat=101.28

[DECISION] t=130.9s | tracks=4 | weapons=0 available
  track 8 (FIGHTER, d=2.7km, v=300m/s) -> threat=151.06
  track 10 (FIGHTER, d=4.1km, v=300m/s) -> threat=150.94
  track 6 (FIGHTER, d=12.1km, v=300m/s) -> threat=150.78
  track 4 (ASM, d=3.6km, v=0m/s) -> threat=101.28

[DECISION] t=131.5s | tracks=4 | weapons=0 available
  track 8 (FIGHTER, d=2.9km, v=300m/s) -> threat=151.04
  track 10 (FIGHTER, d=3.9km, v=300m/s) -> threat=150.96
  track 6 (FIGHTER, d=12.2km, v=300m/s) -> threat=150.78
  track 4 (ASM, d=3.6km, v=0m/s) -> threat=101.28

[DECISION] t=0.0s | tracks=4 | weapons=0 available
  track 8 (FIGHTER, d=2.9km, v=300m/s) -> threat=151.04
  track 10 (FIGHTER, d=3.9km, v=300m/s) -> threat=150.96
  track 6 (FIGHTER, d=12.2km, v=300m/s) -> threat=150.78
  track 4 (ASM, d=3.6km, v=0m/s) -> threat=101.28

[DECISION] t=132.1s | tracks=4 | weapons=0 available
  track 8 (FIGHTER, d=3.0km, v=300m/s) -> threat=151.03
  track 10 (FIGHTER, d=3.8km, v=300m/s) -> threat=150.96
  track 6 (FIGHTER, d=12.5km, v=300m/s) -> threat=150.78
  track 4 (ASM, d=3.6km, v=0m/s) -> threat=101.28

[DECISION] t=132.3s | tracks=4 | weapons=0 available
  track 8 (FIGHTER, d=3.2km, v=300m/s) -> threat=151.01
  track 10 (FIGHTER, d=3.6km, v=300m/s) -> threat=150.97
  track 6 (FIGHTER, d=12.5km, v=300m/s) -> threat=150.78
  track 4 (ASM, d=3.6km, v=0m/s) -> threat=101.28

[DECISION] t=132.5s | tracks=4 | weapons=0 available
  track 8 (FIGHTER, d=3.2km, v=300m/s) -> threat=151.01
  track 10 (FIGHTER, d=3.6km, v=300m/s) -> threat=150.97
  track 6 (FIGHTER, d=12.5km, v=300m/s) -> threat=150.78
  track 4 (ASM, d=3.6km, v=0m/s) -> threat=101.28

[DECISION] t=133.1s | tracks=4 | weapons=0 available
  track 8 (FIGHTER, d=3.3km, v=300m/s) -> threat=151.00
  track 10 (FIGHTER, d=3.5km, v=300m/s) -> threat=150.99
  track 6 (FIGHTER, d=12.8km, v=300m/s) -> threat=150.78
  track 4 (ASM, d=3.6km, v=0m/s) -> threat=101.28

[DECISION] t=133.3s | tracks=4 | weapons=0 available
  track 10 (FIGHTER, d=3.4km, v=300m/s) -> threat=151.00
  track 8 (FIGHTER, d=3.5km, v=300m/s) -> threat=150.99
  track 6 (FIGHTER, d=12.8km, v=300m/s) -> threat=150.78
  track 4 (ASM, d=3.6km, v=0m/s) -> threat=101.28

[DECISION] t=133.5s | tracks=4 | weapons=0 available
  track 10 (FIGHTER, d=3.4km, v=300m/s) -> threat=151.00
  track 8 (FIGHTER, d=3.5km, v=300m/s) -> threat=150.99
  track 6 (FIGHTER, d=12.8km, v=300m/s) -> threat=150.78
  track 4 (ASM, d=3.6km, v=0m/s) -> threat=101.28

[DECISION] t=133.7s | tracks=4 | weapons=0 available
  track 10 (FIGHTER, d=3.4km, v=300m/s) -> threat=151.00
  track 8 (FIGHTER, d=3.6km, v=300m/s) -> threat=150.97
  track 6 (FIGHTER, d=13.0km, v=300m/s) -> threat=150.78
  track 4 (ASM, d=3.6km, v=0m/s) -> threat=101.28

[DECISION] t=133.9s | tracks=4 | weapons=0 available
  track 10 (FIGHTER, d=3.2km, v=300m/s) -> threat=151.01
  track 8 (FIGHTER, d=3.6km, v=300m/s) -> threat=150.97
  track 6 (FIGHTER, d=13.0km, v=300m/s) -> threat=150.78
  track 4 (ASM, d=3.6km, v=0m/s) -> threat=101.28

[DECISION] t=134.1s | tracks=4 | weapons=0 available
  track 10 (FIGHTER, d=3.2km, v=300m/s) -> threat=151.01
  track 8 (FIGHTER, d=3.6km, v=300m/s) -> threat=150.97
  track 6 (FIGHTER, d=13.2km, v=300m/s) -> threat=150.78
  track 4 (ASM, d=3.6km, v=0m/s) -> threat=101.28

[DECISION] t=134.3s | tracks=4 | weapons=0 available
  track 10 (FIGHTER, d=3.0km, v=300m/s) -> threat=151.03
  track 8 (FIGHTER, d=3.8km, v=300m/s) -> threat=150.96
  track 6 (FIGHTER, d=13.2km, v=300m/s) -> threat=150.78
  track 4 (ASM, d=3.6km, v=0m/s) -> threat=101.28

[DECISION] t=134.5s | tracks=4 | weapons=0 available
  track 10 (FIGHTER, d=3.0km, v=300m/s) -> threat=151.03
  track 8 (FIGHTER, d=3.8km, v=300m/s) -> threat=150.96
  track 6 (FIGHTER, d=13.2km, v=300m/s) -> threat=150.78
  track 4 (ASM, d=3.6km, v=0m/s) -> threat=101.28

[DECISION] t=134.7s | tracks=4 | weapons=0 available
  track 10 (FIGHTER, d=3.0km, v=300m/s) -> threat=151.03
  track 8 (FIGHTER, d=3.9km, v=300m/s) -> threat=150.95
  track 6 (FIGHTER, d=13.3km, v=300m/s) -> threat=150.78
  track 4 (ASM, d=3.6km, v=0m/s) -> threat=101.28

[DECISION] t=134.9s | tracks=4 | weapons=0 available
  track 10 (FIGHTER, d=2.9km, v=300m/s) -> threat=151.05
  track 8 (FIGHTER, d=3.9km, v=300m/s) -> threat=150.95
  track 6 (FIGHTER, d=13.3km, v=300m/s) -> threat=150.78
  track 4 (ASM, d=3.6km, v=0m/s) -> threat=101.28

[DECISION] t=135.1s | tracks=4 | weapons=0 available
  track 10 (FIGHTER, d=2.9km, v=300m/s) -> threat=151.05
  track 8 (FIGHTER, d=3.9km, v=300m/s) -> threat=150.95
  track 6 (FIGHTER, d=13.5km, v=300m/s) -> threat=150.77
  track 4 (ASM, d=3.6km, v=0m/s) -> threat=101.28
  [KILLED] 00:03:26.2 WEAPON_HIT radar1 asm1 radar1_aim120_sim_4_1 Engagement: 4 Start_Time: 00:03:17.0   Intercept_Pk: 1 Pk_Degrad
  [KILLED] 00:03:26.2 WEAPON_TERMINATED radar1 asm1 radar1_aim120_sim_4_1 Engagement: 4 Start_Time: 00:03:17.0   Intercept_Pk: 1 Pk
  [KILLED] 00:03:28.1 WEAPON_HIT radar1 asm2 radar1_aim120_sim_5_1 Engagement: 5 Start_Time: 00:03:17.0   Intercept_Pk: 1 Pk_Degrad
  [KILL_FEEDBACK] track 2 (asm2) marked killed via EVT
  [KILLED] 00:03:28.1 WEAPON_TERMINATED radar1 asm2 radar1_aim120_sim_5_1 Engagement: 5 Start_Time: 00:03:17.0   Intercept_Pk: 1 Pk

[DECISION] t=135.3s | tracks=4 | weapons=0 available
  track 10 (FIGHTER, d=2.8km, v=300m/s) -> threat=151.06
  track 8 (FIGHTER, d=4.1km, v=300m/s) -> threat=150.94
  track 6 (FIGHTER, d=13.5km, v=300m/s) -> threat=150.77
  track 4 (ASM, d=3.6km, v=0m/s) -> threat=101.28

[DECISION] t=136.1s | tracks=4 | weapons=0 available
  track 10 (FIGHTER, d=2.8km, v=300m/s) -> threat=151.06
  track 8 (FIGHTER, d=4.2km, v=300m/s) -> threat=150.94
  track 6 (FIGHTER, d=13.6km, v=300m/s) -> threat=150.77
  track 4 (ASM, d=3.6km, v=0m/s) -> threat=101.28

[DECISION] t=136.3s | tracks=4 | weapons=0 available
  track 10 (FIGHTER, d=2.4km, v=300m/s) -> threat=151.11
  track 8 (FIGHTER, d=4.4km, v=300m/s) -> threat=150.93
  track 6 (FIGHTER, d=13.8km, v=300m/s) -> threat=150.77
  track 4 (ASM, d=3.6km, v=0m/s) -> threat=101.28

[DECISION] t=136.5s | tracks=4 | weapons=0 available
  track 10 (FIGHTER, d=2.4km, v=300m/s) -> threat=151.11
  track 8 (FIGHTER, d=4.4km, v=300m/s) -> threat=150.93
  track 6 (FIGHTER, d=13.8km, v=300m/s) -> threat=150.77
  track 4 (ASM, d=3.6km, v=0m/s) -> threat=101.28

[DECISION] t=136.7s | tracks=4 | weapons=0 available
  track 10 (FIGHTER, d=2.4km, v=300m/s) -> threat=151.11
  track 8 (FIGHTER, d=4.5km, v=300m/s) -> threat=150.92
  track 6 (FIGHTER, d=13.9km, v=300m/s) -> threat=150.77
  track 4 (ASM, d=3.6km, v=0m/s) -> threat=101.28

[DECISION] t=136.9s | tracks=4 | weapons=0 available
  track 10 (FIGHTER, d=2.3km, v=300m/s) -> threat=151.13
  track 8 (FIGHTER, d=4.5km, v=300m/s) -> threat=150.92
  track 6 (FIGHTER, d=13.9km, v=300m/s) -> threat=150.77
  track 4 (ASM, d=3.6km, v=0m/s) -> threat=101.28

[DECISION] t=137.1s | tracks=4 | weapons=0 available
  track 10 (FIGHTER, d=2.3km, v=300m/s) -> threat=151.13
  track 8 (FIGHTER, d=4.5km, v=300m/s) -> threat=150.92
  track 6 (FIGHTER, d=14.1km, v=300m/s) -> threat=150.77
  track 4 (ASM, d=3.6km, v=0m/s) -> threat=101.28

[DECISION] t=137.7s | tracks=4 | weapons=0 available
  track 10 (FIGHTER, d=2.2km, v=300m/s) -> threat=151.16
  track 8 (FIGHTER, d=4.7km, v=300m/s) -> threat=150.91
  track 6 (FIGHTER, d=14.1km, v=300m/s) -> threat=150.77
  track 4 (ASM, d=3.6km, v=0m/s) -> threat=101.28

[DECISION] t=137.7s | tracks=4 | weapons=0 available
  track 10 (FIGHTER, d=2.2km, v=300m/s) -> threat=151.16
  track 8 (FIGHTER, d=4.9km, v=300m/s) -> threat=150.91
  track 6 (FIGHTER, d=14.2km, v=300m/s) -> threat=150.77
  track 4 (ASM, d=3.6km, v=0m/s) -> threat=101.28

[DECISION] t=137.9s | tracks=4 | weapons=0 available
  track 10 (FIGHTER, d=2.0km, v=300m/s) -> threat=151.20
  track 8 (FIGHTER, d=4.9km, v=300m/s) -> threat=150.91
  track 6 (FIGHTER, d=14.2km, v=300m/s) -> threat=150.77
  track 4 (ASM, d=3.6km, v=0m/s) -> threat=101.28

[DECISION] t=138.1s | tracks=4 | weapons=0 available
  track 10 (FIGHTER, d=2.0km, v=300m/s) -> threat=151.20
  track 8 (FIGHTER, d=4.9km, v=300m/s) -> threat=150.91
  track 6 (FIGHTER, d=14.4km, v=300m/s) -> threat=150.77
  track 4 (ASM, d=3.6km, v=0m/s) -> threat=101.28

[DECISION] t=138.5s | tracks=4 | weapons=0 available
  track 10 (FIGHTER, d=1.8km, v=300m/s) -> threat=151.25
  track 8 (FIGHTER, d=5.0km, v=300m/s) -> threat=150.90
  track 6 (FIGHTER, d=14.4km, v=300m/s) -> threat=150.77
  track 4 (ASM, d=3.6km, v=0m/s) -> threat=101.28

[DECISION] t=138.7s | tracks=4 | weapons=0 available
  track 10 (FIGHTER, d=1.8km, v=300m/s) -> threat=151.25
  track 8 (FIGHTER, d=5.0km, v=300m/s) -> threat=150.90
  track 6 (FIGHTER, d=14.4km, v=300m/s) -> threat=150.77
  track 4 (ASM, d=3.6km, v=0m/s) -> threat=101.28

[DECISION] t=139.1s | tracks=4 | weapons=0 available
  track 10 (FIGHTER, d=1.7km, v=300m/s) -> threat=151.28
  track 8 (FIGHTER, d=5.2km, v=300m/s) -> threat=150.89
  track 6 (FIGHTER, d=14.7km, v=300m/s) -> threat=150.77
  track 4 (ASM, d=3.6km, v=0m/s) -> threat=101.28

[DECISION] t=139.3s | tracks=4 | weapons=0 available
  track 10 (FIGHTER, d=1.5km, v=300m/s) -> threat=151.35
  track 8 (FIGHTER, d=5.3km, v=300m/s) -> threat=150.89
  track 6 (FIGHTER, d=14.7km, v=300m/s) -> threat=150.77
  track 4 (ASM, d=3.6km, v=0m/s) -> threat=101.28

[DECISION] t=139.7s | tracks=4 | weapons=0 available
  track 10 (FIGHTER, d=1.5km, v=300m/s) -> threat=151.35
  track 8 (FIGHTER, d=5.3km, v=300m/s) -> threat=150.89
  track 6 (FIGHTER, d=14.7km, v=300m/s) -> threat=150.77
  track 4 (ASM, d=3.6km, v=0m/s) -> threat=101.28

[DECISION] t=140.1s | tracks=4 | weapons=0 available
  track 10 (FIGHTER, d=1.4km, v=300m/s) -> threat=151.43
  track 8 (FIGHTER, d=5.5km, v=300m/s) -> threat=150.88
  track 6 (FIGHTER, d=14.8km, v=300m/s) -> threat=150.77
  track 4 (ASM, d=3.6km, v=0m/s) -> threat=101.28

[DECISION] t=140.3s | tracks=4 | weapons=0 available
  track 10 (FIGHTER, d=1.3km, v=300m/s) -> threat=151.48
  track 8 (FIGHTER, d=5.6km, v=300m/s) -> threat=150.88
  track 6 (FIGHTER, d=15.0km, v=300m/s) -> threat=150.77
  track 4 (ASM, d=3.6km, v=0m/s) -> threat=101.28

[DECISION] t=140.7s | tracks=4 | weapons=0 available
  track 10 (FIGHTER, d=1.3km, v=300m/s) -> threat=151.48
  track 8 (FIGHTER, d=5.8km, v=300m/s) -> threat=150.87
  track 6 (FIGHTER, d=15.1km, v=300m/s) -> threat=150.77
  track 4 (ASM, d=3.6km, v=0m/s) -> threat=101.28

[DECISION] t=140.9s | tracks=4 | weapons=0 available
  track 10 (FIGHTER, d=1.1km, v=300m/s) -> threat=151.60
  track 8 (FIGHTER, d=5.8km, v=300m/s) -> threat=150.87
  track 6 (FIGHTER, d=15.1km, v=300m/s) -> threat=150.77
  track 4 (ASM, d=3.6km, v=0m/s) -> threat=101.28

[DECISION] t=141.3s | tracks=4 | weapons=0 available
  track 10 (FIGHTER, d=1.1km, v=300m/s) -> threat=151.60
  track 8 (FIGHTER, d=5.8km, v=300m/s) -> threat=150.87
  track 6 (FIGHTER, d=15.1km, v=300m/s) -> threat=150.77
  track 4 (ASM, d=3.6km, v=0m/s) -> threat=101.28

[DECISION] t=141.5s | tracks=4 | weapons=0 available
  track 10 (FIGHTER, d=0.9km, v=300m/s) -> threat=151.77
  track 8 (FIGHTER, d=5.9km, v=300m/s) -> threat=150.87
  track 6 (FIGHTER, d=15.3km, v=300m/s) -> threat=150.77
  track 4 (ASM, d=3.6km, v=0m/s) -> threat=101.28

[DECISION] t=141.7s | tracks=4 | weapons=0 available
  track 10 (FIGHTER, d=0.9km, v=300m/s) -> threat=151.77
  track 8 (FIGHTER, d=6.1km, v=300m/s) -> threat=150.87
  track 6 (FIGHTER, d=15.4km, v=300m/s) -> threat=150.76
  track 4 (ASM, d=3.6km, v=0m/s) -> threat=101.28

[DECISION] t=142.1s | tracks=4 | weapons=0 available
  track 10 (FIGHTER, d=0.8km, v=300m/s) -> threat=152.02
  track 8 (FIGHTER, d=6.1km, v=300m/s) -> threat=150.87
  track 6 (FIGHTER, d=15.6km, v=300m/s) -> threat=150.76
  track 4 (ASM, d=3.6km, v=0m/s) -> threat=101.28

[DECISION] t=142.3s | tracks=4 | weapons=0 available
  track 10 (FIGHTER, d=0.7km, v=300m/s) -> threat=152.19
  track 8 (FIGHTER, d=6.2km, v=300m/s) -> threat=150.86
  track 6 (FIGHTER, d=15.6km, v=300m/s) -> threat=150.76
  track 4 (ASM, d=3.6km, v=0m/s) -> threat=101.28

[DECISION] t=142.5s | tracks=4 | weapons=0 available
  track 10 (FIGHTER, d=0.7km, v=300m/s) -> threat=152.19
  track 8 (FIGHTER, d=6.2km, v=300m/s) -> threat=150.86
  track 6 (FIGHTER, d=15.6km, v=300m/s) -> threat=150.76
  track 4 (ASM, d=3.6km, v=0m/s) -> threat=101.28

[DECISION] t=142.7s | tracks=4 | weapons=0 available
  track 10 (FIGHTER, d=0.7km, v=300m/s) -> threat=152.19
  track 8 (FIGHTER, d=6.4km, v=300m/s) -> threat=150.86
  track 6 (FIGHTER, d=15.7km, v=300m/s) -> threat=150.76
  track 4 (ASM, d=3.6km, v=0m/s) -> threat=101.28

[DECISION] t=142.9s | tracks=4 | weapons=0 available
  track 10 (FIGHTER, d=0.5km, v=300m/s) -> threat=152.72
  track 8 (FIGHTER, d=6.4km, v=300m/s) -> threat=150.86
  track 6 (FIGHTER, d=15.7km, v=300m/s) -> threat=150.76
  track 4 (ASM, d=3.6km, v=0m/s) -> threat=101.28

[DECISION] t=143.1s | tracks=4 | weapons=0 available
  track 10 (FIGHTER, d=0.5km, v=300m/s) -> threat=152.72
  track 8 (FIGHTER, d=6.4km, v=300m/s) -> threat=150.86
  track 6 (FIGHTER, d=15.9km, v=300m/s) -> threat=150.76
  track 4 (ASM, d=3.6km, v=0m/s) -> threat=101.28

[DECISION] t=143.3s | tracks=4 | weapons=0 available
  track 10 (FIGHTER, d=0.3km, v=300m/s) -> threat=153.82
  track 8 (FIGHTER, d=6.5km, v=300m/s) -> threat=150.85
  track 6 (FIGHTER, d=15.9km, v=300m/s) -> threat=150.76
  track 4 (ASM, d=3.6km, v=0m/s) -> threat=101.28
  [KILLED] 00:03:26.2 WEAPON_HIT radar1 asm1 radar1_aim120_sim_4_1 Engagement: 4 Start_Time: 00:03:17.0   Intercept_Pk: 1 Pk_Degrad
  [KILLED] 00:03:26.2 WEAPON_TERMINATED radar1 asm1 radar1_aim120_sim_4_1 Engagement: 4 Start_Time: 00:03:17.0   Intercept_Pk: 1 Pk
  [KILLED] 00:03:28.1 WEAPON_HIT radar1 asm2 radar1_aim120_sim_5_1 Engagement: 5 Start_Time: 00:03:17.0   Intercept_Pk: 1 Pk_Degrad
  [KILL_FEEDBACK] track 2 (asm2) marked killed via EVT
  [KILLED] 00:03:28.1 WEAPON_TERMINATED radar1 asm2 radar1_aim120_sim_5_1 Engagement: 5 Start_Time: 00:03:17.0   Intercept_Pk: 1 Pk

[DECISION] t=143.5s | tracks=4 | weapons=0 available
  track 10 (FIGHTER, d=0.3km, v=300m/s) -> threat=153.82
  track 8 (FIGHTER, d=6.5km, v=300m/s) -> threat=150.85
  track 6 (FIGHTER, d=15.9km, v=300m/s) -> threat=150.76
  track 4 (ASM, d=3.6km, v=0m/s) -> threat=101.28

[DECISION] t=143.7s | tracks=4 | weapons=0 available
  track 10 (FIGHTER, d=0.3km, v=300m/s) -> threat=153.82
  track 8 (FIGHTER, d=6.7km, v=300m/s) -> threat=150.85
  track 6 (FIGHTER, d=16.0km, v=300m/s) -> threat=150.76
  track 4 (ASM, d=3.6km, v=0m/s) -> threat=101.28

[DECISION] t=143.9s | tracks=4 | weapons=0 available
  track 10 (FIGHTER, d=0.2km, v=300m/s) -> threat=154.98
  track 8 (FIGHTER, d=6.7km, v=300m/s) -> threat=150.85
  track 6 (FIGHTER, d=16.0km, v=300m/s) -> threat=150.76
  track 4 (ASM, d=3.6km, v=0m/s) -> threat=101.28

[DECISION] t=144.3s | tracks=4 | weapons=0 available
  track 10 (FIGHTER, d=0.2km, v=300m/s) -> threat=154.98
  track 8 (FIGHTER, d=6.7km, v=300m/s) -> threat=150.85
  track 6 (FIGHTER, d=16.0km, v=300m/s) -> threat=150.76
  track 4 (ASM, d=3.6km, v=0m/s) -> threat=101.28

[DECISION] t=144.5s | tracks=4 | weapons=0 available
  track 10 (FIGHTER, d=0.1km, v=300m/s) -> threat=160.70
  track 8 (FIGHTER, d=6.8km, v=300m/s) -> threat=150.85
  track 6 (FIGHTER, d=16.2km, v=300m/s) -> threat=150.76
  track 4 (ASM, d=3.6km, v=0m/s) -> threat=101.28

[DECISION] t=144.7s | tracks=4 | weapons=0 available
  track 10 (FIGHTER, d=0.1km, v=300m/s) -> threat=160.70
  track 8 (FIGHTER, d=7.0km, v=300m/s) -> threat=150.84
  track 6 (FIGHTER, d=16.3km, v=300m/s) -> threat=150.76
  track 4 (ASM, d=3.6km, v=0m/s) -> threat=101.28

[DECISION] t=144.9s | tracks=4 | weapons=0 available
  track 10 (FIGHTER, d=0.1km, v=300m/s) -> threat=159.26
  track 8 (FIGHTER, d=7.0km, v=300m/s) -> threat=150.84
  track 6 (FIGHTER, d=16.3km, v=300m/s) -> threat=150.76
  track 4 (ASM, d=3.6km, v=0m/s) -> threat=101.28

[DECISION] t=145.1s | tracks=4 | weapons=0 available
  track 10 (FIGHTER, d=0.1km, v=300m/s) -> threat=159.26
  track 8 (FIGHTER, d=7.0km, v=300m/s) -> threat=150.84
  track 6 (FIGHTER, d=16.5km, v=300m/s) -> threat=150.76
  track 4 (ASM, d=3.6km, v=0m/s) -> threat=101.28

[DECISION] t=145.3s | tracks=4 | weapons=0 available
  track 10 (FIGHTER, d=0.2km, v=300m/s) -> threat=155.59
  track 8 (FIGHTER, d=7.1km, v=300m/s) -> threat=150.84
  track 6 (FIGHTER, d=16.5km, v=300m/s) -> threat=150.76
  track 4 (ASM, d=3.6km, v=0m/s) -> threat=101.28

[DECISION] t=145.5s | tracks=4 | weapons=0 available
  track 10 (FIGHTER, d=0.2km, v=300m/s) -> threat=155.59
  track 8 (FIGHTER, d=7.1km, v=300m/s) -> threat=150.84
  track 6 (FIGHTER, d=16.5km, v=300m/s) -> threat=150.76
  track 4 (ASM, d=3.6km, v=0m/s) -> threat=101.28

[DECISION] t=145.7s | tracks=4 | weapons=0 available
  track 10 (FIGHTER, d=0.2km, v=300m/s) -> threat=155.59
  track 8 (FIGHTER, d=7.3km, v=300m/s) -> threat=150.84
  track 6 (FIGHTER, d=16.6km, v=300m/s) -> threat=150.76
  track 4 (ASM, d=3.6km, v=0m/s) -> threat=101.28

[DECISION] t=145.9s | tracks=4 | weapons=0 available
  track 10 (FIGHTER, d=0.4km, v=300m/s) -> threat=153.34
  track 8 (FIGHTER, d=7.3km, v=300m/s) -> threat=150.84
  track 6 (FIGHTER, d=16.6km, v=300m/s) -> threat=150.76
  track 4 (ASM, d=3.6km, v=0m/s) -> threat=101.28

[DECISION] t=146.1s | tracks=4 | weapons=0 available
  track 10 (FIGHTER, d=0.4km, v=300m/s) -> threat=153.34
  track 8 (FIGHTER, d=7.3km, v=300m/s) -> threat=150.84
  track 6 (FIGHTER, d=16.8km, v=300m/s) -> threat=150.76
  track 4 (ASM, d=3.6km, v=0m/s) -> threat=101.28

[DECISION] t=146.3s | tracks=4 | weapons=0 available
  track 10 (FIGHTER, d=0.6km, v=300m/s) -> threat=152.50
  track 8 (FIGHTER, d=7.4km, v=300m/s) -> threat=150.84
  track 6 (FIGHTER, d=16.8km, v=300m/s) -> threat=150.76
  track 4 (ASM, d=3.6km, v=0m/s) -> threat=101.28

[DECISION] t=146.5s | tracks=4 | weapons=0 available
  track 10 (FIGHTER, d=0.6km, v=300m/s) -> threat=152.50
  track 8 (FIGHTER, d=7.4km, v=300m/s) -> threat=150.84
  track 6 (FIGHTER, d=16.8km, v=300m/s) -> threat=150.76
  track 4 (ASM, d=3.6km, v=0m/s) -> threat=101.28

[DECISION] t=146.7s | tracks=4 | weapons=0 available
  track 10 (FIGHTER, d=0.6km, v=300m/s) -> threat=152.50
  track 8 (FIGHTER, d=7.6km, v=300m/s) -> threat=150.83
  track 6 (FIGHTER, d=16.9km, v=300m/s) -> threat=150.76
  track 4 (ASM, d=3.6km, v=0m/s) -> threat=101.28

[DECISION] t=147.1s | tracks=4 | weapons=0 available
  track 10 (FIGHTER, d=0.7km, v=300m/s) -> threat=152.07
  track 8 (FIGHTER, d=7.6km, v=300m/s) -> threat=150.83
  track 6 (FIGHTER, d=16.9km, v=300m/s) -> threat=150.76
  track 4 (ASM, d=3.6km, v=0m/s) -> threat=101.28

[DECISION] t=147.5s | tracks=4 | weapons=0 available
  track 10 (FIGHTER, d=0.8km, v=300m/s) -> threat=151.92
  track 8 (FIGHTER, d=7.7km, v=300m/s) -> threat=150.83
  track 6 (FIGHTER, d=17.1km, v=300m/s) -> threat=150.76
  track 4 (ASM, d=3.6km, v=0m/s) -> threat=101.28

[DECISION] t=147.7s | tracks=4 | weapons=0 available
  track 10 (FIGHTER, d=0.8km, v=300m/s) -> threat=151.92
  track 8 (FIGHTER, d=7.7km, v=300m/s) -> threat=150.83
  track 6 (FIGHTER, d=17.1km, v=300m/s) -> threat=150.76
  track 4 (ASM, d=3.6km, v=0m/s) -> threat=101.28

[DECISION] t=147.9s | tracks=4 | weapons=0 available
  track 10 (FIGHTER, d=1.0km, v=300m/s) -> threat=151.71
  track 8 (FIGHTER, d=7.9km, v=300m/s) -> threat=150.83
  track 6 (FIGHTER, d=17.2km, v=300m/s) -> threat=150.76
  track 4 (ASM, d=3.6km, v=0m/s) -> threat=101.28

[DECISION] t=148.1s | tracks=4 | weapons=0 available
  track 10 (FIGHTER, d=1.0km, v=300m/s) -> threat=151.71
  track 8 (FIGHTER, d=7.9km, v=300m/s) -> threat=150.83
  track 6 (FIGHTER, d=17.4km, v=300m/s) -> threat=150.76
  track 4 (ASM, d=3.6km, v=0m/s) -> threat=101.28

[DECISION] t=148.3s | tracks=4 | weapons=0 available
  track 10 (FIGHTER, d=1.2km, v=300m/s) -> threat=151.56
  track 8 (FIGHTER, d=8.0km, v=300m/s) -> threat=150.82
  track 6 (FIGHTER, d=17.4km, v=300m/s) -> threat=150.76
  track 4 (ASM, d=3.6km, v=0m/s) -> threat=101.28

[DECISION] t=148.5s | tracks=4 | weapons=0 available
  track 10 (FIGHTER, d=1.2km, v=300m/s) -> threat=151.56
  track 8 (FIGHTER, d=8.0km, v=300m/s) -> threat=150.82
  track 6 (FIGHTER, d=17.4km, v=300m/s) -> threat=150.76
  track 4 (ASM, d=3.6km, v=0m/s) -> threat=101.28

[DECISION] t=148.9s | tracks=4 | weapons=0 available
  track 10 (FIGHTER, d=1.3km, v=300m/s) -> threat=151.50
  track 8 (FIGHTER, d=8.2km, v=300m/s) -> threat=150.82
  track 6 (FIGHTER, d=17.5km, v=300m/s) -> threat=150.76
  track 4 (ASM, d=3.6km, v=0m/s) -> threat=101.28

[DECISION] t=149.3s | tracks=4 | weapons=0 available
  track 10 (FIGHTER, d=1.4km, v=300m/s) -> threat=151.40
  track 8 (FIGHTER, d=8.3km, v=300m/s) -> threat=150.82
  track 6 (FIGHTER, d=17.7km, v=300m/s) -> threat=150.76
  track 4 (ASM, d=3.6km, v=0m/s) -> threat=101.28

[DECISION] t=149.7s | tracks=4 | weapons=0 available
  track 10 (FIGHTER, d=1.4km, v=300m/s) -> threat=151.40
  track 8 (FIGHTER, d=8.3km, v=300m/s) -> threat=150.82
  track 6 (FIGHTER, d=17.7km, v=300m/s) -> threat=150.76
  track 4 (ASM, d=3.6km, v=0m/s) -> threat=101.28

[DECISION] t=149.9s | tracks=4 | weapons=0 available
  track 10 (FIGHTER, d=1.6km, v=300m/s) -> threat=151.32
  track 8 (FIGHTER, d=8.5km, v=300m/s) -> threat=150.82
  track 6 (FIGHTER, d=17.8km, v=300m/s) -> threat=150.76
  track 4 (ASM, d=3.6km, v=0m/s) -> threat=101.28

[DECISION] t=150.1s | tracks=4 | weapons=0 available
  track 10 (FIGHTER, d=1.6km, v=300m/s) -> threat=151.32
  track 8 (FIGHTER, d=8.5km, v=300m/s) -> threat=150.82
  track 6 (FIGHTER, d=18.0km, v=300m/s) -> threat=150.76
  track 4 (ASM, d=3.6km, v=0m/s) -> threat=101.28

[DECISION] t=150.3s | tracks=5 | weapons=0 available
  track 10 (FIGHTER, d=1.7km, v=300m/s) -> threat=151.29
  track 12 (FIGHTER, d=7.2km, v=300m/s) -> threat=150.84
  track 8 (FIGHTER, d=8.6km, v=300m/s) -> threat=150.82
  track 6 (FIGHTER, d=18.0km, v=300m/s) -> threat=150.76
  track 4 (ASM, d=3.6km, v=0m/s) -> threat=101.28

[DECISION] t=150.5s | tracks=5 | weapons=0 available
  track 10 (FIGHTER, d=1.7km, v=300m/s) -> threat=151.29
  track 12 (FIGHTER, d=7.2km, v=300m/s) -> threat=150.84
  track 8 (FIGHTER, d=8.6km, v=300m/s) -> threat=150.82
  track 6 (FIGHTER, d=18.0km, v=300m/s) -> threat=150.76
  track 4 (ASM, d=3.6km, v=0m/s) -> threat=101.28

[DECISION] t=150.7s | tracks=5 | weapons=0 available
  track 10 (FIGHTER, d=1.9km, v=300m/s) -> threat=151.24
  track 12 (FIGHTER, d=7.2km, v=300m/s) -> threat=150.84
  track 8 (FIGHTER, d=8.8km, v=300m/s) -> threat=150.81
  track 6 (FIGHTER, d=18.1km, v=300m/s) -> threat=150.76
  track 4 (ASM, d=3.6km, v=0m/s) -> threat=101.28

[DECISION] t=151.3s | tracks=5 | weapons=0 available
  track 10 (FIGHTER, d=1.9km, v=300m/s) -> threat=151.24
  track 12 (FIGHTER, d=7.0km, v=300m/s) -> threat=150.84
  track 8 (FIGHTER, d=8.8km, v=300m/s) -> threat=150.81
  track 6 (FIGHTER, d=18.3km, v=300m/s) -> threat=150.75
  track 4 (ASM, d=3.6km, v=0m/s) -> threat=101.28
  [KILLED] 00:03:26.2 WEAPON_HIT radar1 asm1 radar1_aim120_sim_4_1 Engagement: 4 Start_Time: 00:03:17.0   Intercept_Pk: 1 Pk_Degrad
  [KILLED] 00:03:26.2 WEAPON_TERMINATED radar1 asm1 radar1_aim120_sim_4_1 Engagement: 4 Start_Time: 00:03:17.0   Intercept_Pk: 1 Pk
  [KILLED] 00:03:28.1 WEAPON_HIT radar1 asm2 radar1_aim120_sim_5_1 Engagement: 5 Start_Time: 00:03:17.0   Intercept_Pk: 1 Pk_Degrad
  [KILL_FEEDBACK] track 2 (asm2) marked killed via EVT
  [KILLED] 00:03:28.1 WEAPON_TERMINATED radar1 asm2 radar1_aim120_sim_5_1 Engagement: 5 Start_Time: 00:03:17.0   Intercept_Pk: 1 Pk

[DECISION] t=0.0s | tracks=5 | weapons=0 available
  track 10 (FIGHTER, d=2.0km, v=300m/s) -> threat=151.19
  track 12 (FIGHTER, d=6.9km, v=300m/s) -> threat=150.84
  track 8 (FIGHTER, d=8.9km, v=300m/s) -> threat=150.81
  track 6 (FIGHTER, d=18.3km, v=300m/s) -> threat=150.75
  track 4 (ASM, d=3.6km, v=0m/s) -> threat=101.28

[DECISION] t=151.5s | tracks=5 | weapons=0 available
  track 10 (FIGHTER, d=2.0km, v=300m/s) -> threat=151.19
  track 12 (FIGHTER, d=6.9km, v=300m/s) -> threat=150.84
  track 8 (FIGHTER, d=8.9km, v=300m/s) -> threat=150.81
  track 6 (FIGHTER, d=18.3km, v=300m/s) -> threat=150.75
  track 4 (ASM, d=3.6km, v=0m/s) -> threat=101.28

[DECISION] t=151.9s | tracks=5 | weapons=0 available
  track 10 (FIGHTER, d=2.2km, v=300m/s) -> threat=151.15
  track 12 (FIGHTER, d=6.8km, v=300m/s) -> threat=150.85
  track 8 (FIGHTER, d=9.1km, v=300m/s) -> threat=150.81
  track 6 (FIGHTER, d=18.4km, v=300m/s) -> threat=150.75
  track 4 (ASM, d=3.6km, v=0m/s) -> threat=101.28

[DECISION] t=152.1s | tracks=5 | weapons=0 available
  track 10 (FIGHTER, d=2.2km, v=300m/s) -> threat=151.15
  track 12 (FIGHTER, d=6.8km, v=300m/s) -> threat=150.85
  track 8 (FIGHTER, d=9.1km, v=300m/s) -> threat=150.81
  track 6 (FIGHTER, d=18.6km, v=300m/s) -> threat=150.75
  track 4 (ASM, d=3.6km, v=0m/s) -> threat=101.28

[DECISION] t=152.3s | tracks=5 | weapons=0 available
  track 10 (FIGHTER, d=2.3km, v=300m/s) -> threat=151.13
  track 12 (FIGHTER, d=6.6km, v=300m/s) -> threat=150.85
  track 8 (FIGHTER, d=9.2km, v=300m/s) -> threat=150.81
  track 6 (FIGHTER, d=18.6km, v=300m/s) -> threat=150.75
  track 4 (ASM, d=3.6km, v=0m/s) -> threat=101.28

[DECISION] t=152.5s | tracks=5 | weapons=0 available
  track 10 (FIGHTER, d=2.3km, v=300m/s) -> threat=151.13
  track 12 (FIGHTER, d=6.6km, v=300m/s) -> threat=150.85
  track 8 (FIGHTER, d=9.2km, v=300m/s) -> threat=150.81
  track 6 (FIGHTER, d=18.6km, v=300m/s) -> threat=150.75
  track 4 (ASM, d=3.6km, v=0m/s) -> threat=101.28

[DECISION] t=152.7s | tracks=5 | weapons=0 available
  track 10 (FIGHTER, d=2.5km, v=300m/s) -> threat=151.10
  track 12 (FIGHTER, d=6.6km, v=300m/s) -> threat=150.85
  track 8 (FIGHTER, d=9.4km, v=300m/s) -> threat=150.81
  track 6 (FIGHTER, d=18.7km, v=300m/s) -> threat=150.75
  track 4 (ASM, d=3.6km, v=0m/s) -> threat=101.28

[DECISION] t=152.9s | tracks=5 | weapons=0 available
  track 10 (FIGHTER, d=2.5km, v=300m/s) -> threat=151.10
  track 12 (FIGHTER, d=6.5km, v=300m/s) -> threat=150.85
  track 8 (FIGHTER, d=9.4km, v=300m/s) -> threat=150.81
  track 6 (FIGHTER, d=18.7km, v=300m/s) -> threat=150.75
  track 4 (ASM, d=3.6km, v=0m/s) -> threat=101.28

[DECISION] t=153.3s | tracks=5 | weapons=0 available
  track 10 (FIGHTER, d=2.7km, v=300m/s) -> threat=151.08
  track 12 (FIGHTER, d=6.3km, v=300m/s) -> threat=150.86
  track 8 (FIGHTER, d=9.5km, v=300m/s) -> threat=150.81
  track 6 (FIGHTER, d=18.9km, v=300m/s) -> threat=150.75
  track 4 (ASM, d=3.6km, v=0m/s) -> threat=101.28

[DECISION] t=153.7s | tracks=5 | weapons=0 available
  track 10 (FIGHTER, d=2.7km, v=300m/s) -> threat=151.08
  track 12 (FIGHTER, d=6.3km, v=300m/s) -> threat=150.86
  track 8 (FIGHTER, d=9.5km, v=300m/s) -> threat=150.81
  track 6 (FIGHTER, d=18.9km, v=300m/s) -> threat=150.75
  track 4 (ASM, d=3.6km, v=0m/s) -> threat=101.28

[DECISION] t=154.1s | tracks=5 | weapons=0 available
  track 10 (FIGHTER, d=2.7km, v=300m/s) -> threat=151.08
  track 12 (FIGHTER, d=6.3km, v=300m/s) -> threat=150.86
  track 8 (FIGHTER, d=9.5km, v=300m/s) -> threat=150.81
  track 6 (FIGHTER, d=18.9km, v=300m/s) -> threat=150.75
  track 4 (ASM, d=3.6km, v=0m/s) -> threat=101.28

[DECISION] t=154.3s | tracks=5 | weapons=0 available
  track 10 (FIGHTER, d=2.9km, v=300m/s) -> threat=151.04
  track 12 (FIGHTER, d=6.0km, v=300m/s) -> threat=150.87
  track 8 (FIGHTER, d=9.8km, v=300m/s) -> threat=150.80
  track 6 (FIGHTER, d=19.2km, v=300m/s) -> threat=150.75
  track 4 (ASM, d=3.6km, v=0m/s) -> threat=101.28

[DECISION] t=154.5s | tracks=5 | weapons=0 available
  track 10 (FIGHTER, d=2.9km, v=300m/s) -> threat=151.04
  track 12 (FIGHTER, d=6.0km, v=300m/s) -> threat=150.87
  track 8 (FIGHTER, d=9.8km, v=300m/s) -> threat=150.80
  track 6 (FIGHTER, d=19.2km, v=300m/s) -> threat=150.75
  track 4 (ASM, d=3.6km, v=0m/s) -> threat=101.28

[DECISION] t=154.7s | tracks=5 | weapons=0 available
  track 10 (FIGHTER, d=3.1km, v=300m/s) -> threat=151.02
  track 12 (FIGHTER, d=6.0km, v=300m/s) -> threat=150.87
  track 8 (FIGHTER, d=10.0km, v=300m/s) -> threat=150.80
  track 6 (FIGHTER, d=19.3km, v=300m/s) -> threat=150.75
  track 4 (ASM, d=3.6km, v=0m/s) -> threat=101.28

[DECISION] t=154.9s | tracks=5 | weapons=0 available
  track 10 (FIGHTER, d=3.1km, v=300m/s) -> threat=151.02
  track 12 (FIGHTER, d=5.9km, v=300m/s) -> threat=150.87
  track 8 (FIGHTER, d=10.0km, v=300m/s) -> threat=150.80
  track 6 (FIGHTER, d=19.3km, v=300m/s) -> threat=150.75
  track 4 (ASM, d=3.6km, v=0m/s) -> threat=101.28

[DECISION] t=155.1s | tracks=5 | weapons=0 available
  track 10 (FIGHTER, d=3.1km, v=300m/s) -> threat=151.02
  track 12 (FIGHTER, d=5.9km, v=300m/s) -> threat=150.87
  track 8 (FIGHTER, d=10.0km, v=300m/s) -> threat=150.80
  track 6 (FIGHTER, d=19.5km, v=300m/s) -> threat=150.75
  track 4 (ASM, d=3.6km, v=0m/s) -> threat=101.28

[DECISION] t=155.5s | tracks=5 | weapons=0 available
  track 10 (FIGHTER, d=3.3km, v=300m/s) -> threat=151.01
  track 12 (FIGHTER, d=5.7km, v=300m/s) -> threat=150.87
  track 8 (FIGHTER, d=10.1km, v=300m/s) -> threat=150.80
  track 6 (FIGHTER, d=19.5km, v=300m/s) -> threat=150.75
  track 4 (ASM, d=3.6km, v=0m/s) -> threat=101.28

[DECISION] t=155.7s | tracks=5 | weapons=0 available
  track 10 (FIGHTER, d=3.4km, v=300m/s) -> threat=151.00
  track 12 (FIGHTER, d=5.7km, v=300m/s) -> threat=150.87
  track 8 (FIGHTER, d=10.3km, v=300m/s) -> threat=150.80
  track 6 (FIGHTER, d=19.6km, v=300m/s) -> threat=150.75
  track 4 (ASM, d=3.6km, v=0m/s) -> threat=101.28

[DECISION] t=156.3s | tracks=5 | weapons=0 available
  track 10 (FIGHTER, d=3.4km, v=300m/s) -> threat=151.00
  track 12 (FIGHTER, d=5.7km, v=300m/s) -> threat=150.87
  track 8 (FIGHTER, d=10.3km, v=300m/s) -> threat=150.80
  track 6 (FIGHTER, d=19.6km, v=300m/s) -> threat=150.75
  track 4 (ASM, d=3.6km, v=0m/s) -> threat=101.28

[DECISION] t=156.5s | tracks=5 | weapons=0 available
  track 10 (FIGHTER, d=3.5km, v=300m/s) -> threat=150.98
  track 12 (FIGHTER, d=5.5km, v=300m/s) -> threat=150.88
  track 8 (FIGHTER, d=10.4km, v=300m/s) -> threat=150.80
  track 6 (FIGHTER, d=19.8km, v=300m/s) -> threat=150.75
  track 4 (ASM, d=3.6km, v=0m/s) -> threat=101.28

[DECISION] t=156.7s | tracks=5 | weapons=0 available
  track 10 (FIGHTER, d=3.7km, v=300m/s) -> threat=150.97
  track 12 (FIGHTER, d=5.5km, v=300m/s) -> threat=150.88
  track 8 (FIGHTER, d=10.6km, v=300m/s) -> threat=150.79
  track 6 (FIGHTER, d=19.9km, v=300m/s) -> threat=150.75
  track 4 (ASM, d=3.6km, v=0m/s) -> threat=101.28

[DECISION] t=156.9s | tracks=5 | weapons=0 available
  track 10 (FIGHTER, d=3.7km, v=300m/s) -> threat=150.97
  track 12 (FIGHTER, d=5.3km, v=300m/s) -> threat=150.89
  track 8 (FIGHTER, d=10.6km, v=300m/s) -> threat=150.79
  track 6 (FIGHTER, d=19.9km, v=300m/s) -> threat=150.75
  track 4 (ASM, d=3.6km, v=0m/s) -> threat=101.28

[DECISION] t=157.1s | tracks=5 | weapons=0 available
  track 10 (FIGHTER, d=3.7km, v=300m/s) -> threat=150.97
  track 12 (FIGHTER, d=5.3km, v=300m/s) -> threat=150.89
  track 8 (FIGHTER, d=10.6km, v=300m/s) -> threat=150.79
  track 6 (FIGHTER, d=20.1km, v=300m/s) -> threat=150.75
  track 4 (ASM, d=3.6km, v=0m/s) -> threat=101.28

[DECISION] t=157.3s | tracks=5 | weapons=0 available
  track 10 (FIGHTER, d=3.8km, v=300m/s) -> threat=150.96
  track 12 (FIGHTER, d=5.1km, v=300m/s) -> threat=150.90
  track 8 (FIGHTER, d=10.7km, v=300m/s) -> threat=150.79
  track 6 (FIGHTER, d=20.1km, v=300m/s) -> threat=150.75
  track 4 (ASM, d=3.6km, v=0m/s) -> threat=101.28

[DECISION] t=157.5s | tracks=5 | weapons=0 available
  track 10 (FIGHTER, d=3.8km, v=300m/s) -> threat=150.96
  track 12 (FIGHTER, d=5.1km, v=300m/s) -> threat=150.90
  track 8 (FIGHTER, d=10.7km, v=300m/s) -> threat=150.79
  track 6 (FIGHTER, d=20.1km, v=300m/s) -> threat=150.75
  track 4 (ASM, d=3.6km, v=0m/s) -> threat=101.28

[DECISION] t=157.5s | tracks=5 | weapons=0 available
  track 10 (FIGHTER, d=3.8km, v=300m/s) -> threat=150.96
  track 12 (FIGHTER, d=5.1km, v=300m/s) -> threat=150.90
  track 8 (FIGHTER, d=10.7km, v=300m/s) -> threat=150.79
  track 6 (FIGHTER, d=20.1km, v=300m/s) -> threat=150.75
  track 4 (ASM, d=3.6km, v=0m/s) -> threat=101.28

[DECISION] t=157.7s | tracks=5 | weapons=0 available
  track 10 (FIGHTER, d=4.0km, v=300m/s) -> threat=150.95
  track 12 (FIGHTER, d=5.1km, v=300m/s) -> threat=150.90
  track 8 (FIGHTER, d=10.9km, v=300m/s) -> threat=150.79
  track 6 (FIGHTER, d=20.2km, v=300m/s) -> threat=150.75
  track 4 (ASM, d=3.6km, v=0m/s) -> threat=101.28

[DECISION] t=157.9s | tracks=5 | weapons=0 available
  track 10 (FIGHTER, d=4.0km, v=300m/s) -> threat=150.95
  track 12 (FIGHTER, d=4.9km, v=300m/s) -> threat=150.90
  track 8 (FIGHTER, d=10.9km, v=300m/s) -> threat=150.79
  track 6 (FIGHTER, d=20.2km, v=300m/s) -> threat=150.75
  track 4 (ASM, d=3.6km, v=0m/s) -> threat=101.28
  [KILLED] 00:03:26.2 WEAPON_HIT radar1 asm1 radar1_aim120_sim_4_1 Engagement: 4 Start_Time: 00:03:17.0   Intercept_Pk: 1 Pk_Degrad
  [KILLED] 00:03:26.2 WEAPON_TERMINATED radar1 asm1 radar1_aim120_sim_4_1 Engagement: 4 Start_Time: 00:03:17.0   Intercept_Pk: 1 Pk
  [KILLED] 00:03:28.1 WEAPON_HIT radar1 asm2 radar1_aim120_sim_5_1 Engagement: 5 Start_Time: 00:03:17.0   Intercept_Pk: 1 Pk_Degrad
  [KILL_FEEDBACK] track 2 (asm2) marked killed via EVT
  [KILLED] 00:03:28.1 WEAPON_TERMINATED radar1 asm2 radar1_aim120_sim_5_1 Engagement: 5 Start_Time: 00:03:17.0   Intercept_Pk: 1 Pk

[DECISION] t=158.1s | tracks=5 | weapons=0 available
  track 10 (FIGHTER, d=4.0km, v=300m/s) -> threat=150.95
  track 12 (FIGHTER, d=4.9km, v=300m/s) -> threat=150.90
  track 8 (FIGHTER, d=10.9km, v=300m/s) -> threat=150.79
  track 6 (FIGHTER, d=20.4km, v=300m/s) -> threat=150.75
  track 4 (ASM, d=3.6km, v=0m/s) -> threat=101.28

[DECISION] t=158.3s | tracks=5 | weapons=0 available
  track 10 (FIGHTER, d=4.1km, v=300m/s) -> threat=150.94
  track 12 (FIGHTER, d=4.8km, v=300m/s) -> threat=150.91
  track 8 (FIGHTER, d=11.0km, v=300m/s) -> threat=150.79
  track 6 (FIGHTER, d=20.4km, v=300m/s) -> threat=150.75
  track 4 (ASM, d=3.6km, v=0m/s) -> threat=101.28

[DECISION] t=158.7s | tracks=5 | weapons=0 available
  track 10 (FIGHTER, d=4.3km, v=300m/s) -> threat=150.93
  track 12 (FIGHTER, d=4.8km, v=300m/s) -> threat=150.91
  track 8 (FIGHTER, d=11.2km, v=300m/s) -> threat=150.79
  track 6 (FIGHTER, d=20.5km, v=300m/s) -> threat=150.75
  track 4 (ASM, d=3.6km, v=0m/s) -> threat=101.28

[DECISION] t=158.9s | tracks=5 | weapons=0 available
  track 10 (FIGHTER, d=4.3km, v=300m/s) -> threat=150.93
  track 12 (FIGHTER, d=4.7km, v=300m/s) -> threat=150.91
  track 8 (FIGHTER, d=11.2km, v=300m/s) -> threat=150.79
  track 6 (FIGHTER, d=20.5km, v=300m/s) -> threat=150.75
  track 4 (ASM, d=3.6km, v=0m/s) -> threat=101.28

[DECISION] t=159.1s | tracks=5 | weapons=0 available
  track 10 (FIGHTER, d=4.3km, v=300m/s) -> threat=150.93
  track 12 (FIGHTER, d=4.7km, v=300m/s) -> threat=150.91
  track 8 (FIGHTER, d=11.2km, v=300m/s) -> threat=150.79
  track 6 (FIGHTER, d=20.7km, v=300m/s) -> threat=150.75
  track 4 (ASM, d=3.6km, v=0m/s) -> threat=101.28

[DECISION] t=159.5s | tracks=5 | weapons=0 available
  track 10 (FIGHTER, d=4.3km, v=300m/s) -> threat=150.93
  track 12 (FIGHTER, d=4.7km, v=300m/s) -> threat=150.91
  track 8 (FIGHTER, d=11.2km, v=300m/s) -> threat=150.79
  track 6 (FIGHTER, d=20.7km, v=300m/s) -> threat=150.75
  track 4 (ASM, d=3.6km, v=0m/s) -> threat=101.28

[DECISION] t=159.7s | tracks=5 | weapons=0 available
  track 12 (FIGHTER, d=4.5km, v=300m/s) -> threat=150.92
  track 10 (FIGHTER, d=4.6km, v=300m/s) -> threat=150.92
  track 8 (FIGHTER, d=11.5km, v=300m/s) -> threat=150.79
  track 6 (FIGHTER, d=20.8km, v=300m/s) -> threat=150.75
  track 4 (ASM, d=3.6km, v=0m/s) -> threat=101.28

[DECISION] t=159.9s | tracks=5 | weapons=0 available
  track 12 (FIGHTER, d=4.4km, v=300m/s) -> threat=150.93
  track 10 (FIGHTER, d=4.6km, v=300m/s) -> threat=150.92
  track 8 (FIGHTER, d=11.5km, v=300m/s) -> threat=150.79
  track 6 (FIGHTER, d=20.8km, v=300m/s) -> threat=150.75
  track 4 (ASM, d=3.6km, v=0m/s) -> threat=101.28

[DECISION] t=160.1s | tracks=5 | weapons=0 available
  track 12 (FIGHTER, d=4.4km, v=300m/s) -> threat=150.93
  track 10 (FIGHTER, d=4.6km, v=300m/s) -> threat=150.92
  track 8 (FIGHTER, d=11.5km, v=300m/s) -> threat=150.79
  track 6 (FIGHTER, d=21.0km, v=300m/s) -> threat=150.75
  track 4 (ASM, d=3.6km, v=0m/s) -> threat=101.28

[DECISION] t=160.3s | tracks=5 | weapons=0 available
  track 12 (FIGHTER, d=4.2km, v=300m/s) -> threat=150.94
  track 10 (FIGHTER, d=4.8km, v=300m/s) -> threat=150.91
  track 8 (FIGHTER, d=11.6km, v=300m/s) -> threat=150.79
  track 6 (FIGHTER, d=21.0km, v=300m/s) -> threat=150.75
  track 4 (ASM, d=3.6km, v=0m/s) -> threat=101.28

[DECISION] t=160.5s | tracks=5 | weapons=0 available
  track 12 (FIGHTER, d=4.2km, v=300m/s) -> threat=150.94
  track 10 (FIGHTER, d=4.8km, v=300m/s) -> threat=150.91
  track 8 (FIGHTER, d=11.6km, v=300m/s) -> threat=150.79
  track 6 (FIGHTER, d=21.0km, v=300m/s) -> threat=150.75
  track 4 (ASM, d=3.6km, v=0m/s) -> threat=101.28

[DECISION] t=160.9s | tracks=5 | weapons=0 available
  track 12 (FIGHTER, d=4.2km, v=300m/s) -> threat=150.94
  track 10 (FIGHTER, d=4.8km, v=300m/s) -> threat=150.91
  track 8 (FIGHTER, d=11.8km, v=300m/s) -> threat=150.79
  track 6 (FIGHTER, d=21.1km, v=300m/s) -> threat=150.75
  track 4 (ASM, d=3.6km, v=0m/s) -> threat=101.28

[DECISION] t=161.1s | tracks=5 | weapons=0 available
  track 12 (FIGHTER, d=4.1km, v=300m/s) -> threat=150.95
  track 10 (FIGHTER, d=4.8km, v=300m/s) -> threat=150.91
  track 8 (FIGHTER, d=11.8km, v=300m/s) -> threat=150.79
  track 6 (FIGHTER, d=21.3km, v=300m/s) -> threat=150.75
  track 4 (ASM, d=3.6km, v=0m/s) -> threat=101.28

[DECISION] t=161.3s | tracks=5 | weapons=0 available
  track 12 (FIGHTER, d=3.9km, v=300m/s) -> threat=150.96
  track 10 (FIGHTER, d=5.0km, v=300m/s) -> threat=150.90
  track 8 (FIGHTER, d=11.9km, v=300m/s) -> threat=150.78
  track 6 (FIGHTER, d=21.3km, v=300m/s) -> threat=150.75
  track 4 (ASM, d=3.6km, v=0m/s) -> threat=101.28

[DECISION] t=161.7s | tracks=5 | weapons=0 available
  track 12 (FIGHTER, d=3.9km, v=300m/s) -> threat=150.96
  track 10 (FIGHTER, d=5.0km, v=300m/s) -> threat=150.90
  track 8 (FIGHTER, d=11.9km, v=300m/s) -> threat=150.78
  track 6 (FIGHTER, d=21.3km, v=300m/s) -> threat=150.75
  track 4 (ASM, d=3.6km, v=0m/s) -> threat=101.28

[DECISION] t=161.9s | tracks=5 | weapons=0 available
  track 12 (FIGHTER, d=3.8km, v=300m/s) -> threat=150.96
  track 10 (FIGHTER, d=5.2km, v=300m/s) -> threat=150.89
  track 8 (FIGHTER, d=12.1km, v=300m/s) -> threat=150.78
  track 6 (FIGHTER, d=21.4km, v=300m/s) -> threat=150.75
  track 4 (ASM, d=3.6km, v=0m/s) -> threat=101.28

[DECISION] t=0.0s | tracks=5 | weapons=0 available
  track 12 (FIGHTER, d=3.8km, v=300m/s) -> threat=150.96
  track 10 (FIGHTER, d=5.2km, v=300m/s) -> threat=150.89
  track 8 (FIGHTER, d=12.1km, v=300m/s) -> threat=150.78
  track 6 (FIGHTER, d=21.6km, v=300m/s) -> threat=150.75
  track 4 (ASM, d=3.6km, v=0m/s) -> threat=101.28

[DECISION] t=162.5s | tracks=5 | weapons=0 available
  track 12 (FIGHTER, d=3.6km, v=300m/s) -> threat=150.98
  track 10 (FIGHTER, d=5.4km, v=300m/s) -> threat=150.89
  track 8 (FIGHTER, d=12.2km, v=300m/s) -> threat=150.78
  track 6 (FIGHTER, d=21.6km, v=300m/s) -> threat=150.75
  track 4 (ASM, d=3.6km, v=0m/s) -> threat=101.28

[DECISION] t=162.7s | tracks=5 | weapons=0 available
  track 12 (FIGHTER, d=3.6km, v=300m/s) -> threat=150.98
  track 10 (FIGHTER, d=5.5km, v=300m/s) -> threat=150.88
  track 8 (FIGHTER, d=12.4km, v=300m/s) -> threat=150.78
  track 6 (FIGHTER, d=21.7km, v=300m/s) -> threat=150.75
  track 4 (ASM, d=3.6km, v=0m/s) -> threat=101.28

[DECISION] t=163.1s | tracks=5 | weapons=0 available
  track 12 (FIGHTER, d=3.4km, v=300m/s) -> threat=150.99
  track 10 (FIGHTER, d=5.5km, v=300m/s) -> threat=150.88
  track 8 (FIGHTER, d=12.4km, v=300m/s) -> threat=150.78
  track 6 (FIGHTER, d=21.9km, v=300m/s) -> threat=150.75
  track 4 (ASM, d=3.6km, v=0m/s) -> threat=101.28

[DECISION] t=163.7s | tracks=5 | weapons=0 available
  track 12 (FIGHTER, d=3.4km, v=300m/s) -> threat=150.99
  track 10 (FIGHTER, d=5.5km, v=300m/s) -> threat=150.88
  track 8 (FIGHTER, d=12.4km, v=300m/s) -> threat=150.78
  track 6 (FIGHTER, d=21.9km, v=300m/s) -> threat=150.75
  track 4 (ASM, d=3.6km, v=0m/s) -> threat=101.28

[DECISION] t=163.9s | tracks=5 | weapons=0 available
  track 12 (FIGHTER, d=3.2km, v=300m/s) -> threat=151.01
  track 10 (FIGHTER, d=5.8km, v=300m/s) -> threat=150.87
  track 8 (FIGHTER, d=12.7km, v=300m/s) -> threat=150.78
  track 6 (FIGHTER, d=22.0km, v=300m/s) -> threat=150.75
  track 4 (ASM, d=3.6km, v=0m/s) -> threat=101.28

[DECISION] t=164.1s | tracks=5 | weapons=0 available
  track 12 (FIGHTER, d=3.2km, v=300m/s) -> threat=151.01
  track 10 (FIGHTER, d=5.8km, v=300m/s) -> threat=150.87
  track 8 (FIGHTER, d=12.7km, v=300m/s) -> threat=150.78
  track 6 (FIGHTER, d=22.2km, v=300m/s) -> threat=150.75
  track 4 (ASM, d=3.6km, v=0m/s) -> threat=101.28

[DECISION] t=164.5s | tracks=5 | weapons=0 available
  track 12 (FIGHTER, d=3.0km, v=300m/s) -> threat=151.03
  track 10 (FIGHTER, d=5.9km, v=300m/s) -> threat=150.87
  track 8 (FIGHTER, d=12.8km, v=300m/s) -> threat=150.78
  track 6 (FIGHTER, d=22.2km, v=300m/s) -> threat=150.75
  track 4 (ASM, d=3.6km, v=0m/s) -> threat=101.28

[DECISION] t=164.7s | tracks=5 | weapons=0 available
  track 12 (FIGHTER, d=3.0km, v=300m/s) -> threat=151.03
  track 10 (FIGHTER, d=6.1km, v=300m/s) -> threat=150.86
  track 8 (FIGHTER, d=13.0km, v=300m/s) -> threat=150.78
  track 6 (FIGHTER, d=22.3km, v=300m/s) -> threat=150.74
  track 4 (ASM, d=3.6km, v=0m/s) -> threat=101.28

[DECISION] t=164.9s | tracks=5 | weapons=0 available
  track 12 (FIGHTER, d=2.9km, v=300m/s) -> threat=151.04
  track 10 (FIGHTER, d=6.1km, v=300m/s) -> threat=150.86
  track 8 (FIGHTER, d=13.0km, v=300m/s) -> threat=150.78
  track 6 (FIGHTER, d=22.3km, v=300m/s) -> threat=150.74
  track 4 (ASM, d=3.6km, v=0m/s) -> threat=101.28

[DECISION] t=165.1s | tracks=5 | weapons=0 available
  track 12 (FIGHTER, d=2.9km, v=300m/s) -> threat=151.04
  track 10 (FIGHTER, d=6.1km, v=300m/s) -> threat=150.86
  track 8 (FIGHTER, d=13.0km, v=300m/s) -> threat=150.78
  track 6 (FIGHTER, d=22.5km, v=300m/s) -> threat=150.74
  track 4 (ASM, d=3.6km, v=0m/s) -> threat=101.28

[DECISION] t=165.5s | tracks=5 | weapons=0 available
  track 12 (FIGHTER, d=2.7km, v=300m/s) -> threat=151.06
  track 10 (FIGHTER, d=6.2km, v=300m/s) -> threat=150.86
  track 8 (FIGHTER, d=13.1km, v=300m/s) -> threat=150.78
  track 6 (FIGHTER, d=22.5km, v=300m/s) -> threat=150.74
  track 4 (ASM, d=3.6km, v=0m/s) -> threat=101.28

[DECISION] t=165.7s | tracks=5 | weapons=0 available
  track 12 (FIGHTER, d=2.7km, v=300m/s) -> threat=151.06
  track 10 (FIGHTER, d=6.3km, v=300m/s) -> threat=150.86
  track 8 (FIGHTER, d=13.3km, v=300m/s) -> threat=150.78
  track 6 (FIGHTER, d=22.6km, v=300m/s) -> threat=150.74
  track 4 (ASM, d=3.6km, v=0m/s) -> threat=101.28

[DECISION] t=165.9s | tracks=5 | weapons=0 available
  track 12 (FIGHTER, d=2.6km, v=300m/s) -> threat=151.09
  track 10 (FIGHTER, d=6.3km, v=300m/s) -> threat=150.86
  track 8 (FIGHTER, d=13.3km, v=300m/s) -> threat=150.78
  track 6 (FIGHTER, d=22.6km, v=300m/s) -> threat=150.74
  track 4 (ASM, d=3.6km, v=0m/s) -> threat=101.28

[DECISION] t=166.1s | tracks=5 | weapons=0 available
  track 12 (FIGHTER, d=2.6km, v=300m/s) -> threat=151.09
  track 10 (FIGHTER, d=6.3km, v=300m/s) -> threat=150.86
  track 8 (FIGHTER, d=13.3km, v=300m/s) -> threat=150.78
  track 6 (FIGHTER, d=22.8km, v=300m/s) -> threat=150.74
  track 4 (ASM, d=3.6km, v=0m/s) -> threat=101.28
  [KILLED] 00:03:26.2 WEAPON_HIT radar1 asm1 radar1_aim120_sim_4_1 Engagement: 4 Start_Time: 00:03:17.0   Intercept_Pk: 1 Pk_Degrad
  [KILLED] 00:03:26.2 WEAPON_TERMINATED radar1 asm1 radar1_aim120_sim_4_1 Engagement: 4 Start_Time: 00:03:17.0   Intercept_Pk: 1 Pk
  [KILLED] 00:03:28.1 WEAPON_HIT radar1 asm2 radar1_aim120_sim_5_1 Engagement: 5 Start_Time: 00:03:17.0   Intercept_Pk: 1 Pk_Degrad
  [KILL_FEEDBACK] track 2 (asm2) marked killed via EVT
  [KILLED] 00:03:28.1 WEAPON_TERMINATED radar1 asm2 radar1_aim120_sim_5_1 Engagement: 5 Start_Time: 00:03:17.0   Intercept_Pk: 1 Pk

[DECISION] t=166.5s | tracks=5 | weapons=0 available
  track 12 (FIGHTER, d=2.4km, v=300m/s) -> threat=151.12
  track 10 (FIGHTER, d=6.5km, v=300m/s) -> threat=150.85
  track 8 (FIGHTER, d=13.4km, v=300m/s) -> threat=150.77
  track 6 (FIGHTER, d=22.8km, v=300m/s) -> threat=150.74
  track 4 (ASM, d=3.6km, v=0m/s) -> threat=101.28

[DECISION] t=166.9s | tracks=5 | weapons=0 available
  track 12 (FIGHTER, d=2.4km, v=300m/s) -> threat=151.12
  track 10 (FIGHTER, d=6.7km, v=300m/s) -> threat=150.85
  track 8 (FIGHTER, d=13.6km, v=300m/s) -> threat=150.77
  track 6 (FIGHTER, d=22.9km, v=300m/s) -> threat=150.74
  track 4 (ASM, d=3.6km, v=0m/s) -> threat=101.28

[DECISION] t=167.1s | tracks=5 | weapons=0 available
  track 12 (FIGHTER, d=2.3km, v=300m/s) -> threat=151.13
  track 10 (FIGHTER, d=6.7km, v=300m/s) -> threat=150.85
  track 8 (FIGHTER, d=13.6km, v=300m/s) -> threat=150.77
  track 6 (FIGHTER, d=23.1km, v=300m/s) -> threat=150.74
  track 4 (ASM, d=3.6km, v=0m/s) -> threat=101.28

[DECISION] t=167.3s | tracks=5 | weapons=0 available
  track 12 (FIGHTER, d=2.1km, v=300m/s) -> threat=151.17
  track 10 (FIGHTER, d=6.9km, v=300m/s) -> threat=150.85
  track 8 (FIGHTER, d=13.7km, v=300m/s) -> threat=150.77
  track 6 (FIGHTER, d=23.1km, v=300m/s) -> threat=150.74
  track 4 (ASM, d=3.6km, v=0m/s) -> threat=101.28

[DECISION] t=167.7s | tracks=5 | weapons=0 available
  track 12 (FIGHTER, d=2.1km, v=300m/s) -> threat=151.17
  track 10 (FIGHTER, d=6.9km, v=300m/s) -> threat=150.84
  track 8 (FIGHTER, d=13.9km, v=300m/s) -> threat=150.77
  track 6 (FIGHTER, d=23.2km, v=300m/s) -> threat=150.74
  track 4 (ASM, d=3.6km, v=0m/s) -> threat=101.28

[DECISION] t=167.9s | tracks=5 | weapons=0 available
  track 12 (FIGHTER, d=2.0km, v=300m/s) -> threat=151.21
  track 10 (FIGHTER, d=6.9km, v=300m/s) -> threat=150.84
  track 8 (FIGHTER, d=13.9km, v=300m/s) -> threat=150.77
  track 6 (FIGHTER, d=23.2km, v=300m/s) -> threat=150.74
  track 4 (ASM, d=3.6km, v=0m/s) -> threat=101.28

[DECISION] t=167.9s | tracks=5 | weapons=0 available
  track 12 (FIGHTER, d=2.0km, v=300m/s) -> threat=151.21
  track 10 (FIGHTER, d=6.9km, v=300m/s) -> threat=150.84
  track 8 (FIGHTER, d=13.9km, v=300m/s) -> threat=150.77
  track 6 (FIGHTER, d=23.2km, v=300m/s) -> threat=150.74
  track 4 (ASM, d=3.6km, v=0m/s) -> threat=101.28

[DECISION] t=168.1s | tracks=5 | weapons=0 available
  track 12 (FIGHTER, d=2.0km, v=300m/s) -> threat=151.21
  track 10 (FIGHTER, d=6.9km, v=300m/s) -> threat=150.84
  track 8 (FIGHTER, d=13.9km, v=300m/s) -> threat=150.77
  track 6 (FIGHTER, d=23.4km, v=300m/s) -> threat=150.74
  track 4 (ASM, d=3.6km, v=0m/s) -> threat=101.28

[DECISION] t=168.3s | tracks=5 | weapons=0 available
  track 12 (FIGHTER, d=1.9km, v=300m/s) -> threat=151.24
  track 10 (FIGHTER, d=7.1km, v=300m/s) -> threat=150.84
  track 8 (FIGHTER, d=14.0km, v=300m/s) -> threat=150.77
  track 6 (FIGHTER, d=23.4km, v=300m/s) -> threat=150.74
  track 4 (ASM, d=3.6km, v=0m/s) -> threat=101.28

[DECISION] t=168.5s | tracks=5 | weapons=0 available
  track 12 (FIGHTER, d=1.9km, v=300m/s) -> threat=151.24
  track 10 (FIGHTER, d=7.1km, v=300m/s) -> threat=150.84
  track 8 (FIGHTER, d=14.0km, v=300m/s) -> threat=150.77
  track 6 (FIGHTER, d=23.4km, v=300m/s) -> threat=150.74
  track 4 (ASM, d=3.6km, v=0m/s) -> threat=101.28

[DECISION] t=168.7s | tracks=5 | weapons=0 available
  track 12 (FIGHTER, d=1.9km, v=300m/s) -> threat=151.24
  track 10 (FIGHTER, d=7.3km, v=300m/s) -> threat=150.84
  track 8 (FIGHTER, d=14.2km, v=300m/s) -> threat=150.77
  track 6 (FIGHTER, d=23.5km, v=300m/s) -> threat=150.74
  track 4 (ASM, d=3.6km, v=0m/s) -> threat=101.28

[DECISION] t=169.1s | tracks=5 | weapons=0 available
  track 12 (FIGHTER, d=1.7km, v=300m/s) -> threat=151.29
  track 10 (FIGHTER, d=7.3km, v=300m/s) -> threat=150.84
  track 8 (FIGHTER, d=14.2km, v=300m/s) -> threat=150.77
  track 6 (FIGHTER, d=23.5km, v=300m/s) -> threat=150.74
  track 4 (ASM, d=3.6km, v=0m/s) -> threat=101.28

[DECISION] t=169.3s | tracks=5 | weapons=0 available
  track 12 (FIGHTER, d=1.5km, v=300m/s) -> threat=151.36
  track 10 (FIGHTER, d=7.4km, v=300m/s) -> threat=150.84
  track 8 (FIGHTER, d=14.3km, v=300m/s) -> threat=150.77
  track 6 (FIGHTER, d=23.7km, v=300m/s) -> threat=150.74
  track 4 (ASM, d=3.6km, v=0m/s) -> threat=101.28

[DECISION] t=169.5s | tracks=5 | weapons=0 available
  track 12 (FIGHTER, d=1.5km, v=300m/s) -> threat=151.36
  track 10 (FIGHTER, d=7.4km, v=300m/s) -> threat=150.84
  track 8 (FIGHTER, d=14.3km, v=300m/s) -> threat=150.77
  track 6 (FIGHTER, d=23.7km, v=300m/s) -> threat=150.74
  track 4 (ASM, d=3.6km, v=0m/s) -> threat=101.28

[DECISION] t=169.7s | tracks=5 | weapons=0 available
  track 12 (FIGHTER, d=1.5km, v=300m/s) -> threat=151.36
  track 10 (FIGHTER, d=7.6km, v=300m/s) -> threat=150.83
  track 8 (FIGHTER, d=14.5km, v=300m/s) -> threat=150.77
  track 6 (FIGHTER, d=23.8km, v=300m/s) -> threat=150.74
  track 4 (ASM, d=3.6km, v=0m/s) -> threat=101.28

[DECISION] t=169.9s | tracks=5 | weapons=0 available
  track 12 (FIGHTER, d=1.3km, v=300m/s) -> threat=151.44
  track 10 (FIGHTER, d=7.6km, v=300m/s) -> threat=150.83
  track 8 (FIGHTER, d=14.5km, v=300m/s) -> threat=150.77
  track 6 (FIGHTER, d=23.8km, v=300m/s) -> threat=150.74
  track 4 (ASM, d=3.6km, v=0m/s) -> threat=101.28

[DECISION] t=170.1s | tracks=5 | weapons=0 available
  track 12 (FIGHTER, d=1.3km, v=300m/s) -> threat=151.44
  track 10 (FIGHTER, d=7.6km, v=300m/s) -> threat=150.83
  track 8 (FIGHTER, d=14.5km, v=300m/s) -> threat=150.77
  track 6 (FIGHTER, d=24.0km, v=300m/s) -> threat=150.74
  track 4 (ASM, d=3.6km, v=0m/s) -> threat=101.28

[DECISION] t=170.3s | tracks=5 | weapons=0 available
  track 12 (FIGHTER, d=1.3km, v=300m/s) -> threat=151.50
  track 10 (FIGHTER, d=7.7km, v=300m/s) -> threat=150.83
  track 8 (FIGHTER, d=14.6km, v=300m/s) -> threat=150.77
  track 6 (FIGHTER, d=24.0km, v=300m/s) -> threat=150.74
  track 4 (ASM, d=3.6km, v=0m/s) -> threat=101.28

[DECISION] t=170.5s | tracks=5 | weapons=0 available
  track 12 (FIGHTER, d=1.3km, v=300m/s) -> threat=151.50
  track 10 (FIGHTER, d=7.7km, v=300m/s) -> threat=150.83
  track 8 (FIGHTER, d=14.6km, v=300m/s) -> threat=150.77
  track 6 (FIGHTER, d=24.0km, v=300m/s) -> threat=150.74
  track 4 (ASM, d=3.6km, v=0m/s) -> threat=101.28

[DECISION] t=170.7s | tracks=5 | weapons=0 available
  track 12 (FIGHTER, d=1.3km, v=300m/s) -> threat=151.50
  track 10 (FIGHTER, d=7.9km, v=300m/s) -> threat=150.83
  track 8 (FIGHTER, d=14.8km, v=300m/s) -> threat=150.77
  track 6 (FIGHTER, d=24.1km, v=300m/s) -> threat=150.74
  track 4 (ASM, d=3.6km, v=0m/s) -> threat=101.28

[DECISION] t=170.9s | tracks=5 | weapons=0 available
  track 12 (FIGHTER, d=1.1km, v=300m/s) -> threat=151.63
  track 10 (FIGHTER, d=7.9km, v=300m/s) -> threat=150.83
  track 8 (FIGHTER, d=14.8km, v=300m/s) -> threat=150.77
  track 6 (FIGHTER, d=24.1km, v=300m/s) -> threat=150.74
  track 4 (ASM, d=3.6km, v=0m/s) -> threat=101.28

[DECISION] t=171.1s | tracks=5 | weapons=0 available
  track 12 (FIGHTER, d=1.1km, v=300m/s) -> threat=151.63
  track 10 (FIGHTER, d=7.9km, v=300m/s) -> threat=150.83
  track 8 (FIGHTER, d=14.8km, v=300m/s) -> threat=150.77
  track 6 (FIGHTER, d=24.3km, v=300m/s) -> threat=150.74
  track 4 (ASM, d=3.6km, v=0m/s) -> threat=101.28

[DECISION] t=171.5s | tracks=5 | weapons=0 available
  track 12 (FIGHTER, d=0.9km, v=300m/s) -> threat=151.81
  track 10 (FIGHTER, d=8.0km, v=300m/s) -> threat=150.83
  track 8 (FIGHTER, d=14.9km, v=300m/s) -> threat=150.77
  track 6 (FIGHTER, d=24.3km, v=300m/s) -> threat=150.74
  track 4 (ASM, d=3.6km, v=0m/s) -> threat=101.28

[DECISION] t=171.7s | tracks=5 | weapons=0 available
  track 12 (FIGHTER, d=0.9km, v=300m/s) -> threat=151.81
  track 10 (FIGHTER, d=8.2km, v=300m/s) -> threat=150.82
  track 8 (FIGHTER, d=15.1km, v=300m/s) -> threat=150.77
  track 6 (FIGHTER, d=24.4km, v=300m/s) -> threat=150.74
  track 4 (ASM, d=3.6km, v=0m/s) -> threat=101.28

[DECISION] t=172.1s | tracks=5 | weapons=0 available
  track 12 (FIGHTER, d=0.9km, v=300m/s) -> threat=151.81
  track 10 (FIGHTER, d=8.2km, v=300m/s) -> threat=150.82
  track 8 (FIGHTER, d=15.1km, v=300m/s) -> threat=150.77
  track 6 (FIGHTER, d=24.4km, v=300m/s) -> threat=150.74
  track 4 (ASM, d=3.6km, v=0m/s) -> threat=101.28
  [KILLED] 00:03:26.2 WEAPON_HIT radar1 asm1 radar1_aim120_sim_4_1 Engagement: 4 Start_Time: 00:03:17.0   Intercept_Pk: 1 Pk_Degrad
  [KILLED] 00:03:26.2 WEAPON_TERMINATED radar1 asm1 radar1_aim120_sim_4_1 Engagement: 4 Start_Time: 00:03:17.0   Intercept_Pk: 1 Pk
  [KILLED] 00:03:28.1 WEAPON_HIT radar1 asm2 radar1_aim120_sim_5_1 Engagement: 5 Start_Time: 00:03:17.0   Intercept_Pk: 1 Pk_Degrad
  [KILL_FEEDBACK] track 2 (asm2) marked killed via EVT
  [KILLED] 00:03:28.1 WEAPON_TERMINATED radar1 asm2 radar1_aim120_sim_5_1 Engagement: 5 Start_Time: 00:03:17.0   Intercept_Pk: 1 Pk

[DECISION] t=0.0s | tracks=5 | weapons=0 available
  track 12 (FIGHTER, d=0.9km, v=300m/s) -> threat=151.81
  track 10 (FIGHTER, d=8.2km, v=300m/s) -> threat=150.82
  track 8 (FIGHTER, d=15.1km, v=300m/s) -> threat=150.77
  track 6 (FIGHTER, d=24.4km, v=300m/s) -> threat=150.74
  track 4 (ASM, d=3.6km, v=0m/s) -> threat=101.28

[DECISION] t=172.9s | tracks=5 | weapons=0 available
  track 12 (FIGHTER, d=0.5km, v=300m/s) -> threat=152.84
  track 10 (FIGHTER, d=8.4km, v=300m/s) -> threat=150.82
  track 8 (FIGHTER, d=15.4km, v=300m/s) -> threat=150.77
  track 6 (FIGHTER, d=24.7km, v=300m/s) -> threat=150.74
  track 4 (ASM, d=3.6km, v=0m/s) -> threat=101.28

[DECISION] t=173.1s | tracks=5 | weapons=0 available
  track 12 (FIGHTER, d=0.5km, v=300m/s) -> threat=152.84
  track 10 (FIGHTER, d=8.4km, v=300m/s) -> threat=150.82
  track 8 (FIGHTER, d=15.4km, v=300m/s) -> threat=150.77
  track 6 (FIGHTER, d=24.9km, v=300m/s) -> threat=150.74
  track 4 (ASM, d=3.6km, v=0m/s) -> threat=101.28

[DECISION] t=173.3s | tracks=5 | weapons=0 available
  track 12 (FIGHTER, d=0.3km, v=300m/s) -> threat=154.13
  track 10 (FIGHTER, d=8.6km, v=300m/s) -> threat=150.82
  track 8 (FIGHTER, d=15.5km, v=300m/s) -> threat=150.76
  track 6 (FIGHTER, d=24.9km, v=300m/s) -> threat=150.74
  track 4 (ASM, d=3.6km, v=0m/s) -> threat=101.28

[DECISION] t=173.7s | tracks=5 | weapons=0 available
  track 12 (FIGHTER, d=0.3km, v=300m/s) -> threat=154.13
  track 10 (FIGHTER, d=8.8km, v=300m/s) -> threat=150.81
  track 8 (FIGHTER, d=15.7km, v=300m/s) -> threat=150.76
  track 6 (FIGHTER, d=25.0km, v=300m/s) -> threat=150.74
  track 4 (ASM, d=3.6km, v=0m/s) -> threat=101.28

[DECISION] t=174.1s | tracks=5 | weapons=0 available
  track 12 (FIGHTER, d=0.2km, v=300m/s) -> threat=155.59
  track 10 (FIGHTER, d=8.8km, v=300m/s) -> threat=150.81
  track 8 (FIGHTER, d=15.7km, v=300m/s) -> threat=150.76
  track 6 (FIGHTER, d=25.0km, v=300m/s) -> threat=150.74
  track 4 (ASM, d=3.6km, v=0m/s) -> threat=101.28

[DECISION] t=174.3s | tracks=5 | weapons=0 available
  track 12 (FIGHTER, d=0.0km, v=300m/s) -> threat=160.70
  track 10 (FIGHTER, d=9.0km, v=300m/s) -> threat=150.81
  track 8 (FIGHTER, d=15.8km, v=300m/s) -> threat=150.76
  track 6 (FIGHTER, d=25.2km, v=300m/s) -> threat=150.74
  track 4 (ASM, d=3.6km, v=0m/s) -> threat=101.28

[DECISION] t=174.7s | tracks=5 | weapons=0 available
  track 12 (FIGHTER, d=0.0km, v=300m/s) -> threat=160.70
  track 10 (FIGHTER, d=9.0km, v=300m/s) -> threat=150.81
  track 8 (FIGHTER, d=16.0km, v=300m/s) -> threat=150.76
  track 6 (FIGHTER, d=25.3km, v=300m/s) -> threat=150.74
  track 4 (ASM, d=3.6km, v=0m/s) -> threat=101.28

[DECISION] t=175.1s | tracks=5 | weapons=0 available
  track 12 (FIGHTER, d=0.1km, v=300m/s) -> threat=157.55
  track 10 (FIGHTER, d=9.0km, v=300m/s) -> threat=150.81
  track 8 (FIGHTER, d=16.0km, v=300m/s) -> threat=150.76
  track 6 (FIGHTER, d=25.3km, v=300m/s) -> threat=150.74
  track 4 (ASM, d=3.6km, v=0m/s) -> threat=101.28

[DECISION] t=175.3s | tracks=5 | weapons=0 available
  track 12 (FIGHTER, d=0.1km, v=300m/s) -> threat=157.55
  track 10 (FIGHTER, d=9.0km, v=300m/s) -> threat=150.81
  track 8 (FIGHTER, d=16.0km, v=300m/s) -> threat=150.76
  track 6 (FIGHTER, d=25.5km, v=300m/s) -> threat=150.74
  track 4 (ASM, d=3.6km, v=0m/s) -> threat=101.28

[DECISION] t=175.5s | tracks=5 | weapons=0 available
  track 12 (FIGHTER, d=0.2km, v=300m/s) -> threat=154.98
  track 10 (FIGHTER, d=9.2km, v=300m/s) -> threat=150.81
  track 8 (FIGHTER, d=16.1km, v=300m/s) -> threat=150.76
  track 6 (FIGHTER, d=25.5km, v=300m/s) -> threat=150.74
  track 4 (ASM, d=3.6km, v=0m/s) -> threat=101.28

[DECISION] t=175.7s | tracks=5 | weapons=0 available
  track 12 (FIGHTER, d=0.2km, v=300m/s) -> threat=154.98
  track 10 (FIGHTER, d=9.4km, v=300m/s) -> threat=150.81
  track 8 (FIGHTER, d=16.3km, v=300m/s) -> threat=150.76
  track 6 (FIGHTER, d=25.6km, v=300m/s) -> threat=150.74
  track 4 (ASM, d=3.6km, v=0m/s) -> threat=101.28

[DECISION] t=175.9s | tracks=5 | weapons=0 available
  track 12 (FIGHTER, d=0.4km, v=300m/s) -> threat=153.15
  track 10 (FIGHTER, d=9.4km, v=300m/s) -> threat=150.81
  track 8 (FIGHTER, d=16.3km, v=300m/s) -> threat=150.76
  track 6 (FIGHTER, d=25.6km, v=300m/s) -> threat=150.74
  track 4 (ASM, d=3.6km, v=0m/s) -> threat=101.28

[DECISION] t=176.1s | tracks=5 | weapons=0 available
  track 12 (FIGHTER, d=0.4km, v=300m/s) -> threat=153.15
  track 10 (FIGHTER, d=9.4km, v=300m/s) -> threat=150.81
  track 8 (FIGHTER, d=16.3km, v=300m/s) -> threat=150.76
  track 6 (FIGHTER, d=25.8km, v=300m/s) -> threat=150.74
  track 4 (ASM, d=3.6km, v=0m/s) -> threat=101.28

[DECISION] t=176.3s | tracks=5 | weapons=0 available
  track 12 (FIGHTER, d=0.6km, v=300m/s) -> threat=152.41
  track 10 (FIGHTER, d=9.5km, v=300m/s) -> threat=150.81
  track 8 (FIGHTER, d=16.4km, v=300m/s) -> threat=150.76
  track 6 (FIGHTER, d=25.8km, v=300m/s) -> threat=150.74
  track 4 (ASM, d=3.6km, v=0m/s) -> threat=101.28

[DECISION] t=176.5s | tracks=5 | weapons=0 available
  track 12 (FIGHTER, d=0.6km, v=300m/s) -> threat=152.41
  track 10 (FIGHTER, d=9.5km, v=300m/s) -> threat=150.81
  track 8 (FIGHTER, d=16.4km, v=300m/s) -> threat=150.76
  track 6 (FIGHTER, d=25.8km, v=300m/s) -> threat=150.74
  track 4 (ASM, d=3.6km, v=0m/s) -> threat=101.28

[DECISION] t=176.7s | tracks=5 | weapons=0 available
  track 12 (FIGHTER, d=0.6km, v=300m/s) -> threat=152.41
  track 10 (FIGHTER, d=9.7km, v=300m/s) -> threat=150.80
  track 8 (FIGHTER, d=16.6km, v=300m/s) -> threat=150.76
  track 6 (FIGHTER, d=25.9km, v=300m/s) -> threat=150.74
  track 4 (ASM, d=3.6km, v=0m/s) -> threat=101.28

[DECISION] t=177.1s | tracks=5 | weapons=0 available
  track 12 (FIGHTER, d=0.7km, v=300m/s) -> threat=152.19
  track 10 (FIGHTER, d=9.7km, v=300m/s) -> threat=150.80
  track 8 (FIGHTER, d=16.6km, v=300m/s) -> threat=150.76
  track 6 (FIGHTER, d=26.1km, v=300m/s) -> threat=150.74
  track 4 (ASM, d=3.6km, v=0m/s) -> threat=101.28

[DECISION] t=177.5s | tracks=5 | weapons=0 available
  track 12 (FIGHTER, d=0.8km, v=300m/s) -> threat=151.88
  track 10 (FIGHTER, d=9.8km, v=300m/s) -> threat=150.80
  track 8 (FIGHTER, d=16.7km, v=300m/s) -> threat=150.76
  track 6 (FIGHTER, d=26.1km, v=300m/s) -> threat=150.74
  track 4 (ASM, d=3.6km, v=0m/s) -> threat=101.28

[DECISION] t=177.7s | tracks=5 | weapons=0 available
  track 12 (FIGHTER, d=0.8km, v=300m/s) -> threat=151.88
  track 10 (FIGHTER, d=9.9km, v=300m/s) -> threat=150.80
  track 8 (FIGHTER, d=16.9km, v=300m/s) -> threat=150.76
  track 6 (FIGHTER, d=26.2km, v=300m/s) -> threat=150.74
  track 4 (ASM, d=3.6km, v=0m/s) -> threat=101.28

[DECISION] t=177.9s | tracks=5 | weapons=0 available
  track 12 (FIGHTER, d=1.0km, v=300m/s) -> threat=151.68
  track 10 (FIGHTER, d=9.9km, v=300m/s) -> threat=150.80
  track 8 (FIGHTER, d=16.9km, v=300m/s) -> threat=150.76
  track 6 (FIGHTER, d=26.2km, v=300m/s) -> threat=150.74
  track 4 (ASM, d=3.6km, v=0m/s) -> threat=101.28

[DECISION] t=178.1s | tracks=5 | weapons=0 available
  track 12 (FIGHTER, d=1.0km, v=300m/s) -> threat=151.68
  track 10 (FIGHTER, d=9.9km, v=300m/s) -> threat=150.80
  track 8 (FIGHTER, d=16.9km, v=300m/s) -> threat=150.76
  track 6 (FIGHTER, d=26.4km, v=300m/s) -> threat=150.74
  track 4 (ASM, d=3.6km, v=0m/s) -> threat=101.28

[DECISION] t=178.3s | tracks=5 | weapons=0 available
  track 12 (FIGHTER, d=1.2km, v=300m/s) -> threat=151.54
  track 10 (FIGHTER, d=10.1km, v=300m/s) -> threat=150.80
  track 8 (FIGHTER, d=17.0km, v=300m/s) -> threat=150.76
  track 6 (FIGHTER, d=26.4km, v=300m/s) -> threat=150.74
  track 4 (ASM, d=3.6km, v=0m/s) -> threat=101.28

[DECISION] t=178.5s | tracks=5 | weapons=0 available
  track 12 (FIGHTER, d=1.2km, v=300m/s) -> threat=151.54
  track 10 (FIGHTER, d=10.1km, v=300m/s) -> threat=150.80
  track 8 (FIGHTER, d=17.0km, v=300m/s) -> threat=150.76
  track 6 (FIGHTER, d=26.4km, v=300m/s) -> threat=150.74
  track 4 (ASM, d=3.6km, v=0m/s) -> threat=101.28

[DECISION] t=178.7s | tracks=5 | weapons=0 available
  track 12 (FIGHTER, d=1.2km, v=300m/s) -> threat=151.54
  track 10 (FIGHTER, d=10.3km, v=300m/s) -> threat=150.80
  track 8 (FIGHTER, d=17.2km, v=300m/s) -> threat=150.76
  track 6 (FIGHTER, d=26.5km, v=300m/s) -> threat=150.74
  track 4 (ASM, d=3.6km, v=0m/s) -> threat=101.28

[DECISION] t=178.9s | tracks=5 | weapons=0 available
  track 12 (FIGHTER, d=1.3km, v=300m/s) -> threat=151.48
  track 10 (FIGHTER, d=10.3km, v=300m/s) -> threat=150.80
  track 8 (FIGHTER, d=17.2km, v=300m/s) -> threat=150.76
  track 6 (FIGHTER, d=26.5km, v=300m/s) -> threat=150.74
  track 4 (ASM, d=3.6km, v=0m/s) -> threat=101.28

[DECISION] t=179.1s | tracks=5 | weapons=0 available
  track 12 (FIGHTER, d=1.3km, v=300m/s) -> threat=151.48
  track 10 (FIGHTER, d=10.3km, v=300m/s) -> threat=150.80
  track 8 (FIGHTER, d=17.2km, v=300m/s) -> threat=150.76
  track 6 (FIGHTER, d=26.7km, v=300m/s) -> threat=150.74
  track 4 (ASM, d=3.6km, v=0m/s) -> threat=101.28

[DECISION] t=179.3s | tracks=5 | weapons=0 available
  track 12 (FIGHTER, d=1.5km, v=300m/s) -> threat=151.39
  track 10 (FIGHTER, d=10.4km, v=300m/s) -> threat=150.80
  track 8 (FIGHTER, d=17.3km, v=300m/s) -> threat=150.76
  track 6 (FIGHTER, d=26.7km, v=300m/s) -> threat=150.74
  track 4 (ASM, d=3.6km, v=0m/s) -> threat=101.28

[DECISION] t=179.9s | tracks=5 | weapons=0 available
  track 12 (FIGHTER, d=1.5km, v=300m/s) -> threat=151.39
  track 10 (FIGHTER, d=10.5km, v=300m/s) -> threat=150.79
  track 8 (FIGHTER, d=17.5km, v=300m/s) -> threat=150.76
  track 6 (FIGHTER, d=26.8km, v=300m/s) -> threat=150.74
  track 4 (ASM, d=3.6km, v=0m/s) -> threat=101.28

[DECISION] t=180.1s | tracks=5 | weapons=0 available
  track 12 (FIGHTER, d=1.6km, v=300m/s) -> threat=151.31
  track 10 (FIGHTER, d=10.5km, v=300m/s) -> threat=150.79
  track 8 (FIGHTER, d=17.5km, v=300m/s) -> threat=150.76
  track 6 (FIGHTER, d=27.0km, v=300m/s) -> threat=150.74
  track 4 (ASM, d=3.6km, v=0m/s) -> threat=101.28

[DECISION] t=180.3s | tracks=5 | weapons=0 available
  track 12 (FIGHTER, d=1.7km, v=300m/s) -> threat=151.28
  track 10 (FIGHTER, d=10.7km, v=300m/s) -> threat=150.79
  track 8 (FIGHTER, d=17.6km, v=300m/s) -> threat=150.76
  track 6 (FIGHTER, d=27.0km, v=300m/s) -> threat=150.74
  track 4 (ASM, d=3.6km, v=0m/s) -> threat=101.28
  [KILLED] 00:03:26.2 WEAPON_HIT radar1 asm1 radar1_aim120_sim_4_1 Engagement: 4 Start_Time: 00:03:17.0   Intercept_Pk: 1 Pk_Degrad
  [KILLED] 00:03:26.2 WEAPON_TERMINATED radar1 asm1 radar1_aim120_sim_4_1 Engagement: 4 Start_Time: 00:03:17.0   Intercept_Pk: 1 Pk
  [KILLED] 00:03:28.1 WEAPON_HIT radar1 asm2 radar1_aim120_sim_5_1 Engagement: 5 Start_Time: 00:03:17.0   Intercept_Pk: 1 Pk_Degrad
  [KILL_FEEDBACK] track 2 (asm2) marked killed via EVT
  [KILLED] 00:03:28.1 WEAPON_TERMINATED radar1 asm2 radar1_aim120_sim_5_1 Engagement: 5 Start_Time: 00:03:17.0   Intercept_Pk: 1 Pk

[DECISION] t=180.5s | tracks=5 | weapons=0 available
  track 12 (FIGHTER, d=1.7km, v=300m/s) -> threat=151.28
  track 10 (FIGHTER, d=10.7km, v=300m/s) -> threat=150.79
  track 8 (FIGHTER, d=17.6km, v=300m/s) -> threat=150.76
  track 6 (FIGHTER, d=27.0km, v=300m/s) -> threat=150.74
  track 4 (ASM, d=3.6km, v=0m/s) -> threat=101.28

[DECISION] t=180.7s | tracks=5 | weapons=0 available
  track 12 (FIGHTER, d=1.7km, v=300m/s) -> threat=151.28
  track 10 (FIGHTER, d=10.9km, v=300m/s) -> threat=150.79
  track 8 (FIGHTER, d=17.8km, v=300m/s) -> threat=150.76
  track 6 (FIGHTER, d=27.1km, v=300m/s) -> threat=150.74
  track 4 (ASM, d=3.6km, v=0m/s) -> threat=101.28

[DECISION] t=181.1s | tracks=5 | weapons=0 available
  track 12 (FIGHTER, d=1.9km, v=300m/s) -> threat=151.23
  track 10 (FIGHTER, d=10.9km, v=300m/s) -> threat=150.79
  track 8 (FIGHTER, d=17.8km, v=300m/s) -> threat=150.76
  track 6 (FIGHTER, d=27.3km, v=300m/s) -> threat=150.74
  track 4 (ASM, d=3.6km, v=0m/s) -> threat=101.28

[DECISION] t=181.3s | tracks=5 | weapons=0 available
  track 12 (FIGHTER, d=2.1km, v=300m/s) -> threat=151.18
  track 10 (FIGHTER, d=11.0km, v=300m/s) -> threat=150.79
  track 8 (FIGHTER, d=17.9km, v=300m/s) -> threat=150.76
  track 6 (FIGHTER, d=27.3km, v=300m/s) -> threat=150.74
  track 4 (ASM, d=3.6km, v=0m/s) -> threat=101.28

[DECISION] t=181.7s | tracks=5 | weapons=0 available
  track 12 (FIGHTER, d=2.1km, v=300m/s) -> threat=151.18
  track 10 (FIGHTER, d=11.1km, v=300m/s) -> threat=150.79
  track 8 (FIGHTER, d=18.1km, v=300m/s) -> threat=150.76
  track 6 (FIGHTER, d=27.4km, v=300m/s) -> threat=150.74
  track 4 (ASM, d=3.6km, v=0m/s) -> threat=101.28

[DECISION] t=182.1s | tracks=5 | weapons=0 available
  track 12 (FIGHTER, d=2.2km, v=300m/s) -> threat=151.15
  track 10 (FIGHTER, d=11.1km, v=300m/s) -> threat=150.79
  track 8 (FIGHTER, d=18.1km, v=300m/s) -> threat=150.76
  track 6 (FIGHTER, d=27.4km, v=300m/s) -> threat=150.74
  track 4 (ASM, d=3.6km, v=0m/s) -> threat=101.28

[DECISION] t=182.5s | tracks=5 | weapons=0 available
  track 12 (FIGHTER, d=2.3km, v=300m/s) -> threat=151.13
  track 10 (FIGHTER, d=11.3km, v=300m/s) -> threat=150.79
  track 8 (FIGHTER, d=18.2km, v=300m/s) -> threat=150.75
  track 6 (FIGHTER, d=27.6km, v=300m/s) -> threat=150.74
  track 4 (ASM, d=3.6km, v=0m/s) -> threat=101.28

[DECISION] t=182.9s | tracks=5 | weapons=0 available
  track 12 (FIGHTER, d=2.5km, v=300m/s) -> threat=151.10
  track 10 (FIGHTER, d=11.5km, v=300m/s) -> threat=150.79
  track 8 (FIGHTER, d=18.4km, v=300m/s) -> threat=150.75
  track 6 (FIGHTER, d=27.7km, v=300m/s) -> threat=150.74
  track 4 (ASM, d=3.6km, v=0m/s) -> threat=101.28

[DECISION] t=183.3s | tracks=5 | weapons=0 available
  track 12 (FIGHTER, d=2.5km, v=300m/s) -> threat=151.10
  track 10 (FIGHTER, d=11.5km, v=300m/s) -> threat=150.79
  track 8 (FIGHTER, d=18.4km, v=300m/s) -> threat=150.75
  track 6 (FIGHTER, d=27.9km, v=300m/s) -> threat=150.74
  track 4 (ASM, d=3.6km, v=0m/s) -> threat=101.28

[DECISION] t=183.5s | tracks=5 | weapons=0 available
  track 12 (FIGHTER, d=2.7km, v=300m/s) -> threat=151.07
  track 10 (FIGHTER, d=11.6km, v=300m/s) -> threat=150.79
  track 8 (FIGHTER, d=18.5km, v=300m/s) -> threat=150.75
  track 6 (FIGHTER, d=27.9km, v=300m/s) -> threat=150.74
  track 4 (ASM, d=3.6km, v=0m/s) -> threat=101.28

[DECISION] t=183.7s | tracks=5 | weapons=0 available
  track 12 (FIGHTER, d=2.7km, v=300m/s) -> threat=151.07
  track 10 (FIGHTER, d=11.8km, v=300m/s) -> threat=150.79
  track 8 (FIGHTER, d=18.7km, v=300m/s) -> threat=150.75
  track 6 (FIGHTER, d=28.0km, v=300m/s) -> threat=150.74
  track 4 (ASM, d=3.6km, v=0m/s) -> threat=101.28

[DECISION] t=183.9s | tracks=5 | weapons=0 available
  track 12 (FIGHTER, d=2.8km, v=300m/s) -> threat=151.06
  track 10 (FIGHTER, d=11.8km, v=300m/s) -> threat=150.79
  track 8 (FIGHTER, d=18.7km, v=300m/s) -> threat=150.75
  track 6 (FIGHTER, d=28.0km, v=300m/s) -> threat=150.74
  track 4 (ASM, d=3.6km, v=0m/s) -> threat=101.28

[DECISION] t=184.1s | tracks=5 | weapons=0 available
  track 12 (FIGHTER, d=2.8km, v=300m/s) -> threat=151.06
  track 10 (FIGHTER, d=11.8km, v=300m/s) -> threat=150.79
  track 8 (FIGHTER, d=18.7km, v=300m/s) -> threat=150.75
  track 6 (FIGHTER, d=28.2km, v=300m/s) -> threat=150.74
  track 4 (ASM, d=3.6km, v=0m/s) -> threat=101.28

[DECISION] t=184.3s | tracks=5 | weapons=0 available
  track 12 (FIGHTER, d=2.9km, v=300m/s) -> threat=151.04
  track 10 (FIGHTER, d=11.9km, v=300m/s) -> threat=150.78
  track 8 (FIGHTER, d=18.8km, v=300m/s) -> threat=150.75
  track 6 (FIGHTER, d=28.2km, v=300m/s) -> threat=150.74
  track 4 (ASM, d=3.6km, v=0m/s) -> threat=101.28

[DECISION] t=184.5s | tracks=5 | weapons=0 available
  track 12 (FIGHTER, d=2.9km, v=300m/s) -> threat=151.04
  track 10 (FIGHTER, d=11.9km, v=300m/s) -> threat=150.78
  track 8 (FIGHTER, d=18.8km, v=300m/s) -> threat=150.75
  track 6 (FIGHTER, d=28.2km, v=300m/s) -> threat=150.74
  track 4 (ASM, d=3.6km, v=0m/s) -> threat=101.28

[DECISION] t=184.7s | tracks=5 | weapons=0 available
  track 12 (FIGHTER, d=2.9km, v=300m/s) -> threat=151.04
  track 10 (FIGHTER, d=12.0km, v=300m/s) -> threat=150.78
  track 8 (FIGHTER, d=19.0km, v=300m/s) -> threat=150.75
  track 6 (FIGHTER, d=28.3km, v=300m/s) -> threat=150.74
  track 4 (ASM, d=3.6km, v=0m/s) -> threat=101.28

[DECISION] t=184.9s | tracks=5 | weapons=0 available
  track 12 (FIGHTER, d=3.1km, v=300m/s) -> threat=151.02
  track 10 (FIGHTER, d=12.0km, v=300m/s) -> threat=150.78
  track 8 (FIGHTER, d=19.0km, v=300m/s) -> threat=150.75
  track 6 (FIGHTER, d=28.3km, v=300m/s) -> threat=150.74
  track 4 (ASM, d=3.6km, v=0m/s) -> threat=101.28

[DECISION] t=185.1s | tracks=5 | weapons=0 available
  track 12 (FIGHTER, d=3.1km, v=300m/s) -> threat=151.02
  track 10 (FIGHTER, d=12.0km, v=300m/s) -> threat=150.78
  track 8 (FIGHTER, d=19.0km, v=300m/s) -> threat=150.75
  track 6 (FIGHTER, d=28.5km, v=300m/s) -> threat=150.74
  track 4 (ASM, d=3.6km, v=0m/s) -> threat=101.28

[DECISION] t=185.3s | tracks=5 | weapons=0 available
  track 12 (FIGHTER, d=3.3km, v=300m/s) -> threat=151.00
  track 10 (FIGHTER, d=12.2km, v=300m/s) -> threat=150.78
  track 8 (FIGHTER, d=19.1km, v=300m/s) -> threat=150.75
  track 6 (FIGHTER, d=28.5km, v=300m/s) -> threat=150.74
  track 4 (ASM, d=3.6km, v=0m/s) -> threat=101.28

[DECISION] t=185.5s | tracks=5 | weapons=0 available
  track 12 (FIGHTER, d=3.3km, v=300m/s) -> threat=151.00
  track 10 (FIGHTER, d=12.2km, v=300m/s) -> threat=150.78
  track 8 (FIGHTER, d=19.1km, v=300m/s) -> threat=150.75
  track 6 (FIGHTER, d=28.5km, v=300m/s) -> threat=150.74
  track 4 (ASM, d=3.6km, v=0m/s) -> threat=101.28

[DECISION] t=185.7s | tracks=5 | weapons=0 available
  track 12 (FIGHTER, d=3.3km, v=300m/s) -> threat=151.00
  track 10 (FIGHTER, d=12.4km, v=300m/s) -> threat=150.78
  track 8 (FIGHTER, d=19.3km, v=300m/s) -> threat=150.75
  track 6 (FIGHTER, d=28.6km, v=300m/s) -> threat=150.73
  track 4 (ASM, d=3.6km, v=0m/s) -> threat=101.28

[DECISION] t=186.1s | tracks=5 | weapons=0 available
  track 12 (FIGHTER, d=3.3km, v=300m/s) -> threat=151.00
  track 10 (FIGHTER, d=12.4km, v=300m/s) -> threat=150.78
  track 8 (FIGHTER, d=19.3km, v=300m/s) -> threat=150.75
  track 6 (FIGHTER, d=28.6km, v=300m/s) -> threat=150.73
  track 4 (ASM, d=3.6km, v=0m/s) -> threat=101.28

[DECISION] t=186.3s | tracks=5 | weapons=0 available
  track 12 (FIGHTER, d=3.6km, v=300m/s) -> threat=150.98
  track 10 (FIGHTER, d=12.5km, v=300m/s) -> threat=150.78
  track 8 (FIGHTER, d=19.4km, v=300m/s) -> threat=150.75
  track 6 (FIGHTER, d=28.8km, v=300m/s) -> threat=150.73
  track 4 (ASM, d=3.6km, v=0m/s) -> threat=101.28

[DECISION] t=186.5s | tracks=5 | weapons=0 available
  track 12 (FIGHTER, d=3.6km, v=300m/s) -> threat=150.98
  track 10 (FIGHTER, d=12.5km, v=300m/s) -> threat=150.78
  track 8 (FIGHTER, d=19.4km, v=300m/s) -> threat=150.75
  track 6 (FIGHTER, d=28.8km, v=300m/s) -> threat=150.73
  track 4 (ASM, d=3.6km, v=0m/s) -> threat=101.28

[DECISION] t=186.7s | tracks=5 | weapons=0 available
  track 12 (FIGHTER, d=3.6km, v=300m/s) -> threat=150.98
  track 10 (FIGHTER, d=12.6km, v=300m/s) -> threat=150.78
  track 8 (FIGHTER, d=19.6km, v=300m/s) -> threat=150.75
  track 6 (FIGHTER, d=28.9km, v=300m/s) -> threat=150.73
  track 4 (ASM, d=3.6km, v=0m/s) -> threat=101.28

[DECISION] t=186.9s | tracks=5 | weapons=0 available
  track 12 (FIGHTER, d=3.7km, v=300m/s) -> threat=150.97
  track 10 (FIGHTER, d=12.6km, v=300m/s) -> threat=150.78
  track 8 (FIGHTER, d=19.6km, v=300m/s) -> threat=150.75
  track 6 (FIGHTER, d=28.9km, v=300m/s) -> threat=150.73
  track 4 (ASM, d=3.6km, v=0m/s) -> threat=101.28

[DECISION] t=187.1s | tracks=5 | weapons=0 available
  track 12 (FIGHTER, d=3.7km, v=300m/s) -> threat=150.97
  track 10 (FIGHTER, d=12.6km, v=300m/s) -> threat=150.78
  track 8 (FIGHTER, d=19.6km, v=300m/s) -> threat=150.75
  track 6 (FIGHTER, d=29.1km, v=300m/s) -> threat=150.73
  track 4 (ASM, d=3.6km, v=0m/s) -> threat=101.28

[DECISION] t=187.3s | tracks=5 | weapons=0 available
  track 12 (FIGHTER, d=3.8km, v=300m/s) -> threat=150.96
  track 10 (FIGHTER, d=12.8km, v=300m/s) -> threat=150.78
  track 8 (FIGHTER, d=19.7km, v=300m/s) -> threat=150.75
  track 6 (FIGHTER, d=29.1km, v=300m/s) -> threat=150.73
  track 4 (ASM, d=3.6km, v=0m/s) -> threat=101.28

[DECISION] t=187.5s | tracks=5 | weapons=0 available
  track 12 (FIGHTER, d=3.8km, v=300m/s) -> threat=150.96
  track 10 (FIGHTER, d=12.8km, v=300m/s) -> threat=150.78
  track 8 (FIGHTER, d=19.7km, v=300m/s) -> threat=150.75
  track 6 (FIGHTER, d=29.1km, v=300m/s) -> threat=150.73
  track 4 (ASM, d=3.6km, v=0m/s) -> threat=101.28
  [KILLED] 00:03:26.2 WEAPON_HIT radar1 asm1 radar1_aim120_sim_4_1 Engagement: 4 Start_Time: 00:03:17.0   Intercept_Pk: 1 Pk_Degrad
  [KILLED] 00:03:26.2 WEAPON_TERMINATED radar1 asm1 radar1_aim120_sim_4_1 Engagement: 4 Start_Time: 00:03:17.0   Intercept_Pk: 1 Pk
  [KILLED] 00:03:28.1 WEAPON_HIT radar1 asm2 radar1_aim120_sim_5_1 Engagement: 5 Start_Time: 00:03:17.0   Intercept_Pk: 1 Pk_Degrad
  [KILL_FEEDBACK] track 2 (asm2) marked killed via EVT
  [KILLED] 00:03:28.1 WEAPON_TERMINATED radar1 asm2 radar1_aim120_sim_5_1 Engagement: 5 Start_Time: 00:03:17.0   Intercept_Pk: 1 Pk

[DECISION] t=187.9s | tracks=5 | weapons=0 available
  track 12 (FIGHTER, d=3.8km, v=300m/s) -> threat=150.96
  track 10 (FIGHTER, d=13.0km, v=300m/s) -> threat=150.78
  track 8 (FIGHTER, d=19.9km, v=300m/s) -> threat=150.75
  track 6 (FIGHTER, d=29.2km, v=300m/s) -> threat=150.73
  track 4 (ASM, d=3.6km, v=0m/s) -> threat=101.28

[DECISION] t=188.1s | tracks=5 | weapons=0 available
  track 12 (FIGHTER, d=4.0km, v=300m/s) -> threat=150.95
  track 10 (FIGHTER, d=13.0km, v=300m/s) -> threat=150.78
  track 8 (FIGHTER, d=19.9km, v=300m/s) -> threat=150.75
  track 6 (FIGHTER, d=29.4km, v=300m/s) -> threat=150.73
  track 4 (ASM, d=3.6km, v=0m/s) -> threat=101.28

[DECISION] t=188.3s | tracks=5 | weapons=0 available
  track 12 (FIGHTER, d=4.2km, v=300m/s) -> threat=150.94
  track 10 (FIGHTER, d=13.1km, v=300m/s) -> threat=150.78
  track 8 (FIGHTER, d=20.0km, v=300m/s) -> threat=150.75
  track 6 (FIGHTER, d=29.4km, v=300m/s) -> threat=150.73
  track 4 (ASM, d=3.6km, v=0m/s) -> threat=101.28

[DECISION] t=188.5s | tracks=5 | weapons=0 available
  track 12 (FIGHTER, d=4.2km, v=300m/s) -> threat=150.94
  track 10 (FIGHTER, d=13.1km, v=300m/s) -> threat=150.78
  track 8 (FIGHTER, d=20.0km, v=300m/s) -> threat=150.75
  track 6 (FIGHTER, d=29.4km, v=300m/s) -> threat=150.73
  track 4 (ASM, d=3.6km, v=0m/s) -> threat=101.28

[DECISION] t=188.9s | tracks=5 | weapons=0 available
  track 12 (FIGHTER, d=4.2km, v=300m/s) -> threat=150.94
  track 10 (FIGHTER, d=13.1km, v=300m/s) -> threat=150.78
  track 8 (FIGHTER, d=20.0km, v=300m/s) -> threat=150.75
  track 6 (FIGHTER, d=29.4km, v=300m/s) -> threat=150.73
  track 4 (ASM, d=3.6km, v=0m/s) -> threat=101.28

[DECISION] t=189.1s | tracks=5 | weapons=0 available
  track 12 (FIGHTER, d=4.3km, v=300m/s) -> threat=150.93
  track 10 (FIGHTER, d=13.2km, v=300m/s) -> threat=150.78
  track 8 (FIGHTER, d=20.2km, v=300m/s) -> threat=150.75
  track 6 (FIGHTER, d=29.7km, v=300m/s) -> threat=150.73
  track 4 (ASM, d=3.6km, v=0m/s) -> threat=101.28

[DECISION] t=189.3s | tracks=5 | weapons=0 available
  track 12 (FIGHTER, d=4.4km, v=300m/s) -> threat=150.93
  track 10 (FIGHTER, d=13.4km, v=300m/s) -> threat=150.77
  track 8 (FIGHTER, d=20.3km, v=300m/s) -> threat=150.75
  track 6 (FIGHTER, d=29.7km, v=300m/s) -> threat=150.73
  track 4 (ASM, d=3.6km, v=0m/s) -> threat=101.28

[DECISION] t=189.5s | tracks=5 | weapons=0 available
  track 12 (FIGHTER, d=4.4km, v=300m/s) -> threat=150.93
  track 10 (FIGHTER, d=13.4km, v=300m/s) -> threat=150.77
  track 8 (FIGHTER, d=20.3km, v=300m/s) -> threat=150.75
  track 6 (FIGHTER, d=29.7km, v=300m/s) -> threat=150.73
  track 4 (ASM, d=3.6km, v=0m/s) -> threat=101.28

[DECISION] t=189.7s | tracks=5 | weapons=0 available
  track 12 (FIGHTER, d=4.4km, v=300m/s) -> threat=150.93
  track 10 (FIGHTER, d=13.6km, v=300m/s) -> threat=150.77
  track 8 (FIGHTER, d=20.5km, v=300m/s) -> threat=150.75
  track 6 (FIGHTER, d=29.8km, v=300m/s) -> threat=150.73
  track 4 (ASM, d=3.6km, v=0m/s) -> threat=101.28

[DECISION] t=189.9s | tracks=5 | weapons=0 available
  track 12 (FIGHTER, d=4.6km, v=300m/s) -> threat=150.92
  track 10 (FIGHTER, d=13.6km, v=300m/s) -> threat=150.77
  track 8 (FIGHTER, d=20.5km, v=300m/s) -> threat=150.75
  track 6 (FIGHTER, d=29.8km, v=300m/s) -> threat=150.73
  track 4 (ASM, d=3.6km, v=0m/s) -> threat=101.28

[DECISION] t=190.1s | tracks=5 | weapons=0 available
  track 12 (FIGHTER, d=4.6km, v=300m/s) -> threat=150.92
  track 10 (FIGHTER, d=13.6km, v=300m/s) -> threat=150.77
  track 8 (FIGHTER, d=20.5km, v=300m/s) -> threat=150.75
  track 6 (FIGHTER, d=30.0km, v=300m/s) -> threat=150.73
  track 4 (ASM, d=3.6km, v=0m/s) -> threat=101.28

[DECISION] t=190.5s | tracks=5 | weapons=0 available
  track 12 (FIGHTER, d=4.8km, v=300m/s) -> threat=150.91
  track 10 (FIGHTER, d=13.7km, v=300m/s) -> threat=150.77
  track 8 (FIGHTER, d=20.6km, v=300m/s) -> threat=150.75
  track 6 (FIGHTER, d=30.0km, v=300m/s) -> threat=150.73
  track 4 (ASM, d=3.6km, v=0m/s) -> threat=101.28

[DECISION] t=190.7s | tracks=4 | weapons=0 available
  track 12 (FIGHTER, d=4.8km, v=300m/s) -> threat=150.91
  track 10 (FIGHTER, d=13.9km, v=300m/s) -> threat=150.77
  track 8 (FIGHTER, d=20.8km, v=300m/s) -> threat=150.75
  track 4 (ASM, d=3.6km, v=0m/s) -> threat=101.28

[DECISION] t=190.9s | tracks=4 | weapons=0 available
  track 12 (FIGHTER, d=4.9km, v=300m/s) -> threat=150.91
  track 10 (FIGHTER, d=13.9km, v=300m/s) -> threat=150.77
  track 8 (FIGHTER, d=20.8km, v=300m/s) -> threat=150.75
  track 4 (ASM, d=3.6km, v=0m/s) -> threat=101.28

[DECISION] t=191.1s | tracks=4 | weapons=0 available
  track 12 (FIGHTER, d=4.9km, v=300m/s) -> threat=150.91
  track 10 (FIGHTER, d=13.9km, v=300m/s) -> threat=150.77
  track 8 (FIGHTER, d=20.8km, v=300m/s) -> threat=150.75
  track 4 (ASM, d=3.6km, v=0m/s) -> threat=101.28

[DECISION] t=191.5s | tracks=4 | weapons=0 available
  track 12 (FIGHTER, d=5.0km, v=300m/s) -> threat=150.90
  track 10 (FIGHTER, d=14.0km, v=300m/s) -> threat=150.77
  track 8 (FIGHTER, d=20.9km, v=300m/s) -> threat=150.75
  track 4 (ASM, d=3.6km, v=0m/s) -> threat=101.28

[DECISION] t=191.9s | tracks=4 | weapons=0 available
  track 12 (FIGHTER, d=5.0km, v=300m/s) -> threat=150.90
  track 10 (FIGHTER, d=14.0km, v=300m/s) -> threat=150.77
  track 8 (FIGHTER, d=20.9km, v=300m/s) -> threat=150.75
  track 4 (ASM, d=3.6km, v=0m/s) -> threat=101.28

[DECISION] t=192.3s | tracks=4 | weapons=0 available
  track 12 (FIGHTER, d=5.2km, v=300m/s) -> threat=150.89
  track 10 (FIGHTER, d=14.1km, v=300m/s) -> threat=150.77
  track 8 (FIGHTER, d=21.1km, v=300m/s) -> threat=150.75
  track 4 (ASM, d=3.6km, v=0m/s) -> threat=101.28

[DECISION] t=192.5s | tracks=4 | weapons=0 available
  track 12 (FIGHTER, d=5.3km, v=300m/s) -> threat=150.89
  track 10 (FIGHTER, d=14.3km, v=300m/s) -> threat=150.77
  track 8 (FIGHTER, d=21.2km, v=300m/s) -> threat=150.75
  track 4 (ASM, d=3.6km, v=0m/s) -> threat=101.28

[DECISION] t=192.7s | tracks=4 | weapons=0 available
  track 12 (FIGHTER, d=5.3km, v=300m/s) -> threat=150.89
  track 10 (FIGHTER, d=14.5km, v=300m/s) -> threat=150.77
  track 8 (FIGHTER, d=21.4km, v=300m/s) -> threat=150.75
  track 4 (ASM, d=3.6km, v=0m/s) -> threat=101.28

[DECISION] t=193.1s | tracks=4 | weapons=0 available
  track 12 (FIGHTER, d=5.5km, v=300m/s) -> threat=150.88
  track 10 (FIGHTER, d=14.5km, v=300m/s) -> threat=150.77
  track 8 (FIGHTER, d=21.4km, v=300m/s) -> threat=150.75
  track 4 (ASM, d=3.6km, v=0m/s) -> threat=101.28

[DECISION] t=193.1s | tracks=4 | weapons=0 available
  track 12 (FIGHTER, d=5.5km, v=300m/s) -> threat=150.88
  track 10 (FIGHTER, d=14.5km, v=300m/s) -> threat=150.77
  track 8 (FIGHTER, d=21.4km, v=300m/s) -> threat=150.75
  track 4 (ASM, d=3.6km, v=0m/s) -> threat=101.28

[DECISION] t=193.5s | tracks=4 | weapons=0 available
  track 12 (FIGHTER, d=5.7km, v=300m/s) -> threat=150.88
  track 10 (FIGHTER, d=14.6km, v=300m/s) -> threat=150.77
  track 8 (FIGHTER, d=21.5km, v=300m/s) -> threat=150.75
  track 4 (ASM, d=3.6km, v=0m/s) -> threat=101.28

[DECISION] t=193.5s | tracks=4 | weapons=0 available
  track 12 (FIGHTER, d=5.7km, v=300m/s) -> threat=150.88
  track 10 (FIGHTER, d=14.6km, v=300m/s) -> threat=150.77
  track 8 (FIGHTER, d=21.5km, v=300m/s) -> threat=150.75
  track 4 (ASM, d=3.6km, v=0m/s) -> threat=101.28

[DECISION] t=193.7s | tracks=4 | weapons=0 available
  track 12 (FIGHTER, d=5.7km, v=300m/s) -> threat=150.88
  track 10 (FIGHTER, d=14.7km, v=300m/s) -> threat=150.77
  track 8 (FIGHTER, d=21.7km, v=300m/s) -> threat=150.75
  track 4 (ASM, d=3.6km, v=0m/s) -> threat=101.28

[DECISION] t=194.3s | tracks=4 | weapons=0 available
  track 12 (FIGHTER, d=5.8km, v=300m/s) -> threat=150.87
  track 10 (FIGHTER, d=14.7km, v=300m/s) -> threat=150.77
  track 8 (FIGHTER, d=21.7km, v=300m/s) -> threat=150.75
  track 4 (ASM, d=3.6km, v=0m/s) -> threat=101.28

[DECISION] t=194.5s | tracks=4 | weapons=0 available
  track 12 (FIGHTER, d=5.9km, v=300m/s) -> threat=150.87
  track 10 (FIGHTER, d=14.9km, v=300m/s) -> threat=150.77
  track 8 (FIGHTER, d=21.8km, v=300m/s) -> threat=150.75
  track 4 (ASM, d=3.6km, v=0m/s) -> threat=101.28

[DECISION] t=194.7s | tracks=4 | weapons=0 available
  track 12 (FIGHTER, d=5.9km, v=300m/s) -> threat=150.87
  track 10 (FIGHTER, d=15.1km, v=300m/s) -> threat=150.77
  track 8 (FIGHTER, d=22.0km, v=300m/s) -> threat=150.75
  track 4 (ASM, d=3.6km, v=0m/s) -> threat=101.28

[DECISION] t=194.9s | tracks=4 | weapons=0 available
  track 12 (FIGHTER, d=6.1km, v=300m/s) -> threat=150.86
  track 10 (FIGHTER, d=15.1km, v=300m/s) -> threat=150.77
  track 8 (FIGHTER, d=22.0km, v=300m/s) -> threat=150.75
  track 4 (ASM, d=3.6km, v=0m/s) -> threat=101.28

[DECISION] t=0.0s | tracks=4 | weapons=0 available
  track 12 (FIGHTER, d=6.1km, v=300m/s) -> threat=150.86
  track 10 (FIGHTER, d=15.1km, v=300m/s) -> threat=150.77
  track 8 (FIGHTER, d=22.0km, v=300m/s) -> threat=150.75
  track 4 (ASM, d=3.6km, v=0m/s) -> threat=101.28

[DECISION] t=195.5s | tracks=4 | weapons=0 available
  track 12 (FIGHTER, d=6.3km, v=300m/s) -> threat=150.86
  track 10 (FIGHTER, d=15.2km, v=300m/s) -> threat=150.77
  track 8 (FIGHTER, d=22.1km, v=300m/s) -> threat=150.75
  track 4 (ASM, d=3.6km, v=0m/s) -> threat=101.28

[DECISION] t=195.9s | tracks=4 | weapons=0 available
  track 12 (FIGHTER, d=6.3km, v=300m/s) -> threat=150.86
  track 10 (FIGHTER, d=15.2km, v=300m/s) -> threat=150.77
  track 8 (FIGHTER, d=22.1km, v=300m/s) -> threat=150.75
  track 4 (ASM, d=3.6km, v=0m/s) -> threat=101.28
  [KILLED] 00:03:26.2 WEAPON_HIT radar1 asm1 radar1_aim120_sim_4_1 Engagement: 4 Start_Time: 00:03:17.0   Intercept_Pk: 1 Pk_Degrad
  [KILLED] 00:03:26.2 WEAPON_TERMINATED radar1 asm1 radar1_aim120_sim_4_1 Engagement: 4 Start_Time: 00:03:17.0   Intercept_Pk: 1 Pk
  [KILLED] 00:03:28.1 WEAPON_HIT radar1 asm2 radar1_aim120_sim_5_1 Engagement: 5 Start_Time: 00:03:17.0   Intercept_Pk: 1 Pk_Degrad
  [KILL_FEEDBACK] track 2 (asm2) marked killed via EVT
  [KILLED] 00:03:28.1 WEAPON_TERMINATED radar1 asm2 radar1_aim120_sim_5_1 Engagement: 5 Start_Time: 00:03:17.0   Intercept_Pk: 1 Pk

[DECISION] t=196.1s | tracks=4 | weapons=0 available
  track 12 (FIGHTER, d=6.4km, v=300m/s) -> threat=150.86
  track 10 (FIGHTER, d=15.3km, v=300m/s) -> threat=150.77
  track 8 (FIGHTER, d=22.3km, v=300m/s) -> threat=150.74
  track 4 (ASM, d=3.6km, v=0m/s) -> threat=101.28

[DECISION] t=196.3s | tracks=4 | weapons=0 available
  track 12 (FIGHTER, d=6.5km, v=300m/s) -> threat=150.85
  track 10 (FIGHTER, d=15.5km, v=300m/s) -> threat=150.76
  track 8 (FIGHTER, d=22.4km, v=300m/s) -> threat=150.74
  track 4 (ASM, d=3.6km, v=0m/s) -> threat=101.28

[DECISION] t=196.5s | tracks=4 | weapons=0 available
  track 12 (FIGHTER, d=6.5km, v=300m/s) -> threat=150.85
  track 10 (FIGHTER, d=15.5km, v=300m/s) -> threat=150.76
  track 8 (FIGHTER, d=22.4km, v=300m/s) -> threat=150.74
  track 4 (ASM, d=3.6km, v=0m/s) -> threat=101.28

[DECISION] t=196.7s | tracks=4 | weapons=0 available
  track 12 (FIGHTER, d=6.5km, v=300m/s) -> threat=150.85
  track 10 (FIGHTER, d=15.6km, v=300m/s) -> threat=150.76
  track 8 (FIGHTER, d=22.6km, v=300m/s) -> threat=150.74
  track 4 (ASM, d=3.6km, v=0m/s) -> threat=101.28

[DECISION] t=196.9s | tracks=4 | weapons=0 available
  track 12 (FIGHTER, d=6.7km, v=300m/s) -> threat=150.85
  track 10 (FIGHTER, d=15.6km, v=300m/s) -> threat=150.76
  track 8 (FIGHTER, d=22.6km, v=300m/s) -> threat=150.74
  track 4 (ASM, d=3.6km, v=0m/s) -> threat=101.28

[DECISION] t=197.3s | tracks=4 | weapons=0 available
  track 12 (FIGHTER, d=6.7km, v=300m/s) -> threat=150.85
  track 10 (FIGHTER, d=15.6km, v=300m/s) -> threat=150.76
  track 8 (FIGHTER, d=22.6km, v=300m/s) -> threat=150.74
  track 4 (ASM, d=3.6km, v=0m/s) -> threat=101.28

[DECISION] t=197.3s | tracks=4 | weapons=0 available
  track 12 (FIGHTER, d=6.9km, v=300m/s) -> threat=150.85
  track 10 (FIGHTER, d=15.8km, v=300m/s) -> threat=150.76
  track 8 (FIGHTER, d=22.7km, v=300m/s) -> threat=150.74
  track 4 (ASM, d=3.6km, v=0m/s) -> threat=101.28

[DECISION] t=197.5s | tracks=4 | weapons=0 available
  track 12 (FIGHTER, d=6.9km, v=300m/s) -> threat=150.85
  track 10 (FIGHTER, d=15.8km, v=300m/s) -> threat=150.76
  track 8 (FIGHTER, d=22.7km, v=300m/s) -> threat=150.74
  track 4 (ASM, d=3.6km, v=0m/s) -> threat=101.28

[DECISION] t=197.9s | tracks=4 | weapons=0 available
  track 12 (FIGHTER, d=6.9km, v=300m/s) -> threat=150.85
  track 10 (FIGHTER, d=16.0km, v=300m/s) -> threat=150.76
  track 8 (FIGHTER, d=22.9km, v=300m/s) -> threat=150.74
  track 4 (ASM, d=3.6km, v=0m/s) -> threat=101.28

[DECISION] t=197.9s | tracks=4 | weapons=0 available
  track 12 (FIGHTER, d=7.0km, v=300m/s) -> threat=150.84
  track 10 (FIGHTER, d=16.0km, v=300m/s) -> threat=150.76
  track 8 (FIGHTER, d=22.9km, v=300m/s) -> threat=150.74
  track 4 (ASM, d=3.6km, v=0m/s) -> threat=101.28

[DECISION] t=198.1s | tracks=4 | weapons=0 available
  track 12 (FIGHTER, d=7.0km, v=300m/s) -> threat=150.84
  track 10 (FIGHTER, d=16.0km, v=300m/s) -> threat=150.76
  track 8 (FIGHTER, d=22.9km, v=300m/s) -> threat=150.74
  track 4 (ASM, d=3.6km, v=0m/s) -> threat=101.28

[DECISION] t=198.3s | tracks=4 | weapons=0 available
  track 12 (FIGHTER, d=7.1km, v=300m/s) -> threat=150.84
  track 10 (FIGHTER, d=16.1km, v=300m/s) -> threat=150.76
  track 8 (FIGHTER, d=23.0km, v=300m/s) -> threat=150.74
  track 4 (ASM, d=3.6km, v=0m/s) -> threat=101.28

[DECISION] t=0.0s | tracks=4 | weapons=0 available
  track 12 (FIGHTER, d=7.1km, v=300m/s) -> threat=150.84
  track 10 (FIGHTER, d=16.1km, v=300m/s) -> threat=150.76
  track 8 (FIGHTER, d=23.0km, v=300m/s) -> threat=150.74
  track 4 (ASM, d=3.6km, v=0m/s) -> threat=101.28

[DECISION] t=198.7s | tracks=4 | weapons=0 available
  track 12 (FIGHTER, d=7.1km, v=300m/s) -> threat=150.84
  track 10 (FIGHTER, d=16.2km, v=300m/s) -> threat=150.76
  track 8 (FIGHTER, d=23.2km, v=300m/s) -> threat=150.74
  track 4 (ASM, d=3.6km, v=0m/s) -> threat=101.28

[DECISION] t=198.9s | tracks=4 | weapons=0 available
  track 12 (FIGHTER, d=7.3km, v=300m/s) -> threat=150.84
  track 10 (FIGHTER, d=16.2km, v=300m/s) -> threat=150.76
  track 8 (FIGHTER, d=23.2km, v=300m/s) -> threat=150.74
  track 4 (ASM, d=3.6km, v=0m/s) -> threat=101.28

[DECISION] t=199.3s | tracks=4 | weapons=0 available
  track 12 (FIGHTER, d=7.4km, v=300m/s) -> threat=150.83
  track 10 (FIGHTER, d=16.4km, v=300m/s) -> threat=150.76
  track 8 (FIGHTER, d=23.3km, v=300m/s) -> threat=150.74
  track 4 (ASM, d=3.6km, v=0m/s) -> threat=101.28

[DECISION] t=199.7s | tracks=4 | weapons=0 available
  track 12 (FIGHTER, d=7.4km, v=300m/s) -> threat=150.83
  track 10 (FIGHTER, d=16.4km, v=300m/s) -> threat=150.76
  track 8 (FIGHTER, d=23.5km, v=300m/s) -> threat=150.74
  track 4 (ASM, d=3.6km, v=0m/s) -> threat=101.28

[DECISION] t=200.1s | tracks=4 | weapons=0 available
  track 12 (FIGHTER, d=7.6km, v=300m/s) -> threat=150.83
  track 10 (FIGHTER, d=16.6km, v=300m/s) -> threat=150.76
  track 8 (FIGHTER, d=23.5km, v=300m/s) -> threat=150.74
  track 4 (ASM, d=3.6km, v=0m/s) -> threat=101.28

[DECISION] t=200.3s | tracks=4 | weapons=0 available
  track 12 (FIGHTER, d=7.6km, v=300m/s) -> threat=150.83
  track 10 (FIGHTER, d=16.6km, v=300m/s) -> threat=150.76
  track 8 (FIGHTER, d=23.5km, v=300m/s) -> threat=150.74
  track 4 (ASM, d=3.6km, v=0m/s) -> threat=101.28

[DECISION] t=200.5s | tracks=4 | weapons=0 available
  track 12 (FIGHTER, d=7.8km, v=300m/s) -> threat=150.83
  track 10 (FIGHTER, d=16.7km, v=300m/s) -> threat=150.76
  track 8 (FIGHTER, d=23.6km, v=300m/s) -> threat=150.74
  track 4 (ASM, d=3.6km, v=0m/s) -> threat=101.28

[DECISION] t=200.5s | tracks=4 | weapons=0 available
  track 12 (FIGHTER, d=7.8km, v=300m/s) -> threat=150.83
  track 10 (FIGHTER, d=16.7km, v=300m/s) -> threat=150.76
  track 8 (FIGHTER, d=23.6km, v=300m/s) -> threat=150.74
  track 4 (ASM, d=3.6km, v=0m/s) -> threat=101.28

[DECISION] t=200.9s | tracks=4 | weapons=0 available
  track 12 (FIGHTER, d=7.8km, v=300m/s) -> threat=150.83
  track 10 (FIGHTER, d=16.8km, v=300m/s) -> threat=150.76
  track 8 (FIGHTER, d=23.8km, v=300m/s) -> threat=150.74
  track 4 (ASM, d=3.6km, v=0m/s) -> threat=101.28

[DECISION] t=201.1s | tracks=4 | weapons=0 available
  track 12 (FIGHTER, d=7.9km, v=300m/s) -> threat=150.83
  track 10 (FIGHTER, d=16.8km, v=300m/s) -> threat=150.76
  track 8 (FIGHTER, d=23.8km, v=300m/s) -> threat=150.74
  track 4 (ASM, d=3.6km, v=0m/s) -> threat=101.28

[DECISION] t=201.1s | tracks=4 | weapons=0 available
  track 12 (FIGHTER, d=7.9km, v=300m/s) -> threat=150.83
  track 10 (FIGHTER, d=16.8km, v=300m/s) -> threat=150.76
  track 8 (FIGHTER, d=23.8km, v=300m/s) -> threat=150.74
  track 4 (ASM, d=3.6km, v=0m/s) -> threat=101.28

[DECISION] t=201.5s | tracks=4 | weapons=0 available
  track 12 (FIGHTER, d=8.0km, v=300m/s) -> threat=150.82
  track 10 (FIGHTER, d=17.0km, v=300m/s) -> threat=150.76
  track 8 (FIGHTER, d=23.9km, v=300m/s) -> threat=150.74
  track 4 (ASM, d=3.6km, v=0m/s) -> threat=101.28

[DECISION] t=201.9s | tracks=4 | weapons=0 available
  track 12 (FIGHTER, d=8.0km, v=300m/s) -> threat=150.82
  track 10 (FIGHTER, d=17.0km, v=300m/s) -> threat=150.76
  track 8 (FIGHTER, d=24.1km, v=300m/s) -> threat=150.74
  track 4 (ASM, d=3.6km, v=0m/s) -> threat=101.28
  [KILLED] 00:03:26.2 WEAPON_HIT radar1 asm1 radar1_aim120_sim_4_1 Engagement: 4 Start_Time: 00:03:17.0   Intercept_Pk: 1 Pk_Degrad
  [KILLED] 00:03:26.2 WEAPON_TERMINATED radar1 asm1 radar1_aim120_sim_4_1 Engagement: 4 Start_Time: 00:03:17.0   Intercept_Pk: 1 Pk
  [KILLED] 00:03:28.1 WEAPON_HIT radar1 asm2 radar1_aim120_sim_5_1 Engagement: 5 Start_Time: 00:03:17.0   Intercept_Pk: 1 Pk_Degrad
  [KILL_FEEDBACK] track 2 (asm2) marked killed via EVT
  [KILLED] 00:03:28.1 WEAPON_TERMINATED radar1 asm2 radar1_aim120_sim_5_1 Engagement: 5 Start_Time: 00:03:17.0   Intercept_Pk: 1 Pk

[DECISION] t=202.1s | tracks=4 | weapons=0 available
  track 12 (FIGHTER, d=8.2km, v=300m/s) -> threat=150.82
  track 10 (FIGHTER, d=17.2km, v=300m/s) -> threat=150.76
  track 8 (FIGHTER, d=24.1km, v=300m/s) -> threat=150.74
  track 4 (ASM, d=3.6km, v=0m/s) -> threat=101.28

[DECISION] t=202.3s | tracks=4 | weapons=0 available
  track 12 (FIGHTER, d=8.2km, v=300m/s) -> threat=150.82
  track 10 (FIGHTER, d=17.2km, v=300m/s) -> threat=150.76
  track 8 (FIGHTER, d=24.1km, v=300m/s) -> threat=150.74
  track 4 (ASM, d=3.6km, v=0m/s) -> threat=101.28

[DECISION] t=202.5s | tracks=4 | weapons=0 available
  track 12 (FIGHTER, d=8.4km, v=300m/s) -> threat=150.82
  track 10 (FIGHTER, d=17.3km, v=300m/s) -> threat=150.76
  track 8 (FIGHTER, d=24.2km, v=300m/s) -> threat=150.74
  track 4 (ASM, d=3.6km, v=0m/s) -> threat=101.28

[DECISION] t=202.7s | tracks=4 | weapons=0 available
  track 12 (FIGHTER, d=8.4km, v=300m/s) -> threat=150.82
  track 10 (FIGHTER, d=17.4km, v=300m/s) -> threat=150.76
  track 8 (FIGHTER, d=24.4km, v=300m/s) -> threat=150.74
  track 4 (ASM, d=3.6km, v=0m/s) -> threat=101.28

[DECISION] t=202.9s | tracks=4 | weapons=0 available
  track 12 (FIGHTER, d=8.5km, v=300m/s) -> threat=150.82
  track 10 (FIGHTER, d=17.4km, v=300m/s) -> threat=150.76
  track 8 (FIGHTER, d=24.4km, v=300m/s) -> threat=150.74
  track 4 (ASM, d=3.6km, v=0m/s) -> threat=101.28

[DECISION] t=203.1s | tracks=4 | weapons=0 available
  track 12 (FIGHTER, d=8.5km, v=300m/s) -> threat=150.82
  track 10 (FIGHTER, d=17.4km, v=300m/s) -> threat=150.76
  track 8 (FIGHTER, d=24.4km, v=300m/s) -> threat=150.74
  track 4 (ASM, d=3.6km, v=0m/s) -> threat=101.28

[DECISION] t=203.3s | tracks=4 | weapons=0 available
  track 12 (FIGHTER, d=8.6km, v=300m/s) -> threat=150.82
  track 10 (FIGHTER, d=17.6km, v=300m/s) -> threat=150.76
  track 8 (FIGHTER, d=24.5km, v=300m/s) -> threat=150.74
  track 4 (ASM, d=3.6km, v=0m/s) -> threat=101.28

[DECISION] t=203.5s | tracks=4 | weapons=0 available
  track 12 (FIGHTER, d=8.6km, v=300m/s) -> threat=150.82
  track 10 (FIGHTER, d=17.6km, v=300m/s) -> threat=150.76
  track 8 (FIGHTER, d=24.5km, v=300m/s) -> threat=150.74
  track 4 (ASM, d=3.6km, v=0m/s) -> threat=101.28

[DECISION] t=203.9s | tracks=4 | weapons=0 available
  track 12 (FIGHTER, d=8.6km, v=300m/s) -> threat=150.82
  track 10 (FIGHTER, d=17.6km, v=300m/s) -> threat=150.76
  track 8 (FIGHTER, d=24.5km, v=300m/s) -> threat=150.74
  track 4 (ASM, d=3.6km, v=0m/s) -> threat=101.28

[DECISION] t=204.1s | tracks=4 | weapons=0 available
  track 12 (FIGHTER, d=8.8km, v=300m/s) -> threat=150.81
  track 10 (FIGHTER, d=17.7km, v=300m/s) -> threat=150.76
  track 8 (FIGHTER, d=24.7km, v=300m/s) -> threat=150.74
  track 4 (ASM, d=3.6km, v=0m/s) -> threat=101.28

[DECISION] t=204.5s | tracks=4 | weapons=0 available
  track 12 (FIGHTER, d=8.9km, v=300m/s) -> threat=150.81
  track 10 (FIGHTER, d=17.9km, v=300m/s) -> threat=150.76
  track 8 (FIGHTER, d=24.8km, v=300m/s) -> threat=150.74
  track 4 (ASM, d=3.6km, v=0m/s) -> threat=101.28

[DECISION] t=204.7s | tracks=4 | weapons=0 available
  track 12 (FIGHTER, d=8.9km, v=300m/s) -> threat=150.81
  track 10 (FIGHTER, d=17.9km, v=300m/s) -> threat=150.76
  track 8 (FIGHTER, d=24.8km, v=300m/s) -> threat=150.74
  track 4 (ASM, d=3.6km, v=0m/s) -> threat=101.28

[DECISION] t=205.1s | tracks=4 | weapons=0 available
  track 12 (FIGHTER, d=9.1km, v=300m/s) -> threat=150.81
  track 10 (FIGHTER, d=18.1km, v=300m/s) -> threat=150.76
  track 8 (FIGHTER, d=25.0km, v=300m/s) -> threat=150.74
  track 4 (ASM, d=3.6km, v=0m/s) -> threat=101.28

[DECISION] t=205.5s | tracks=4 | weapons=0 available
  track 12 (FIGHTER, d=9.3km, v=300m/s) -> threat=150.81
  track 10 (FIGHTER, d=18.2km, v=300m/s) -> threat=150.76
  track 8 (FIGHTER, d=25.1km, v=300m/s) -> threat=150.74
  track 4 (ASM, d=3.6km, v=0m/s) -> threat=101.28

[DECISION] t=205.5s | tracks=4 | weapons=0 available
  track 12 (FIGHTER, d=9.3km, v=300m/s) -> threat=150.81
  track 10 (FIGHTER, d=18.2km, v=300m/s) -> threat=150.76
  track 8 (FIGHTER, d=25.1km, v=300m/s) -> threat=150.74
  track 4 (ASM, d=3.6km, v=0m/s) -> threat=101.28

[DECISION] t=205.7s | tracks=4 | weapons=0 available
  track 12 (FIGHTER, d=9.3km, v=300m/s) -> threat=150.81
  track 10 (FIGHTER, d=18.3km, v=300m/s) -> threat=150.75
  track 8 (FIGHTER, d=25.3km, v=300m/s) -> threat=150.74
  track 4 (ASM, d=3.6km, v=0m/s) -> threat=101.28

[DECISION] t=205.9s | tracks=4 | weapons=0 available
  track 12 (FIGHTER, d=9.4km, v=300m/s) -> threat=150.81
  track 10 (FIGHTER, d=18.3km, v=300m/s) -> threat=150.75
  track 8 (FIGHTER, d=25.3km, v=300m/s) -> threat=150.74
  track 4 (ASM, d=3.6km, v=0m/s) -> threat=101.28

[DECISION] t=206.1s | tracks=4 | weapons=0 available
  track 12 (FIGHTER, d=9.4km, v=300m/s) -> threat=150.81
  track 10 (FIGHTER, d=18.3km, v=300m/s) -> threat=150.75
  track 8 (FIGHTER, d=25.3km, v=300m/s) -> threat=150.74
  track 4 (ASM, d=3.6km, v=0m/s) -> threat=101.28

[DECISION] t=206.5s | tracks=4 | weapons=0 available
  track 12 (FIGHTER, d=9.5km, v=300m/s) -> threat=150.81
  track 10 (FIGHTER, d=18.5km, v=300m/s) -> threat=150.75
  track 8 (FIGHTER, d=25.4km, v=300m/s) -> threat=150.74
  track 4 (ASM, d=3.6km, v=0m/s) -> threat=101.28

[DECISION] t=206.7s | tracks=4 | weapons=0 available
  track 12 (FIGHTER, d=9.5km, v=300m/s) -> threat=150.81
  track 10 (FIGHTER, d=18.5km, v=300m/s) -> threat=150.75
  track 8 (FIGHTER, d=25.4km, v=300m/s) -> threat=150.74
  track 4 (ASM, d=3.6km, v=0m/s) -> threat=101.28

[DECISION] t=207.1s | tracks=4 | weapons=0 available
  track 12 (FIGHTER, d=9.7km, v=300m/s) -> threat=150.80
  track 10 (FIGHTER, d=18.7km, v=300m/s) -> threat=150.75
  track 8 (FIGHTER, d=25.6km, v=300m/s) -> threat=150.74
  track 4 (ASM, d=3.6km, v=0m/s) -> threat=101.28

[DECISION] t=207.1s | tracks=4 | weapons=0 available
  track 12 (FIGHTER, d=9.7km, v=300m/s) -> threat=150.80
  track 10 (FIGHTER, d=18.7km, v=300m/s) -> threat=150.75
  track 8 (FIGHTER, d=25.6km, v=300m/s) -> threat=150.74
  track 4 (ASM, d=3.6km, v=0m/s) -> threat=101.28

[DECISION] t=207.5s | tracks=4 | weapons=0 available
  track 12 (FIGHTER, d=9.7km, v=300m/s) -> threat=150.80
  track 10 (FIGHTER, d=18.7km, v=300m/s) -> threat=150.75
  track 8 (FIGHTER, d=25.6km, v=300m/s) -> threat=150.74
  track 4 (ASM, d=3.6km, v=0m/s) -> threat=101.28

[DECISION] t=207.7s | tracks=4 | weapons=0 available
  track 12 (FIGHTER, d=9.9km, v=300m/s) -> threat=150.80
  track 10 (FIGHTER, d=18.8km, v=300m/s) -> threat=150.75
  track 8 (FIGHTER, d=25.7km, v=300m/s) -> threat=150.74
  track 4 (ASM, d=3.6km, v=0m/s) -> threat=101.28

[DECISION] t=207.9s | tracks=4 | weapons=0 available
  track 12 (FIGHTER, d=10.0km, v=300m/s) -> threat=150.80
  track 10 (FIGHTER, d=18.9km, v=300m/s) -> threat=150.75
  track 8 (FIGHTER, d=25.9km, v=300m/s) -> threat=150.74
  track 4 (ASM, d=3.6km, v=0m/s) -> threat=101.28

[DECISION] t=208.1s | tracks=4 | weapons=0 available
  track 12 (FIGHTER, d=10.0km, v=300m/s) -> threat=150.80
  track 10 (FIGHTER, d=18.9km, v=300m/s) -> threat=150.75
  track 8 (FIGHTER, d=25.9km, v=300m/s) -> threat=150.74
  track 4 (ASM, d=3.6km, v=0m/s) -> threat=101.28

[DECISION] t=208.3s | tracks=4 | weapons=0 available
  track 12 (FIGHTER, d=10.1km, v=300m/s) -> threat=150.80
  track 10 (FIGHTER, d=19.1km, v=300m/s) -> threat=150.75
  track 8 (FIGHTER, d=26.0km, v=300m/s) -> threat=150.74
  track 4 (ASM, d=3.6km, v=0m/s) -> threat=101.28

[DECISION] t=208.5s | tracks=4 | weapons=0 available
  track 12 (FIGHTER, d=10.1km, v=300m/s) -> threat=150.80
  track 10 (FIGHTER, d=19.1km, v=300m/s) -> threat=150.75
  track 8 (FIGHTER, d=26.0km, v=300m/s) -> threat=150.74
  track 4 (ASM, d=3.6km, v=0m/s) -> threat=101.28
  [KILLED] 00:03:26.2 WEAPON_HIT radar1 asm1 radar1_aim120_sim_4_1 Engagement: 4 Start_Time: 00:03:17.0   Intercept_Pk: 1 Pk_Degrad
  [KILLED] 00:03:26.2 WEAPON_TERMINATED radar1 asm1 radar1_aim120_sim_4_1 Engagement: 4 Start_Time: 00:03:17.0   Intercept_Pk: 1 Pk
  [KILLED] 00:03:28.1 WEAPON_HIT radar1 asm2 radar1_aim120_sim_5_1 Engagement: 5 Start_Time: 00:03:17.0   Intercept_Pk: 1 Pk_Degrad
  [KILL_FEEDBACK] track 2 (asm2) marked killed via EVT
  [KILLED] 00:03:28.1 WEAPON_TERMINATED radar1 asm2 radar1_aim120_sim_5_1 Engagement: 5 Start_Time: 00:03:17.0   Intercept_Pk: 1 Pk

[DECISION] t=208.7s | tracks=4 | weapons=0 available
  track 12 (FIGHTER, d=10.1km, v=300m/s) -> threat=150.80
  track 10 (FIGHTER, d=19.2km, v=300m/s) -> threat=150.75
  track 8 (FIGHTER, d=26.2km, v=300m/s) -> threat=150.74
  track 4 (ASM, d=3.6km, v=0m/s) -> threat=101.28

[DECISION] t=208.9s | tracks=4 | weapons=0 available
  track 12 (FIGHTER, d=10.3km, v=300m/s) -> threat=150.80
  track 10 (FIGHTER, d=19.2km, v=300m/s) -> threat=150.75
  track 8 (FIGHTER, d=26.2km, v=300m/s) -> threat=150.74
  track 4 (ASM, d=3.6km, v=0m/s) -> threat=101.28

[DECISION] t=209.1s | tracks=4 | weapons=0 available
  track 12 (FIGHTER, d=10.3km, v=300m/s) -> threat=150.80
  track 10 (FIGHTER, d=19.2km, v=300m/s) -> threat=150.75
  track 8 (FIGHTER, d=26.2km, v=300m/s) -> threat=150.74
  track 4 (ASM, d=3.6km, v=0m/s) -> threat=101.28

[DECISION] t=209.3s | tracks=4 | weapons=0 available
  track 12 (FIGHTER, d=10.5km, v=300m/s) -> threat=150.80
  track 10 (FIGHTER, d=19.4km, v=300m/s) -> threat=150.75
  track 8 (FIGHTER, d=26.3km, v=300m/s) -> threat=150.74
  track 4 (ASM, d=3.6km, v=0m/s) -> threat=101.28

[DECISION] t=209.7s | tracks=4 | weapons=0 available
  track 12 (FIGHTER, d=10.5km, v=300m/s) -> threat=150.80
  track 10 (FIGHTER, d=19.6km, v=300m/s) -> threat=150.75
  track 8 (FIGHTER, d=26.5km, v=300m/s) -> threat=150.74
  track 4 (ASM, d=3.6km, v=0m/s) -> threat=101.28

[DECISION] t=210.3s | tracks=4 | weapons=0 available
  track 12 (FIGHTER, d=10.5km, v=300m/s) -> threat=150.80
  track 10 (FIGHTER, d=19.6km, v=300m/s) -> threat=150.75
  track 8 (FIGHTER, d=26.5km, v=300m/s) -> threat=150.74
  track 4 (ASM, d=3.6km, v=0m/s) -> threat=101.28

[DECISION] t=210.5s | tracks=4 | weapons=0 available
  track 12 (FIGHTER, d=10.7km, v=300m/s) -> threat=150.79
  track 10 (FIGHTER, d=19.7km, v=300m/s) -> threat=150.75
  track 8 (FIGHTER, d=26.6km, v=300m/s) -> threat=150.74
  track 4 (ASM, d=3.6km, v=0m/s) -> threat=101.28

[DECISION] t=210.7s | tracks=4 | weapons=0 available
  track 12 (FIGHTER, d=10.7km, v=300m/s) -> threat=150.79
  track 10 (FIGHTER, d=19.8km, v=300m/s) -> threat=150.75
  track 8 (FIGHTER, d=26.8km, v=300m/s) -> threat=150.74
  track 4 (ASM, d=3.6km, v=0m/s) -> threat=101.28

[DECISION] t=211.1s | tracks=4 | weapons=0 available
  track 12 (FIGHTER, d=10.9km, v=300m/s) -> threat=150.79
  track 10 (FIGHTER, d=19.8km, v=300m/s) -> threat=150.75
  track 8 (FIGHTER, d=26.8km, v=300m/s) -> threat=150.74
  track 4 (ASM, d=3.6km, v=0m/s) -> threat=101.28

[DECISION] t=211.3s | tracks=4 | weapons=0 available
  track 12 (FIGHTER, d=11.0km, v=300m/s) -> threat=150.79
  track 10 (FIGHTER, d=20.0km, v=300m/s) -> threat=150.75
  track 8 (FIGHTER, d=26.9km, v=300m/s) -> threat=150.74
  track 4 (ASM, d=3.6km, v=0m/s) -> threat=101.28

[DECISION] t=211.5s | tracks=4 | weapons=0 available
  track 12 (FIGHTER, d=11.0km, v=300m/s) -> threat=150.79
  track 10 (FIGHTER, d=20.0km, v=300m/s) -> threat=150.75
  track 8 (FIGHTER, d=26.9km, v=300m/s) -> threat=150.74
  track 4 (ASM, d=3.6km, v=0m/s) -> threat=101.28

[DECISION] t=211.7s | tracks=4 | weapons=0 available
  track 12 (FIGHTER, d=11.0km, v=300m/s) -> threat=150.79
  track 10 (FIGHTER, d=20.2km, v=300m/s) -> threat=150.75
  track 8 (FIGHTER, d=27.1km, v=300m/s) -> threat=150.74
  track 4 (ASM, d=3.6km, v=0m/s) -> threat=101.28

[DECISION] t=211.9s | tracks=4 | weapons=0 available
  track 12 (FIGHTER, d=11.2km, v=300m/s) -> threat=150.79
  track 10 (FIGHTER, d=20.2km, v=300m/s) -> threat=150.75
  track 8 (FIGHTER, d=27.1km, v=300m/s) -> threat=150.74
  track 4 (ASM, d=3.6km, v=0m/s) -> threat=101.28

[DECISION] t=212.1s | tracks=4 | weapons=0 available
  track 12 (FIGHTER, d=11.2km, v=300m/s) -> threat=150.79
  track 10 (FIGHTER, d=20.2km, v=300m/s) -> threat=150.75
  track 8 (FIGHTER, d=27.1km, v=300m/s) -> threat=150.74
  track 4 (ASM, d=3.6km, v=0m/s) -> threat=101.28

[DECISION] t=212.7s | tracks=4 | weapons=0 available
  track 12 (FIGHTER, d=11.4km, v=300m/s) -> threat=150.79
  track 10 (FIGHTER, d=20.3km, v=300m/s) -> threat=150.75
  track 8 (FIGHTER, d=27.2km, v=300m/s) -> threat=150.74
  track 4 (ASM, d=3.6km, v=0m/s) -> threat=101.28

[DECISION] t=212.9s | tracks=4 | weapons=0 available
  track 12 (FIGHTER, d=11.5km, v=300m/s) -> threat=150.79
  track 10 (FIGHTER, d=20.4km, v=300m/s) -> threat=150.75
  track 8 (FIGHTER, d=27.4km, v=300m/s) -> threat=150.74
  track 4 (ASM, d=3.6km, v=0m/s) -> threat=101.28

[DECISION] t=213.1s | tracks=4 | weapons=0 available
  track 12 (FIGHTER, d=11.5km, v=300m/s) -> threat=150.79
  track 10 (FIGHTER, d=20.4km, v=300m/s) -> threat=150.75
  track 8 (FIGHTER, d=27.4km, v=300m/s) -> threat=150.74
  track 4 (ASM, d=3.6km, v=0m/s) -> threat=101.28

[DECISION] t=213.3s | tracks=4 | weapons=0 available
  track 12 (FIGHTER, d=11.6km, v=300m/s) -> threat=150.79
  track 10 (FIGHTER, d=20.6km, v=300m/s) -> threat=150.75
  track 8 (FIGHTER, d=27.5km, v=300m/s) -> threat=150.74
  track 4 (ASM, d=3.6km, v=0m/s) -> threat=101.28

[DECISION] t=213.3s | tracks=4 | weapons=0 available
  track 12 (FIGHTER, d=11.6km, v=300m/s) -> threat=150.79
  track 10 (FIGHTER, d=20.6km, v=300m/s) -> threat=150.75
  track 8 (FIGHTER, d=27.5km, v=300m/s) -> threat=150.74
  track 4 (ASM, d=3.6km, v=0m/s) -> threat=101.28

[DECISION] t=213.5s | tracks=4 | weapons=0 available
  track 12 (FIGHTER, d=11.6km, v=300m/s) -> threat=150.79
  track 10 (FIGHTER, d=20.6km, v=300m/s) -> threat=150.75
  track 8 (FIGHTER, d=27.5km, v=300m/s) -> threat=150.74
  track 4 (ASM, d=3.6km, v=0m/s) -> threat=101.28

[DECISION] t=213.7s | tracks=4 | weapons=0 available
  track 12 (FIGHTER, d=11.6km, v=300m/s) -> threat=150.79
  track 10 (FIGHTER, d=20.8km, v=300m/s) -> threat=150.75
  track 8 (FIGHTER, d=27.7km, v=300m/s) -> threat=150.74
  track 4 (ASM, d=3.6km, v=0m/s) -> threat=101.28

[DECISION] t=214.3s | tracks=4 | weapons=0 available
  track 12 (FIGHTER, d=12.0km, v=300m/s) -> threat=150.78
  track 10 (FIGHTER, d=20.9km, v=300m/s) -> threat=150.75
  track 8 (FIGHTER, d=27.8km, v=300m/s) -> threat=150.74
  track 4 (ASM, d=3.6km, v=0m/s) -> threat=101.28

[DECISION] t=214.5s | tracks=4 | weapons=0 available
  track 12 (FIGHTER, d=12.0km, v=300m/s) -> threat=150.78
  track 10 (FIGHTER, d=20.9km, v=300m/s) -> threat=150.75
  track 8 (FIGHTER, d=27.8km, v=300m/s) -> threat=150.74
  track 4 (ASM, d=3.6km, v=0m/s) -> threat=101.28
  [KILLED] 00:03:26.2 WEAPON_HIT radar1 asm1 radar1_aim120_sim_4_1 Engagement: 4 Start_Time: 00:03:17.0   Intercept_Pk: 1 Pk_Degrad
  [KILLED] 00:03:26.2 WEAPON_TERMINATED radar1 asm1 radar1_aim120_sim_4_1 Engagement: 4 Start_Time: 00:03:17.0   Intercept_Pk: 1 Pk
  [KILLED] 00:03:28.1 WEAPON_HIT radar1 asm2 radar1_aim120_sim_5_1 Engagement: 5 Start_Time: 00:03:17.0   Intercept_Pk: 1 Pk_Degrad
  [KILL_FEEDBACK] track 2 (asm2) marked killed via EVT
  [KILLED] 00:03:28.1 WEAPON_TERMINATED radar1 asm2 radar1_aim120_sim_5_1 Engagement: 5 Start_Time: 00:03:17.0   Intercept_Pk: 1 Pk

[DECISION] t=214.9s | tracks=4 | weapons=0 available
  track 12 (FIGHTER, d=12.1km, v=300m/s) -> threat=150.78
  track 10 (FIGHTER, d=21.0km, v=300m/s) -> threat=150.75
  track 8 (FIGHTER, d=28.0km, v=300m/s) -> threat=150.74
  track 4 (ASM, d=3.6km, v=0m/s) -> threat=101.28

[DECISION] t=215.1s | tracks=4 | weapons=0 available
  track 12 (FIGHTER, d=12.1km, v=300m/s) -> threat=150.78
  track 10 (FIGHTER, d=21.0km, v=300m/s) -> threat=150.75
  track 8 (FIGHTER, d=28.0km, v=300m/s) -> threat=150.74
  track 4 (ASM, d=3.6km, v=0m/s) -> threat=101.28

[DECISION] t=215.3s | tracks=4 | weapons=0 available
  track 12 (FIGHTER, d=12.2km, v=300m/s) -> threat=150.78
  track 10 (FIGHTER, d=21.2km, v=300m/s) -> threat=150.75
  track 8 (FIGHTER, d=28.1km, v=300m/s) -> threat=150.74
  track 4 (ASM, d=3.6km, v=0m/s) -> threat=101.28

[DECISION] t=215.5s | tracks=4 | weapons=0 available
  track 12 (FIGHTER, d=12.2km, v=300m/s) -> threat=150.78
  track 10 (FIGHTER, d=21.2km, v=300m/s) -> threat=150.75
  track 8 (FIGHTER, d=28.1km, v=300m/s) -> threat=150.74
  track 4 (ASM, d=3.6km, v=0m/s) -> threat=101.28

[DECISION] t=215.9s | tracks=4 | weapons=0 available
  track 12 (FIGHTER, d=12.2km, v=300m/s) -> threat=150.78
  track 10 (FIGHTER, d=21.2km, v=300m/s) -> threat=150.75
  track 8 (FIGHTER, d=28.1km, v=300m/s) -> threat=150.74
  track 4 (ASM, d=3.6km, v=0m/s) -> threat=101.28

[DECISION] t=216.1s | tracks=4 | weapons=0 available
  track 12 (FIGHTER, d=12.4km, v=300m/s) -> threat=150.78
  track 10 (FIGHTER, d=21.3km, v=300m/s) -> threat=150.75
  track 8 (FIGHTER, d=28.3km, v=300m/s) -> threat=150.74
  track 4 (ASM, d=3.6km, v=0m/s) -> threat=101.28

[DECISION] t=216.3s | tracks=4 | weapons=0 available
  track 12 (FIGHTER, d=12.5km, v=300m/s) -> threat=150.78
  track 10 (FIGHTER, d=21.5km, v=300m/s) -> threat=150.75
  track 8 (FIGHTER, d=28.4km, v=300m/s) -> threat=150.74
  track 4 (ASM, d=3.6km, v=0m/s) -> threat=101.28

[DECISION] t=216.7s | tracks=4 | weapons=0 available
  track 12 (FIGHTER, d=12.5km, v=300m/s) -> threat=150.78
  track 10 (FIGHTER, d=21.7km, v=300m/s) -> threat=150.75
  track 8 (FIGHTER, d=28.6km, v=300m/s) -> threat=150.73
  track 4 (ASM, d=3.6km, v=0m/s) -> threat=101.28

[DECISION] t=216.9s | tracks=4 | weapons=0 available
  track 12 (FIGHTER, d=12.7km, v=300m/s) -> threat=150.78
  track 10 (FIGHTER, d=21.7km, v=300m/s) -> threat=150.75
  track 8 (FIGHTER, d=28.6km, v=300m/s) -> threat=150.73
  track 4 (ASM, d=3.6km, v=0m/s) -> threat=101.28

[DECISION] t=217.3s | tracks=4 | weapons=0 available
  track 12 (FIGHTER, d=12.7km, v=300m/s) -> threat=150.78
  track 10 (FIGHTER, d=21.7km, v=300m/s) -> threat=150.75
  track 8 (FIGHTER, d=28.6km, v=300m/s) -> threat=150.73
  track 4 (ASM, d=3.6km, v=0m/s) -> threat=101.28

[DECISION] t=217.3s | tracks=4 | weapons=0 available
  track 12 (FIGHTER, d=12.8km, v=300m/s) -> threat=150.78
  track 10 (FIGHTER, d=21.7km, v=300m/s) -> threat=150.75
  track 8 (FIGHTER, d=28.7km, v=300m/s) -> threat=150.73
  track 4 (ASM, d=3.6km, v=0m/s) -> threat=101.28

[DECISION] t=217.5s | tracks=4 | weapons=0 available
  track 12 (FIGHTER, d=12.8km, v=300m/s) -> threat=150.78
  track 10 (FIGHTER, d=21.7km, v=300m/s) -> threat=150.75
  track 8 (FIGHTER, d=28.7km, v=300m/s) -> threat=150.73
  track 4 (ASM, d=3.6km, v=0m/s) -> threat=101.28

[DECISION] t=218.1s | tracks=4 | weapons=0 available
  track 12 (FIGHTER, d=13.0km, v=300m/s) -> threat=150.78
  track 10 (FIGHTER, d=21.9km, v=300m/s) -> threat=150.75
  track 8 (FIGHTER, d=28.9km, v=300m/s) -> threat=150.73
  track 4 (ASM, d=3.6km, v=0m/s) -> threat=101.28

[DECISION] t=218.1s | tracks=4 | weapons=0 available
  track 12 (FIGHTER, d=13.0km, v=300m/s) -> threat=150.78
  track 10 (FIGHTER, d=21.9km, v=300m/s) -> threat=150.75
  track 8 (FIGHTER, d=28.9km, v=300m/s) -> threat=150.73
  track 4 (ASM, d=3.6km, v=0m/s) -> threat=101.28

[DECISION] t=218.3s | tracks=4 | weapons=0 available
  track 12 (FIGHTER, d=13.1km, v=300m/s) -> threat=150.78
  track 10 (FIGHTER, d=22.1km, v=300m/s) -> threat=150.75
  track 8 (FIGHTER, d=29.0km, v=300m/s) -> threat=150.73
  track 4 (ASM, d=3.6km, v=0m/s) -> threat=101.28

[DECISION] t=218.5s | tracks=4 | weapons=0 available
  track 12 (FIGHTER, d=13.1km, v=300m/s) -> threat=150.78
  track 10 (FIGHTER, d=22.1km, v=300m/s) -> threat=150.75
  track 8 (FIGHTER, d=29.0km, v=300m/s) -> threat=150.73
  track 4 (ASM, d=3.6km, v=0m/s) -> threat=101.28

[DECISION] t=218.7s | tracks=4 | weapons=0 available
  track 12 (FIGHTER, d=13.1km, v=300m/s) -> threat=150.78
  track 10 (FIGHTER, d=22.3km, v=300m/s) -> threat=150.74
  track 8 (FIGHTER, d=29.2km, v=300m/s) -> threat=150.73
  track 4 (ASM, d=3.6km, v=0m/s) -> threat=101.28

[DECISION] t=218.9s | tracks=4 | weapons=0 available
  track 12 (FIGHTER, d=13.3km, v=300m/s) -> threat=150.78
  track 10 (FIGHTER, d=22.3km, v=300m/s) -> threat=150.74
  track 8 (FIGHTER, d=29.2km, v=300m/s) -> threat=150.73
  track 4 (ASM, d=3.6km, v=0m/s) -> threat=101.28

[DECISION] t=219.1s | tracks=4 | weapons=0 available
  track 12 (FIGHTER, d=13.3km, v=300m/s) -> threat=150.78
  track 10 (FIGHTER, d=22.3km, v=300m/s) -> threat=150.74
  track 8 (FIGHTER, d=29.2km, v=300m/s) -> threat=150.73
  track 4 (ASM, d=3.6km, v=0m/s) -> threat=101.28

[DECISION] t=219.3s | tracks=4 | weapons=0 available
  track 12 (FIGHTER, d=13.5km, v=300m/s) -> threat=150.77
  track 10 (FIGHTER, d=22.4km, v=300m/s) -> threat=150.74
  track 8 (FIGHTER, d=29.3km, v=300m/s) -> threat=150.73
  track 4 (ASM, d=3.6km, v=0m/s) -> threat=101.28

[DECISION] t=0.0s | tracks=4 | weapons=0 available
  track 12 (FIGHTER, d=13.5km, v=300m/s) -> threat=150.77
  track 10 (FIGHTER, d=22.4km, v=300m/s) -> threat=150.74
  track 8 (FIGHTER, d=29.3km, v=300m/s) -> threat=150.73
  track 4 (ASM, d=3.6km, v=0m/s) -> threat=101.28

[DECISION] t=220.1s | tracks=4 | weapons=0 available
  track 12 (FIGHTER, d=13.5km, v=300m/s) -> threat=150.77
  track 10 (FIGHTER, d=22.5km, v=300m/s) -> threat=150.74
  track 8 (FIGHTER, d=29.5km, v=300m/s) -> threat=150.73
  track 4 (ASM, d=3.6km, v=0m/s) -> threat=101.28

[DECISION] t=220.3s | tracks=4 | weapons=0 available
  track 12 (FIGHTER, d=13.7km, v=300m/s) -> threat=150.77
  track 10 (FIGHTER, d=22.7km, v=300m/s) -> threat=150.74
  track 8 (FIGHTER, d=29.6km, v=300m/s) -> threat=150.73
  track 4 (ASM, d=3.6km, v=0m/s) -> threat=101.28

[DECISION] t=220.7s | tracks=4 | weapons=0 available
  track 12 (FIGHTER, d=13.7km, v=300m/s) -> threat=150.77
  track 10 (FIGHTER, d=22.7km, v=300m/s) -> threat=150.74
  track 8 (FIGHTER, d=29.6km, v=300m/s) -> threat=150.73
  track 4 (ASM, d=3.6km, v=0m/s) -> threat=101.28

[DECISION] t=221.3s | tracks=4 | weapons=0 available
  track 12 (FIGHTER, d=13.9km, v=300m/s) -> threat=150.77
  track 10 (FIGHTER, d=22.8km, v=300m/s) -> threat=150.74
  track 8 (FIGHTER, d=29.8km, v=300m/s) -> threat=150.73
  track 4 (ASM, d=3.6km, v=0m/s) -> threat=101.28

[DECISION] t=221.3s | tracks=4 | weapons=0 available
  track 12 (FIGHTER, d=14.1km, v=300m/s) -> threat=150.77
  track 10 (FIGHTER, d=23.0km, v=300m/s) -> threat=150.74
  track 8 (FIGHTER, d=29.9km, v=300m/s) -> threat=150.73
  track 4 (ASM, d=3.6km, v=0m/s) -> threat=101.28

[DECISION] t=221.9s | tracks=3 | weapons=0 available
  track 12 (FIGHTER, d=14.1km, v=300m/s) -> threat=150.77
  track 10 (FIGHTER, d=23.1km, v=300m/s) -> threat=150.74
  track 4 (ASM, d=3.6km, v=0m/s) -> threat=101.28

[DECISION] t=222.3s | tracks=3 | weapons=0 available
  track 12 (FIGHTER, d=14.1km, v=300m/s) -> threat=150.77
  track 10 (FIGHTER, d=23.1km, v=300m/s) -> threat=150.74
  track 4 (ASM, d=3.6km, v=0m/s) -> threat=101.28
  [KILLED] 00:03:26.2 WEAPON_HIT radar1 asm1 radar1_aim120_sim_4_1 Engagement: 4 Start_Time: 00:03:17.0   Intercept_Pk: 1 Pk_Degrad
  [KILLED] 00:03:26.2 WEAPON_TERMINATED radar1 asm1 radar1_aim120_sim_4_1 Engagement: 4 Start_Time: 00:03:17.0   Intercept_Pk: 1 Pk
  [KILLED] 00:03:28.1 WEAPON_HIT radar1 asm2 radar1_aim120_sim_5_1 Engagement: 5 Start_Time: 00:03:17.0   Intercept_Pk: 1 Pk_Degrad
  [KILL_FEEDBACK] track 2 (asm2) marked killed via EVT
  [KILLED] 00:03:28.1 WEAPON_TERMINATED radar1 asm2 radar1_aim120_sim_5_1 Engagement: 5 Start_Time: 00:03:17.0   Intercept_Pk: 1 Pk

[DECISION] t=222.9s | tracks=3 | weapons=0 available
  track 12 (FIGHTER, d=14.3km, v=300m/s) -> threat=150.77
  track 10 (FIGHTER, d=23.3km, v=300m/s) -> threat=150.74
  track 4 (ASM, d=3.6km, v=0m/s) -> threat=101.28

[DECISION] t=223.3s | tracks=3 | weapons=0 available
  track 12 (FIGHTER, d=14.5km, v=300m/s) -> threat=150.77
  track 10 (FIGHTER, d=23.4km, v=300m/s) -> threat=150.74
  track 4 (ASM, d=3.6km, v=0m/s) -> threat=101.28

[DECISION] t=223.3s | tracks=3 | weapons=0 available
  track 12 (FIGHTER, d=14.6km, v=300m/s) -> threat=150.77
  track 10 (FIGHTER, d=23.6km, v=300m/s) -> threat=150.74
  track 4 (ASM, d=3.6km, v=0m/s) -> threat=101.28

[DECISION] t=223.5s | tracks=3 | weapons=0 available
  track 12 (FIGHTER, d=14.6km, v=300m/s) -> threat=150.77
  track 10 (FIGHTER, d=23.6km, v=300m/s) -> threat=150.74
  track 4 (ASM, d=3.6km, v=0m/s) -> threat=101.28

[DECISION] t=223.7s | tracks=3 | weapons=0 available
  track 12 (FIGHTER, d=14.6km, v=300m/s) -> threat=150.77
  track 10 (FIGHTER, d=23.8km, v=300m/s) -> threat=150.74
  track 4 (ASM, d=3.6km, v=0m/s) -> threat=101.28

[DECISION] t=224.1s | tracks=3 | weapons=0 available
  track 12 (FIGHTER, d=14.8km, v=300m/s) -> threat=150.77
  track 10 (FIGHTER, d=23.8km, v=300m/s) -> threat=150.74
  track 4 (ASM, d=3.6km, v=0m/s) -> threat=101.28

[DECISION] t=224.3s | tracks=3 | weapons=0 available
  track 12 (FIGHTER, d=14.9km, v=300m/s) -> threat=150.77
  track 10 (FIGHTER, d=23.8km, v=300m/s) -> threat=150.74
  track 4 (ASM, d=3.6km, v=0m/s) -> threat=101.28

[DECISION] t=224.7s | tracks=3 | weapons=0 available
  track 12 (FIGHTER, d=14.9km, v=300m/s) -> threat=150.77
  track 10 (FIGHTER, d=23.8km, v=300m/s) -> threat=150.74
  track 4 (ASM, d=3.6km, v=0m/s) -> threat=101.28

[DECISION] t=224.9s | tracks=3 | weapons=0 available
  track 12 (FIGHTER, d=15.1km, v=300m/s) -> threat=150.77
  track 10 (FIGHTER, d=24.0km, v=300m/s) -> threat=150.74
  track 4 (ASM, d=3.6km, v=0m/s) -> threat=101.28

[DECISION] t=225.3s | tracks=3 | weapons=0 available
  track 12 (FIGHTER, d=15.1km, v=300m/s) -> threat=150.77
  track 10 (FIGHTER, d=24.0km, v=300m/s) -> threat=150.74
  track 4 (ASM, d=3.6km, v=0m/s) -> threat=101.28

[DECISION] t=225.5s | tracks=3 | weapons=0 available
  track 12 (FIGHTER, d=15.2km, v=300m/s) -> threat=150.77
  track 10 (FIGHTER, d=24.2km, v=300m/s) -> threat=150.74
  track 4 (ASM, d=3.6km, v=0m/s) -> threat=101.28

[DECISION] t=225.7s | tracks=3 | weapons=0 available
  track 12 (FIGHTER, d=15.2km, v=300m/s) -> threat=150.77
  track 10 (FIGHTER, d=24.4km, v=300m/s) -> threat=150.74
  track 4 (ASM, d=3.6km, v=0m/s) -> threat=101.28

[DECISION] t=226.1s | tracks=3 | weapons=0 available
  track 12 (FIGHTER, d=15.4km, v=300m/s) -> threat=150.77
  track 10 (FIGHTER, d=24.4km, v=300m/s) -> threat=150.74
  track 4 (ASM, d=3.6km, v=0m/s) -> threat=101.28

[DECISION] t=226.3s | tracks=3 | weapons=0 available
  track 12 (FIGHTER, d=15.6km, v=300m/s) -> threat=150.76
  track 10 (FIGHTER, d=24.5km, v=300m/s) -> threat=150.74
  track 4 (ASM, d=3.6km, v=0m/s) -> threat=101.28

[DECISION] t=226.5s | tracks=3 | weapons=0 available
  track 12 (FIGHTER, d=15.6km, v=300m/s) -> threat=150.76
  track 10 (FIGHTER, d=24.5km, v=300m/s) -> threat=150.74
  track 4 (ASM, d=3.6km, v=0m/s) -> threat=101.28

[DECISION] t=226.9s | tracks=3 | weapons=0 available
  track 12 (FIGHTER, d=15.6km, v=300m/s) -> threat=150.76
  track 10 (FIGHTER, d=24.6km, v=300m/s) -> threat=150.74
  track 4 (ASM, d=3.6km, v=0m/s) -> threat=101.28

[DECISION] t=226.9s | tracks=3 | weapons=0 available
  track 12 (FIGHTER, d=15.6km, v=300m/s) -> threat=150.76
  track 10 (FIGHTER, d=24.6km, v=300m/s) -> threat=150.74
  track 4 (ASM, d=3.6km, v=0m/s) -> threat=101.28

[DECISION] t=227.3s | tracks=3 | weapons=0 available
  track 12 (FIGHTER, d=15.8km, v=300m/s) -> threat=150.76
  track 10 (FIGHTER, d=24.8km, v=300m/s) -> threat=150.74
  track 4 (ASM, d=3.6km, v=0m/s) -> threat=101.28

[DECISION] t=227.7s | tracks=3 | weapons=0 available
  track 12 (FIGHTER, d=15.8km, v=300m/s) -> threat=150.76
  track 10 (FIGHTER, d=24.8km, v=300m/s) -> threat=150.74
  track 4 (ASM, d=3.6km, v=0m/s) -> threat=101.28

[DECISION] t=227.9s | tracks=3 | weapons=0 available
  track 12 (FIGHTER, d=16.0km, v=300m/s) -> threat=150.76
  track 10 (FIGHTER, d=24.9km, v=300m/s) -> threat=150.74
  track 4 (ASM, d=3.6km, v=0m/s) -> threat=101.28

[DECISION] t=228.1s | tracks=3 | weapons=0 available
  track 12 (FIGHTER, d=16.0km, v=300m/s) -> threat=150.76
  track 10 (FIGHTER, d=24.9km, v=300m/s) -> threat=150.74
  track 4 (ASM, d=3.6km, v=0m/s) -> threat=101.28

[DECISION] t=228.3s | tracks=3 | weapons=0 available
  track 12 (FIGHTER, d=16.2km, v=300m/s) -> threat=150.76
  track 10 (FIGHTER, d=25.1km, v=300m/s) -> threat=150.74
  track 4 (ASM, d=3.6km, v=0m/s) -> threat=101.28

[DECISION] t=0.0s | tracks=3 | weapons=0 available
  track 12 (FIGHTER, d=16.2km, v=300m/s) -> threat=150.76
  track 10 (FIGHTER, d=25.2km, v=300m/s) -> threat=150.74
  track 4 (ASM, d=3.6km, v=0m/s) -> threat=101.28

[DECISION] t=228.9s | tracks=3 | weapons=0 available
  track 12 (FIGHTER, d=16.3km, v=300m/s) -> threat=150.76
  track 10 (FIGHTER, d=25.2km, v=300m/s) -> threat=150.74
  track 4 (ASM, d=3.6km, v=0m/s) -> threat=101.28

[DECISION] t=229.1s | tracks=3 | weapons=0 available
  track 12 (FIGHTER, d=16.3km, v=300m/s) -> threat=150.76
  track 10 (FIGHTER, d=25.2km, v=300m/s) -> threat=150.74
  track 4 (ASM, d=3.6km, v=0m/s) -> threat=101.28

[DECISION] t=229.3s | tracks=3 | weapons=0 available
  track 12 (FIGHTER, d=16.4km, v=300m/s) -> threat=150.76
  track 10 (FIGHTER, d=25.4km, v=300m/s) -> threat=150.74
  track 4 (ASM, d=3.6km, v=0m/s) -> threat=101.28

[DECISION] t=229.7s | tracks=3 | weapons=0 available
  track 12 (FIGHTER, d=16.4km, v=300m/s) -> threat=150.76
  track 10 (FIGHTER, d=25.5km, v=300m/s) -> threat=150.74
  track 4 (ASM, d=3.6km, v=0m/s) -> threat=101.28

[DECISION] t=229.9s | tracks=3 | weapons=0 available
  track 12 (FIGHTER, d=16.6km, v=300m/s) -> threat=150.76
  track 10 (FIGHTER, d=25.5km, v=300m/s) -> threat=150.74
  track 4 (ASM, d=3.6km, v=0m/s) -> threat=101.28
  [KILLED] 00:03:26.2 WEAPON_HIT radar1 asm1 radar1_aim120_sim_4_1 Engagement: 4 Start_Time: 00:03:17.0   Intercept_Pk: 1 Pk_Degrad
  [KILLED] 00:03:26.2 WEAPON_TERMINATED radar1 asm1 radar1_aim120_sim_4_1 Engagement: 4 Start_Time: 00:03:17.0   Intercept_Pk: 1 Pk
  [KILLED] 00:03:28.1 WEAPON_HIT radar1 asm2 radar1_aim120_sim_5_1 Engagement: 5 Start_Time: 00:03:17.0   Intercept_Pk: 1 Pk_Degrad
  [KILL_FEEDBACK] track 2 (asm2) marked killed via EVT
  [KILLED] 00:03:28.1 WEAPON_TERMINATED radar1 asm2 radar1_aim120_sim_5_1 Engagement: 5 Start_Time: 00:03:17.0   Intercept_Pk: 1 Pk

[DECISION] t=230.1s | tracks=3 | weapons=0 available
  track 12 (FIGHTER, d=16.6km, v=300m/s) -> threat=150.76
  track 10 (FIGHTER, d=25.5km, v=300m/s) -> threat=150.74
  track 4 (ASM, d=3.6km, v=0m/s) -> threat=101.28

[DECISION] t=0.0s | tracks=3 | weapons=0 available
  track 12 (FIGHTER, d=16.7km, v=300m/s) -> threat=150.76
  track 10 (FIGHTER, d=25.7km, v=300m/s) -> threat=150.74
  track 4 (ASM, d=3.6km, v=0m/s) -> threat=101.28

[DECISION] t=230.7s | tracks=3 | weapons=0 available
  track 12 (FIGHTER, d=16.7km, v=300m/s) -> threat=150.76
  track 10 (FIGHTER, d=25.7km, v=300m/s) -> threat=150.74
  track 4 (ASM, d=3.6km, v=0m/s) -> threat=101.28

[DECISION] t=230.9s | tracks=3 | weapons=0 available
  track 12 (FIGHTER, d=16.9km, v=300m/s) -> threat=150.76
  track 10 (FIGHTER, d=25.9km, v=300m/s) -> threat=150.74
  track 4 (ASM, d=3.6km, v=0m/s) -> threat=101.28

[DECISION] t=231.1s | tracks=3 | weapons=0 available
  track 12 (FIGHTER, d=16.9km, v=300m/s) -> threat=150.76
  track 10 (FIGHTER, d=25.9km, v=300m/s) -> threat=150.74
  track 4 (ASM, d=3.6km, v=0m/s) -> threat=101.28

[DECISION] t=231.5s | tracks=3 | weapons=0 available
  track 12 (FIGHTER, d=16.9km, v=300m/s) -> threat=150.76
  track 10 (FIGHTER, d=25.9km, v=300m/s) -> threat=150.74
  track 4 (ASM, d=3.6km, v=0m/s) -> threat=101.28

[DECISION] t=231.7s | tracks=3 | weapons=0 available
  track 12 (FIGHTER, d=17.0km, v=300m/s) -> threat=150.76
  track 10 (FIGHTER, d=26.1km, v=300m/s) -> threat=150.74
  track 4 (ASM, d=3.6km, v=0m/s) -> threat=101.28

[DECISION] t=231.9s | tracks=3 | weapons=0 available
  track 12 (FIGHTER, d=17.1km, v=300m/s) -> threat=150.76
  track 10 (FIGHTER, d=26.1km, v=300m/s) -> threat=150.74
  track 4 (ASM, d=3.6km, v=0m/s) -> threat=101.28

[DECISION] t=232.1s | tracks=3 | weapons=0 available
  track 12 (FIGHTER, d=17.1km, v=300m/s) -> threat=150.76
  track 10 (FIGHTER, d=26.1km, v=300m/s) -> threat=150.74
  track 4 (ASM, d=3.6km, v=0m/s) -> threat=101.28

[DECISION] t=232.5s | tracks=3 | weapons=0 available
  track 12 (FIGHTER, d=17.1km, v=300m/s) -> threat=150.76
  track 10 (FIGHTER, d=26.1km, v=300m/s) -> threat=150.74
  track 4 (ASM, d=3.6km, v=0m/s) -> threat=101.28

[DECISION] t=232.9s | tracks=3 | weapons=0 available
  track 12 (FIGHTER, d=17.5km, v=300m/s) -> threat=150.76
  track 10 (FIGHTER, d=26.4km, v=300m/s) -> threat=150.74
  track 4 (ASM, d=3.6km, v=0m/s) -> threat=101.28

[DECISION] t=0.0s | tracks=3 | weapons=0 available
  track 12 (FIGHTER, d=17.5km, v=300m/s) -> threat=150.76
  track 10 (FIGHTER, d=26.4km, v=300m/s) -> threat=150.74
  track 4 (ASM, d=3.6km, v=0m/s) -> threat=101.28

[DECISION] t=233.3s | tracks=3 | weapons=0 available
  track 12 (FIGHTER, d=17.7km, v=300m/s) -> threat=150.76
  track 10 (FIGHTER, d=26.6km, v=300m/s) -> threat=150.74
  track 4 (ASM, d=3.6km, v=0m/s) -> threat=101.28

[DECISION] t=233.5s | tracks=3 | weapons=0 available
  track 12 (FIGHTER, d=17.7km, v=300m/s) -> threat=150.76
  track 10 (FIGHTER, d=26.6km, v=300m/s) -> threat=150.74
  track 4 (ASM, d=3.6km, v=0m/s) -> threat=101.28

[DECISION] t=233.9s | tracks=3 | weapons=0 available
  track 12 (FIGHTER, d=17.7km, v=300m/s) -> threat=150.76
  track 10 (FIGHTER, d=26.7km, v=300m/s) -> threat=150.74
  track 4 (ASM, d=3.6km, v=0m/s) -> threat=101.28

[DECISION] t=234.1s | tracks=3 | weapons=0 available
  track 12 (FIGHTER, d=17.7km, v=300m/s) -> threat=150.76
  track 10 (FIGHTER, d=26.7km, v=300m/s) -> threat=150.74
  track 4 (ASM, d=3.6km, v=0m/s) -> threat=101.28

[DECISION] t=234.3s | tracks=3 | weapons=0 available
  track 12 (FIGHTER, d=17.9km, v=300m/s) -> threat=150.76
  track 10 (FIGHTER, d=26.9km, v=300m/s) -> threat=150.74
  track 4 (ASM, d=3.6km, v=0m/s) -> threat=101.28

[DECISION] t=234.5s | tracks=3 | weapons=0 available
  track 12 (FIGHTER, d=17.9km, v=300m/s) -> threat=150.76
  track 10 (FIGHTER, d=26.9km, v=300m/s) -> threat=150.74
  track 4 (ASM, d=3.6km, v=0m/s) -> threat=101.28

[DECISION] t=234.5s | tracks=3 | weapons=0 available
  track 12 (FIGHTER, d=17.9km, v=300m/s) -> threat=150.76
  track 10 (FIGHTER, d=26.9km, v=300m/s) -> threat=150.74
  track 4 (ASM, d=3.6km, v=0m/s) -> threat=101.28

[DECISION] t=234.7s | tracks=3 | weapons=0 available
  track 12 (FIGHTER, d=17.9km, v=300m/s) -> threat=150.76
  track 10 (FIGHTER, d=27.0km, v=300m/s) -> threat=150.74
  track 4 (ASM, d=3.6km, v=0m/s) -> threat=101.28

[DECISION] t=235.1s | tracks=3 | weapons=0 available
  track 12 (FIGHTER, d=18.1km, v=300m/s) -> threat=150.76
  track 10 (FIGHTER, d=27.0km, v=300m/s) -> threat=150.74
  track 4 (ASM, d=3.6km, v=0m/s) -> threat=101.28

[DECISION] t=235.3s | tracks=3 | weapons=0 available
  track 12 (FIGHTER, d=18.2km, v=300m/s) -> threat=150.76
  track 10 (FIGHTER, d=27.2km, v=300m/s) -> threat=150.74
  track 4 (ASM, d=3.6km, v=0m/s) -> threat=101.28

[DECISION] t=235.5s | tracks=3 | weapons=0 available
  track 12 (FIGHTER, d=18.2km, v=300m/s) -> threat=150.76
  track 10 (FIGHTER, d=27.2km, v=300m/s) -> threat=150.74
  track 4 (ASM, d=3.6km, v=0m/s) -> threat=101.28

[DECISION] t=235.7s | tracks=3 | weapons=0 available
  track 12 (FIGHTER, d=18.2km, v=300m/s) -> threat=150.76
  track 10 (FIGHTER, d=27.3km, v=300m/s) -> threat=150.74
  track 4 (ASM, d=3.6km, v=0m/s) -> threat=101.28

[DECISION] t=235.9s | tracks=3 | weapons=0 available
  track 12 (FIGHTER, d=18.4km, v=300m/s) -> threat=150.75
  track 10 (FIGHTER, d=27.3km, v=300m/s) -> threat=150.74
  track 4 (ASM, d=3.6km, v=0m/s) -> threat=101.28

[DECISION] t=236.3s | tracks=3 | weapons=0 available
  track 12 (FIGHTER, d=18.5km, v=300m/s) -> threat=150.75
  track 10 (FIGHTER, d=27.4km, v=300m/s) -> threat=150.74
  track 4 (ASM, d=3.6km, v=0m/s) -> threat=101.28

[DECISION] t=236.5s | tracks=3 | weapons=0 available
  track 12 (FIGHTER, d=18.5km, v=300m/s) -> threat=150.75
  track 10 (FIGHTER, d=27.4km, v=300m/s) -> threat=150.74
  track 4 (ASM, d=3.6km, v=0m/s) -> threat=101.28

[DECISION] t=236.9s | tracks=3 | weapons=0 available
  track 12 (FIGHTER, d=18.7km, v=300m/s) -> threat=150.75
  track 10 (FIGHTER, d=27.6km, v=300m/s) -> threat=150.74
  track 4 (ASM, d=3.6km, v=0m/s) -> threat=101.28

[DECISION] t=237.1s | tracks=3 | weapons=0 available
  track 12 (FIGHTER, d=18.7km, v=300m/s) -> threat=150.75
  track 10 (FIGHTER, d=27.6km, v=300m/s) -> threat=150.74
  track 4 (ASM, d=3.6km, v=0m/s) -> threat=101.28

[DECISION] t=237.3s | tracks=3 | weapons=0 available
  track 12 (FIGHTER, d=18.8km, v=300m/s) -> threat=150.75
  track 10 (FIGHTER, d=27.8km, v=300m/s) -> threat=150.74
  track 4 (ASM, d=3.6km, v=0m/s) -> threat=101.28
  [KILLED] 00:03:26.2 WEAPON_HIT radar1 asm1 radar1_aim120_sim_4_1 Engagement: 4 Start_Time: 00:03:17.0   Intercept_Pk: 1 Pk_Degrad
  [KILLED] 00:03:26.2 WEAPON_TERMINATED radar1 asm1 radar1_aim120_sim_4_1 Engagement: 4 Start_Time: 00:03:17.0   Intercept_Pk: 1 Pk
  [KILLED] 00:03:28.1 WEAPON_HIT radar1 asm2 radar1_aim120_sim_5_1 Engagement: 5 Start_Time: 00:03:17.0   Intercept_Pk: 1 Pk_Degrad
  [KILL_FEEDBACK] track 2 (asm2) marked killed via EVT
  [KILLED] 00:03:28.1 WEAPON_TERMINATED radar1 asm2 radar1_aim120_sim_5_1 Engagement: 5 Start_Time: 00:03:17.0   Intercept_Pk: 1 Pk

[DECISION] t=237.7s | tracks=3 | weapons=0 available
  track 12 (FIGHTER, d=18.8km, v=300m/s) -> threat=150.75
  track 10 (FIGHTER, d=27.8km, v=300m/s) -> threat=150.74
  track 4 (ASM, d=3.6km, v=0m/s) -> threat=101.28

[DECISION] t=237.9s | tracks=3 | weapons=0 available
  track 12 (FIGHTER, d=19.0km, v=300m/s) -> threat=150.75
  track 10 (FIGHTER, d=28.0km, v=300m/s) -> threat=150.74
  track 4 (ASM, d=3.6km, v=0m/s) -> threat=101.28

[DECISION] t=238.3s | tracks=3 | weapons=0 available
  track 12 (FIGHTER, d=19.0km, v=300m/s) -> threat=150.75
  track 10 (FIGHTER, d=28.0km, v=300m/s) -> threat=150.74
  track 4 (ASM, d=3.6km, v=0m/s) -> threat=101.28

[DECISION] t=238.5s | tracks=3 | weapons=0 available
  track 12 (FIGHTER, d=19.1km, v=300m/s) -> threat=150.75
  track 10 (FIGHTER, d=28.0km, v=300m/s) -> threat=150.74
  track 4 (ASM, d=3.6km, v=0m/s) -> threat=101.28

[DECISION] t=238.9s | tracks=3 | weapons=0 available
  track 12 (FIGHTER, d=19.1km, v=300m/s) -> threat=150.75
  track 10 (FIGHTER, d=28.2km, v=300m/s) -> threat=150.74
  track 4 (ASM, d=3.6km, v=0m/s) -> threat=101.28

[DECISION] t=239.3s | tracks=3 | weapons=0 available
  track 12 (FIGHTER, d=19.2km, v=300m/s) -> threat=150.75
  track 10 (FIGHTER, d=28.2km, v=300m/s) -> threat=150.74
  track 4 (ASM, d=3.6km, v=0m/s) -> threat=101.28

[DECISION] t=239.7s | tracks=3 | weapons=0 available
  track 12 (FIGHTER, d=19.2km, v=300m/s) -> threat=150.75
  track 10 (FIGHTER, d=28.2km, v=300m/s) -> threat=150.74
  track 4 (ASM, d=3.6km, v=0m/s) -> threat=101.28

[DECISION] t=239.9s | tracks=3 | weapons=0 available
  track 12 (FIGHTER, d=19.6km, v=300m/s) -> threat=150.75
  track 10 (FIGHTER, d=28.5km, v=300m/s) -> threat=150.74
  track 4 (ASM, d=3.6km, v=0m/s) -> threat=101.28

[DECISION] t=240.3s | tracks=3 | weapons=0 available
  track 12 (FIGHTER, d=19.6km, v=300m/s) -> threat=150.75
  track 10 (FIGHTER, d=28.5km, v=300m/s) -> threat=150.74
  track 4 (ASM, d=3.6km, v=0m/s) -> threat=101.28

[DECISION] t=240.9s | tracks=3 | weapons=0 available
  track 12 (FIGHTER, d=19.8km, v=300m/s) -> threat=150.75
  track 10 (FIGHTER, d=28.7km, v=300m/s) -> threat=150.73
  track 4 (ASM, d=3.6km, v=0m/s) -> threat=101.28

[DECISION] t=0.0s | tracks=3 | weapons=0 available
  track 12 (FIGHTER, d=19.8km, v=300m/s) -> threat=150.75
  track 10 (FIGHTER, d=28.8km, v=300m/s) -> threat=150.73
  track 4 (ASM, d=3.6km, v=0m/s) -> threat=101.28

[DECISION] t=241.1s | tracks=3 | weapons=0 available
  track 12 (FIGHTER, d=19.8km, v=300m/s) -> threat=150.75
  track 10 (FIGHTER, d=28.8km, v=300m/s) -> threat=150.73
  track 4 (ASM, d=3.6km, v=0m/s) -> threat=101.28

[DECISION] t=241.3s | tracks=3 | weapons=0 available
  track 12 (FIGHTER, d=20.0km, v=300m/s) -> threat=150.75
  track 10 (FIGHTER, d=29.0km, v=300m/s) -> threat=150.73
  track 4 (ASM, d=3.6km, v=0m/s) -> threat=101.28

[DECISION] t=241.9s | tracks=3 | weapons=0 available
  track 12 (FIGHTER, d=20.2km, v=300m/s) -> threat=150.75
  track 10 (FIGHTER, d=29.1km, v=300m/s) -> threat=150.73
  track 4 (ASM, d=3.6km, v=0m/s) -> threat=101.28

[DECISION] t=242.3s | tracks=3 | weapons=0 available
  track 12 (FIGHTER, d=20.3km, v=300m/s) -> threat=150.75
  track 10 (FIGHTER, d=29.3km, v=300m/s) -> threat=150.73
  track 4 (ASM, d=3.6km, v=0m/s) -> threat=101.28

[DECISION] t=242.7s | tracks=3 | weapons=0 available
  track 12 (FIGHTER, d=20.3km, v=300m/s) -> threat=150.75
  track 10 (FIGHTER, d=29.3km, v=300m/s) -> threat=150.73
  track 4 (ASM, d=3.6km, v=0m/s) -> threat=101.28

[DECISION] t=242.9s | tracks=3 | weapons=0 available
  track 12 (FIGHTER, d=20.5km, v=300m/s) -> threat=150.75
  track 10 (FIGHTER, d=29.4km, v=300m/s) -> threat=150.73
  track 4 (ASM, d=3.6km, v=0m/s) -> threat=101.28

[DECISION] t=243.3s | tracks=3 | weapons=0 available
  track 12 (FIGHTER, d=20.5km, v=300m/s) -> threat=150.75
  track 10 (FIGHTER, d=29.4km, v=300m/s) -> threat=150.73
  track 4 (ASM, d=3.6km, v=0m/s) -> threat=101.28

[DECISION] t=243.3s | tracks=3 | weapons=0 available
  track 12 (FIGHTER, d=20.6km, v=300m/s) -> threat=150.75
  track 10 (FIGHTER, d=29.5km, v=300m/s) -> threat=150.73
  track 4 (ASM, d=3.6km, v=0m/s) -> threat=101.28

[DECISION] t=243.5s | tracks=3 | weapons=0 available
  track 12 (FIGHTER, d=20.6km, v=300m/s) -> threat=150.75
  track 10 (FIGHTER, d=29.5km, v=300m/s) -> threat=150.73
  track 4 (ASM, d=3.6km, v=0m/s) -> threat=101.28

[DECISION] t=243.7s | tracks=3 | weapons=0 available
  track 12 (FIGHTER, d=20.6km, v=300m/s) -> threat=150.75
  track 10 (FIGHTER, d=29.7km, v=300m/s) -> threat=150.73
  track 4 (ASM, d=3.6km, v=0m/s) -> threat=101.28

[DECISION] t=244.1s | tracks=3 | weapons=0 available
  track 12 (FIGHTER, d=20.7km, v=300m/s) -> threat=150.75
  track 10 (FIGHTER, d=29.7km, v=300m/s) -> threat=150.73
  track 4 (ASM, d=3.6km, v=0m/s) -> threat=101.28

[DECISION] t=244.3s | tracks=3 | weapons=0 available
  track 12 (FIGHTER, d=20.9km, v=300m/s) -> threat=150.75
  track 10 (FIGHTER, d=29.9km, v=300m/s) -> threat=150.73
  track 4 (ASM, d=3.6km, v=0m/s) -> threat=101.28

[DECISION] t=244.5s | tracks=3 | weapons=0 available
  track 12 (FIGHTER, d=20.9km, v=300m/s) -> threat=150.75
  track 10 (FIGHTER, d=29.9km, v=300m/s) -> threat=150.73
  track 4 (ASM, d=3.6km, v=0m/s) -> threat=101.28
  [KILLED] 00:03:26.2 WEAPON_HIT radar1 asm1 radar1_aim120_sim_4_1 Engagement: 4 Start_Time: 00:03:17.0   Intercept_Pk: 1 Pk_Degrad
  [KILLED] 00:03:26.2 WEAPON_TERMINATED radar1 asm1 radar1_aim120_sim_4_1 Engagement: 4 Start_Time: 00:03:17.0   Intercept_Pk: 1 Pk
  [KILLED] 00:03:28.1 WEAPON_HIT radar1 asm2 radar1_aim120_sim_5_1 Engagement: 5 Start_Time: 00:03:17.0   Intercept_Pk: 1 Pk_Degrad
  [KILL_FEEDBACK] track 2 (asm2) marked killed via EVT
  [KILLED] 00:03:28.1 WEAPON_TERMINATED radar1 asm2 radar1_aim120_sim_5_1 Engagement: 5 Start_Time: 00:03:17.0   Intercept_Pk: 1 Pk

[DECISION] t=244.9s | tracks=3 | weapons=0 available
  track 12 (FIGHTER, d=20.9km, v=300m/s) -> threat=150.75
  track 10 (FIGHTER, d=30.0km, v=300m/s) -> threat=150.73
  track 4 (ASM, d=3.6km, v=0m/s) -> threat=101.28

[DECISION] t=245.3s | tracks=3 | weapons=0 available
  track 12 (FIGHTER, d=20.9km, v=300m/s) -> threat=150.75
  track 10 (FIGHTER, d=30.0km, v=300m/s) -> threat=150.73
  track 4 (ASM, d=3.6km, v=0m/s) -> threat=101.28

[DECISION] t=245.5s | tracks=2 | weapons=0 available
  track 12 (FIGHTER, d=21.2km, v=300m/s) -> threat=150.75
  track 4 (ASM, d=3.6km, v=0m/s) -> threat=101.28

[DECISION] t=245.7s | tracks=2 | weapons=0 available
  track 12 (FIGHTER, d=21.2km, v=300m/s) -> threat=150.75
  track 4 (ASM, d=3.6km, v=0m/s) -> threat=101.28

[DECISION] t=245.9s | tracks=2 | weapons=0 available
  track 12 (FIGHTER, d=21.3km, v=300m/s) -> threat=150.75
  track 4 (ASM, d=3.6km, v=0m/s) -> threat=101.28

[DECISION] t=246.1s | tracks=2 | weapons=0 available
  track 12 (FIGHTER, d=21.3km, v=300m/s) -> threat=150.75
  track 4 (ASM, d=3.6km, v=0m/s) -> threat=101.28

[DECISION] t=246.3s | tracks=2 | weapons=0 available
  track 12 (FIGHTER, d=21.5km, v=300m/s) -> threat=150.75
  track 4 (ASM, d=3.6km, v=0m/s) -> threat=101.28

[DECISION] t=246.5s | tracks=2 | weapons=0 available
  track 12 (FIGHTER, d=21.5km, v=300m/s) -> threat=150.75
  track 4 (ASM, d=3.6km, v=0m/s) -> threat=101.28

[DECISION] t=246.7s | tracks=2 | weapons=0 available
  track 12 (FIGHTER, d=21.5km, v=300m/s) -> threat=150.75
  track 4 (ASM, d=3.6km, v=0m/s) -> threat=101.28

[DECISION] t=246.9s | tracks=2 | weapons=0 available
  track 12 (FIGHTER, d=21.7km, v=300m/s) -> threat=150.75
  track 4 (ASM, d=3.6km, v=0m/s) -> threat=101.28

[DECISION] t=247.1s | tracks=2 | weapons=0 available
  track 12 (FIGHTER, d=21.7km, v=300m/s) -> threat=150.75
  track 4 (ASM, d=3.6km, v=0m/s) -> threat=101.28

[DECISION] t=247.3s | tracks=2 | weapons=0 available
  track 12 (FIGHTER, d=21.8km, v=300m/s) -> threat=150.75
  track 4 (ASM, d=3.6km, v=0m/s) -> threat=101.28

[DECISION] t=247.5s | tracks=2 | weapons=0 available
  track 12 (FIGHTER, d=21.8km, v=300m/s) -> threat=150.75
  track 4 (ASM, d=3.6km, v=0m/s) -> threat=101.28

[DECISION] t=247.9s | tracks=2 | weapons=0 available
  track 12 (FIGHTER, d=21.9km, v=300m/s) -> threat=150.75
  track 4 (ASM, d=3.6km, v=0m/s) -> threat=101.28

[DECISION] t=248.3s | tracks=2 | weapons=0 available
  track 12 (FIGHTER, d=21.9km, v=300m/s) -> threat=150.75
  track 4 (ASM, d=3.6km, v=0m/s) -> threat=101.28

[DECISION] t=248.5s | tracks=2 | weapons=0 available
  track 12 (FIGHTER, d=22.1km, v=300m/s) -> threat=150.75
  track 4 (ASM, d=3.6km, v=0m/s) -> threat=101.28

[DECISION] t=248.7s | tracks=2 | weapons=0 available
  track 12 (FIGHTER, d=22.1km, v=300m/s) -> threat=150.75
  track 4 (ASM, d=3.6km, v=0m/s) -> threat=101.28

[DECISION] t=248.9s | tracks=2 | weapons=0 available
  track 12 (FIGHTER, d=22.3km, v=300m/s) -> threat=150.74
  track 4 (ASM, d=3.6km, v=0m/s) -> threat=101.28

[DECISION] t=249.5s | tracks=2 | weapons=0 available
  track 12 (FIGHTER, d=22.4km, v=300m/s) -> threat=150.74
  track 4 (ASM, d=3.6km, v=0m/s) -> threat=101.28

[DECISION] t=249.7s | tracks=2 | weapons=0 available
  track 12 (FIGHTER, d=22.4km, v=300m/s) -> threat=150.74
  track 4 (ASM, d=3.6km, v=0m/s) -> threat=101.28

[DECISION] t=250.1s | tracks=2 | weapons=0 available
  track 12 (FIGHTER, d=22.6km, v=300m/s) -> threat=150.74
  track 4 (ASM, d=3.6km, v=0m/s) -> threat=101.28

[DECISION] t=250.3s | tracks=2 | weapons=0 available
  track 12 (FIGHTER, d=22.7km, v=300m/s) -> threat=150.74
  track 4 (ASM, d=3.6km, v=0m/s) -> threat=101.28

[DECISION] t=250.5s | tracks=2 | weapons=0 available
  track 12 (FIGHTER, d=22.7km, v=300m/s) -> threat=150.74
  track 4 (ASM, d=3.6km, v=0m/s) -> threat=101.28

[DECISION] t=251.1s | tracks=2 | weapons=0 available
  track 12 (FIGHTER, d=22.8km, v=300m/s) -> threat=150.74
  track 4 (ASM, d=3.6km, v=0m/s) -> threat=101.28

[DECISION] t=251.5s | tracks=2 | weapons=0 available
  track 12 (FIGHTER, d=23.0km, v=300m/s) -> threat=150.74
  track 4 (ASM, d=3.6km, v=0m/s) -> threat=101.28

[DECISION] t=251.5s | tracks=2 | weapons=0 available
  track 12 (FIGHTER, d=23.0km, v=300m/s) -> threat=150.74
  track 4 (ASM, d=3.6km, v=0m/s) -> threat=101.28

[DECISION] t=251.7s | tracks=2 | weapons=0 available
  track 12 (FIGHTER, d=23.0km, v=300m/s) -> threat=150.74
  track 4 (ASM, d=3.6km, v=0m/s) -> threat=101.28

[DECISION] t=251.9s | tracks=2 | weapons=0 available
  track 12 (FIGHTER, d=23.2km, v=300m/s) -> threat=150.74
  track 4 (ASM, d=3.6km, v=0m/s) -> threat=101.28
  [KILLED] 00:03:26.2 WEAPON_HIT radar1 asm1 radar1_aim120_sim_4_1 Engagement: 4 Start_Time: 00:03:17.0   Intercept_Pk: 1 Pk_Degrad
  [KILLED] 00:03:26.2 WEAPON_TERMINATED radar1 asm1 radar1_aim120_sim_4_1 Engagement: 4 Start_Time: 00:03:17.0   Intercept_Pk: 1 Pk
  [KILLED] 00:03:28.1 WEAPON_HIT radar1 asm2 radar1_aim120_sim_5_1 Engagement: 5 Start_Time: 00:03:17.0   Intercept_Pk: 1 Pk_Degrad
  [KILL_FEEDBACK] track 2 (asm2) marked killed via EVT
  [KILLED] 00:03:28.1 WEAPON_TERMINATED radar1 asm2 radar1_aim120_sim_5_1 Engagement: 5 Start_Time: 00:03:17.0   Intercept_Pk: 1 Pk

[DECISION] t=252.1s | tracks=2 | weapons=0 available
  track 12 (FIGHTER, d=23.2km, v=300m/s) -> threat=150.74
  track 4 (ASM, d=3.6km, v=0m/s) -> threat=101.28

[DECISION] t=252.5s | tracks=2 | weapons=0 available
  track 12 (FIGHTER, d=23.3km, v=300m/s) -> threat=150.74
  track 4 (ASM, d=3.6km, v=0m/s) -> threat=101.28

[DECISION] t=252.9s | tracks=2 | weapons=0 available
  track 12 (FIGHTER, d=23.3km, v=300m/s) -> threat=150.74
  track 4 (ASM, d=3.6km, v=0m/s) -> threat=101.28

[DECISION] t=253.1s | tracks=2 | weapons=0 available
  track 12 (FIGHTER, d=23.4km, v=300m/s) -> threat=150.74
  track 4 (ASM, d=3.6km, v=0m/s) -> threat=101.28

[DECISION] t=253.5s | tracks=2 | weapons=0 available
  track 12 (FIGHTER, d=23.6km, v=300m/s) -> threat=150.74
  track 4 (ASM, d=3.6km, v=0m/s) -> threat=101.28

[DECISION] t=253.7s | tracks=2 | weapons=0 available
  track 12 (FIGHTER, d=23.6km, v=300m/s) -> threat=150.74
  track 4 (ASM, d=3.6km, v=0m/s) -> threat=101.28

[DECISION] t=253.9s | tracks=2 | weapons=0 available
  track 12 (FIGHTER, d=23.8km, v=300m/s) -> threat=150.74
  track 4 (ASM, d=3.6km, v=0m/s) -> threat=101.28

[DECISION] t=254.1s | tracks=2 | weapons=0 available
  track 12 (FIGHTER, d=23.8km, v=300m/s) -> threat=150.74
  track 4 (ASM, d=3.6km, v=0m/s) -> threat=101.28

[DECISION] t=0.0s | tracks=2 | weapons=0 available
  track 12 (FIGHTER, d=23.9km, v=300m/s) -> threat=150.74
  track 4 (ASM, d=3.6km, v=0m/s) -> threat=101.28

[DECISION] t=254.5s | tracks=2 | weapons=0 available
  track 12 (FIGHTER, d=23.9km, v=300m/s) -> threat=150.74
  track 4 (ASM, d=3.6km, v=0m/s) -> threat=101.28

[DECISION] t=0.0s | tracks=2 | weapons=0 available
  track 12 (FIGHTER, d=23.9km, v=300m/s) -> threat=150.74
  track 4 (ASM, d=3.6km, v=0m/s) -> threat=101.28

[DECISION] t=254.9s | tracks=2 | weapons=0 available
  track 12 (FIGHTER, d=24.0km, v=300m/s) -> threat=150.74
  track 4 (ASM, d=3.6km, v=0m/s) -> threat=101.28

[DECISION] t=255.3s | tracks=2 | weapons=0 available
  track 12 (FIGHTER, d=24.0km, v=300m/s) -> threat=150.74
  track 4 (ASM, d=3.6km, v=0m/s) -> threat=101.28

[DECISION] t=255.5s | tracks=2 | weapons=0 available
  track 12 (FIGHTER, d=24.2km, v=300m/s) -> threat=150.74
  track 4 (ASM, d=3.6km, v=0m/s) -> threat=101.28

[DECISION] t=255.7s | tracks=2 | weapons=0 available
  track 12 (FIGHTER, d=24.2km, v=300m/s) -> threat=150.74
  track 4 (ASM, d=3.6km, v=0m/s) -> threat=101.28

[DECISION] t=255.9s | tracks=2 | weapons=0 available
  track 12 (FIGHTER, d=24.3km, v=300m/s) -> threat=150.74
  track 4 (ASM, d=3.6km, v=0m/s) -> threat=101.28

[DECISION] t=256.3s | tracks=2 | weapons=0 available
  track 12 (FIGHTER, d=24.3km, v=300m/s) -> threat=150.74
  track 4 (ASM, d=3.6km, v=0m/s) -> threat=101.28

[DECISION] t=256.4s | tracks=2 | weapons=0 available
  track 12 (FIGHTER, d=24.5km, v=300m/s) -> threat=150.74
  track 4 (ASM, d=3.6km, v=0m/s) -> threat=101.28

[DECISION] t=256.6s | tracks=2 | weapons=0 available
  track 12 (FIGHTER, d=24.5km, v=300m/s) -> threat=150.74
  track 4 (ASM, d=3.6km, v=0m/s) -> threat=101.28

[DECISION] t=257.0s | tracks=2 | weapons=0 available
  track 12 (FIGHTER, d=24.7km, v=300m/s) -> threat=150.74
  track 4 (ASM, d=3.6km, v=0m/s) -> threat=101.28

[DECISION] t=257.2s | tracks=2 | weapons=0 available
  track 12 (FIGHTER, d=24.7km, v=300m/s) -> threat=150.74
  track 4 (ASM, d=3.6km, v=0m/s) -> threat=101.28

[DECISION] t=257.3s | tracks=2 | weapons=0 available
  track 12 (FIGHTER, d=24.8km, v=300m/s) -> threat=150.74
  track 4 (ASM, d=3.6km, v=0m/s) -> threat=101.28

[DECISION] t=257.5s | tracks=2 | weapons=0 available
  track 12 (FIGHTER, d=24.8km, v=300m/s) -> threat=150.74
  track 4 (ASM, d=3.6km, v=0m/s) -> threat=101.28

[DECISION] t=257.7s | tracks=2 | weapons=0 available
  track 12 (FIGHTER, d=24.8km, v=300m/s) -> threat=150.74
  track 4 (ASM, d=3.6km, v=0m/s) -> threat=101.28

[DECISION] t=257.9s | tracks=2 | weapons=0 available
  track 12 (FIGHTER, d=24.8km, v=300m/s) -> threat=150.74
  track 4 (ASM, d=3.6km, v=0m/s) -> threat=101.28

[DECISION] t=258.0s | tracks=2 | weapons=0 available
  track 12 (FIGHTER, d=24.9km, v=300m/s) -> threat=150.74
  track 4 (ASM, d=3.6km, v=0m/s) -> threat=101.28

[DECISION] t=258.3s | tracks=2 | weapons=0 available
  track 12 (FIGHTER, d=24.9km, v=300m/s) -> threat=150.74
  track 4 (ASM, d=3.6km, v=0m/s) -> threat=101.28

[DECISION] t=258.5s | tracks=2 | weapons=0 available
  track 12 (FIGHTER, d=25.1km, v=300m/s) -> threat=150.74
  track 4 (ASM, d=3.6km, v=0m/s) -> threat=101.28

[DECISION] t=258.7s | tracks=2 | weapons=0 available
  track 12 (FIGHTER, d=25.1km, v=300m/s) -> threat=150.74
  track 4 (ASM, d=3.6km, v=0m/s) -> threat=101.28
  [KILLED] 00:03:26.2 WEAPON_HIT radar1 asm1 radar1_aim120_sim_4_1 Engagement: 4 Start_Time: 00:03:17.0   Intercept_Pk: 1 Pk_Degrad
  [KILLED] 00:03:26.2 WEAPON_TERMINATED radar1 asm1 radar1_aim120_sim_4_1 Engagement: 4 Start_Time: 00:03:17.0   Intercept_Pk: 1 Pk
  [KILLED] 00:03:28.1 WEAPON_HIT radar1 asm2 radar1_aim120_sim_5_1 Engagement: 5 Start_Time: 00:03:17.0   Intercept_Pk: 1 Pk_Degrad
  [KILL_FEEDBACK] track 2 (asm2) marked killed via EVT
  [KILLED] 00:03:28.1 WEAPON_TERMINATED radar1 asm2 radar1_aim120_sim_5_1 Engagement: 5 Start_Time: 00:03:17.0   Intercept_Pk: 1 Pk

[DECISION] t=258.9s | tracks=2 | weapons=0 available
  track 12 (FIGHTER, d=25.3km, v=300m/s) -> threat=150.74
  track 4 (ASM, d=3.6km, v=0m/s) -> threat=101.28

[DECISION] t=259.1s | tracks=2 | weapons=0 available
  track 12 (FIGHTER, d=25.3km, v=300m/s) -> threat=150.74
  track 4 (ASM, d=3.6km, v=0m/s) -> threat=101.28

[DECISION] t=259.5s | tracks=2 | weapons=0 available
  track 12 (FIGHTER, d=25.4km, v=300m/s) -> threat=150.74
  track 4 (ASM, d=3.6km, v=0m/s) -> threat=101.28

[DECISION] t=259.6s | tracks=2 | weapons=0 available
  track 12 (FIGHTER, d=25.4km, v=300m/s) -> threat=150.74
  track 4 (ASM, d=3.6km, v=0m/s) -> threat=101.28

[DECISION] t=259.9s | tracks=2 | weapons=0 available
  track 12 (FIGHTER, d=25.5km, v=300m/s) -> threat=150.74
  track 4 (ASM, d=3.6km, v=0m/s) -> threat=101.28

[DECISION] t=260.1s | tracks=2 | weapons=0 available
  track 12 (FIGHTER, d=25.5km, v=300m/s) -> threat=150.74
  track 4 (ASM, d=3.6km, v=0m/s) -> threat=101.28

[DECISION] t=0.0s | tracks=2 | weapons=0 available
  track 12 (FIGHTER, d=25.7km, v=300m/s) -> threat=150.74
  track 4 (ASM, d=3.6km, v=0m/s) -> threat=101.28

[DECISION] t=260.5s | tracks=2 | weapons=0 available
  track 12 (FIGHTER, d=25.7km, v=300m/s) -> threat=150.74
  track 4 (ASM, d=3.6km, v=0m/s) -> threat=101.28

[DECISION] t=260.7s | tracks=2 | weapons=0 available
  track 12 (FIGHTER, d=25.7km, v=300m/s) -> threat=150.74
  track 4 (ASM, d=3.6km, v=0m/s) -> threat=101.28

[DECISION] t=260.8s | tracks=2 | weapons=0 available
  track 12 (FIGHTER, d=25.7km, v=300m/s) -> threat=150.74
  track 4 (ASM, d=3.6km, v=0m/s) -> threat=101.28

[DECISION] t=260.9s | tracks=2 | weapons=0 available
  track 12 (FIGHTER, d=25.9km, v=300m/s) -> threat=150.74
  track 4 (ASM, d=3.6km, v=0m/s) -> threat=101.28

[DECISION] t=0.0s | tracks=2 | weapons=0 available
  track 12 (FIGHTER, d=25.9km, v=300m/s) -> threat=150.74
  track 4 (ASM, d=3.6km, v=0m/s) -> threat=101.28

[DECISION] t=261.2s | tracks=2 | weapons=0 available
  track 12 (FIGHTER, d=25.9km, v=300m/s) -> threat=150.74
  track 4 (ASM, d=3.6km, v=0m/s) -> threat=101.28

[DECISION] t=261.3s | tracks=2 | weapons=0 available
  track 12 (FIGHTER, d=26.0km, v=300m/s) -> threat=150.74
  track 4 (ASM, d=3.6km, v=0m/s) -> threat=101.28

[DECISION] t=261.5s | tracks=2 | weapons=0 available
  track 12 (FIGHTER, d=26.0km, v=300m/s) -> threat=150.74
  track 4 (ASM, d=3.6km, v=0m/s) -> threat=101.28

[DECISION] t=261.8s | tracks=2 | weapons=0 available
  track 12 (FIGHTER, d=26.0km, v=300m/s) -> threat=150.74
  track 4 (ASM, d=3.6km, v=0m/s) -> threat=101.28

[DECISION] t=0.0s | tracks=2 | weapons=0 available
  track 12 (FIGHTER, d=26.1km, v=300m/s) -> threat=150.74
  track 4 (ASM, d=3.6km, v=0m/s) -> threat=101.28

[DECISION] t=262.3s | tracks=2 | weapons=0 available
  track 12 (FIGHTER, d=26.3km, v=300m/s) -> threat=150.74
  track 4 (ASM, d=3.6km, v=0m/s) -> threat=101.28

[DECISION] t=262.4s | tracks=2 | weapons=0 available
  track 12 (FIGHTER, d=26.3km, v=300m/s) -> threat=150.74
  track 4 (ASM, d=3.6km, v=0m/s) -> threat=101.28

[DECISION] t=0.0s | tracks=2 | weapons=0 available
  track 12 (FIGHTER, d=26.3km, v=300m/s) -> threat=150.74
  track 4 (ASM, d=3.6km, v=0m/s) -> threat=101.28

[DECISION] t=262.8s | tracks=2 | weapons=0 available
  track 12 (FIGHTER, d=26.4km, v=300m/s) -> threat=150.74
  track 4 (ASM, d=3.6km, v=0m/s) -> threat=101.28

[DECISION] t=263.1s | tracks=2 | weapons=0 available
  track 12 (FIGHTER, d=26.4km, v=300m/s) -> threat=150.74
  track 4 (ASM, d=3.6km, v=0m/s) -> threat=101.28

[DECISION] t=263.3s | tracks=2 | weapons=0 available
  track 12 (FIGHTER, d=26.4km, v=300m/s) -> threat=150.74
  track 4 (ASM, d=3.6km, v=0m/s) -> threat=101.28

[DECISION] t=263.4s | tracks=2 | weapons=0 available
  track 12 (FIGHTER, d=26.6km, v=300m/s) -> threat=150.74
  track 4 (ASM, d=3.6km, v=0m/s) -> threat=101.28

[DECISION] t=263.6s | tracks=2 | weapons=0 available
  track 12 (FIGHTER, d=26.6km, v=300m/s) -> threat=150.74
  track 4 (ASM, d=3.6km, v=0m/s) -> threat=101.28
  [KILLED] 00:03:26.2 WEAPON_HIT radar1 asm1 radar1_aim120_sim_4_1 Engagement: 4 Start_Time: 00:03:17.0   Intercept_Pk: 1 Pk_Degrad
  [KILLED] 00:03:26.2 WEAPON_TERMINATED radar1 asm1 radar1_aim120_sim_4_1 Engagement: 4 Start_Time: 00:03:17.0   Intercept_Pk: 1 Pk
  [KILLED] 00:03:28.1 WEAPON_HIT radar1 asm2 radar1_aim120_sim_5_1 Engagement: 5 Start_Time: 00:03:17.0   Intercept_Pk: 1 Pk_Degrad
  [KILL_FEEDBACK] track 2 (asm2) marked killed via EVT
  [KILLED] 00:03:28.1 WEAPON_TERMINATED radar1 asm2 radar1_aim120_sim_5_1 Engagement: 5 Start_Time: 00:03:17.0   Intercept_Pk: 1 Pk

[DECISION] t=263.8s | tracks=2 | weapons=0 available
  track 12 (FIGHTER, d=26.6km, v=300m/s) -> threat=150.74
  track 4 (ASM, d=3.6km, v=0m/s) -> threat=101.28

[DECISION] t=264.0s | tracks=2 | weapons=0 available
  track 12 (FIGHTER, d=26.8km, v=300m/s) -> threat=150.74
  track 4 (ASM, d=3.6km, v=0m/s) -> threat=101.28

[DECISION] t=264.1s | tracks=2 | weapons=0 available
  track 12 (FIGHTER, d=26.8km, v=300m/s) -> threat=150.74
  track 4 (ASM, d=3.6km, v=0m/s) -> threat=101.28

[DECISION] t=264.3s | tracks=2 | weapons=0 available
  track 12 (FIGHTER, d=26.9km, v=300m/s) -> threat=150.74
  track 4 (ASM, d=3.6km, v=0m/s) -> threat=101.28

[DECISION] t=264.5s | tracks=2 | weapons=0 available
  track 12 (FIGHTER, d=26.9km, v=300m/s) -> threat=150.74
  track 4 (ASM, d=3.6km, v=0m/s) -> threat=101.28

[DECISION] t=264.6s | tracks=2 | weapons=0 available
  track 12 (FIGHTER, d=26.9km, v=300m/s) -> threat=150.74
  track 4 (ASM, d=3.6km, v=0m/s) -> threat=101.28

[DECISION] t=264.9s | tracks=2 | weapons=0 available
  track 12 (FIGHTER, d=27.0km, v=300m/s) -> threat=150.74
  track 4 (ASM, d=3.6km, v=0m/s) -> threat=101.28

[DECISION] t=265.0s | tracks=2 | weapons=0 available
  track 12 (FIGHTER, d=27.0km, v=300m/s) -> threat=150.74
  track 4 (ASM, d=3.6km, v=0m/s) -> threat=101.28

[DECISION] t=265.2s | tracks=2 | weapons=0 available
  track 12 (FIGHTER, d=27.0km, v=300m/s) -> threat=150.74
  track 4 (ASM, d=3.6km, v=0m/s) -> threat=101.28

[DECISION] t=0.0s | tracks=2 | weapons=0 available
  track 12 (FIGHTER, d=27.2km, v=300m/s) -> threat=150.74
  track 4 (ASM, d=3.6km, v=0m/s) -> threat=101.28

[DECISION] t=265.5s | tracks=2 | weapons=0 available
  track 12 (FIGHTER, d=27.2km, v=300m/s) -> threat=150.74
  track 4 (ASM, d=3.6km, v=0m/s) -> threat=101.28

[DECISION] t=265.7s | tracks=2 | weapons=0 available
  track 12 (FIGHTER, d=27.2km, v=300m/s) -> threat=150.74
  track 4 (ASM, d=3.6km, v=0m/s) -> threat=101.28

[DECISION] t=265.8s | tracks=2 | weapons=0 available
  track 12 (FIGHTER, d=27.4km, v=300m/s) -> threat=150.74
  track 4 (ASM, d=3.6km, v=0m/s) -> threat=101.28

[DECISION] t=266.0s | tracks=2 | weapons=0 available
  track 12 (FIGHTER, d=27.4km, v=300m/s) -> threat=150.74
  track 4 (ASM, d=3.6km, v=0m/s) -> threat=101.28

[DECISION] t=266.3s | tracks=2 | weapons=0 available
  track 12 (FIGHTER, d=27.4km, v=300m/s) -> threat=150.74
  track 4 (ASM, d=3.6km, v=0m/s) -> threat=101.28

[DECISION] t=0.0s | tracks=2 | weapons=0 available
  track 12 (FIGHTER, d=27.5km, v=300m/s) -> threat=150.74
  track 4 (ASM, d=3.6km, v=0m/s) -> threat=101.28

[DECISION] t=266.8s | tracks=2 | weapons=0 available
  track 12 (FIGHTER, d=27.5km, v=300m/s) -> threat=150.74
  track 4 (ASM, d=3.6km, v=0m/s) -> threat=101.28

[DECISION] t=267.2s | tracks=2 | weapons=0 available
  track 12 (FIGHTER, d=27.6km, v=300m/s) -> threat=150.74
  track 4 (ASM, d=3.6km, v=0m/s) -> threat=101.28

[DECISION] t=267.3s | tracks=2 | weapons=0 available
  track 12 (FIGHTER, d=27.8km, v=300m/s) -> threat=150.74
  track 4 (ASM, d=3.6km, v=0m/s) -> threat=101.28

[DECISION] t=267.4s | tracks=2 | weapons=0 available
  track 12 (FIGHTER, d=27.8km, v=300m/s) -> threat=150.74
  track 4 (ASM, d=3.6km, v=0m/s) -> threat=101.28

[DECISION] t=267.6s | tracks=2 | weapons=0 available
  track 12 (FIGHTER, d=27.8km, v=300m/s) -> threat=150.74
  track 4 (ASM, d=3.6km, v=0m/s) -> threat=101.28
  [KILLED] 00:03:26.2 WEAPON_HIT radar1 asm1 radar1_aim120_sim_4_1 Engagement: 4 Start_Time: 00:03:17.0   Intercept_Pk: 1 Pk_Degrad
  [KILLED] 00:03:26.2 WEAPON_TERMINATED radar1 asm1 radar1_aim120_sim_4_1 Engagement: 4 Start_Time: 00:03:17.0   Intercept_Pk: 1 Pk
  [KILLED] 00:03:28.1 WEAPON_HIT radar1 asm2 radar1_aim120_sim_5_1 Engagement: 5 Start_Time: 00:03:17.0   Intercept_Pk: 1 Pk_Degrad
  [KILL_FEEDBACK] track 2 (asm2) marked killed via EVT
  [KILLED] 00:03:28.1 WEAPON_TERMINATED radar1 asm2 radar1_aim120_sim_5_1 Engagement: 5 Start_Time: 00:03:17.0   Intercept_Pk: 1 Pk

[DECISION] t=268.0s | tracks=2 | weapons=0 available
  track 12 (FIGHTER, d=28.0km, v=300m/s) -> threat=150.74
  track 4 (ASM, d=3.6km, v=0m/s) -> threat=101.28

[DECISION] t=268.2s | tracks=2 | weapons=0 available
  track 12 (FIGHTER, d=28.0km, v=300m/s) -> threat=150.74
  track 4 (ASM, d=3.6km, v=0m/s) -> threat=101.28

[DECISION] t=268.4s | tracks=2 | weapons=0 available
  track 12 (FIGHTER, d=28.1km, v=300m/s) -> threat=150.74
  track 4 (ASM, d=3.6km, v=0m/s) -> threat=101.28

[DECISION] t=268.5s | tracks=2 | weapons=0 available
  track 12 (FIGHTER, d=28.1km, v=300m/s) -> threat=150.74
  track 4 (ASM, d=3.6km, v=0m/s) -> threat=101.28

[DECISION] t=268.6s | tracks=2 | weapons=0 available
  track 12 (FIGHTER, d=28.1km, v=300m/s) -> threat=150.74
  track 4 (ASM, d=3.6km, v=0m/s) -> threat=101.28

[DECISION] t=268.8s | tracks=2 | weapons=0 available
  track 12 (FIGHTER, d=28.2km, v=300m/s) -> threat=150.74
  track 4 (ASM, d=3.6km, v=0m/s) -> threat=101.28

[DECISION] t=269.2s | tracks=2 | weapons=0 available
  track 12 (FIGHTER, d=28.2km, v=300m/s) -> threat=150.74
  track 4 (ASM, d=3.6km, v=0m/s) -> threat=101.28

[DECISION] t=0.0s | tracks=2 | weapons=0 available
  track 12 (FIGHTER, d=28.4km, v=300m/s) -> threat=150.74
  track 4 (ASM, d=3.6km, v=0m/s) -> threat=101.28

[DECISION] t=269.5s | tracks=2 | weapons=0 available
  track 12 (FIGHTER, d=28.4km, v=300m/s) -> threat=150.74
  track 4 (ASM, d=3.6km, v=0m/s) -> threat=101.28

[DECISION] t=269.7s | tracks=2 | weapons=0 available
  track 12 (FIGHTER, d=28.4km, v=300m/s) -> threat=150.74
  track 4 (ASM, d=3.6km, v=0m/s) -> threat=101.28

[DECISION] t=0.0s | tracks=2 | weapons=0 available
  track 12 (FIGHTER, d=28.5km, v=300m/s) -> threat=150.74
  track 4 (ASM, d=3.6km, v=0m/s) -> threat=101.28

[DECISION] t=270.2s | tracks=2 | weapons=0 available
  track 12 (FIGHTER, d=28.5km, v=300m/s) -> threat=150.74
  track 4 (ASM, d=3.6km, v=0m/s) -> threat=101.28

[DECISION] t=270.4s | tracks=2 | weapons=0 available
  track 12 (FIGHTER, d=28.7km, v=300m/s) -> threat=150.73
  track 4 (ASM, d=3.6km, v=0m/s) -> threat=101.28

[DECISION] t=270.6s | tracks=2 | weapons=0 available
  track 12 (FIGHTER, d=28.7km, v=300m/s) -> threat=150.73
  track 4 (ASM, d=3.6km, v=0m/s) -> threat=101.28

[DECISION] t=270.8s | tracks=2 | weapons=0 available
  track 12 (FIGHTER, d=28.7km, v=300m/s) -> threat=150.73
  track 4 (ASM, d=3.6km, v=0m/s) -> threat=101.28

[DECISION] t=271.0s | tracks=2 | weapons=0 available
  track 12 (FIGHTER, d=28.9km, v=300m/s) -> threat=150.73
  track 4 (ASM, d=3.6km, v=0m/s) -> threat=101.28

[DECISION] t=271.2s | tracks=2 | weapons=0 available
  track 12 (FIGHTER, d=28.9km, v=300m/s) -> threat=150.73
  track 4 (ASM, d=3.6km, v=0m/s) -> threat=101.28

[DECISION] t=271.5s | tracks=2 | weapons=0 available
  track 12 (FIGHTER, d=28.9km, v=300m/s) -> threat=150.73
  track 4 (ASM, d=3.6km, v=0m/s) -> threat=101.28

[DECISION] t=271.7s | tracks=2 | weapons=0 available
  track 12 (FIGHTER, d=28.9km, v=300m/s) -> threat=150.73
  track 4 (ASM, d=3.6km, v=0m/s) -> threat=101.28

[DECISION] t=271.9s | tracks=2 | weapons=0 available
  track 12 (FIGHTER, d=29.1km, v=300m/s) -> threat=150.73
  track 4 (ASM, d=3.6km, v=0m/s) -> threat=101.28

[DECISION] t=272.0s | tracks=2 | weapons=0 available
  track 12 (FIGHTER, d=29.1km, v=300m/s) -> threat=150.73
  track 4 (ASM, d=3.6km, v=0m/s) -> threat=101.28
  [KILLED] 00:03:26.2 WEAPON_HIT radar1 asm1 radar1_aim120_sim_4_1 Engagement: 4 Start_Time: 00:03:17.0   Intercept_Pk: 1 Pk_Degrad
  [KILLED] 00:03:26.2 WEAPON_TERMINATED radar1 asm1 radar1_aim120_sim_4_1 Engagement: 4 Start_Time: 00:03:17.0   Intercept_Pk: 1 Pk
  [KILLED] 00:03:28.1 WEAPON_HIT radar1 asm2 radar1_aim120_sim_5_1 Engagement: 5 Start_Time: 00:03:17.0   Intercept_Pk: 1 Pk_Degrad
  [KILL_FEEDBACK] track 2 (asm2) marked killed via EVT
  [KILLED] 00:03:28.1 WEAPON_TERMINATED radar1 asm2 radar1_aim120_sim_5_1 Engagement: 5 Start_Time: 00:03:17.0   Intercept_Pk: 1 Pk

[DECISION] t=272.2s | tracks=2 | weapons=0 available
  track 12 (FIGHTER, d=29.1km, v=300m/s) -> threat=150.73
  track 4 (ASM, d=3.6km, v=0m/s) -> threat=101.28

[DECISION] t=272.5s | tracks=2 | weapons=0 available
  track 12 (FIGHTER, d=29.3km, v=300m/s) -> threat=150.73
  track 4 (ASM, d=3.6km, v=0m/s) -> threat=101.28

[DECISION] t=0.0s | tracks=2 | weapons=0 available
  track 12 (FIGHTER, d=29.3km, v=300m/s) -> threat=150.73
  track 4 (ASM, d=3.6km, v=0m/s) -> threat=101.28

[DECISION] t=272.8s | tracks=2 | weapons=0 available
  track 12 (FIGHTER, d=29.3km, v=300m/s) -> threat=150.73
  track 4 (ASM, d=3.6km, v=0m/s) -> threat=101.28

[DECISION] t=272.9s | tracks=2 | weapons=0 available
  track 12 (FIGHTER, d=29.5km, v=300m/s) -> threat=150.73
  track 4 (ASM, d=3.6km, v=0m/s) -> threat=101.28

[DECISION] t=273.1s | tracks=2 | weapons=0 available
  track 12 (FIGHTER, d=29.5km, v=300m/s) -> threat=150.73
  track 4 (ASM, d=3.6km, v=0m/s) -> threat=101.28

[DECISION] t=273.2s | tracks=2 | weapons=0 available
  track 12 (FIGHTER, d=29.5km, v=300m/s) -> threat=150.73
  track 4 (ASM, d=3.6km, v=0m/s) -> threat=101.28

[DECISION] t=273.4s | tracks=2 | weapons=0 available
  track 12 (FIGHTER, d=29.6km, v=300m/s) -> threat=150.73
  track 4 (ASM, d=3.6km, v=0m/s) -> threat=101.28

[DECISION] t=273.6s | tracks=2 | weapons=0 available
  track 12 (FIGHTER, d=29.6km, v=300m/s) -> threat=150.73
  track 4 (ASM, d=3.6km, v=0m/s) -> threat=101.28

[DECISION] t=273.9s | tracks=2 | weapons=0 available
  track 12 (FIGHTER, d=29.6km, v=300m/s) -> threat=150.73
  track 4 (ASM, d=3.6km, v=0m/s) -> threat=101.28

[DECISION] t=0.0s | tracks=2 | weapons=0 available
  track 12 (FIGHTER, d=29.7km, v=300m/s) -> threat=150.73
  track 4 (ASM, d=3.6km, v=0m/s) -> threat=101.28

[DECISION] t=274.1s | tracks=2 | weapons=0 available
  track 12 (FIGHTER, d=29.7km, v=300m/s) -> threat=150.73
  track 4 (ASM, d=3.6km, v=0m/s) -> threat=101.28

[DECISION] t=274.2s | tracks=2 | weapons=0 available
  track 12 (FIGHTER, d=29.7km, v=300m/s) -> threat=150.73
  track 4 (ASM, d=3.6km, v=0m/s) -> threat=101.28

[DECISION] t=274.4s | tracks=2 | weapons=0 available
  track 12 (FIGHTER, d=29.9km, v=300m/s) -> threat=150.73
  track 4 (ASM, d=3.6km, v=0m/s) -> threat=101.28

[DECISION] t=274.5s | tracks=2 | weapons=0 available
  track 12 (FIGHTER, d=29.9km, v=300m/s) -> threat=150.73
  track 4 (ASM, d=3.6km, v=0m/s) -> threat=101.28

[DECISION] t=274.7s | tracks=2 | weapons=0 available
  track 12 (FIGHTER, d=29.9km, v=300m/s) -> threat=150.73
  track 4 (ASM, d=3.6km, v=0m/s) -> threat=101.28

[DECISION] t=275.0s | tracks=2 | weapons=0 available
  track 12 (FIGHTER, d=30.0km, v=300m/s) -> threat=150.73
  track 4 (ASM, d=3.6km, v=0m/s) -> threat=101.28

[DECISION] t=275.7s | tracks=1 | weapons=0 available
  track 4 (ASM, d=3.6km, v=0m/s) -> threat=101.28

[DECISION] t=275.8s | tracks=1 | weapons=0 available
  track 4 (ASM, d=3.6km, v=0m/s) -> threat=101.28
  [KILLED] 00:03:26.2 WEAPON_HIT radar1 asm1 radar1_aim120_sim_4_1 Engagement: 4 Start_Time: 00:03:17.0   Intercept_Pk: 1 Pk_Degrad
  [KILLED] 00:03:26.2 WEAPON_TERMINATED radar1 asm1 radar1_aim120_sim_4_1 Engagement: 4 Start_Time: 00:03:17.0   Intercept_Pk: 1 Pk
  [KILLED] 00:03:28.1 WEAPON_HIT radar1 asm2 radar1_aim120_sim_5_1 Engagement: 5 Start_Time: 00:03:17.0   Intercept_Pk: 1 Pk_Degrad
  [KILL_FEEDBACK] track 2 (asm2) marked killed via EVT
  [KILLED] 00:03:28.1 WEAPON_TERMINATED radar1 asm2 radar1_aim120_sim_5_1 Engagement: 5 Start_Time: 00:03:17.0   Intercept_Pk: 1 Pk

[DECISION] t=276.3s | tracks=1 | weapons=0 available
  track 4 (ASM, d=3.6km, v=0m/s) -> threat=101.28

[DECISION] t=276.6s | tracks=1 | weapons=0 available
  track 4 (ASM, d=3.6km, v=0m/s) -> threat=101.28

[DECISION] t=276.8s | tracks=1 | weapons=0 available
  track 4 (ASM, d=3.6km, v=0m/s) -> threat=101.28

[DECISION] t=276.9s | tracks=1 | weapons=0 available
  track 4 (ASM, d=3.6km, v=0m/s) -> threat=101.28

[DECISION] t=277.1s | tracks=1 | weapons=0 available
  track 4 (ASM, d=3.6km, v=0m/s) -> threat=101.28

[DECISION] t=277.3s | tracks=1 | weapons=0 available
  track 4 (ASM, d=3.6km, v=0m/s) -> threat=101.28

[DECISION] t=277.5s | tracks=1 | weapons=0 available
  track 4 (ASM, d=3.6km, v=0m/s) -> threat=101.28

[DECISION] t=277.7s | tracks=1 | weapons=0 available
  track 4 (ASM, d=3.6km, v=0m/s) -> threat=101.28

[DECISION] t=277.8s | tracks=1 | weapons=0 available
  track 4 (ASM, d=3.6km, v=0m/s) -> threat=101.28

[DECISION] t=278.0s | tracks=1 | weapons=0 available
  track 4 (ASM, d=3.6km, v=0m/s) -> threat=101.28

[DECISION] t=278.2s | tracks=1 | weapons=0 available
  track 4 (ASM, d=3.6km, v=0m/s) -> threat=101.28

[DECISION] t=278.4s | tracks=1 | weapons=0 available
  track 4 (ASM, d=3.6km, v=0m/s) -> threat=101.28

[DECISION] t=278.8s | tracks=1 | weapons=0 available
  track 4 (ASM, d=3.6km, v=0m/s) -> threat=101.28

[DECISION] t=279.2s | tracks=1 | weapons=0 available
  track 4 (ASM, d=3.6km, v=0m/s) -> threat=101.28

[DECISION] t=279.4s | tracks=1 | weapons=0 available
  track 4 (ASM, d=3.6km, v=0m/s) -> threat=101.28

[DECISION] t=279.6s | tracks=1 | weapons=0 available
  track 4 (ASM, d=3.6km, v=0m/s) -> threat=101.28

[DECISION] t=279.9s | tracks=1 | weapons=0 available
  track 4 (ASM, d=3.6km, v=0m/s) -> threat=101.28

[DECISION] t=280.0s | tracks=1 | weapons=0 available
  track 4 (ASM, d=3.6km, v=0m/s) -> threat=101.28

[DECISION] t=280.2s | tracks=1 | weapons=0 available
  track 4 (ASM, d=3.6km, v=0m/s) -> threat=101.28

[DECISION] t=280.3s | tracks=1 | weapons=0 available
  track 4 (ASM, d=3.6km, v=0m/s) -> threat=101.28

[DECISION] t=280.5s | tracks=1 | weapons=0 available
  track 4 (ASM, d=3.6km, v=0m/s) -> threat=101.28

[DECISION] t=280.8s | tracks=1 | weapons=0 available
  track 4 (ASM, d=3.6km, v=0m/s) -> threat=101.28
  [KILLED] 00:03:26.2 WEAPON_HIT radar1 asm1 radar1_aim120_sim_4_1 Engagement: 4 Start_Time: 00:03:17.0   Intercept_Pk: 1 Pk_Degrad
  [KILLED] 00:03:26.2 WEAPON_TERMINATED radar1 asm1 radar1_aim120_sim_4_1 Engagement: 4 Start_Time: 00:03:17.0   Intercept_Pk: 1 Pk
  [KILLED] 00:03:28.1 WEAPON_HIT radar1 asm2 radar1_aim120_sim_5_1 Engagement: 5 Start_Time: 00:03:17.0   Intercept_Pk: 1 Pk_Degrad
  [KILL_FEEDBACK] track 2 (asm2) marked killed via EVT
  [KILLED] 00:03:28.1 WEAPON_TERMINATED radar1 asm2 radar1_aim120_sim_5_1 Engagement: 5 Start_Time: 00:03:17.0   Intercept_Pk: 1 Pk

[DECISION] t=281.0s | tracks=1 | weapons=0 available
  track 4 (ASM, d=3.6km, v=0m/s) -> threat=101.28

[DECISION] t=281.3s | tracks=1 | weapons=0 available
  track 4 (ASM, d=3.6km, v=0m/s) -> threat=101.28

[DECISION] t=281.5s | tracks=1 | weapons=0 available
  track 4 (ASM, d=3.6km, v=0m/s) -> threat=101.28

[DECISION] t=281.7s | tracks=1 | weapons=0 available
  track 4 (ASM, d=3.6km, v=0m/s) -> threat=101.28

[DECISION] t=281.9s | tracks=1 | weapons=0 available
  track 4 (ASM, d=3.6km, v=0m/s) -> threat=101.28

[DECISION] t=0.0s | tracks=1 | weapons=0 available
  track 4 (ASM, d=3.6km, v=0m/s) -> threat=101.28

[DECISION] t=282.4s | tracks=1 | weapons=0 available
  track 4 (ASM, d=3.6km, v=0m/s) -> threat=101.28

[DECISION] t=282.6s | tracks=1 | weapons=0 available
  track 4 (ASM, d=3.6km, v=0m/s) -> threat=101.28

[DECISION] t=282.9s | tracks=1 | weapons=0 available
  track 4 (ASM, d=3.6km, v=0m/s) -> threat=101.28

[DECISION] t=283.0s | tracks=1 | weapons=0 available
  track 4 (ASM, d=3.6km, v=0m/s) -> threat=101.28

[DECISION] t=283.4s | tracks=1 | weapons=0 available
  track 4 (ASM, d=3.6km, v=0m/s) -> threat=101.28

[DECISION] t=283.5s | tracks=1 | weapons=0 available
  track 4 (ASM, d=3.6km, v=0m/s) -> threat=101.28

[DECISION] t=0.0s | tracks=1 | weapons=0 available
  track 4 (ASM, d=3.6km, v=0m/s) -> threat=101.28

[DECISION] t=284.0s | tracks=1 | weapons=0 available
  track 4 (ASM, d=3.6km, v=0m/s) -> threat=101.28

[DECISION] t=284.1s | tracks=1 | weapons=0 available
  track 4 (ASM, d=3.6km, v=0m/s) -> threat=101.28

[DECISION] t=284.4s | tracks=1 | weapons=0 available
  track 4 (ASM, d=3.6km, v=0m/s) -> threat=101.28

[DECISION] t=284.6s | tracks=1 | weapons=0 available
  track 4 (ASM, d=3.6km, v=0m/s) -> threat=101.28

[DECISION] t=284.8s | tracks=1 | weapons=0 available
  track 4 (ASM, d=3.6km, v=0m/s) -> threat=101.28

[DECISION] t=284.9s | tracks=1 | weapons=0 available
  track 4 (ASM, d=3.6km, v=0m/s) -> threat=101.28

[DECISION] t=285.1s | tracks=1 | weapons=0 available
  track 4 (ASM, d=3.6km, v=0m/s) -> threat=101.28

[DECISION] t=285.3s | tracks=1 | weapons=0 available
  track 4 (ASM, d=3.6km, v=0m/s) -> threat=101.28

[DECISION] t=285.4s | tracks=1 | weapons=0 available
  track 4 (ASM, d=3.6km, v=0m/s) -> threat=101.28

[DECISION] t=285.6s | tracks=1 | weapons=0 available
  track 4 (ASM, d=3.6km, v=0m/s) -> threat=101.28

[DECISION] t=285.8s | tracks=1 | weapons=0 available
  track 4 (ASM, d=3.6km, v=0m/s) -> threat=101.28

[DECISION] t=0.0s | tracks=1 | weapons=0 available
  track 4 (ASM, d=3.6km, v=0m/s) -> threat=101.28

[DECISION] t=286.2s | tracks=1 | weapons=0 available
  track 4 (ASM, d=3.6km, v=0m/s) -> threat=101.28

[DECISION] t=0.0s | tracks=1 | weapons=0 available
  track 4 (ASM, d=3.6km, v=0m/s) -> threat=101.28
  [KILLED] 00:03:26.2 WEAPON_HIT radar1 asm1 radar1_aim120_sim_4_1 Engagement: 4 Start_Time: 00:03:17.0   Intercept_Pk: 1 Pk_Degrad
  [KILLED] 00:03:26.2 WEAPON_TERMINATED radar1 asm1 radar1_aim120_sim_4_1 Engagement: 4 Start_Time: 00:03:17.0   Intercept_Pk: 1 Pk
  [KILLED] 00:03:28.1 WEAPON_HIT radar1 asm2 radar1_aim120_sim_5_1 Engagement: 5 Start_Time: 00:03:17.0   Intercept_Pk: 1 Pk_Degrad
  [KILL_FEEDBACK] track 2 (asm2) marked killed via EVT
  [KILLED] 00:03:28.1 WEAPON_TERMINATED radar1 asm2 radar1_aim120_sim_5_1 Engagement: 5 Start_Time: 00:03:17.0   Intercept_Pk: 1 Pk

[DECISION] t=286.6s | tracks=1 | weapons=0 available
  track 4 (ASM, d=3.6km, v=0m/s) -> threat=101.28

[DECISION] t=286.9s | tracks=1 | weapons=0 available
  track 4 (ASM, d=3.6km, v=0m/s) -> threat=101.28

[DECISION] t=287.0s | tracks=1 | weapons=0 available
  track 4 (ASM, d=3.6km, v=0m/s) -> threat=101.28

[DECISION] t=287.2s | tracks=1 | weapons=0 available
  track 4 (ASM, d=3.6km, v=0m/s) -> threat=101.28

[DECISION] t=287.4s | tracks=1 | weapons=0 available
  track 4 (ASM, d=3.6km, v=0m/s) -> threat=101.28

[DECISION] t=287.7s | tracks=1 | weapons=0 available
  track 4 (ASM, d=3.6km, v=0m/s) -> threat=101.28

[DECISION] t=287.8s | tracks=1 | weapons=0 available
  track 4 (ASM, d=3.6km, v=0m/s) -> threat=101.28

[DECISION] t=288.0s | tracks=1 | weapons=0 available
  track 4 (ASM, d=3.6km, v=0m/s) -> threat=101.28

[DECISION] t=288.3s | tracks=1 | weapons=0 available
  track 4 (ASM, d=3.6km, v=0m/s) -> threat=101.28

[DECISION] t=288.3s | tracks=1 | weapons=0 available
  track 4 (ASM, d=3.6km, v=0m/s) -> threat=101.28

[DECISION] t=288.4s | tracks=1 | weapons=0 available
  track 4 (ASM, d=3.6km, v=0m/s) -> threat=101.28

[DECISION] t=288.8s | tracks=1 | weapons=0 available
  track 4 (ASM, d=3.6km, v=0m/s) -> threat=101.28

[DECISION] t=289.1s | tracks=1 | weapons=0 available
  track 4 (ASM, d=3.6km, v=0m/s) -> threat=101.28

[DECISION] t=289.4s | tracks=1 | weapons=0 available
  track 4 (ASM, d=3.6km, v=0m/s) -> threat=101.28

[DECISION] t=289.6s | tracks=1 | weapons=0 available
  track 4 (ASM, d=3.6km, v=0m/s) -> threat=101.28

[DECISION] t=289.9s | tracks=1 | weapons=0 available
  track 4 (ASM, d=3.6km, v=0m/s) -> threat=101.28

[DECISION] t=290.1s | tracks=1 | weapons=0 available
  track 4 (ASM, d=3.6km, v=0m/s) -> threat=101.28

[DECISION] t=290.4s | tracks=1 | weapons=0 available
  track 4 (ASM, d=3.6km, v=0m/s) -> threat=101.28

[DECISION] t=290.5s | tracks=1 | weapons=0 available
  track 4 (ASM, d=3.6km, v=0m/s) -> threat=101.28

[DECISION] t=290.7s | tracks=1 | weapons=0 available
  track 4 (ASM, d=3.6km, v=0m/s) -> threat=101.28

[DECISION] t=291.0s | tracks=1 | weapons=0 available
  track 4 (ASM, d=3.6km, v=0m/s) -> threat=101.28

[DECISION] t=291.2s | tracks=1 | weapons=0 available
  track 4 (ASM, d=3.6km, v=0m/s) -> threat=101.28

[DECISION] t=291.3s | tracks=1 | weapons=0 available
  track 4 (ASM, d=3.6km, v=0m/s) -> threat=101.28

[DECISION] t=291.6s | tracks=1 | weapons=0 available
  track 4 (ASM, d=3.6km, v=0m/s) -> threat=101.28

[DECISION] t=291.7s | tracks=1 | weapons=0 available
  track 4 (ASM, d=3.6km, v=0m/s) -> threat=101.28

[DECISION] t=291.9s | tracks=1 | weapons=0 available
  track 4 (ASM, d=3.6km, v=0m/s) -> threat=101.28
  [KILLED] 00:03:26.2 WEAPON_HIT radar1 asm1 radar1_aim120_sim_4_1 Engagement: 4 Start_Time: 00:03:17.0   Intercept_Pk: 1 Pk_Degrad
  [KILLED] 00:03:26.2 WEAPON_TERMINATED radar1 asm1 radar1_aim120_sim_4_1 Engagement: 4 Start_Time: 00:03:17.0   Intercept_Pk: 1 Pk
  [KILLED] 00:03:28.1 WEAPON_HIT radar1 asm2 radar1_aim120_sim_5_1 Engagement: 5 Start_Time: 00:03:17.0   Intercept_Pk: 1 Pk_Degrad
  [KILL_FEEDBACK] track 2 (asm2) marked killed via EVT
  [KILLED] 00:03:28.1 WEAPON_TERMINATED radar1 asm2 radar1_aim120_sim_5_1 Engagement: 5 Start_Time: 00:03:17.0   Intercept_Pk: 1 Pk

[DECISION] t=292.0s | tracks=1 | weapons=0 available
  track 4 (ASM, d=3.6km, v=0m/s) -> threat=101.28

[DECISION] t=0.0s | tracks=1 | weapons=0 available
  track 4 (ASM, d=3.6km, v=0m/s) -> threat=101.28

[DECISION] t=292.3s | tracks=1 | weapons=0 available
  track 4 (ASM, d=3.6km, v=0m/s) -> threat=101.28

[DECISION] t=292.5s | tracks=1 | weapons=0 available
  track 4 (ASM, d=3.6km, v=0m/s) -> threat=101.28

[DECISION] t=292.8s | tracks=1 | weapons=0 available
  track 4 (ASM, d=3.6km, v=0m/s) -> threat=101.28

[DECISION] t=292.9s | tracks=1 | weapons=0 available
  track 4 (ASM, d=3.6km, v=0m/s) -> threat=101.28

[DECISION] t=293.1s | tracks=1 | weapons=0 available
  track 4 (ASM, d=3.6km, v=0m/s) -> threat=101.28

[DECISION] t=293.3s | tracks=1 | weapons=0 available
  track 4 (ASM, d=3.6km, v=0m/s) -> threat=101.28

[DECISION] t=293.6s | tracks=1 | weapons=0 available
  track 4 (ASM, d=3.6km, v=0m/s) -> threat=101.28

[DECISION] t=293.8s | tracks=1 | weapons=0 available
  track 4 (ASM, d=3.6km, v=0m/s) -> threat=101.28

[DECISION] t=293.9s | tracks=1 | weapons=0 available
  track 4 (ASM, d=3.6km, v=0m/s) -> threat=101.28

[DECISION] t=294.2s | tracks=1 | weapons=0 available
  track 4 (ASM, d=3.6km, v=0m/s) -> threat=101.28

[DECISION] t=294.6s | tracks=1 | weapons=0 available
  track 4 (ASM, d=3.6km, v=0m/s) -> threat=101.28

[DECISION] t=294.7s | tracks=1 | weapons=0 available
  track 4 (ASM, d=3.6km, v=0m/s) -> threat=101.28

[DECISION] t=294.9s | tracks=1 | weapons=0 available
  track 4 (ASM, d=3.6km, v=0m/s) -> threat=101.28

[DECISION] t=295.2s | tracks=1 | weapons=0 available
  track 4 (ASM, d=3.6km, v=0m/s) -> threat=101.28

[DECISION] t=295.4s | tracks=1 | weapons=0 available
  track 4 (ASM, d=3.6km, v=0m/s) -> threat=101.28

[DECISION] t=295.5s | tracks=1 | weapons=0 available
  track 4 (ASM, d=3.6km, v=0m/s) -> threat=101.28

[DECISION] t=295.7s | tracks=1 | weapons=0 available
  track 4 (ASM, d=3.6km, v=0m/s) -> threat=101.28

[DECISION] t=0.0s | tracks=1 | weapons=0 available
  track 4 (ASM, d=3.6km, v=0m/s) -> threat=101.28

[DECISION] t=296.2s | tracks=1 | weapons=0 available
  track 4 (ASM, d=3.6km, v=0m/s) -> threat=101.28

[DECISION] t=296.5s | tracks=1 | weapons=0 available
  track 4 (ASM, d=3.6km, v=0m/s) -> threat=101.28
  [KILLED] 00:03:26.2 WEAPON_HIT radar1 asm1 radar1_aim120_sim_4_1 Engagement: 4 Start_Time: 00:03:17.0   Intercept_Pk: 1 Pk_Degrad
  [KILLED] 00:03:26.2 WEAPON_TERMINATED radar1 asm1 radar1_aim120_sim_4_1 Engagement: 4 Start_Time: 00:03:17.0   Intercept_Pk: 1 Pk
  [KILLED] 00:03:28.1 WEAPON_HIT radar1 asm2 radar1_aim120_sim_5_1 Engagement: 5 Start_Time: 00:03:17.0   Intercept_Pk: 1 Pk_Degrad
  [KILL_FEEDBACK] track 2 (asm2) marked killed via EVT
  [KILLED] 00:03:28.1 WEAPON_TERMINATED radar1 asm2 radar1_aim120_sim_5_1 Engagement: 5 Start_Time: 00:03:17.0   Intercept_Pk: 1 Pk

[DECISION] t=296.8s | tracks=1 | weapons=0 available
  track 4 (ASM, d=3.6km, v=0m/s) -> threat=101.28

[DECISION] t=296.9s | tracks=1 | weapons=0 available
  track 4 (ASM, d=3.6km, v=0m/s) -> threat=101.28

[DECISION] t=297.1s | tracks=1 | weapons=0 available
  track 4 (ASM, d=3.6km, v=0m/s) -> threat=101.28

[DECISION] t=297.3s | tracks=1 | weapons=0 available
  track 4 (ASM, d=3.6km, v=0m/s) -> threat=101.28

[DECISION] t=297.4s | tracks=1 | weapons=0 available
  track 4 (ASM, d=3.6km, v=0m/s) -> threat=101.28

[DECISION] t=297.5s | tracks=1 | weapons=0 available
  track 4 (ASM, d=3.6km, v=0m/s) -> threat=101.28

[DECISION] t=297.7s | tracks=1 | weapons=0 available
  track 4 (ASM, d=3.6km, v=0m/s) -> threat=101.28

[DECISION] t=297.9s | tracks=1 | weapons=0 available
  track 4 (ASM, d=3.6km, v=0m/s) -> threat=101.28

[DECISION] t=298.1s | tracks=1 | weapons=0 available
  track 4 (ASM, d=3.6km, v=0m/s) -> threat=101.28

[DECISION] t=298.3s | tracks=1 | weapons=0 available
  track 4 (ASM, d=3.6km, v=0m/s) -> threat=101.28

[DECISION] t=298.6s | tracks=1 | weapons=0 available
  track 4 (ASM, d=3.6km, v=0m/s) -> threat=101.28

[DECISION] t=298.9s | tracks=1 | weapons=0 available
  track 4 (ASM, d=3.6km, v=0m/s) -> threat=101.28

[DECISION] t=299.1s | tracks=1 | weapons=0 available
  track 4 (ASM, d=3.6km, v=0m/s) -> threat=101.28

[DECISION] t=299.4s | tracks=1 | weapons=0 available
  track 4 (ASM, d=3.6km, v=0m/s) -> threat=101.28

[DECISION] t=299.7s | tracks=1 | weapons=0 available
  track 4 (ASM, d=3.6km, v=0m/s) -> threat=101.28

[DECISION] t=299.9s | tracks=1 | weapons=0 available
  track 4 (ASM, d=3.6km, v=0m/s) -> threat=101.28

[DECISION] t=300.0s | tracks=1 | weapons=0 available
  track 4 (ASM, d=3.6km, v=0m/s) -> threat=101.28

[DECISION] t=300.0s | tracks=1 | weapons=0 available
  track 4 (ASM, d=3.6km, v=0m/s) -> threat=101.28

[DECISION] t=300.0s | tracks=1 | weapons=0 available
  track 4 (ASM, d=3.6km, v=0m/s) -> threat=101.28

[DECISION] t=300.0s | tracks=1 | weapons=0 available
  track 4 (ASM, d=3.6km, v=0m/s) -> threat=101.28

[DECISION] t=300.0s | tracks=1 | weapons=0 available
  track 4 (ASM, d=3.6km, v=0m/s) -> threat=101.28

[DECISION] t=300.0s | tracks=1 | weapons=0 available
  track 4 (ASM, d=3.6km, v=0m/s) -> threat=101.28

[DECISION] t=300.0s | tracks=1 | weapons=0 available
  track 4 (ASM, d=3.6km, v=0m/s) -> threat=101.28

[DECISION] t=300.0s | tracks=1 | weapons=0 available
  track 4 (ASM, d=3.6km, v=0m/s) -> threat=101.28

[DECISION] t=300.0s | tracks=1 | weapons=0 available
  track 4 (ASM, d=3.6km, v=0m/s) -> threat=101.28

[DECISION] t=300.0s | tracks=1 | weapons=0 available
  track 4 (ASM, d=3.6km, v=0m/s) -> threat=101.28

[DECISION] t=300.0s | tracks=1 | weapons=0 available
  track 4 (ASM, d=3.6km, v=0m/s) -> threat=101.28
  [KILLED] 00:03:26.2 WEAPON_HIT radar1 asm1 radar1_aim120_sim_4_1 Engagement: 4 Start_Time: 00:03:17.0   Intercept_Pk: 1 Pk_Degrad
  [KILLED] 00:03:26.2 WEAPON_TERMINATED radar1 asm1 radar1_aim120_sim_4_1 Engagement: 4 Start_Time: 00:03:17.0   Intercept_Pk: 1 Pk
  [KILLED] 00:03:28.1 WEAPON_HIT radar1 asm2 radar1_aim120_sim_5_1 Engagement: 5 Start_Time: 00:03:17.0   Intercept_Pk: 1 Pk_Degrad
  [KILL_FEEDBACK] track 2 (asm2) marked killed via EVT
  [KILLED] 00:03:28.1 WEAPON_TERMINATED radar1 asm2 radar1_aim120_sim_5_1 Engagement: 5 Start_Time: 00:03:17.0   Intercept_Pk: 1 Pk

[DECISION] t=300.0s | tracks=1 | weapons=0 available
  track 4 (ASM, d=3.6km, v=0m/s) -> threat=101.28

[DECISION] t=300.0s | tracks=1 | weapons=0 available
  track 4 (ASM, d=3.6km, v=0m/s) -> threat=101.28

[DECISION] t=300.0s | tracks=1 | weapons=0 available
  track 4 (ASM, d=3.6km, v=0m/s) -> threat=101.28

[DECISION] t=300.0s | tracks=1 | weapons=0 available
  track 4 (ASM, d=3.6km, v=0m/s) -> threat=101.28

[DECISION] t=300.0s | tracks=1 | weapons=0 available
  track 4 (ASM, d=3.6km, v=0m/s) -> threat=101.28

[DECISION] t=300.0s | tracks=1 | weapons=0 available
  track 4 (ASM, d=3.6km, v=0m/s) -> threat=101.28

[DECISION] t=300.0s | tracks=1 | weapons=0 available
  track 4 (ASM, d=3.6km, v=0m/s) -> threat=101.28

[DECISION] t=300.0s | tracks=1 | weapons=0 available
  track 4 (ASM, d=3.6km, v=0m/s) -> threat=101.28

[DECISION] t=300.0s | tracks=1 | weapons=0 available
  track 4 (ASM, d=3.6km, v=0m/s) -> threat=101.28

[DECISION] t=300.0s | tracks=1 | weapons=0 available
  track 4 (ASM, d=3.6km, v=0m/s) -> threat=101.28

[DECISION] t=300.0s | tracks=1 | weapons=0 available
  track 4 (ASM, d=3.6km, v=0m/s) -> threat=101.28

[DECISION] t=300.0s | tracks=1 | weapons=0 available
  track 4 (ASM, d=3.6km, v=0m/s) -> threat=101.28

[DECISION] t=300.0s | tracks=1 | weapons=0 available
  track 4 (ASM, d=3.6km, v=0m/s) -> threat=101.28

[DECISION] t=300.0s | tracks=1 | weapons=0 available
  track 4 (ASM, d=3.6km, v=0m/s) -> threat=101.28

[DECISION] t=300.0s | tracks=1 | weapons=0 available
  track 4 (ASM, d=3.6km, v=0m/s) -> threat=101.28

[DECISION] t=300.0s | tracks=1 | weapons=0 available
  track 4 (ASM, d=3.6km, v=0m/s) -> threat=101.28

[DECISION] t=300.0s | tracks=1 | weapons=0 available
  track 4 (ASM, d=3.6km, v=0m/s) -> threat=101.28

[DECISION] t=300.0s | tracks=1 | weapons=0 available
  track 4 (ASM, d=3.6km, v=0m/s) -> threat=101.28

[DECISION] t=300.0s | tracks=1 | weapons=0 available
  track 4 (ASM, d=3.6km, v=0m/s) -> threat=101.28

[DECISION] t=300.0s | tracks=1 | weapons=0 available
  track 4 (ASM, d=3.6km, v=0m/s) -> threat=101.28

[DECISION] t=300.0s | tracks=1 | weapons=0 available
  track 4 (ASM, d=3.6km, v=0m/s) -> threat=101.28

[DECISION] t=300.0s | tracks=1 | weapons=0 available
  track 4 (ASM, d=3.6km, v=0m/s) -> threat=101.28

[DECISION] t=300.0s | tracks=1 | weapons=0 available
  track 4 (ASM, d=3.6km, v=0m/s) -> threat=101.28

[DECISION] t=300.0s | tracks=1 | weapons=0 available
  track 4 (ASM, d=3.6km, v=0m/s) -> threat=101.28

[DECISION] t=300.0s | tracks=1 | weapons=0 available
  track 4 (ASM, d=3.6km, v=0m/s) -> threat=101.28

[DECISION] t=300.0s | tracks=1 | weapons=0 available
  track 4 (ASM, d=3.6km, v=0m/s) -> threat=101.28

[DECISION] t=300.0s | tracks=1 | weapons=0 available
  track 4 (ASM, d=3.6km, v=0m/s) -> threat=101.28

[DECISION] t=300.0s | tracks=1 | weapons=0 available
  track 4 (ASM, d=3.6km, v=0m/s) -> threat=101.28

[DECISION] t=300.0s | tracks=1 | weapons=0 available
  track 4 (ASM, d=3.6km, v=0m/s) -> threat=101.28

[DECISION] t=300.0s | tracks=1 | weapons=0 available
  track 4 (ASM, d=3.6km, v=0m/s) -> threat=101.28

[DECISION] t=300.0s | tracks=1 | weapons=0 available
  track 4 (ASM, d=3.6km, v=0m/s) -> threat=101.28

[DECISION] t=300.0s | tracks=1 | weapons=0 available
  track 4 (ASM, d=3.6km, v=0m/s) -> threat=101.28

[DECISION] t=300.0s | tracks=1 | weapons=0 available
  track 4 (ASM, d=3.6km, v=0m/s) -> threat=101.28

[DECISION] t=300.0s | tracks=1 | weapons=0 available
  track 4 (ASM, d=3.6km, v=0m/s) -> threat=101.28

[DECISION] t=300.0s | tracks=1 | weapons=0 available
  track 4 (ASM, d=3.6km, v=0m/s) -> threat=101.28

[DECISION] t=300.0s | tracks=1 | weapons=0 available
  track 4 (ASM, d=3.6km, v=0m/s) -> threat=101.28

[DECISION] t=300.0s | tracks=1 | weapons=0 available
  track 4 (ASM, d=3.6km, v=0m/s) -> threat=101.28

[DECISION] t=300.0s | tracks=1 | weapons=0 available
  track 4 (ASM, d=3.6km, v=0m/s) -> threat=101.28

[DECISION] t=300.0s | tracks=1 | weapons=0 available
  track 4 (ASM, d=3.6km, v=0m/s) -> threat=101.28

[DECISION] t=300.0s | tracks=1 | weapons=0 available
  track 4 (ASM, d=3.6km, v=0m/s) -> threat=101.28

[DECISION] t=300.0s | tracks=1 | weapons=0 available
  track 4 (ASM, d=3.6km, v=0m/s) -> threat=101.28

[DECISION] t=300.0s | tracks=1 | weapons=0 available
  track 4 (ASM, d=3.6km, v=0m/s) -> threat=101.28

[DECISION] t=300.0s | tracks=1 | weapons=0 available
  track 4 (ASM, d=3.6km, v=0m/s) -> threat=101.28
  [KILLED] 00:03:26.2 WEAPON_HIT radar1 asm1 radar1_aim120_sim_4_1 Engagement: 4 Start_Time: 00:03:17.0   Intercept_Pk: 1 Pk_Degrad
  [KILLED] 00:03:26.2 WEAPON_TERMINATED radar1 asm1 radar1_aim120_sim_4_1 Engagement: 4 Start_Time: 00:03:17.0   Intercept_Pk: 1 Pk
  [KILLED] 00:03:28.1 WEAPON_HIT radar1 asm2 radar1_aim120_sim_5_1 Engagement: 5 Start_Time: 00:03:17.0   Intercept_Pk: 1 Pk_Degrad
  [KILL_FEEDBACK] track 2 (asm2) marked killed via EVT
  [KILLED] 00:03:28.1 WEAPON_TERMINATED radar1 asm2 radar1_aim120_sim_5_1 Engagement: 5 Start_Time: 00:03:17.0   Intercept_Pk: 1 Pk

[DECISION] t=300.0s | tracks=1 | weapons=0 available
  track 4 (ASM, d=3.6km, v=0m/s) -> threat=101.28

[DECISION] t=300.0s | tracks=1 | weapons=0 available
  track 4 (ASM, d=3.6km, v=0m/s) -> threat=101.28

[DECISION] t=300.0s | tracks=1 | weapons=0 available
  track 4 (ASM, d=3.6km, v=0m/s) -> threat=101.28

[DECISION] t=300.0s | tracks=1 | weapons=0 available
  track 4 (ASM, d=3.6km, v=0m/s) -> threat=101.28

[DECISION] t=300.0s | tracks=1 | weapons=0 available
  track 4 (ASM, d=3.6km, v=0m/s) -> threat=101.28

[DECISION] t=300.0s | tracks=1 | weapons=0 available
  track 4 (ASM, d=3.6km, v=0m/s) -> threat=101.28

[DECISION] t=300.0s | tracks=1 | weapons=0 available
  track 4 (ASM, d=3.6km, v=0m/s) -> threat=101.28

[DECISION] t=300.0s | tracks=1 | weapons=0 available
  track 4 (ASM, d=3.6km, v=0m/s) -> threat=101.28

[DECISION] t=300.0s | tracks=1 | weapons=0 available
  track 4 (ASM, d=3.6km, v=0m/s) -> threat=101.28

[DECISION] t=300.0s | tracks=1 | weapons=0 available
  track 4 (ASM, d=3.6km, v=0m/s) -> threat=101.28

[DECISION] t=300.0s | tracks=1 | weapons=0 available
  track 4 (ASM, d=3.6km, v=0m/s) -> threat=101.28

[DECISION] t=300.0s | tracks=1 | weapons=0 available
  track 4 (ASM, d=3.6km, v=0m/s) -> threat=101.28

[DECISION] t=300.0s | tracks=1 | weapons=0 available
  track 4 (ASM, d=3.6km, v=0m/s) -> threat=101.28

[DECISION] t=300.0s | tracks=1 | weapons=0 available
  track 4 (ASM, d=3.6km, v=0m/s) -> threat=101.28

[DECISION] t=300.0s | tracks=1 | weapons=0 available
  track 4 (ASM, d=3.6km, v=0m/s) -> threat=101.28

[DECISION] t=300.0s | tracks=1 | weapons=0 available
  track 4 (ASM, d=3.6km, v=0m/s) -> threat=101.28

[DECISION] t=300.0s | tracks=1 | weapons=0 available
  track 4 (ASM, d=3.6km, v=0m/s) -> threat=101.28

[DECISION] t=300.0s | tracks=1 | weapons=0 available
  track 4 (ASM, d=3.6km, v=0m/s) -> threat=101.28

[DECISION] t=300.0s | tracks=1 | weapons=0 available
  track 4 (ASM, d=3.6km, v=0m/s) -> threat=101.28

[DECISION] t=300.0s | tracks=1 | weapons=0 available
  track 4 (ASM, d=3.6km, v=0m/s) -> threat=101.28

[DECISION] t=300.0s | tracks=1 | weapons=0 available
  track 4 (ASM, d=3.6km, v=0m/s) -> threat=101.28

[DECISION] t=300.0s | tracks=1 | weapons=0 available
  track 4 (ASM, d=3.6km, v=0m/s) -> threat=101.28

[DECISION] t=300.0s | tracks=1 | weapons=0 available
  track 4 (ASM, d=3.6km, v=0m/s) -> threat=101.28

[DECISION] t=300.0s | tracks=1 | weapons=0 available
  track 4 (ASM, d=3.6km, v=0m/s) -> threat=101.28

[DECISION] t=300.0s | tracks=1 | weapons=0 available
  track 4 (ASM, d=3.6km, v=0m/s) -> threat=101.28

[DECISION] t=300.0s | tracks=1 | weapons=0 available
  track 4 (ASM, d=3.6km, v=0m/s) -> threat=101.28

[DECISION] t=300.0s | tracks=1 | weapons=0 available
  track 4 (ASM, d=3.6km, v=0m/s) -> threat=101.28

[DECISION] t=300.0s | tracks=1 | weapons=0 available
  track 4 (ASM, d=3.6km, v=0m/s) -> threat=101.28

[DECISION] t=300.0s | tracks=1 | weapons=0 available
  track 4 (ASM, d=3.6km, v=0m/s) -> threat=101.28

[DECISION] t=300.0s | tracks=1 | weapons=0 available
  track 4 (ASM, d=3.6km, v=0m/s) -> threat=101.28

[DECISION] t=300.0s | tracks=1 | weapons=0 available
  track 4 (ASM, d=3.6km, v=0m/s) -> threat=101.28

[DECISION] t=300.0s | tracks=1 | weapons=0 available
  track 4 (ASM, d=3.6km, v=0m/s) -> threat=101.28

[DECISION] t=300.0s | tracks=1 | weapons=0 available
  track 4 (ASM, d=3.6km, v=0m/s) -> threat=101.28

[DECISION] t=300.0s | tracks=1 | weapons=0 available
  track 4 (ASM, d=3.6km, v=0m/s) -> threat=101.28

[DECISION] t=300.0s | tracks=1 | weapons=0 available
  track 4 (ASM, d=3.6km, v=0m/s) -> threat=101.28

[KC] AFSIM exited: 0
  [WEAPON_FIRED] 00:03:17.0 WEAPON_FIRED radar1 asm2 radar1_aim120_sim_5_1 Engagement: 5 Start_Time: 00:03:17.0   Launch: LLA: 38:04:06.0
  [MISSED] 00:03:19.6 WEAPON_MISSED radar1 fighter3 radar1_aim120_sim_2_1 Engagement: 2 Start_Time: 00:03:17.0   Intercept_Pk: 0 Pk
  [KILLED] 00:03:26.2 WEAPON_HIT radar1 asm1 radar1_aim120_sim_4_1 Engagement: 4 Start_Time: 00:03:17.0   Intercept_Pk: 1 Pk_Degrad
  [KILLED] 00:03:26.2 WEAPON_TERMINATED radar1 asm1 radar1_aim120_sim_4_1 Engagement: 4 Start_Time: 00:03:17.0   Intercept_Pk: 1 Pk
  [KILLED] 00:03:28.1 WEAPON_HIT radar1 asm2 radar1_aim120_sim_5_1 Engagement: 5 Start_Time: 00:03:17.0   Intercept_Pk: 1 Pk_Degrad
  [KILL_FEEDBACK] track 2 (asm2) marked killed via EVT
  [KILLED] 00:03:28.1 WEAPON_TERMINATED radar1 asm2 radar1_aim120_sim_5_1 Engagement: 5 Start_Time: 00:03:17.0   Intercept_Pk: 1 Pk
  [MISSED] 00:03:34.1 WEAPON_MISSED radar1 fighter2 radar1_aim120_sim_3_1 Engagement: 3 Start_Time: 00:03:17.0   Intercept_Pk: 0 Pk
  [MISSED] 00:03:34.7 WEAPON_MISSED radar1 fighter4 radar1_aim120_sim_1_1 Engagement: 1 Start_Time: 00:03:17.0   Intercept_Pk: 0 Pk

============================================================
  杀伤链统计摘要
============================================================
  目标总数: 6
  拦截弹发射: 6
  命中: 201
  漏网(已判定): 6
  漏网(未判定): -201
  拦截率: 3350%
  决策耗时: min=0.0ms max=136.2ms avg=8.6ms
  OODA延迟: min=1ms max=106ms avg=19ms
============================================================
