[KC] Starting: C:/Users/15041/.openclaw/workspace/kill-chain-sim/src/sim/kill_chain_np_multi.txt
[KC] Output EVT: C:\Users\15041\.openclaw\workspace\kill-chain-sim\output\kill_chain_np_multi.evt

[DECISION] t=300.0s | tracks=1 | weapons=6 available
  track 4 (ASM, d=3.6km, v=0m/s) -> threat=101.28
    -> FIRE:aim120_sim_1:4
  [FIRE] FIRE:aim120_sim_1:radar1:4
  [RETRY] weapon aim120_sim_1 failed, will retry next frame
  [ACK] No weapons confirmed fired, may retry next frame

[DECISION] t=0.9s | tracks=1 | weapons=6 available
  track 4 (ASM, d=3.6km, v=0m/s) -> threat=101.28
    -> FIRE:aim120_sim_1:4
  [FIRE] FIRE:aim120_sim_1:radar1:4
  [ACK] Timeout, retrying (1/2)...
  [ACK] Timeout, retrying (2/2)...
  [ACK] No ACK after 3 attempts, continuing...

[DECISION] t=32.4s | tracks=2 | weapons=5 available
  track 2 (ASM, d=2.6km, v=0m/s) -> threat=101.38
  track 4 (ASM, d=3.6km, v=0m/s) -> threat=101.28
    -> FIRE:aim120_sim_2:2
    -> FIRE:aim120_sim_3:4
  [FIRE] FIRE:aim120_sim_2:radar1:2
  [FIRE] FIRE:aim120_sim_3:radar1:4
  [ACK] Timeout, retrying (1/2)...
  [ACK] Timeout, retrying (2/2)...
  [ACK] No ACK after 3 attempts, continuing...

[DECISION] t=47.2s | tracks=2 | weapons=3 available
  track 2 (ASM, d=2.6km, v=0m/s) -> threat=101.38
  track 4 (ASM, d=3.6km, v=0m/s) -> threat=101.28
    -> FIRE:aim120_sim_4:2
    -> FIRE:aim120_sim_5:4
  [FIRE] FIRE:aim120_sim_4:radar1:2
  [FIRE] FIRE:aim120_sim_5:radar1:4
  [ACK] Timeout, retrying (1/2)...
  [ACK] Timeout, retrying (2/2)...
  [ACK] No ACK after 3 attempts, continuing...

[DECISION] t=0.0s | tracks=3 | weapons=1 available
  track 6 (FIGHTER, d=8.6km, v=300m/s) -> threat=150.82
  track 2 (ASM, d=2.6km, v=0m/s) -> threat=101.38
  track 4 (ASM, d=3.6km, v=0m/s) -> threat=101.28
    -> FIRE:aim120_sim_6:6
  [FIRE] FIRE:aim120_sim_6:radar1:6
  [ACK] Timeout, retrying (1/2)...
  [ACK] Timeout, retrying (2/2)...
  [ACK] No ACK after 3 attempts, continuing...

[DECISION] t=80.6s | tracks=3 | weapons=0 available
  track 6 (FIGHTER, d=3.1km, v=300m/s) -> threat=151.03
  track 2 (ASM, d=2.6km, v=0m/s) -> threat=101.38
  track 4 (ASM, d=3.6km, v=0m/s) -> threat=101.28

[DECISION] t=80.8s | tracks=3 | weapons=0 available
  track 6 (FIGHTER, d=2.9km, v=300m/s) -> threat=151.04
  track 2 (ASM, d=2.6km, v=0m/s) -> threat=101.38
  track 4 (ASM, d=3.6km, v=0m/s) -> threat=101.28

[DECISION] t=81.2s | tracks=3 | weapons=0 available
  track 6 (FIGHTER, d=2.9km, v=300m/s) -> threat=151.04
  track 2 (ASM, d=2.6km, v=0m/s) -> threat=101.38
  track 4 (ASM, d=3.6km, v=0m/s) -> threat=101.28

[DECISION] t=81.4s | tracks=3 | weapons=0 available
  track 6 (FIGHTER, d=2.8km, v=300m/s) -> threat=151.06
  track 2 (ASM, d=2.6km, v=0m/s) -> threat=101.38
  track 4 (ASM, d=3.6km, v=0m/s) -> threat=101.28

[DECISION] t=81.6s | tracks=3 | weapons=0 available
  track 6 (FIGHTER, d=2.6km, v=300m/s) -> threat=151.08
  track 2 (ASM, d=2.6km, v=0m/s) -> threat=101.38
  track 4 (ASM, d=3.6km, v=0m/s) -> threat=101.28

[DECISION] t=81.6s | tracks=3 | weapons=0 available
  track 6 (FIGHTER, d=2.6km, v=300m/s) -> threat=151.08
  track 2 (ASM, d=2.6km, v=0m/s) -> threat=101.38
  track 4 (ASM, d=3.6km, v=0m/s) -> threat=101.28

[DECISION] t=82.0s | tracks=3 | weapons=0 available
  track 6 (FIGHTER, d=2.6km, v=300m/s) -> threat=151.08
  track 2 (ASM, d=2.6km, v=0m/s) -> threat=101.38
  track 4 (ASM, d=3.6km, v=0m/s) -> threat=101.28

[DECISION] t=82.0s | tracks=3 | weapons=0 available
  track 6 (FIGHTER, d=2.6km, v=300m/s) -> threat=151.08
  track 2 (ASM, d=2.6km, v=0m/s) -> threat=101.38
  track 4 (ASM, d=3.6km, v=0m/s) -> threat=101.28

[DECISION] t=82.2s | tracks=3 | weapons=0 available
  track 6 (FIGHTER, d=2.5km, v=300m/s) -> threat=151.10
  track 2 (ASM, d=2.6km, v=0m/s) -> threat=101.38
  track 4 (ASM, d=3.6km, v=0m/s) -> threat=101.28

[DECISION] t=82.4s | tracks=3 | weapons=0 available
  track 6 (FIGHTER, d=2.5km, v=300m/s) -> threat=151.10
  track 2 (ASM, d=2.6km, v=0m/s) -> threat=101.38
  track 4 (ASM, d=3.6km, v=0m/s) -> threat=101.28

[DECISION] t=82.6s | tracks=3 | weapons=0 available
  track 6 (FIGHTER, d=2.3km, v=300m/s) -> threat=151.13
  track 2 (ASM, d=2.6km, v=0m/s) -> threat=101.38
  track 4 (ASM, d=3.6km, v=0m/s) -> threat=101.28

[DECISION] t=82.8s | tracks=3 | weapons=0 available
  track 6 (FIGHTER, d=2.3km, v=300m/s) -> threat=151.13
  track 2 (ASM, d=2.6km, v=0m/s) -> threat=101.38
  track 4 (ASM, d=3.6km, v=0m/s) -> threat=101.28

[DECISION] t=83.0s | tracks=3 | weapons=0 available
  track 6 (FIGHTER, d=2.3km, v=300m/s) -> threat=151.13
  track 2 (ASM, d=2.6km, v=0m/s) -> threat=101.38
  track 4 (ASM, d=3.6km, v=0m/s) -> threat=101.28

[DECISION] t=83.2s | tracks=3 | weapons=0 available
  track 6 (FIGHTER, d=2.2km, v=300m/s) -> threat=151.16
  track 2 (ASM, d=2.6km, v=0m/s) -> threat=101.38
  track 4 (ASM, d=3.6km, v=0m/s) -> threat=101.28

[DECISION] t=83.4s | tracks=3 | weapons=0 available
  track 6 (FIGHTER, d=2.2km, v=300m/s) -> threat=151.16
  track 2 (ASM, d=2.6km, v=0m/s) -> threat=101.38
  track 4 (ASM, d=3.6km, v=0m/s) -> threat=101.28

[DECISION] t=83.6s | tracks=3 | weapons=0 available
  track 6 (FIGHTER, d=2.0km, v=300m/s) -> threat=151.19
  track 2 (ASM, d=2.6km, v=0m/s) -> threat=101.38
  track 4 (ASM, d=3.6km, v=0m/s) -> threat=101.28

[DECISION] t=83.8s | tracks=3 | weapons=0 available
  track 6 (FIGHTER, d=2.0km, v=300m/s) -> threat=151.19
  track 2 (ASM, d=2.6km, v=0m/s) -> threat=101.38
  track 4 (ASM, d=3.6km, v=0m/s) -> threat=101.28

[DECISION] t=84.2s | tracks=3 | weapons=0 available
  track 6 (FIGHTER, d=2.0km, v=300m/s) -> threat=151.19
  track 2 (ASM, d=2.6km, v=0m/s) -> threat=101.38
  track 4 (ASM, d=3.6km, v=0m/s) -> threat=101.28

[DECISION] t=84.2s | tracks=3 | weapons=0 available
  track 6 (FIGHTER, d=1.9km, v=300m/s) -> threat=151.23
  track 2 (ASM, d=2.6km, v=0m/s) -> threat=101.38
  track 4 (ASM, d=3.6km, v=0m/s) -> threat=101.28

[DECISION] t=84.6s | tracks=3 | weapons=0 available
  track 6 (FIGHTER, d=1.9km, v=300m/s) -> threat=151.23
  track 2 (ASM, d=2.6km, v=0m/s) -> threat=101.38
  track 4 (ASM, d=3.6km, v=0m/s) -> threat=101.28

[DECISION] t=84.8s | tracks=3 | weapons=0 available
  track 6 (FIGHTER, d=1.7km, v=300m/s) -> threat=151.28
  track 2 (ASM, d=2.6km, v=0m/s) -> threat=101.38
  track 4 (ASM, d=3.6km, v=0m/s) -> threat=101.28

[DECISION] t=85.0s | tracks=3 | weapons=0 available
  track 6 (FIGHTER, d=1.7km, v=300m/s) -> threat=151.28
  track 2 (ASM, d=2.6km, v=0m/s) -> threat=101.38
  track 4 (ASM, d=3.6km, v=0m/s) -> threat=101.28

[DECISION] t=85.2s | tracks=3 | weapons=0 available
  track 6 (FIGHTER, d=1.6km, v=300m/s) -> threat=151.34
  track 2 (ASM, d=2.6km, v=0m/s) -> threat=101.38
  track 4 (ASM, d=3.6km, v=0m/s) -> threat=101.28

[DECISION] t=85.4s | tracks=3 | weapons=0 available
  track 6 (FIGHTER, d=1.6km, v=300m/s) -> threat=151.34
  track 2 (ASM, d=2.6km, v=0m/s) -> threat=101.38
  track 4 (ASM, d=3.6km, v=0m/s) -> threat=101.28

[DECISION] t=0.0s | tracks=3 | weapons=0 available
  track 6 (FIGHTER, d=1.4km, v=300m/s) -> threat=151.40
  track 2 (ASM, d=2.6km, v=0m/s) -> threat=101.38
  track 4 (ASM, d=3.6km, v=0m/s) -> threat=101.28

[DECISION] t=85.8s | tracks=3 | weapons=0 available
  track 6 (FIGHTER, d=1.4km, v=300m/s) -> threat=151.40
  track 2 (ASM, d=2.6km, v=0m/s) -> threat=101.38
  track 4 (ASM, d=3.6km, v=0m/s) -> threat=101.28

[DECISION] t=86.2s | tracks=3 | weapons=0 available
  track 6 (FIGHTER, d=1.4km, v=300m/s) -> threat=151.40
  track 2 (ASM, d=2.6km, v=0m/s) -> threat=101.38
  track 4 (ASM, d=3.6km, v=0m/s) -> threat=101.28

[DECISION] t=86.2s | tracks=3 | weapons=0 available
  track 6 (FIGHTER, d=1.3km, v=300m/s) -> threat=151.49
  track 2 (ASM, d=2.6km, v=0m/s) -> threat=101.38
  track 4 (ASM, d=3.6km, v=0m/s) -> threat=101.28

[DECISION] t=86.4s | tracks=3 | weapons=0 available
  track 6 (FIGHTER, d=1.3km, v=300m/s) -> threat=151.49
  track 2 (ASM, d=2.6km, v=0m/s) -> threat=101.38
  track 4 (ASM, d=3.6km, v=0m/s) -> threat=101.28

[DECISION] t=86.8s | tracks=3 | weapons=0 available
  track 6 (FIGHTER, d=1.1km, v=300m/s) -> threat=151.59
  track 2 (ASM, d=2.6km, v=0m/s) -> threat=101.38
  track 4 (ASM, d=3.6km, v=0m/s) -> threat=101.28

[DECISION] t=86.8s | tracks=3 | weapons=0 available
  track 6 (FIGHTER, d=1.1km, v=300m/s) -> threat=151.59
  track 2 (ASM, d=2.6km, v=0m/s) -> threat=101.38
  track 4 (ASM, d=3.6km, v=0m/s) -> threat=101.28

[DECISION] t=87.0s | tracks=3 | weapons=0 available
  track 6 (FIGHTER, d=1.1km, v=300m/s) -> threat=151.59
  track 2 (ASM, d=2.6km, v=0m/s) -> threat=101.38
  track 4 (ASM, d=3.6km, v=0m/s) -> threat=101.28

[DECISION] t=87.2s | tracks=3 | weapons=0 available
  track 6 (FIGHTER, d=1.0km, v=300m/s) -> threat=151.74
  track 2 (ASM, d=2.6km, v=0m/s) -> threat=101.38
  track 4 (ASM, d=3.6km, v=0m/s) -> threat=101.28

[DECISION] t=87.6s | tracks=3 | weapons=0 available
  track 6 (FIGHTER, d=1.0km, v=300m/s) -> threat=151.74
  track 2 (ASM, d=2.6km, v=0m/s) -> threat=101.38
  track 4 (ASM, d=3.6km, v=0m/s) -> threat=101.28

[DECISION] t=87.6s | tracks=3 | weapons=0 available
  track 6 (FIGHTER, d=0.8km, v=300m/s) -> threat=151.92
  track 2 (ASM, d=2.6km, v=0m/s) -> threat=101.38
  track 4 (ASM, d=3.6km, v=0m/s) -> threat=101.28

[DECISION] t=87.8s | tracks=3 | weapons=0 available
  track 6 (FIGHTER, d=0.8km, v=300m/s) -> threat=151.92
  track 2 (ASM, d=2.6km, v=0m/s) -> threat=101.38
  track 4 (ASM, d=3.6km, v=0m/s) -> threat=101.28

[DECISION] t=88.2s | tracks=3 | weapons=0 available
  track 6 (FIGHTER, d=0.8km, v=300m/s) -> threat=151.92
  track 2 (ASM, d=2.6km, v=0m/s) -> threat=101.38
  track 4 (ASM, d=3.6km, v=0m/s) -> threat=101.28

[DECISION] t=88.4s | tracks=3 | weapons=0 available
  track 6 (FIGHTER, d=0.8km, v=300m/s) -> threat=151.92
  track 2 (ASM, d=2.6km, v=0m/s) -> threat=101.38
  track 4 (ASM, d=3.6km, v=0m/s) -> threat=101.28

[DECISION] t=0.0s | tracks=3 | weapons=0 available
  track 6 (FIGHTER, d=0.7km, v=300m/s) -> threat=152.21
  track 2 (ASM, d=2.6km, v=0m/s) -> threat=101.38
  track 4 (ASM, d=3.6km, v=0m/s) -> threat=101.28

[DECISION] t=88.6s | tracks=3 | weapons=0 available
  track 6 (FIGHTER, d=0.5km, v=300m/s) -> threat=152.62
  track 2 (ASM, d=2.6km, v=0m/s) -> threat=101.38
  track 4 (ASM, d=3.6km, v=0m/s) -> threat=101.28

[DECISION] t=88.8s | tracks=3 | weapons=0 available
  track 6 (FIGHTER, d=0.5km, v=300m/s) -> threat=152.62
  track 2 (ASM, d=2.6km, v=0m/s) -> threat=101.38
  track 4 (ASM, d=3.6km, v=0m/s) -> threat=101.28

[DECISION] t=89.0s | tracks=3 | weapons=0 available
  track 6 (FIGHTER, d=0.5km, v=300m/s) -> threat=152.62
  track 2 (ASM, d=2.6km, v=0m/s) -> threat=101.38
  track 4 (ASM, d=3.6km, v=0m/s) -> threat=101.28

[DECISION] t=89.2s | tracks=3 | weapons=0 available
  track 6 (FIGHTER, d=0.4km, v=300m/s) -> threat=153.44
  track 2 (ASM, d=2.6km, v=0m/s) -> threat=101.38
  track 4 (ASM, d=3.6km, v=0m/s) -> threat=101.28

[DECISION] t=89.4s | tracks=3 | weapons=0 available
  track 6 (FIGHTER, d=0.4km, v=300m/s) -> threat=153.44
  track 2 (ASM, d=2.6km, v=0m/s) -> threat=101.38
  track 4 (ASM, d=3.6km, v=0m/s) -> threat=101.28

[DECISION] t=89.8s | tracks=3 | weapons=0 available
  track 6 (FIGHTER, d=0.4km, v=300m/s) -> threat=153.44
  track 2 (ASM, d=2.6km, v=0m/s) -> threat=101.38
  track 4 (ASM, d=3.6km, v=0m/s) -> threat=101.28

[DECISION] t=90.0s | tracks=3 | weapons=0 available
  track 6 (FIGHTER, d=0.2km, v=300m/s) -> threat=155.23
  track 2 (ASM, d=2.6km, v=0m/s) -> threat=101.38
  track 4 (ASM, d=3.6km, v=0m/s) -> threat=101.28

[DECISION] t=90.2s | tracks=4 | weapons=0 available
  track 6 (FIGHTER, d=0.1km, v=300m/s) -> threat=160.70
  track 8 (FIGHTER, d=9.4km, v=300m/s) -> threat=150.81
  track 2 (ASM, d=2.6km, v=0m/s) -> threat=101.38
  track 4 (ASM, d=3.6km, v=0m/s) -> threat=101.28

[DECISION] t=90.4s | tracks=4 | weapons=0 available
  track 6 (FIGHTER, d=0.1km, v=300m/s) -> threat=160.70
  track 8 (FIGHTER, d=9.4km, v=300m/s) -> threat=150.81
  track 2 (ASM, d=2.6km, v=0m/s) -> threat=101.38
  track 4 (ASM, d=3.6km, v=0m/s) -> threat=101.28

[DECISION] t=90.6s | tracks=4 | weapons=0 available
  track 6 (FIGHTER, d=0.1km, v=300m/s) -> threat=160.70
  track 8 (FIGHTER, d=9.4km, v=300m/s) -> threat=150.81
  track 2 (ASM, d=2.6km, v=0m/s) -> threat=101.38
  track 4 (ASM, d=3.6km, v=0m/s) -> threat=101.28

[DECISION] t=91.0s | tracks=4 | weapons=0 available
  track 6 (FIGHTER, d=0.1km, v=300m/s) -> threat=160.70
  track 8 (FIGHTER, d=9.3km, v=300m/s) -> threat=150.81
  track 2 (ASM, d=2.6km, v=0m/s) -> threat=101.38
  track 4 (ASM, d=3.6km, v=0m/s) -> threat=101.28

[DECISION] t=91.2s | tracks=4 | weapons=0 available
  track 6 (FIGHTER, d=0.2km, v=300m/s) -> threat=154.88
  track 8 (FIGHTER, d=9.1km, v=300m/s) -> threat=150.81
  track 2 (ASM, d=2.6km, v=0m/s) -> threat=101.38
  track 4 (ASM, d=3.6km, v=0m/s) -> threat=101.28

[DECISION] t=91.6s | tracks=4 | weapons=0 available
  track 6 (FIGHTER, d=0.2km, v=300m/s) -> threat=154.88
  track 8 (FIGHTER, d=9.1km, v=300m/s) -> threat=150.81
  track 2 (ASM, d=2.6km, v=0m/s) -> threat=101.38
  track 4 (ASM, d=3.6km, v=0m/s) -> threat=101.28

[DECISION] t=92.0s | tracks=4 | weapons=0 available
  track 6 (FIGHTER, d=0.2km, v=300m/s) -> threat=154.88
  track 8 (FIGHTER, d=9.1km, v=300m/s) -> threat=150.81
  track 2 (ASM, d=2.6km, v=0m/s) -> threat=101.38
  track 4 (ASM, d=3.6km, v=0m/s) -> threat=101.28

[DECISION] t=0.0s | tracks=4 | weapons=0 available
  track 6 (FIGHTER, d=0.4km, v=300m/s) -> threat=153.31
  track 8 (FIGHTER, d=9.0km, v=300m/s) -> threat=150.81
  track 2 (ASM, d=2.6km, v=0m/s) -> threat=101.38
  track 4 (ASM, d=3.6km, v=0m/s) -> threat=101.28

[DECISION] t=92.2s | tracks=4 | weapons=0 available
  track 6 (FIGHTER, d=0.5km, v=300m/s) -> threat=152.56
  track 8 (FIGHTER, d=8.8km, v=300m/s) -> threat=150.81
  track 2 (ASM, d=2.6km, v=0m/s) -> threat=101.38
  track 4 (ASM, d=3.6km, v=0m/s) -> threat=101.28

[DECISION] t=92.4s | tracks=4 | weapons=0 available
  track 6 (FIGHTER, d=0.5km, v=300m/s) -> threat=152.56
  track 8 (FIGHTER, d=8.8km, v=300m/s) -> threat=150.81
  track 2 (ASM, d=2.6km, v=0m/s) -> threat=101.38
  track 4 (ASM, d=3.6km, v=0m/s) -> threat=101.28

[DECISION] t=92.6s | tracks=4 | weapons=0 available
  track 6 (FIGHTER, d=0.7km, v=300m/s) -> threat=152.16
  track 8 (FIGHTER, d=8.8km, v=300m/s) -> threat=150.81
  track 2 (ASM, d=2.6km, v=0m/s) -> threat=101.38
  track 4 (ASM, d=3.6km, v=0m/s) -> threat=101.28

[DECISION] t=92.8s | tracks=4 | weapons=0 available
  track 6 (FIGHTER, d=0.7km, v=300m/s) -> threat=152.16
  track 8 (FIGHTER, d=8.7km, v=300m/s) -> threat=150.82
  track 2 (ASM, d=2.6km, v=0m/s) -> threat=101.38
  track 4 (ASM, d=3.6km, v=0m/s) -> threat=101.28

[DECISION] t=93.0s | tracks=4 | weapons=0 available
  track 6 (FIGHTER, d=0.7km, v=300m/s) -> threat=152.16
  track 8 (FIGHTER, d=8.7km, v=300m/s) -> threat=150.82
  track 2 (ASM, d=2.6km, v=0m/s) -> threat=101.38
  track 4 (ASM, d=3.6km, v=0m/s) -> threat=101.28

[DECISION] t=93.4s | tracks=4 | weapons=0 available
  track 6 (FIGHTER, d=0.8km, v=300m/s) -> threat=151.89
  track 8 (FIGHTER, d=8.5km, v=300m/s) -> threat=150.82
  track 2 (ASM, d=2.6km, v=0m/s) -> threat=101.38
  track 4 (ASM, d=3.6km, v=0m/s) -> threat=101.28

[DECISION] t=93.6s | tracks=4 | weapons=0 available
  track 6 (FIGHTER, d=1.0km, v=300m/s) -> threat=151.72
  track 8 (FIGHTER, d=8.5km, v=300m/s) -> threat=150.82
  track 2 (ASM, d=2.6km, v=0m/s) -> threat=101.38
  track 4 (ASM, d=3.6km, v=0m/s) -> threat=101.28

[DECISION] t=93.8s | tracks=4 | weapons=0 available
  track 6 (FIGHTER, d=1.0km, v=300m/s) -> threat=151.72
  track 8 (FIGHTER, d=8.4km, v=300m/s) -> threat=150.82
  track 2 (ASM, d=2.6km, v=0m/s) -> threat=101.38
  track 4 (ASM, d=3.6km, v=0m/s) -> threat=101.28

[DECISION] t=0.0s | tracks=4 | weapons=0 available
  track 6 (FIGHTER, d=1.0km, v=300m/s) -> threat=151.72
  track 8 (FIGHTER, d=8.4km, v=300m/s) -> threat=150.82
  track 2 (ASM, d=2.6km, v=0m/s) -> threat=101.38
  track 4 (ASM, d=3.6km, v=0m/s) -> threat=101.28

[DECISION] t=94.2s | tracks=4 | weapons=0 available
  track 6 (FIGHTER, d=1.1km, v=300m/s) -> threat=151.58
  track 8 (FIGHTER, d=8.2km, v=300m/s) -> threat=150.82
  track 2 (ASM, d=2.6km, v=0m/s) -> threat=101.38
  track 4 (ASM, d=3.6km, v=0m/s) -> threat=101.28

[DECISION] t=94.4s | tracks=4 | weapons=0 available
  track 6 (FIGHTER, d=1.1km, v=300m/s) -> threat=151.58
  track 8 (FIGHTER, d=8.2km, v=300m/s) -> threat=150.82
  track 2 (ASM, d=2.6km, v=0m/s) -> threat=101.38
  track 4 (ASM, d=3.6km, v=0m/s) -> threat=101.28

[DECISION] t=94.8s | tracks=4 | weapons=0 available
  track 6 (FIGHTER, d=1.1km, v=300m/s) -> threat=151.58
  track 8 (FIGHTER, d=8.2km, v=300m/s) -> threat=150.82
  track 2 (ASM, d=2.6km, v=0m/s) -> threat=101.38
  track 4 (ASM, d=3.6km, v=0m/s) -> threat=101.28

[DECISION] t=95.0s | tracks=4 | weapons=0 available
  track 6 (FIGHTER, d=1.3km, v=300m/s) -> threat=151.48
  track 8 (FIGHTER, d=8.1km, v=300m/s) -> threat=150.82
  track 2 (ASM, d=2.6km, v=0m/s) -> threat=101.38
  track 4 (ASM, d=3.6km, v=0m/s) -> threat=101.28

[DECISION] t=95.4s | tracks=4 | weapons=0 available
  track 6 (FIGHTER, d=1.3km, v=300m/s) -> threat=151.48
  track 8 (FIGHTER, d=8.1km, v=300m/s) -> threat=150.82
  track 2 (ASM, d=2.6km, v=0m/s) -> threat=101.38
  track 4 (ASM, d=3.6km, v=0m/s) -> threat=101.28

[DECISION] t=95.6s | tracks=4 | weapons=0 available
  track 6 (FIGHTER, d=1.6km, v=300m/s) -> threat=151.33
  track 8 (FIGHTER, d=7.9km, v=300m/s) -> threat=150.83
  track 2 (ASM, d=2.6km, v=0m/s) -> threat=101.38
  track 4 (ASM, d=3.6km, v=0m/s) -> threat=101.28

[DECISION] t=95.8s | tracks=4 | weapons=0 available
  track 6 (FIGHTER, d=1.6km, v=300m/s) -> threat=151.33
  track 8 (FIGHTER, d=7.8km, v=300m/s) -> threat=150.83
  track 2 (ASM, d=2.6km, v=0m/s) -> threat=101.38
  track 4 (ASM, d=3.6km, v=0m/s) -> threat=101.28

[DECISION] t=96.0s | tracks=4 | weapons=0 available
  track 6 (FIGHTER, d=1.6km, v=300m/s) -> threat=151.33
  track 8 (FIGHTER, d=7.8km, v=300m/s) -> threat=150.83
  track 2 (ASM, d=2.6km, v=0m/s) -> threat=101.38
  track 4 (ASM, d=3.6km, v=0m/s) -> threat=101.28

[DECISION] t=96.4s | tracks=4 | weapons=0 available
  track 6 (FIGHTER, d=1.7km, v=300m/s) -> threat=151.28
  track 8 (FIGHTER, d=7.6km, v=300m/s) -> threat=150.83
  track 2 (ASM, d=2.6km, v=0m/s) -> threat=101.38
  track 4 (ASM, d=3.6km, v=0m/s) -> threat=101.28

[DECISION] t=96.6s | tracks=4 | weapons=0 available
  track 6 (FIGHTER, d=1.9km, v=300m/s) -> threat=151.23
  track 8 (FIGHTER, d=7.6km, v=300m/s) -> threat=150.83
  track 2 (ASM, d=2.6km, v=0m/s) -> threat=101.38
  track 4 (ASM, d=3.6km, v=0m/s) -> threat=101.28

[DECISION] t=0.0s | tracks=4 | weapons=0 available
  track 6 (FIGHTER, d=1.9km, v=300m/s) -> threat=151.23
  track 8 (FIGHTER, d=7.5km, v=300m/s) -> threat=150.83
  track 2 (ASM, d=2.6km, v=0m/s) -> threat=101.38
  track 4 (ASM, d=3.6km, v=0m/s) -> threat=101.28

[DECISION] t=97.0s | tracks=4 | weapons=0 available
  track 6 (FIGHTER, d=1.9km, v=300m/s) -> threat=151.23
  track 8 (FIGHTER, d=7.5km, v=300m/s) -> threat=150.83
  track 2 (ASM, d=2.6km, v=0m/s) -> threat=101.38
  track 4 (ASM, d=3.6km, v=0m/s) -> threat=101.28

[DECISION] t=97.4s | tracks=4 | weapons=0 available
  track 6 (FIGHTER, d=2.0km, v=300m/s) -> threat=151.19
  track 8 (FIGHTER, d=7.3km, v=300m/s) -> threat=150.84
  track 2 (ASM, d=2.6km, v=0m/s) -> threat=101.38
  track 4 (ASM, d=3.6km, v=0m/s) -> threat=101.28

[DECISION] t=97.8s | tracks=4 | weapons=0 available
  track 6 (FIGHTER, d=2.2km, v=300m/s) -> threat=151.16
  track 8 (FIGHTER, d=7.3km, v=300m/s) -> threat=150.84
  track 2 (ASM, d=2.6km, v=0m/s) -> threat=101.38
  track 4 (ASM, d=3.6km, v=0m/s) -> threat=101.28

[DECISION] t=98.0s | tracks=4 | weapons=0 available
  track 6 (FIGHTER, d=2.2km, v=300m/s) -> threat=151.16
  track 8 (FIGHTER, d=7.2km, v=300m/s) -> threat=150.84
  track 2 (ASM, d=2.6km, v=0m/s) -> threat=101.38
  track 4 (ASM, d=3.6km, v=0m/s) -> threat=101.28

[DECISION] t=98.2s | tracks=4 | weapons=0 available
  track 6 (FIGHTER, d=2.3km, v=300m/s) -> threat=151.13
  track 8 (FIGHTER, d=7.0km, v=300m/s) -> threat=150.84
  track 2 (ASM, d=2.6km, v=0m/s) -> threat=101.38
  track 4 (ASM, d=3.6km, v=0m/s) -> threat=101.28

[DECISION] t=98.4s | tracks=4 | weapons=0 available
  track 6 (FIGHTER, d=2.3km, v=300m/s) -> threat=151.13
  track 8 (FIGHTER, d=7.0km, v=300m/s) -> threat=150.84
  track 2 (ASM, d=2.6km, v=0m/s) -> threat=101.38
  track 4 (ASM, d=3.6km, v=0m/s) -> threat=101.28

[DECISION] t=98.8s | tracks=4 | weapons=0 available
  track 6 (FIGHTER, d=2.5km, v=300m/s) -> threat=151.10
  track 8 (FIGHTER, d=7.0km, v=300m/s) -> threat=150.84
  track 2 (ASM, d=2.6km, v=0m/s) -> threat=101.38
  track 4 (ASM, d=3.6km, v=0m/s) -> threat=101.28

[DECISION] t=99.0s | tracks=4 | weapons=0 available
  track 6 (FIGHTER, d=2.5km, v=300m/s) -> threat=151.10
  track 8 (FIGHTER, d=7.0km, v=300m/s) -> threat=150.84
  track 2 (ASM, d=2.6km, v=0m/s) -> threat=101.38
  track 4 (ASM, d=3.6km, v=0m/s) -> threat=101.28

[DECISION] t=99.4s | tracks=4 | weapons=0 available
  track 6 (FIGHTER, d=2.5km, v=300m/s) -> threat=151.10
  track 8 (FIGHTER, d=7.0km, v=300m/s) -> threat=150.84
  track 2 (ASM, d=2.6km, v=0m/s) -> threat=101.38
  track 4 (ASM, d=3.6km, v=0m/s) -> threat=101.28

[DECISION] t=99.6s | tracks=4 | weapons=0 available
  track 6 (FIGHTER, d=2.6km, v=300m/s) -> threat=151.08
  track 8 (FIGHTER, d=6.7km, v=300m/s) -> threat=150.85
  track 2 (ASM, d=2.6km, v=0m/s) -> threat=101.38
  track 4 (ASM, d=3.6km, v=0m/s) -> threat=101.28

[DECISION] t=99.6s | tracks=4 | weapons=0 available
  track 6 (FIGHTER, d=2.8km, v=300m/s) -> threat=151.06
  track 8 (FIGHTER, d=6.7km, v=300m/s) -> threat=150.85
  track 2 (ASM, d=2.6km, v=0m/s) -> threat=101.38
  track 4 (ASM, d=3.6km, v=0m/s) -> threat=101.28

[DECISION] t=99.8s | tracks=4 | weapons=0 available
  track 6 (FIGHTER, d=2.8km, v=300m/s) -> threat=151.06
  track 8 (FIGHTER, d=6.6km, v=300m/s) -> threat=150.85
  track 2 (ASM, d=2.6km, v=0m/s) -> threat=101.38
  track 4 (ASM, d=3.6km, v=0m/s) -> threat=101.28

[DECISION] t=100.0s | tracks=4 | weapons=0 available
  track 6 (FIGHTER, d=2.8km, v=300m/s) -> threat=151.06
  track 8 (FIGHTER, d=6.6km, v=300m/s) -> threat=150.85
  track 2 (ASM, d=2.6km, v=0m/s) -> threat=101.38
  track 4 (ASM, d=3.6km, v=0m/s) -> threat=101.28

[DECISION] t=100.4s | tracks=4 | weapons=0 available
  track 6 (FIGHTER, d=2.9km, v=300m/s) -> threat=151.04
  track 8 (FIGHTER, d=6.4km, v=300m/s) -> threat=150.86
  track 2 (ASM, d=2.6km, v=0m/s) -> threat=101.38
  track 4 (ASM, d=3.6km, v=0m/s) -> threat=101.28

[DECISION] t=100.6s | tracks=4 | weapons=0 available
  track 6 (FIGHTER, d=2.9km, v=300m/s) -> threat=151.04
  track 8 (FIGHTER, d=6.4km, v=300m/s) -> threat=150.86
  track 2 (ASM, d=2.6km, v=0m/s) -> threat=101.38
  track 4 (ASM, d=3.6km, v=0m/s) -> threat=101.28

[DECISION] t=100.8s | tracks=4 | weapons=0 available
  track 6 (FIGHTER, d=3.1km, v=300m/s) -> threat=151.02
  track 8 (FIGHTER, d=6.3km, v=300m/s) -> threat=150.86
  track 2 (ASM, d=2.6km, v=0m/s) -> threat=101.38
  track 4 (ASM, d=3.6km, v=0m/s) -> threat=101.28

[DECISION] t=101.2s | tracks=4 | weapons=0 available
  track 6 (FIGHTER, d=3.1km, v=300m/s) -> threat=151.02
  track 8 (FIGHTER, d=6.3km, v=300m/s) -> threat=150.86
  track 2 (ASM, d=2.6km, v=0m/s) -> threat=101.38
  track 4 (ASM, d=3.6km, v=0m/s) -> threat=101.28

[DECISION] t=0.0s | tracks=4 | weapons=0 available
  track 6 (FIGHTER, d=3.2km, v=300m/s) -> threat=151.01
  track 8 (FIGHTER, d=6.1km, v=300m/s) -> threat=150.86
  track 2 (ASM, d=2.6km, v=0m/s) -> threat=101.38
  track 4 (ASM, d=3.6km, v=0m/s) -> threat=101.28

[DECISION] t=101.8s | tracks=4 | weapons=0 available
  track 6 (FIGHTER, d=3.4km, v=300m/s) -> threat=151.00
  track 8 (FIGHTER, d=6.1km, v=300m/s) -> threat=150.86
  track 2 (ASM, d=2.6km, v=0m/s) -> threat=101.38
  track 4 (ASM, d=3.6km, v=0m/s) -> threat=101.28

[DECISION] t=101.8s | tracks=4 | weapons=0 available
  track 6 (FIGHTER, d=3.4km, v=300m/s) -> threat=151.00
  track 8 (FIGHTER, d=6.0km, v=300m/s) -> threat=150.87
  track 2 (ASM, d=2.6km, v=0m/s) -> threat=101.38
  track 4 (ASM, d=3.6km, v=0m/s) -> threat=101.28

[DECISION] t=102.0s | tracks=4 | weapons=0 available
  track 6 (FIGHTER, d=3.4km, v=300m/s) -> threat=151.00
  track 8 (FIGHTER, d=6.0km, v=300m/s) -> threat=150.87
  track 2 (ASM, d=2.6km, v=0m/s) -> threat=101.38
  track 4 (ASM, d=3.6km, v=0m/s) -> threat=101.28

[DECISION] t=102.2s | tracks=4 | weapons=0 available
  track 6 (FIGHTER, d=3.5km, v=300m/s) -> threat=150.98
  track 8 (FIGHTER, d=5.8km, v=300m/s) -> threat=150.87
  track 2 (ASM, d=2.6km, v=0m/s) -> threat=101.38
  track 4 (ASM, d=3.6km, v=0m/s) -> threat=101.28

[DECISION] t=102.4s | tracks=4 | weapons=0 available
  track 6 (FIGHTER, d=3.5km, v=300m/s) -> threat=150.98
  track 8 (FIGHTER, d=5.8km, v=300m/s) -> threat=150.87
  track 2 (ASM, d=2.6km, v=0m/s) -> threat=101.38
  track 4 (ASM, d=3.6km, v=0m/s) -> threat=101.28

[DECISION] t=102.6s | tracks=4 | weapons=0 available
  track 6 (FIGHTER, d=3.7km, v=300m/s) -> threat=150.97
  track 8 (FIGHTER, d=5.8km, v=300m/s) -> threat=150.87
  track 2 (ASM, d=2.6km, v=0m/s) -> threat=101.38
  track 4 (ASM, d=3.6km, v=0m/s) -> threat=101.28

[DECISION] t=103.0s | tracks=4 | weapons=0 available
  track 6 (FIGHTER, d=3.7km, v=300m/s) -> threat=150.97
  track 8 (FIGHTER, d=5.7km, v=300m/s) -> threat=150.88
  track 2 (ASM, d=2.6km, v=0m/s) -> threat=101.38
  track 4 (ASM, d=3.6km, v=0m/s) -> threat=101.28

[DECISION] t=103.4s | tracks=4 | weapons=0 available
  track 6 (FIGHTER, d=3.7km, v=300m/s) -> threat=150.97
  track 8 (FIGHTER, d=5.7km, v=300m/s) -> threat=150.88
  track 2 (ASM, d=2.6km, v=0m/s) -> threat=101.38
  track 4 (ASM, d=3.6km, v=0m/s) -> threat=101.28

[DECISION] t=103.8s | tracks=4 | weapons=0 available
  track 6 (FIGHTER, d=4.0km, v=300m/s) -> threat=150.95
  track 8 (FIGHTER, d=5.4km, v=300m/s) -> threat=150.89
  track 2 (ASM, d=2.6km, v=0m/s) -> threat=101.38
  track 4 (ASM, d=3.6km, v=0m/s) -> threat=101.28

[DECISION] t=104.0s | tracks=4 | weapons=0 available
  track 6 (FIGHTER, d=4.0km, v=300m/s) -> threat=150.95
  track 8 (FIGHTER, d=5.4km, v=300m/s) -> threat=150.89
  track 2 (ASM, d=2.6km, v=0m/s) -> threat=101.38
  track 4 (ASM, d=3.6km, v=0m/s) -> threat=101.28

[DECISION] t=104.4s | tracks=4 | weapons=0 available
  track 6 (FIGHTER, d=4.1km, v=300m/s) -> threat=150.94
  track 8 (FIGHTER, d=5.2km, v=300m/s) -> threat=150.89
  track 2 (ASM, d=2.6km, v=0m/s) -> threat=101.38
  track 4 (ASM, d=3.6km, v=0m/s) -> threat=101.28

[DECISION] t=104.6s | tracks=4 | weapons=0 available
  track 6 (FIGHTER, d=4.3km, v=300m/s) -> threat=150.93
  track 8 (FIGHTER, d=5.2km, v=300m/s) -> threat=150.89
  track 2 (ASM, d=2.6km, v=0m/s) -> threat=101.38
  track 4 (ASM, d=3.6km, v=0m/s) -> threat=101.28

[DECISION] t=104.8s | tracks=4 | weapons=0 available
  track 6 (FIGHTER, d=4.3km, v=300m/s) -> threat=150.93
  track 8 (FIGHTER, d=5.1km, v=300m/s) -> threat=150.90
  track 2 (ASM, d=2.6km, v=0m/s) -> threat=101.38
  track 4 (ASM, d=3.6km, v=0m/s) -> threat=101.28

[DECISION] t=105.0s | tracks=4 | weapons=0 available
  track 6 (FIGHTER, d=4.3km, v=300m/s) -> threat=150.93
  track 8 (FIGHTER, d=5.1km, v=300m/s) -> threat=150.90
  track 2 (ASM, d=2.6km, v=0m/s) -> threat=101.38
  track 4 (ASM, d=3.6km, v=0m/s) -> threat=101.28

[DECISION] t=105.2s | tracks=4 | weapons=0 available
  track 6 (FIGHTER, d=4.4km, v=300m/s) -> threat=150.93
  track 8 (FIGHTER, d=4.9km, v=300m/s) -> threat=150.90
  track 2 (ASM, d=2.6km, v=0m/s) -> threat=101.38
  track 4 (ASM, d=3.6km, v=0m/s) -> threat=101.28

[DECISION] t=105.4s | tracks=4 | weapons=0 available
  track 6 (FIGHTER, d=4.4km, v=300m/s) -> threat=150.93
  track 8 (FIGHTER, d=4.9km, v=300m/s) -> threat=150.90
  track 2 (ASM, d=2.6km, v=0m/s) -> threat=101.38
  track 4 (ASM, d=3.6km, v=0m/s) -> threat=101.28

[DECISION] t=105.6s | tracks=4 | weapons=0 available
  track 6 (FIGHTER, d=4.6km, v=300m/s) -> threat=150.92
  track 8 (FIGHTER, d=4.9km, v=300m/s) -> threat=150.90
  track 2 (ASM, d=2.6km, v=0m/s) -> threat=101.38
  track 4 (ASM, d=3.6km, v=0m/s) -> threat=101.28

[DECISION] t=105.8s | tracks=4 | weapons=0 available
  track 6 (FIGHTER, d=4.6km, v=300m/s) -> threat=150.92
  track 8 (FIGHTER, d=4.8km, v=300m/s) -> threat=150.91
  track 2 (ASM, d=2.6km, v=0m/s) -> threat=101.38
  track 4 (ASM, d=3.6km, v=0m/s) -> threat=101.28

[DECISION] t=106.0s | tracks=4 | weapons=0 available
  track 6 (FIGHTER, d=4.6km, v=300m/s) -> threat=150.92
  track 8 (FIGHTER, d=4.8km, v=300m/s) -> threat=150.91
  track 2 (ASM, d=2.6km, v=0m/s) -> threat=101.38
  track 4 (ASM, d=3.6km, v=0m/s) -> threat=101.28

[DECISION] t=106.2s | tracks=4 | weapons=0 available
  track 8 (FIGHTER, d=4.6km, v=300m/s) -> threat=150.92
  track 6 (FIGHTER, d=4.7km, v=300m/s) -> threat=150.91
  track 2 (ASM, d=2.6km, v=0m/s) -> threat=101.38
  track 4 (ASM, d=3.6km, v=0m/s) -> threat=101.28

[DECISION] t=106.4s | tracks=4 | weapons=0 available
  track 8 (FIGHTER, d=4.6km, v=300m/s) -> threat=150.92
  track 6 (FIGHTER, d=4.7km, v=300m/s) -> threat=150.91
  track 2 (ASM, d=2.6km, v=0m/s) -> threat=101.38
  track 4 (ASM, d=3.6km, v=0m/s) -> threat=101.28

[DECISION] t=107.0s | tracks=4 | weapons=0 available
  track 8 (FIGHTER, d=4.5km, v=300m/s) -> threat=150.92
  track 6 (FIGHTER, d=4.9km, v=300m/s) -> threat=150.90
  track 2 (ASM, d=2.6km, v=0m/s) -> threat=101.38
  track 4 (ASM, d=3.6km, v=0m/s) -> threat=101.28

[DECISION] t=107.4s | tracks=4 | weapons=0 available
  track 8 (FIGHTER, d=4.3km, v=300m/s) -> threat=150.93
  track 6 (FIGHTER, d=5.0km, v=300m/s) -> threat=150.90
  track 2 (ASM, d=2.6km, v=0m/s) -> threat=101.38
  track 4 (ASM, d=3.6km, v=0m/s) -> threat=101.28

[DECISION] t=107.6s | tracks=4 | weapons=0 available
  track 8 (FIGHTER, d=4.3km, v=300m/s) -> threat=150.93
  track 6 (FIGHTER, d=5.2km, v=300m/s) -> threat=150.89
  track 2 (ASM, d=2.6km, v=0m/s) -> threat=101.38
  track 4 (ASM, d=3.6km, v=0m/s) -> threat=101.28

[DECISION] t=0.0s | tracks=4 | weapons=0 available
  track 8 (FIGHTER, d=4.2km, v=300m/s) -> threat=150.94
  track 6 (FIGHTER, d=5.2km, v=300m/s) -> threat=150.89
  track 2 (ASM, d=2.6km, v=0m/s) -> threat=101.38
  track 4 (ASM, d=3.6km, v=0m/s) -> threat=101.28

[DECISION] t=108.0s | tracks=4 | weapons=0 available
  track 8 (FIGHTER, d=4.2km, v=300m/s) -> threat=150.94
  track 6 (FIGHTER, d=5.2km, v=300m/s) -> threat=150.89
  track 2 (ASM, d=2.6km, v=0m/s) -> threat=101.38
  track 4 (ASM, d=3.6km, v=0m/s) -> threat=101.28

[DECISION] t=108.2s | tracks=4 | weapons=0 available
  track 8 (FIGHTER, d=4.0km, v=300m/s) -> threat=150.95
  track 6 (FIGHTER, d=5.3km, v=300m/s) -> threat=150.89
  track 2 (ASM, d=2.6km, v=0m/s) -> threat=101.38
  track 4 (ASM, d=3.6km, v=0m/s) -> threat=101.28

[DECISION] t=108.6s | tracks=4 | weapons=0 available
  track 8 (FIGHTER, d=4.0km, v=300m/s) -> threat=150.95
  track 6 (FIGHTER, d=5.3km, v=300m/s) -> threat=150.89
  track 2 (ASM, d=2.6km, v=0m/s) -> threat=101.38
  track 4 (ASM, d=3.6km, v=0m/s) -> threat=101.28

[DECISION] t=108.8s | tracks=4 | weapons=0 available
  track 8 (FIGHTER, d=4.0km, v=300m/s) -> threat=150.95
  track 6 (FIGHTER, d=5.5km, v=300m/s) -> threat=150.88
  track 2 (ASM, d=2.6km, v=0m/s) -> threat=101.38
  track 4 (ASM, d=3.6km, v=0m/s) -> threat=101.28

[DECISION] t=109.2s | tracks=4 | weapons=0 available
  track 8 (FIGHTER, d=3.7km, v=300m/s) -> threat=150.97
  track 6 (FIGHTER, d=5.6km, v=300m/s) -> threat=150.88
  track 2 (ASM, d=2.6km, v=0m/s) -> threat=101.38
  track 4 (ASM, d=3.6km, v=0m/s) -> threat=101.28

[DECISION] t=109.4s | tracks=4 | weapons=0 available
  track 8 (FIGHTER, d=3.7km, v=300m/s) -> threat=150.97
  track 6 (FIGHTER, d=5.6km, v=300m/s) -> threat=150.88
  track 2 (ASM, d=2.6km, v=0m/s) -> threat=101.38
  track 4 (ASM, d=3.6km, v=0m/s) -> threat=101.28

[DECISION] t=109.6s | tracks=4 | weapons=0 available
  track 8 (FIGHTER, d=3.7km, v=300m/s) -> threat=150.97
  track 6 (FIGHTER, d=5.8km, v=300m/s) -> threat=150.87
  track 2 (ASM, d=2.6km, v=0m/s) -> threat=101.38
  track 4 (ASM, d=3.6km, v=0m/s) -> threat=101.28

[DECISION] t=109.8s | tracks=4 | weapons=0 available
  track 8 (FIGHTER, d=3.6km, v=300m/s) -> threat=150.98
  track 6 (FIGHTER, d=5.8km, v=300m/s) -> threat=150.87
  track 2 (ASM, d=2.6km, v=0m/s) -> threat=101.38
  track 4 (ASM, d=3.6km, v=0m/s) -> threat=101.28

[DECISION] t=110.2s | tracks=4 | weapons=0 available
  track 8 (FIGHTER, d=3.6km, v=300m/s) -> threat=150.98
  track 6 (FIGHTER, d=5.8km, v=300m/s) -> threat=150.87
  track 2 (ASM, d=2.6km, v=0m/s) -> threat=101.38
  track 4 (ASM, d=3.6km, v=0m/s) -> threat=101.28

[DECISION] t=110.4s | tracks=4 | weapons=0 available
  track 8 (FIGHTER, d=3.4km, v=300m/s) -> threat=150.99
  track 6 (FIGHTER, d=5.9km, v=300m/s) -> threat=150.87
  track 2 (ASM, d=2.6km, v=0m/s) -> threat=101.38
  track 4 (ASM, d=3.6km, v=0m/s) -> threat=101.28

[DECISION] t=110.4s | tracks=4 | weapons=0 available
  track 8 (FIGHTER, d=3.4km, v=300m/s) -> threat=150.99
  track 6 (FIGHTER, d=5.9km, v=300m/s) -> threat=150.87
  track 2 (ASM, d=2.6km, v=0m/s) -> threat=101.38
  track 4 (ASM, d=3.6km, v=0m/s) -> threat=101.28

[DECISION] t=110.8s | tracks=4 | weapons=0 available
  track 8 (FIGHTER, d=3.4km, v=300m/s) -> threat=150.99
  track 6 (FIGHTER, d=6.1km, v=300m/s) -> threat=150.86
  track 2 (ASM, d=2.6km, v=0m/s) -> threat=101.38
  track 4 (ASM, d=3.6km, v=0m/s) -> threat=101.28

[DECISION] t=111.0s | tracks=4 | weapons=0 available
  track 8 (FIGHTER, d=3.4km, v=300m/s) -> threat=150.99
  track 6 (FIGHTER, d=6.1km, v=300m/s) -> threat=150.86
  track 2 (ASM, d=2.6km, v=0m/s) -> threat=101.38
  track 4 (ASM, d=3.6km, v=0m/s) -> threat=101.28

[DECISION] t=111.4s | tracks=4 | weapons=0 available
  track 8 (FIGHTER, d=3.4km, v=300m/s) -> threat=150.99
  track 6 (FIGHTER, d=6.1km, v=300m/s) -> threat=150.86
  track 2 (ASM, d=2.6km, v=0m/s) -> threat=101.38
  track 4 (ASM, d=3.6km, v=0m/s) -> threat=101.28

[DECISION] t=111.6s | tracks=4 | weapons=0 available
  track 8 (FIGHTER, d=3.1km, v=300m/s) -> threat=151.02
  track 6 (FIGHTER, d=6.4km, v=300m/s) -> threat=150.86
  track 2 (ASM, d=2.6km, v=0m/s) -> threat=101.38
  track 4 (ASM, d=3.6km, v=0m/s) -> threat=101.28

[DECISION] t=111.8s | tracks=4 | weapons=0 available
  track 8 (FIGHTER, d=3.0km, v=300m/s) -> threat=151.04
  track 6 (FIGHTER, d=6.4km, v=300m/s) -> threat=150.86
  track 2 (ASM, d=2.6km, v=0m/s) -> threat=101.38
  track 4 (ASM, d=3.6km, v=0m/s) -> threat=101.28

[DECISION] t=112.0s | tracks=4 | weapons=0 available
  track 8 (FIGHTER, d=3.0km, v=300m/s) -> threat=151.04
  track 6 (FIGHTER, d=6.4km, v=300m/s) -> threat=150.86
  track 2 (ASM, d=2.6km, v=0m/s) -> threat=101.38
  track 4 (ASM, d=3.6km, v=0m/s) -> threat=101.28

[DECISION] t=112.2s | tracks=4 | weapons=0 available
  track 8 (FIGHTER, d=2.8km, v=300m/s) -> threat=151.06
  track 6 (FIGHTER, d=6.5km, v=300m/s) -> threat=150.85
  track 2 (ASM, d=2.6km, v=0m/s) -> threat=101.38
  track 4 (ASM, d=3.6km, v=0m/s) -> threat=101.28

[DECISION] t=112.4s | tracks=4 | weapons=0 available
  track 8 (FIGHTER, d=2.8km, v=300m/s) -> threat=151.06
  track 6 (FIGHTER, d=6.5km, v=300m/s) -> threat=150.85
  track 2 (ASM, d=2.6km, v=0m/s) -> threat=101.38
  track 4 (ASM, d=3.6km, v=0m/s) -> threat=101.28

[DECISION] t=112.6s | tracks=4 | weapons=0 available
  track 8 (FIGHTER, d=2.8km, v=300m/s) -> threat=151.06
  track 6 (FIGHTER, d=6.7km, v=300m/s) -> threat=150.85
  track 2 (ASM, d=2.6km, v=0m/s) -> threat=101.38
  track 4 (ASM, d=3.6km, v=0m/s) -> threat=101.28

[DECISION] t=112.8s | tracks=4 | weapons=0 available
  track 8 (FIGHTER, d=2.7km, v=300m/s) -> threat=151.08
  track 6 (FIGHTER, d=6.7km, v=300m/s) -> threat=150.85
  track 2 (ASM, d=2.6km, v=0m/s) -> threat=101.38
  track 4 (ASM, d=3.6km, v=0m/s) -> threat=101.28

[DECISION] t=113.0s | tracks=4 | weapons=0 available
  track 8 (FIGHTER, d=2.7km, v=300m/s) -> threat=151.08
  track 6 (FIGHTER, d=6.7km, v=300m/s) -> threat=150.85
  track 2 (ASM, d=2.6km, v=0m/s) -> threat=101.38
  track 4 (ASM, d=3.6km, v=0m/s) -> threat=101.28

[DECISION] t=113.2s | tracks=4 | weapons=0 available
  track 8 (FIGHTER, d=2.5km, v=300m/s) -> threat=151.10
  track 6 (FIGHTER, d=6.8km, v=300m/s) -> threat=150.85
  track 2 (ASM, d=2.6km, v=0m/s) -> threat=101.38
  track 4 (ASM, d=3.6km, v=0m/s) -> threat=101.28

[DECISION] t=113.6s | tracks=4 | weapons=0 available
  track 8 (FIGHTER, d=2.5km, v=300m/s) -> threat=151.10
  track 6 (FIGHTER, d=6.8km, v=300m/s) -> threat=150.85
  track 2 (ASM, d=2.6km, v=0m/s) -> threat=101.38
  track 4 (ASM, d=3.6km, v=0m/s) -> threat=101.28

[DECISION] t=113.6s | tracks=4 | weapons=0 available
  track 8 (FIGHTER, d=2.5km, v=300m/s) -> threat=151.10
  track 6 (FIGHTER, d=7.0km, v=300m/s) -> threat=150.84
  track 2 (ASM, d=2.6km, v=0m/s) -> threat=101.38
  track 4 (ASM, d=3.6km, v=0m/s) -> threat=101.28

[DECISION] t=113.8s | tracks=4 | weapons=0 available
  track 8 (FIGHTER, d=2.4km, v=300m/s) -> threat=151.13
  track 6 (FIGHTER, d=7.0km, v=300m/s) -> threat=150.84
  track 2 (ASM, d=2.6km, v=0m/s) -> threat=101.38
  track 4 (ASM, d=3.6km, v=0m/s) -> threat=101.28

[DECISION] t=114.0s | tracks=4 | weapons=0 available
  track 8 (FIGHTER, d=2.4km, v=300m/s) -> threat=151.13
  track 6 (FIGHTER, d=7.0km, v=300m/s) -> threat=150.84
  track 2 (ASM, d=2.6km, v=0m/s) -> threat=101.38
  track 4 (ASM, d=3.6km, v=0m/s) -> threat=101.28

[DECISION] t=114.4s | tracks=4 | weapons=0 available
  track 8 (FIGHTER, d=2.4km, v=300m/s) -> threat=151.13
  track 6 (FIGHTER, d=7.0km, v=300m/s) -> threat=150.84
  track 2 (ASM, d=2.6km, v=0m/s) -> threat=101.38
  track 4 (ASM, d=3.6km, v=0m/s) -> threat=101.28

[DECISION] t=114.6s | tracks=4 | weapons=0 available
  track 8 (FIGHTER, d=2.2km, v=300m/s) -> threat=151.15
  track 6 (FIGHTER, d=7.3km, v=300m/s) -> threat=150.84
  track 2 (ASM, d=2.6km, v=0m/s) -> threat=101.38
  track 4 (ASM, d=3.6km, v=0m/s) -> threat=101.28

[DECISION] t=114.8s | tracks=4 | weapons=0 available
  track 8 (FIGHTER, d=2.0km, v=300m/s) -> threat=151.19
  track 6 (FIGHTER, d=7.3km, v=300m/s) -> threat=150.84
  track 2 (ASM, d=2.6km, v=0m/s) -> threat=101.38
  track 4 (ASM, d=3.6km, v=0m/s) -> threat=101.28

[DECISION] t=115.0s | tracks=4 | weapons=0 available
  track 8 (FIGHTER, d=2.0km, v=300m/s) -> threat=151.19
  track 6 (FIGHTER, d=7.3km, v=300m/s) -> threat=150.84
  track 2 (ASM, d=2.6km, v=0m/s) -> threat=101.38
  track 4 (ASM, d=3.6km, v=0m/s) -> threat=101.28

[DECISION] t=115.2s | tracks=4 | weapons=0 available
  track 8 (FIGHTER, d=1.9km, v=300m/s) -> threat=151.22
  track 6 (FIGHTER, d=7.4km, v=300m/s) -> threat=150.83
  track 2 (ASM, d=2.6km, v=0m/s) -> threat=101.38
  track 4 (ASM, d=3.6km, v=0m/s) -> threat=101.28

[DECISION] t=0.0s | tracks=4 | weapons=0 available
  track 8 (FIGHTER, d=1.9km, v=300m/s) -> threat=151.22
  track 6 (FIGHTER, d=7.4km, v=300m/s) -> threat=150.83
  track 2 (ASM, d=2.6km, v=0m/s) -> threat=101.38
  track 4 (ASM, d=3.6km, v=0m/s) -> threat=101.28

[DECISION] t=115.6s | tracks=4 | weapons=0 available
  track 8 (FIGHTER, d=1.9km, v=300m/s) -> threat=151.22
  track 6 (FIGHTER, d=7.6km, v=300m/s) -> threat=150.83
  track 2 (ASM, d=2.6km, v=0m/s) -> threat=101.38
  track 4 (ASM, d=3.6km, v=0m/s) -> threat=101.28

[DECISION] t=0.0s | tracks=4 | weapons=0 available
  track 8 (FIGHTER, d=1.7km, v=300m/s) -> threat=151.27
  track 6 (FIGHTER, d=7.6km, v=300m/s) -> threat=150.83
  track 2 (ASM, d=2.6km, v=0m/s) -> threat=101.38
  track 4 (ASM, d=3.6km, v=0m/s) -> threat=101.28

[DECISION] t=116.0s | tracks=4 | weapons=0 available
  track 8 (FIGHTER, d=1.7km, v=300m/s) -> threat=151.27
  track 6 (FIGHTER, d=7.6km, v=300m/s) -> threat=150.83
  track 2 (ASM, d=2.6km, v=0m/s) -> threat=101.38
  track 4 (ASM, d=3.6km, v=0m/s) -> threat=101.28

[DECISION] t=116.6s | tracks=4 | weapons=0 available
  track 8 (FIGHTER, d=1.6km, v=300m/s) -> threat=151.32
  track 6 (FIGHTER, d=7.7km, v=300m/s) -> threat=150.83
  track 2 (ASM, d=2.6km, v=0m/s) -> threat=101.38
  track 4 (ASM, d=3.6km, v=0m/s) -> threat=101.28

[DECISION] t=116.8s | tracks=4 | weapons=0 available
  track 8 (FIGHTER, d=1.6km, v=300m/s) -> threat=151.32
  track 6 (FIGHTER, d=7.9km, v=300m/s) -> threat=150.83
  track 2 (ASM, d=2.6km, v=0m/s) -> threat=101.38
  track 4 (ASM, d=3.6km, v=0m/s) -> threat=101.28

[DECISION] t=117.0s | tracks=4 | weapons=0 available
  track 8 (FIGHTER, d=1.4km, v=300m/s) -> threat=151.39
  track 6 (FIGHTER, d=7.9km, v=300m/s) -> threat=150.83
  track 2 (ASM, d=2.6km, v=0m/s) -> threat=101.38
  track 4 (ASM, d=3.6km, v=0m/s) -> threat=101.28

[DECISION] t=117.2s | tracks=4 | weapons=0 available
  track 8 (FIGHTER, d=1.3km, v=300m/s) -> threat=151.47
  track 6 (FIGHTER, d=8.0km, v=300m/s) -> threat=150.82
  track 2 (ASM, d=2.6km, v=0m/s) -> threat=101.38
  track 4 (ASM, d=3.6km, v=0m/s) -> threat=101.28

[DECISION] t=117.4s | tracks=4 | weapons=0 available
  track 8 (FIGHTER, d=1.3km, v=300m/s) -> threat=151.47
  track 6 (FIGHTER, d=8.0km, v=300m/s) -> threat=150.82
  track 2 (ASM, d=2.6km, v=0m/s) -> threat=101.38
  track 4 (ASM, d=3.6km, v=0m/s) -> threat=101.28

[DECISION] t=117.8s | tracks=4 | weapons=0 available
  track 8 (FIGHTER, d=1.3km, v=300m/s) -> threat=151.47
  track 6 (FIGHTER, d=8.2km, v=300m/s) -> threat=150.82
  track 2 (ASM, d=2.6km, v=0m/s) -> threat=101.38
  track 4 (ASM, d=3.6km, v=0m/s) -> threat=101.28

[DECISION] t=118.0s | tracks=4 | weapons=0 available
  track 8 (FIGHTER, d=1.1km, v=300m/s) -> threat=151.57
  track 6 (FIGHTER, d=8.2km, v=300m/s) -> threat=150.82
  track 2 (ASM, d=2.6km, v=0m/s) -> threat=101.38
  track 4 (ASM, d=3.6km, v=0m/s) -> threat=101.28

[DECISION] t=118.6s | tracks=4 | weapons=0 available
  track 8 (FIGHTER, d=1.0km, v=300m/s) -> threat=151.70
  track 6 (FIGHTER, d=8.3km, v=300m/s) -> threat=150.82
  track 2 (ASM, d=2.6km, v=0m/s) -> threat=101.38
  track 4 (ASM, d=3.6km, v=0m/s) -> threat=101.28

[DECISION] t=118.8s | tracks=4 | weapons=0 available
  track 8 (FIGHTER, d=1.0km, v=300m/s) -> threat=151.70
  track 6 (FIGHTER, d=8.5km, v=300m/s) -> threat=150.82
  track 2 (ASM, d=2.6km, v=0m/s) -> threat=101.38
  track 4 (ASM, d=3.6km, v=0m/s) -> threat=101.28

[DECISION] t=119.0s | tracks=4 | weapons=0 available
  track 8 (FIGHTER, d=0.8km, v=300m/s) -> threat=151.88
  track 6 (FIGHTER, d=8.5km, v=300m/s) -> threat=150.82
  track 2 (ASM, d=2.6km, v=0m/s) -> threat=101.38
  track 4 (ASM, d=3.6km, v=0m/s) -> threat=101.28

[DECISION] t=119.2s | tracks=4 | weapons=0 available
  track 8 (FIGHTER, d=0.7km, v=300m/s) -> threat=152.12
  track 6 (FIGHTER, d=8.6km, v=300m/s) -> threat=150.82
  track 2 (ASM, d=2.6km, v=0m/s) -> threat=101.38
  track 4 (ASM, d=3.6km, v=0m/s) -> threat=101.28

[DECISION] t=119.4s | tracks=4 | weapons=0 available
  track 8 (FIGHTER, d=0.7km, v=300m/s) -> threat=152.12
  track 6 (FIGHTER, d=8.6km, v=300m/s) -> threat=150.82
  track 2 (ASM, d=2.6km, v=0m/s) -> threat=101.38
  track 4 (ASM, d=3.6km, v=0m/s) -> threat=101.28

[DECISION] t=119.8s | tracks=4 | weapons=0 available
  track 8 (FIGHTER, d=0.7km, v=300m/s) -> threat=152.12
  track 6 (FIGHTER, d=8.8km, v=300m/s) -> threat=150.81
  track 2 (ASM, d=2.6km, v=0m/s) -> threat=101.38
  track 4 (ASM, d=3.6km, v=0m/s) -> threat=101.28

[DECISION] t=120.2s | tracks=4 | weapons=0 available
  track 8 (FIGHTER, d=0.5km, v=300m/s) -> threat=152.52
  track 6 (FIGHTER, d=8.8km, v=300m/s) -> threat=150.81
  track 2 (ASM, d=2.6km, v=0m/s) -> threat=101.38
  track 4 (ASM, d=3.6km, v=0m/s) -> threat=101.28

[DECISION] t=120.2s | tracks=4 | weapons=0 available
  track 8 (FIGHTER, d=0.4km, v=300m/s) -> threat=153.17
  track 6 (FIGHTER, d=8.9km, v=300m/s) -> threat=150.81
  track 2 (ASM, d=2.6km, v=0m/s) -> threat=101.38
  track 4 (ASM, d=3.6km, v=0m/s) -> threat=101.28

[DECISION] t=120.6s | tracks=5 | weapons=0 available
  track 8 (FIGHTER, d=0.4km, v=300m/s) -> threat=153.17
  track 10 (FIGHTER, d=7.2km, v=300m/s) -> threat=150.84
  track 6 (FIGHTER, d=8.9km, v=300m/s) -> threat=150.81
  track 2 (ASM, d=2.6km, v=0m/s) -> threat=101.38
  track 4 (ASM, d=3.6km, v=0m/s) -> threat=101.28

[DECISION] t=121.4s | tracks=5 | weapons=0 available
  track 8 (FIGHTER, d=0.4km, v=300m/s) -> threat=153.17
  track 10 (FIGHTER, d=7.2km, v=300m/s) -> threat=150.84
  track 6 (FIGHTER, d=8.9km, v=300m/s) -> threat=150.81
  track 2 (ASM, d=2.6km, v=0m/s) -> threat=101.38
  track 4 (ASM, d=3.6km, v=0m/s) -> threat=101.28

[DECISION] t=121.6s | tracks=5 | weapons=0 available
  track 8 (FIGHTER, d=0.1km, v=300m/s) -> threat=159.98
  track 10 (FIGHTER, d=7.0km, v=300m/s) -> threat=150.84
  track 6 (FIGHTER, d=9.4km, v=300m/s) -> threat=150.81
  track 2 (ASM, d=2.6km, v=0m/s) -> threat=101.38
  track 4 (ASM, d=3.6km, v=0m/s) -> threat=101.28

[DECISION] t=121.8s | tracks=5 | weapons=0 available
  track 8 (FIGHTER, d=0.1km, v=300m/s) -> threat=160.70
  track 10 (FIGHTER, d=6.8km, v=300m/s) -> threat=150.85
  track 6 (FIGHTER, d=9.4km, v=300m/s) -> threat=150.81
  track 2 (ASM, d=2.6km, v=0m/s) -> threat=101.38
  track 4 (ASM, d=3.6km, v=0m/s) -> threat=101.28

[DECISION] t=122.0s | tracks=5 | weapons=0 available
  track 8 (FIGHTER, d=0.1km, v=300m/s) -> threat=160.70
  track 10 (FIGHTER, d=6.8km, v=300m/s) -> threat=150.85
  track 6 (FIGHTER, d=9.4km, v=300m/s) -> threat=150.81
  track 2 (ASM, d=2.6km, v=0m/s) -> threat=101.38
  track 4 (ASM, d=3.6km, v=0m/s) -> threat=101.28

[DECISION] t=122.2s | tracks=5 | weapons=0 available
  track 8 (FIGHTER, d=0.2km, v=300m/s) -> threat=155.74
  track 10 (FIGHTER, d=6.8km, v=300m/s) -> threat=150.85
  track 6 (FIGHTER, d=9.5km, v=300m/s) -> threat=150.80
  track 2 (ASM, d=2.6km, v=0m/s) -> threat=101.38
  track 4 (ASM, d=3.6km, v=0m/s) -> threat=101.28

[DECISION] t=122.6s | tracks=5 | weapons=0 available
  track 8 (FIGHTER, d=0.2km, v=300m/s) -> threat=155.74
  track 10 (FIGHTER, d=6.8km, v=300m/s) -> threat=150.85
  track 6 (FIGHTER, d=9.5km, v=300m/s) -> threat=150.80
  track 2 (ASM, d=2.6km, v=0m/s) -> threat=101.38
  track 4 (ASM, d=3.6km, v=0m/s) -> threat=101.28

[DECISION] t=122.8s | tracks=5 | weapons=0 available
  track 8 (FIGHTER, d=0.3km, v=300m/s) -> threat=153.62
  track 10 (FIGHTER, d=6.4km, v=300m/s) -> threat=150.86
  track 6 (FIGHTER, d=9.7km, v=300m/s) -> threat=150.80
  track 2 (ASM, d=2.6km, v=0m/s) -> threat=101.38
  track 4 (ASM, d=3.6km, v=0m/s) -> threat=101.28

[DECISION] t=123.2s | tracks=5 | weapons=0 available
  track 8 (FIGHTER, d=0.3km, v=300m/s) -> threat=153.62
  track 10 (FIGHTER, d=6.4km, v=300m/s) -> threat=150.86
  track 6 (FIGHTER, d=9.7km, v=300m/s) -> threat=150.80
  track 2 (ASM, d=2.6km, v=0m/s) -> threat=101.38
  track 4 (ASM, d=3.6km, v=0m/s) -> threat=101.28

[DECISION] t=123.6s | tracks=5 | weapons=0 available
  track 8 (FIGHTER, d=0.5km, v=300m/s) -> threat=152.71
  track 10 (FIGHTER, d=6.4km, v=300m/s) -> threat=150.86
  track 6 (FIGHTER, d=9.8km, v=300m/s) -> threat=150.80
  track 2 (ASM, d=2.6km, v=0m/s) -> threat=101.38
  track 4 (ASM, d=3.6km, v=0m/s) -> threat=101.28

[DECISION] t=123.8s | tracks=5 | weapons=0 available
  track 8 (FIGHTER, d=0.6km, v=300m/s) -> threat=152.26
  track 10 (FIGHTER, d=6.2km, v=300m/s) -> threat=150.86
  track 6 (FIGHTER, d=10.0km, v=300m/s) -> threat=150.80
  track 2 (ASM, d=2.6km, v=0m/s) -> threat=101.38
  track 4 (ASM, d=3.6km, v=0m/s) -> threat=101.28

[DECISION] t=124.0s | tracks=5 | weapons=0 available
  track 8 (FIGHTER, d=0.6km, v=300m/s) -> threat=152.26
  track 10 (FIGHTER, d=6.2km, v=300m/s) -> threat=150.86
  track 6 (FIGHTER, d=10.0km, v=300m/s) -> threat=150.80
  track 2 (ASM, d=2.6km, v=0m/s) -> threat=101.38
  track 4 (ASM, d=3.6km, v=0m/s) -> threat=101.28

[DECISION] t=0.0s | tracks=5 | weapons=0 available
  track 8 (FIGHTER, d=0.8km, v=300m/s) -> threat=151.95
  track 10 (FIGHTER, d=6.2km, v=300m/s) -> threat=150.86
  track 6 (FIGHTER, d=10.1km, v=300m/s) -> threat=150.80
  track 2 (ASM, d=2.6km, v=0m/s) -> threat=101.38
  track 4 (ASM, d=3.6km, v=0m/s) -> threat=101.28

[DECISION] t=124.4s | tracks=5 | weapons=0 available
  track 8 (FIGHTER, d=0.8km, v=300m/s) -> threat=151.95
  track 10 (FIGHTER, d=6.0km, v=300m/s) -> threat=150.87
  track 6 (FIGHTER, d=10.1km, v=300m/s) -> threat=150.80
  track 2 (ASM, d=2.6km, v=0m/s) -> threat=101.38
  track 4 (ASM, d=3.6km, v=0m/s) -> threat=101.28

[DECISION] t=124.8s | tracks=5 | weapons=0 available
  track 8 (FIGHTER, d=0.9km, v=300m/s) -> threat=151.76
  track 10 (FIGHTER, d=5.9km, v=300m/s) -> threat=150.87
  track 6 (FIGHTER, d=10.3km, v=300m/s) -> threat=150.80
  track 2 (ASM, d=2.6km, v=0m/s) -> threat=101.38
  track 4 (ASM, d=3.6km, v=0m/s) -> threat=101.28

[DECISION] t=125.0s | tracks=5 | weapons=0 available
  track 8 (FIGHTER, d=0.9km, v=300m/s) -> threat=151.76
  track 10 (FIGHTER, d=5.9km, v=300m/s) -> threat=150.87
  track 6 (FIGHTER, d=10.3km, v=300m/s) -> threat=150.80
  track 2 (ASM, d=2.6km, v=0m/s) -> threat=101.38
  track 4 (ASM, d=3.6km, v=0m/s) -> threat=101.28

[DECISION] t=125.2s | tracks=5 | weapons=0 available
  track 8 (FIGHTER, d=1.1km, v=300m/s) -> threat=151.61
  track 10 (FIGHTER, d=5.9km, v=300m/s) -> threat=150.87
  track 6 (FIGHTER, d=10.4km, v=300m/s) -> threat=150.80
  track 2 (ASM, d=2.6km, v=0m/s) -> threat=101.38
  track 4 (ASM, d=3.6km, v=0m/s) -> threat=101.28

[DECISION] t=125.4s | tracks=5 | weapons=0 available
  track 8 (FIGHTER, d=1.1km, v=300m/s) -> threat=151.61
  track 10 (FIGHTER, d=5.7km, v=300m/s) -> threat=150.87
  track 6 (FIGHTER, d=10.4km, v=300m/s) -> threat=150.80
  track 2 (ASM, d=2.6km, v=0m/s) -> threat=101.38
  track 4 (ASM, d=3.6km, v=0m/s) -> threat=101.28

[DECISION] t=125.8s | tracks=5 | weapons=0 available
  track 8 (FIGHTER, d=1.1km, v=300m/s) -> threat=151.61
  track 10 (FIGHTER, d=5.7km, v=300m/s) -> threat=150.87
  track 6 (FIGHTER, d=10.4km, v=300m/s) -> threat=150.80
  track 2 (ASM, d=2.6km, v=0m/s) -> threat=101.38
  track 4 (ASM, d=3.6km, v=0m/s) -> threat=101.28

[DECISION] t=126.0s | tracks=5 | weapons=0 available
  track 8 (FIGHTER, d=1.2km, v=300m/s) -> threat=151.51
  track 10 (FIGHTER, d=5.6km, v=300m/s) -> threat=150.88
  track 6 (FIGHTER, d=10.6km, v=300m/s) -> threat=150.79
  track 2 (ASM, d=2.6km, v=0m/s) -> threat=101.38
  track 4 (ASM, d=3.6km, v=0m/s) -> threat=101.28

[DECISION] t=126.6s | tracks=5 | weapons=0 available
  track 8 (FIGHTER, d=1.4km, v=300m/s) -> threat=151.42
  track 10 (FIGHTER, d=5.6km, v=300m/s) -> threat=150.88
  track 6 (FIGHTER, d=10.7km, v=300m/s) -> threat=150.79
  track 2 (ASM, d=2.6km, v=0m/s) -> threat=101.38
  track 4 (ASM, d=3.6km, v=0m/s) -> threat=101.28

[DECISION] t=126.6s | tracks=5 | weapons=0 available
  track 8 (FIGHTER, d=1.4km, v=300m/s) -> threat=151.42
  track 10 (FIGHTER, d=5.4km, v=300m/s) -> threat=150.89
  track 6 (FIGHTER, d=10.9km, v=300m/s) -> threat=150.79
  track 2 (ASM, d=2.6km, v=0m/s) -> threat=101.38
  track 4 (ASM, d=3.6km, v=0m/s) -> threat=101.28

[DECISION] t=126.8s | tracks=5 | weapons=0 available
  track 8 (FIGHTER, d=1.5km, v=300m/s) -> threat=151.35
  track 10 (FIGHTER, d=5.3km, v=300m/s) -> threat=150.89
  track 6 (FIGHTER, d=10.9km, v=300m/s) -> threat=150.79
  track 2 (ASM, d=2.6km, v=0m/s) -> threat=101.38
  track 4 (ASM, d=3.6km, v=0m/s) -> threat=101.28

[DECISION] t=127.0s | tracks=5 | weapons=0 available
  track 8 (FIGHTER, d=1.5km, v=300m/s) -> threat=151.35
  track 10 (FIGHTER, d=5.3km, v=300m/s) -> threat=150.89
  track 6 (FIGHTER, d=10.9km, v=300m/s) -> threat=150.79
  track 2 (ASM, d=2.6km, v=0m/s) -> threat=101.38
  track 4 (ASM, d=3.6km, v=0m/s) -> threat=101.28

[DECISION] t=0.0s | tracks=5 | weapons=0 available
  track 8 (FIGHTER, d=1.7km, v=300m/s) -> threat=151.29
  track 10 (FIGHTER, d=5.3km, v=300m/s) -> threat=150.89
  track 6 (FIGHTER, d=11.0km, v=300m/s) -> threat=150.79
  track 2 (ASM, d=2.6km, v=0m/s) -> threat=101.38
  track 4 (ASM, d=3.6km, v=0m/s) -> threat=101.28

[DECISION] t=127.6s | tracks=5 | weapons=0 available
  track 8 (FIGHTER, d=1.7km, v=300m/s) -> threat=151.29
  track 10 (FIGHTER, d=5.1km, v=300m/s) -> threat=150.89
  track 6 (FIGHTER, d=11.0km, v=300m/s) -> threat=150.79
  track 2 (ASM, d=2.6km, v=0m/s) -> threat=101.38
  track 4 (ASM, d=3.6km, v=0m/s) -> threat=101.28

[DECISION] t=127.6s | tracks=5 | weapons=0 available
  track 8 (FIGHTER, d=1.7km, v=300m/s) -> threat=151.29
  track 10 (FIGHTER, d=5.1km, v=300m/s) -> threat=150.89
  track 6 (FIGHTER, d=11.2km, v=300m/s) -> threat=150.79
  track 2 (ASM, d=2.6km, v=0m/s) -> threat=101.38
  track 4 (ASM, d=3.6km, v=0m/s) -> threat=101.28

[DECISION] t=127.8s | tracks=5 | weapons=0 available
  track 8 (FIGHTER, d=1.8km, v=300m/s) -> threat=151.24
  track 10 (FIGHTER, d=5.0km, v=300m/s) -> threat=150.90
  track 6 (FIGHTER, d=11.2km, v=300m/s) -> threat=150.79
  track 2 (ASM, d=2.6km, v=0m/s) -> threat=101.38
  track 4 (ASM, d=3.6km, v=0m/s) -> threat=101.28

[DECISION] t=128.1s | tracks=5 | weapons=0 available
  track 8 (FIGHTER, d=1.8km, v=300m/s) -> threat=151.24
  track 10 (FIGHTER, d=5.0km, v=300m/s) -> threat=150.90
  track 6 (FIGHTER, d=11.2km, v=300m/s) -> threat=150.79
  track 2 (ASM, d=2.6km, v=0m/s) -> threat=101.38
  track 4 (ASM, d=3.6km, v=0m/s) -> threat=101.28

[DECISION] t=128.3s | tracks=5 | weapons=0 available
  track 8 (FIGHTER, d=2.0km, v=300m/s) -> threat=151.20
  track 10 (FIGHTER, d=4.9km, v=300m/s) -> threat=150.91
  track 6 (FIGHTER, d=11.3km, v=300m/s) -> threat=150.79
  track 2 (ASM, d=2.6km, v=0m/s) -> threat=101.38
  track 4 (ASM, d=3.6km, v=0m/s) -> threat=101.28

[DECISION] t=128.5s | tracks=5 | weapons=0 available
  track 8 (FIGHTER, d=2.0km, v=300m/s) -> threat=151.20
  track 10 (FIGHTER, d=4.9km, v=300m/s) -> threat=150.91
  track 6 (FIGHTER, d=11.3km, v=300m/s) -> threat=150.79
  track 2 (ASM, d=2.6km, v=0m/s) -> threat=101.38
  track 4 (ASM, d=3.6km, v=0m/s) -> threat=101.28

[DECISION] t=128.7s | tracks=5 | weapons=0 available
  track 8 (FIGHTER, d=2.1km, v=300m/s) -> threat=151.17
  track 10 (FIGHTER, d=4.9km, v=300m/s) -> threat=150.91
  track 6 (FIGHTER, d=11.5km, v=300m/s) -> threat=150.79
  track 2 (ASM, d=2.6km, v=0m/s) -> threat=101.38
  track 4 (ASM, d=3.6km, v=0m/s) -> threat=101.28

[DECISION] t=128.9s | tracks=5 | weapons=0 available
  track 8 (FIGHTER, d=2.1km, v=300m/s) -> threat=151.17
  track 10 (FIGHTER, d=4.7km, v=300m/s) -> threat=150.91
  track 6 (FIGHTER, d=11.5km, v=300m/s) -> threat=150.79
  track 2 (ASM, d=2.6km, v=0m/s) -> threat=101.38
  track 4 (ASM, d=3.6km, v=0m/s) -> threat=101.28

[DECISION] t=129.1s | tracks=5 | weapons=0 available
  track 8 (FIGHTER, d=2.1km, v=300m/s) -> threat=151.17
  track 10 (FIGHTER, d=4.7km, v=300m/s) -> threat=150.91
  track 6 (FIGHTER, d=11.6km, v=300m/s) -> threat=150.79
  track 2 (ASM, d=2.6km, v=0m/s) -> threat=101.38
  track 4 (ASM, d=3.6km, v=0m/s) -> threat=101.28

[DECISION] t=129.5s | tracks=5 | weapons=0 available
  track 8 (FIGHTER, d=2.3km, v=300m/s) -> threat=151.14
  track 10 (FIGHTER, d=4.5km, v=300m/s) -> threat=150.92
  track 6 (FIGHTER, d=11.6km, v=300m/s) -> threat=150.79
  track 2 (ASM, d=2.6km, v=0m/s) -> threat=101.38
  track 4 (ASM, d=3.6km, v=0m/s) -> threat=101.28

[DECISION] t=129.9s | tracks=5 | weapons=0 available
  track 8 (FIGHTER, d=2.4km, v=300m/s) -> threat=151.11
  track 10 (FIGHTER, d=4.5km, v=300m/s) -> threat=150.92
  track 6 (FIGHTER, d=11.8km, v=300m/s) -> threat=150.78
  track 2 (ASM, d=2.6km, v=0m/s) -> threat=101.38
  track 4 (ASM, d=3.6km, v=0m/s) -> threat=101.28

[DECISION] t=129.9s | tracks=5 | weapons=0 available
  track 8 (FIGHTER, d=2.4km, v=300m/s) -> threat=151.11
  track 10 (FIGHTER, d=4.4km, v=300m/s) -> threat=150.93
  track 6 (FIGHTER, d=11.8km, v=300m/s) -> threat=150.78
  track 2 (ASM, d=2.6km, v=0m/s) -> threat=101.38
  track 4 (ASM, d=3.6km, v=0m/s) -> threat=101.28

[DECISION] t=130.3s | tracks=5 | weapons=0 available
  track 8 (FIGHTER, d=2.4km, v=300m/s) -> threat=151.11
  track 10 (FIGHTER, d=4.4km, v=300m/s) -> threat=150.93
  track 6 (FIGHTER, d=11.9km, v=300m/s) -> threat=150.78
  track 2 (ASM, d=2.6km, v=0m/s) -> threat=101.38
  track 4 (ASM, d=3.6km, v=0m/s) -> threat=101.28

[DECISION] t=130.7s | tracks=5 | weapons=0 available
  track 8 (FIGHTER, d=2.4km, v=300m/s) -> threat=151.11
  track 10 (FIGHTER, d=4.4km, v=300m/s) -> threat=150.93
  track 6 (FIGHTER, d=11.9km, v=300m/s) -> threat=150.78
  track 2 (ASM, d=2.6km, v=0m/s) -> threat=101.38
  track 4 (ASM, d=3.6km, v=0m/s) -> threat=101.28

[DECISION] t=130.9s | tracks=5 | weapons=0 available
  track 8 (FIGHTER, d=2.7km, v=300m/s) -> threat=151.06
  track 10 (FIGHTER, d=4.1km, v=300m/s) -> threat=150.94
  track 6 (FIGHTER, d=12.1km, v=300m/s) -> threat=150.78
  track 2 (ASM, d=2.6km, v=0m/s) -> threat=101.38
  track 4 (ASM, d=3.6km, v=0m/s) -> threat=101.28

[DECISION] t=131.1s | tracks=5 | weapons=0 available
  track 8 (FIGHTER, d=2.7km, v=300m/s) -> threat=151.06
  track 10 (FIGHTER, d=4.1km, v=300m/s) -> threat=150.94
  track 6 (FIGHTER, d=12.2km, v=300m/s) -> threat=150.78
  track 2 (ASM, d=2.6km, v=0m/s) -> threat=101.38
  track 4 (ASM, d=3.6km, v=0m/s) -> threat=101.28

[DECISION] t=131.3s | tracks=5 | weapons=0 available
  track 8 (FIGHTER, d=2.9km, v=300m/s) -> threat=151.04
  track 10 (FIGHTER, d=3.9km, v=300m/s) -> threat=150.96
  track 6 (FIGHTER, d=12.2km, v=300m/s) -> threat=150.78
  track 2 (ASM, d=2.6km, v=0m/s) -> threat=101.38
  track 4 (ASM, d=3.6km, v=0m/s) -> threat=101.28

[DECISION] t=131.5s | tracks=5 | weapons=0 available
  track 8 (FIGHTER, d=2.9km, v=300m/s) -> threat=151.04
  track 10 (FIGHTER, d=3.9km, v=300m/s) -> threat=150.96
  track 6 (FIGHTER, d=12.2km, v=300m/s) -> threat=150.78
  track 2 (ASM, d=2.6km, v=0m/s) -> threat=101.38
  track 4 (ASM, d=3.6km, v=0m/s) -> threat=101.28

[DECISION] t=131.7s | tracks=5 | weapons=0 available
  track 8 (FIGHTER, d=3.0km, v=300m/s) -> threat=151.03
  track 10 (FIGHTER, d=3.9km, v=300m/s) -> threat=150.96
  track 6 (FIGHTER, d=12.4km, v=300m/s) -> threat=150.78
  track 2 (ASM, d=2.6km, v=0m/s) -> threat=101.38
  track 4 (ASM, d=3.6km, v=0m/s) -> threat=101.28

[DECISION] t=131.9s | tracks=5 | weapons=0 available
  track 8 (FIGHTER, d=3.0km, v=300m/s) -> threat=151.03
  track 10 (FIGHTER, d=3.8km, v=300m/s) -> threat=150.96
  track 6 (FIGHTER, d=12.4km, v=300m/s) -> threat=150.78
  track 2 (ASM, d=2.6km, v=0m/s) -> threat=101.38
  track 4 (ASM, d=3.6km, v=0m/s) -> threat=101.28

[DECISION] t=132.3s | tracks=5 | weapons=0 available
  track 8 (FIGHTER, d=3.0km, v=300m/s) -> threat=151.03
  track 10 (FIGHTER, d=3.8km, v=300m/s) -> threat=150.96
  track 6 (FIGHTER, d=12.5km, v=300m/s) -> threat=150.78
  track 2 (ASM, d=2.6km, v=0m/s) -> threat=101.38
  track 4 (ASM, d=3.6km, v=0m/s) -> threat=101.28

[DECISION] t=132.5s | tracks=5 | weapons=0 available
  track 8 (FIGHTER, d=3.2km, v=300m/s) -> threat=151.01
  track 10 (FIGHTER, d=3.6km, v=300m/s) -> threat=150.97
  track 6 (FIGHTER, d=12.5km, v=300m/s) -> threat=150.78
  track 2 (ASM, d=2.6km, v=0m/s) -> threat=101.38
  track 4 (ASM, d=3.6km, v=0m/s) -> threat=101.28

[DECISION] t=132.7s | tracks=5 | weapons=0 available
  track 8 (FIGHTER, d=3.3km, v=300m/s) -> threat=151.00
  track 10 (FIGHTER, d=3.6km, v=300m/s) -> threat=150.97
  track 6 (FIGHTER, d=12.7km, v=300m/s) -> threat=150.78
  track 2 (ASM, d=2.6km, v=0m/s) -> threat=101.38
  track 4 (ASM, d=3.6km, v=0m/s) -> threat=101.28

[DECISION] t=133.1s | tracks=5 | weapons=0 available
  track 8 (FIGHTER, d=3.3km, v=300m/s) -> threat=151.00
  track 10 (FIGHTER, d=3.6km, v=300m/s) -> threat=150.97
  track 6 (FIGHTER, d=12.7km, v=300m/s) -> threat=150.78
  track 2 (ASM, d=2.6km, v=0m/s) -> threat=101.38
  track 4 (ASM, d=3.6km, v=0m/s) -> threat=101.28

[DECISION] t=133.3s | tracks=5 | weapons=0 available
  track 10 (FIGHTER, d=3.4km, v=300m/s) -> threat=151.00
  track 8 (FIGHTER, d=3.5km, v=300m/s) -> threat=150.99
  track 6 (FIGHTER, d=12.8km, v=300m/s) -> threat=150.78
  track 2 (ASM, d=2.6km, v=0m/s) -> threat=101.38
  track 4 (ASM, d=3.6km, v=0m/s) -> threat=101.28

[DECISION] t=133.5s | tracks=5 | weapons=0 available
  track 10 (FIGHTER, d=3.4km, v=300m/s) -> threat=151.00
  track 8 (FIGHTER, d=3.5km, v=300m/s) -> threat=150.99
  track 6 (FIGHTER, d=12.8km, v=300m/s) -> threat=150.78
  track 2 (ASM, d=2.6km, v=0m/s) -> threat=101.38
  track 4 (ASM, d=3.6km, v=0m/s) -> threat=101.28

[DECISION] t=133.7s | tracks=5 | weapons=0 available
  track 10 (FIGHTER, d=3.4km, v=300m/s) -> threat=151.00
  track 8 (FIGHTER, d=3.6km, v=300m/s) -> threat=150.97
  track 6 (FIGHTER, d=13.0km, v=300m/s) -> threat=150.78
  track 2 (ASM, d=2.6km, v=0m/s) -> threat=101.38
  track 4 (ASM, d=3.6km, v=0m/s) -> threat=101.28

[DECISION] t=133.9s | tracks=5 | weapons=0 available
  track 10 (FIGHTER, d=3.2km, v=300m/s) -> threat=151.01
  track 8 (FIGHTER, d=3.6km, v=300m/s) -> threat=150.97
  track 6 (FIGHTER, d=13.0km, v=300m/s) -> threat=150.78
  track 2 (ASM, d=2.6km, v=0m/s) -> threat=101.38
  track 4 (ASM, d=3.6km, v=0m/s) -> threat=101.28

[DECISION] t=134.1s | tracks=5 | weapons=0 available
  track 10 (FIGHTER, d=3.2km, v=300m/s) -> threat=151.01
  track 8 (FIGHTER, d=3.6km, v=300m/s) -> threat=150.97
  track 6 (FIGHTER, d=13.2km, v=300m/s) -> threat=150.78
  track 2 (ASM, d=2.6km, v=0m/s) -> threat=101.38
  track 4 (ASM, d=3.6km, v=0m/s) -> threat=101.28

[DECISION] t=134.5s | tracks=5 | weapons=0 available
  track 10 (FIGHTER, d=3.0km, v=300m/s) -> threat=151.03
  track 8 (FIGHTER, d=3.8km, v=300m/s) -> threat=150.96
  track 6 (FIGHTER, d=13.2km, v=300m/s) -> threat=150.78
  track 2 (ASM, d=2.6km, v=0m/s) -> threat=101.38
  track 4 (ASM, d=3.6km, v=0m/s) -> threat=101.28

[DECISION] t=134.7s | tracks=5 | weapons=0 available
  track 10 (FIGHTER, d=3.0km, v=300m/s) -> threat=151.03
  track 8 (FIGHTER, d=3.9km, v=300m/s) -> threat=150.95
  track 6 (FIGHTER, d=13.3km, v=300m/s) -> threat=150.78
  track 2 (ASM, d=2.6km, v=0m/s) -> threat=101.38
  track 4 (ASM, d=3.6km, v=0m/s) -> threat=101.28

[DECISION] t=134.9s | tracks=5 | weapons=0 available
  track 10 (FIGHTER, d=2.9km, v=300m/s) -> threat=151.05
  track 8 (FIGHTER, d=3.9km, v=300m/s) -> threat=150.95
  track 6 (FIGHTER, d=13.3km, v=300m/s) -> threat=150.78
  track 2 (ASM, d=2.6km, v=0m/s) -> threat=101.38
  track 4 (ASM, d=3.6km, v=0m/s) -> threat=101.28

[DECISION] t=135.1s | tracks=5 | weapons=0 available
  track 10 (FIGHTER, d=2.9km, v=300m/s) -> threat=151.05
  track 8 (FIGHTER, d=3.9km, v=300m/s) -> threat=150.95
  track 6 (FIGHTER, d=13.5km, v=300m/s) -> threat=150.77
  track 2 (ASM, d=2.6km, v=0m/s) -> threat=101.38
  track 4 (ASM, d=3.6km, v=0m/s) -> threat=101.28

[DECISION] t=135.3s | tracks=5 | weapons=0 available
  track 10 (FIGHTER, d=2.8km, v=300m/s) -> threat=151.06
  track 8 (FIGHTER, d=4.1km, v=300m/s) -> threat=150.94
  track 6 (FIGHTER, d=13.5km, v=300m/s) -> threat=150.77
  track 2 (ASM, d=2.6km, v=0m/s) -> threat=101.38
  track 4 (ASM, d=3.6km, v=0m/s) -> threat=101.28

[DECISION] t=135.5s | tracks=5 | weapons=0 available
  track 10 (FIGHTER, d=2.8km, v=300m/s) -> threat=151.06
  track 8 (FIGHTER, d=4.1km, v=300m/s) -> threat=150.94
  track 6 (FIGHTER, d=13.5km, v=300m/s) -> threat=150.77
  track 2 (ASM, d=2.6km, v=0m/s) -> threat=101.38
  track 4 (ASM, d=3.6km, v=0m/s) -> threat=101.28

[DECISION] t=135.9s | tracks=5 | weapons=0 available
  track 10 (FIGHTER, d=2.8km, v=300m/s) -> threat=151.06
  track 8 (FIGHTER, d=4.2km, v=300m/s) -> threat=150.94
  track 6 (FIGHTER, d=13.6km, v=300m/s) -> threat=150.77
  track 2 (ASM, d=2.6km, v=0m/s) -> threat=101.38
  track 4 (ASM, d=3.6km, v=0m/s) -> threat=101.28

[DECISION] t=136.1s | tracks=5 | weapons=0 available
  track 10 (FIGHTER, d=2.6km, v=300m/s) -> threat=151.09
  track 8 (FIGHTER, d=4.2km, v=300m/s) -> threat=150.94
  track 6 (FIGHTER, d=13.8km, v=300m/s) -> threat=150.77
  track 2 (ASM, d=2.6km, v=0m/s) -> threat=101.38
  track 4 (ASM, d=3.6km, v=0m/s) -> threat=101.28

[DECISION] t=136.3s | tracks=5 | weapons=0 available
  track 10 (FIGHTER, d=2.4km, v=300m/s) -> threat=151.11
  track 8 (FIGHTER, d=4.4km, v=300m/s) -> threat=150.93
  track 6 (FIGHTER, d=13.8km, v=300m/s) -> threat=150.77
  track 2 (ASM, d=2.6km, v=0m/s) -> threat=101.38
  track 4 (ASM, d=3.6km, v=0m/s) -> threat=101.28

[DECISION] t=136.7s | tracks=5 | weapons=0 available
  track 10 (FIGHTER, d=2.4km, v=300m/s) -> threat=151.11
  track 8 (FIGHTER, d=4.4km, v=300m/s) -> threat=150.93
  track 6 (FIGHTER, d=13.8km, v=300m/s) -> threat=150.77
  track 2 (ASM, d=2.6km, v=0m/s) -> threat=101.38
  track 4 (ASM, d=3.6km, v=0m/s) -> threat=101.28

[DECISION] t=136.9s | tracks=5 | weapons=0 available
  track 10 (FIGHTER, d=2.3km, v=300m/s) -> threat=151.13
  track 8 (FIGHTER, d=4.5km, v=300m/s) -> threat=150.92
  track 6 (FIGHTER, d=13.9km, v=300m/s) -> threat=150.77
  track 2 (ASM, d=2.6km, v=0m/s) -> threat=101.38
  track 4 (ASM, d=3.6km, v=0m/s) -> threat=101.28

[DECISION] t=137.3s | tracks=5 | weapons=0 available
  track 10 (FIGHTER, d=2.3km, v=300m/s) -> threat=151.13
  track 8 (FIGHTER, d=4.5km, v=300m/s) -> threat=150.92
  track 6 (FIGHTER, d=14.1km, v=300m/s) -> threat=150.77
  track 2 (ASM, d=2.6km, v=0m/s) -> threat=101.38
  track 4 (ASM, d=3.6km, v=0m/s) -> threat=101.28

[DECISION] t=0.0s | tracks=5 | weapons=0 available
  track 10 (FIGHTER, d=2.2km, v=300m/s) -> threat=151.16
  track 8 (FIGHTER, d=4.7km, v=300m/s) -> threat=150.91
  track 6 (FIGHTER, d=14.1km, v=300m/s) -> threat=150.77
  track 2 (ASM, d=2.6km, v=0m/s) -> threat=101.38
  track 4 (ASM, d=3.6km, v=0m/s) -> threat=101.28

[DECISION] t=137.7s | tracks=5 | weapons=0 available
  track 10 (FIGHTER, d=2.2km, v=300m/s) -> threat=151.16
  track 8 (FIGHTER, d=4.9km, v=300m/s) -> threat=150.91
  track 6 (FIGHTER, d=14.2km, v=300m/s) -> threat=150.77
  track 2 (ASM, d=2.6km, v=0m/s) -> threat=101.38
  track 4 (ASM, d=3.6km, v=0m/s) -> threat=101.28

[DECISION] t=137.9s | tracks=5 | weapons=0 available
  track 10 (FIGHTER, d=2.0km, v=300m/s) -> threat=151.20
  track 8 (FIGHTER, d=4.9km, v=300m/s) -> threat=150.91
  track 6 (FIGHTER, d=14.2km, v=300m/s) -> threat=150.77
  track 2 (ASM, d=2.6km, v=0m/s) -> threat=101.38
  track 4 (ASM, d=3.6km, v=0m/s) -> threat=101.28

[DECISION] t=138.3s | tracks=5 | weapons=0 available
  track 10 (FIGHTER, d=2.0km, v=300m/s) -> threat=151.20
  track 8 (FIGHTER, d=4.9km, v=300m/s) -> threat=150.91
  track 6 (FIGHTER, d=14.2km, v=300m/s) -> threat=150.77
  track 2 (ASM, d=2.6km, v=0m/s) -> threat=101.38
  track 4 (ASM, d=3.6km, v=0m/s) -> threat=101.28

[DECISION] t=138.7s | tracks=5 | weapons=0 available
  track 10 (FIGHTER, d=1.8km, v=300m/s) -> threat=151.25
  track 8 (FIGHTER, d=5.2km, v=300m/s) -> threat=150.89
  track 6 (FIGHTER, d=14.5km, v=300m/s) -> threat=150.77
  track 2 (ASM, d=2.6km, v=0m/s) -> threat=101.38
  track 4 (ASM, d=3.6km, v=0m/s) -> threat=101.28

[DECISION] t=138.9s | tracks=5 | weapons=0 available
  track 10 (FIGHTER, d=1.7km, v=300m/s) -> threat=151.28
  track 8 (FIGHTER, d=5.2km, v=300m/s) -> threat=150.89
  track 6 (FIGHTER, d=14.5km, v=300m/s) -> threat=150.77
  track 2 (ASM, d=2.6km, v=0m/s) -> threat=101.38
  track 4 (ASM, d=3.6km, v=0m/s) -> threat=101.28

[DECISION] t=139.1s | tracks=5 | weapons=0 available
  track 10 (FIGHTER, d=1.7km, v=300m/s) -> threat=151.28
  track 8 (FIGHTER, d=5.2km, v=300m/s) -> threat=150.89
  track 6 (FIGHTER, d=14.7km, v=300m/s) -> threat=150.77
  track 2 (ASM, d=2.6km, v=0m/s) -> threat=101.38
  track 4 (ASM, d=3.6km, v=0m/s) -> threat=101.28

[DECISION] t=139.3s | tracks=5 | weapons=0 available
  track 10 (FIGHTER, d=1.5km, v=300m/s) -> threat=151.35
  track 8 (FIGHTER, d=5.3km, v=300m/s) -> threat=150.89
  track 6 (FIGHTER, d=14.7km, v=300m/s) -> threat=150.77
  track 2 (ASM, d=2.6km, v=0m/s) -> threat=101.38
  track 4 (ASM, d=3.6km, v=0m/s) -> threat=101.28

[DECISION] t=139.5s | tracks=5 | weapons=0 available
  track 10 (FIGHTER, d=1.5km, v=300m/s) -> threat=151.35
  track 8 (FIGHTER, d=5.3km, v=300m/s) -> threat=150.89
  track 6 (FIGHTER, d=14.7km, v=300m/s) -> threat=150.77
  track 2 (ASM, d=2.6km, v=0m/s) -> threat=101.38
  track 4 (ASM, d=3.6km, v=0m/s) -> threat=101.28

[DECISION] t=139.7s | tracks=5 | weapons=0 available
  track 10 (FIGHTER, d=1.5km, v=300m/s) -> threat=151.35
  track 8 (FIGHTER, d=5.5km, v=300m/s) -> threat=150.88
  track 6 (FIGHTER, d=14.8km, v=300m/s) -> threat=150.77
  track 2 (ASM, d=2.6km, v=0m/s) -> threat=101.38
  track 4 (ASM, d=3.6km, v=0m/s) -> threat=101.28

[DECISION] t=139.9s | tracks=5 | weapons=0 available
  track 10 (FIGHTER, d=1.4km, v=300m/s) -> threat=151.43
  track 8 (FIGHTER, d=5.5km, v=300m/s) -> threat=150.88
  track 6 (FIGHTER, d=14.8km, v=300m/s) -> threat=150.77
  track 2 (ASM, d=2.6km, v=0m/s) -> threat=101.38
  track 4 (ASM, d=3.6km, v=0m/s) -> threat=101.28

[DECISION] t=140.3s | tracks=5 | weapons=0 available
  track 10 (FIGHTER, d=1.4km, v=300m/s) -> threat=151.43
  track 8 (FIGHTER, d=5.5km, v=300m/s) -> threat=150.88
  track 6 (FIGHTER, d=14.8km, v=300m/s) -> threat=150.77
  track 2 (ASM, d=2.6km, v=0m/s) -> threat=101.38
  track 4 (ASM, d=3.6km, v=0m/s) -> threat=101.28

[DECISION] t=140.5s | tracks=5 | weapons=0 available
  track 10 (FIGHTER, d=1.3km, v=300m/s) -> threat=151.48
  track 8 (FIGHTER, d=5.6km, v=300m/s) -> threat=150.88
  track 6 (FIGHTER, d=15.0km, v=300m/s) -> threat=150.77
  track 2 (ASM, d=2.6km, v=0m/s) -> threat=101.38
  track 4 (ASM, d=3.6km, v=0m/s) -> threat=101.28

[DECISION] t=140.9s | tracks=5 | weapons=0 available
  track 10 (FIGHTER, d=1.3km, v=300m/s) -> threat=151.48
  track 8 (FIGHTER, d=5.8km, v=300m/s) -> threat=150.87
  track 6 (FIGHTER, d=15.1km, v=300m/s) -> threat=150.77
  track 2 (ASM, d=2.6km, v=0m/s) -> threat=101.38
  track 4 (ASM, d=3.6km, v=0m/s) -> threat=101.28

[DECISION] t=140.9s | tracks=5 | weapons=0 available
  track 10 (FIGHTER, d=1.1km, v=300m/s) -> threat=151.60
  track 8 (FIGHTER, d=5.8km, v=300m/s) -> threat=150.87
  track 6 (FIGHTER, d=15.1km, v=300m/s) -> threat=150.77
  track 2 (ASM, d=2.6km, v=0m/s) -> threat=101.38
  track 4 (ASM, d=3.6km, v=0m/s) -> threat=101.28

[DECISION] t=141.1s | tracks=5 | weapons=0 available
  track 10 (FIGHTER, d=1.1km, v=300m/s) -> threat=151.60
  track 8 (FIGHTER, d=5.8km, v=300m/s) -> threat=150.87
  track 6 (FIGHTER, d=15.3km, v=300m/s) -> threat=150.77
  track 2 (ASM, d=2.6km, v=0m/s) -> threat=101.38
  track 4 (ASM, d=3.6km, v=0m/s) -> threat=101.28

[DECISION] t=141.3s | tracks=5 | weapons=0 available
  track 10 (FIGHTER, d=0.9km, v=300m/s) -> threat=151.77
  track 8 (FIGHTER, d=5.9km, v=300m/s) -> threat=150.87
  track 6 (FIGHTER, d=15.3km, v=300m/s) -> threat=150.77
  track 2 (ASM, d=2.6km, v=0m/s) -> threat=101.38
  track 4 (ASM, d=3.6km, v=0m/s) -> threat=101.28

[DECISION] t=141.5s | tracks=5 | weapons=0 available
  track 10 (FIGHTER, d=0.9km, v=300m/s) -> threat=151.77
  track 8 (FIGHTER, d=5.9km, v=300m/s) -> threat=150.87
  track 6 (FIGHTER, d=15.3km, v=300m/s) -> threat=150.77
  track 2 (ASM, d=2.6km, v=0m/s) -> threat=101.38
  track 4 (ASM, d=3.6km, v=0m/s) -> threat=101.28

[DECISION] t=0.0s | tracks=5 | weapons=0 available
  track 10 (FIGHTER, d=0.9km, v=300m/s) -> threat=151.77
  track 8 (FIGHTER, d=6.1km, v=300m/s) -> threat=150.87
  track 6 (FIGHTER, d=15.4km, v=300m/s) -> threat=150.76
  track 2 (ASM, d=2.6km, v=0m/s) -> threat=101.38
  track 4 (ASM, d=3.6km, v=0m/s) -> threat=101.28

[DECISION] t=141.9s | tracks=5 | weapons=0 available
  track 10 (FIGHTER, d=0.8km, v=300m/s) -> threat=152.02
  track 8 (FIGHTER, d=6.1km, v=300m/s) -> threat=150.87
  track 6 (FIGHTER, d=15.4km, v=300m/s) -> threat=150.76
  track 2 (ASM, d=2.6km, v=0m/s) -> threat=101.38
  track 4 (ASM, d=3.6km, v=0m/s) -> threat=101.28

[DECISION] t=142.5s | tracks=5 | weapons=0 available
  track 10 (FIGHTER, d=0.7km, v=300m/s) -> threat=152.19
  track 8 (FIGHTER, d=6.2km, v=300m/s) -> threat=150.86
  track 6 (FIGHTER, d=15.6km, v=300m/s) -> threat=150.76
  track 2 (ASM, d=2.6km, v=0m/s) -> threat=101.38
  track 4 (ASM, d=3.6km, v=0m/s) -> threat=101.28

[DECISION] t=142.5s | tracks=5 | weapons=0 available
  track 10 (FIGHTER, d=0.7km, v=300m/s) -> threat=152.19
  track 8 (FIGHTER, d=6.2km, v=300m/s) -> threat=150.86
  track 6 (FIGHTER, d=15.6km, v=300m/s) -> threat=150.76
  track 2 (ASM, d=2.6km, v=0m/s) -> threat=101.38
  track 4 (ASM, d=3.6km, v=0m/s) -> threat=101.28

[DECISION] t=142.9s | tracks=5 | weapons=0 available
  track 10 (FIGHTER, d=0.5km, v=300m/s) -> threat=152.72
  track 8 (FIGHTER, d=6.4km, v=300m/s) -> threat=150.86
  track 6 (FIGHTER, d=15.7km, v=300m/s) -> threat=150.76
  track 2 (ASM, d=2.6km, v=0m/s) -> threat=101.38
  track 4 (ASM, d=3.6km, v=0m/s) -> threat=101.28

[DECISION] t=143.1s | tracks=5 | weapons=0 available
  track 10 (FIGHTER, d=0.5km, v=300m/s) -> threat=152.72
  track 8 (FIGHTER, d=6.4km, v=300m/s) -> threat=150.86
  track 6 (FIGHTER, d=15.9km, v=300m/s) -> threat=150.76
  track 2 (ASM, d=2.6km, v=0m/s) -> threat=101.38
  track 4 (ASM, d=3.6km, v=0m/s) -> threat=101.28

[DECISION] t=143.3s | tracks=5 | weapons=0 available
  track 10 (FIGHTER, d=0.3km, v=300m/s) -> threat=153.82
  track 8 (FIGHTER, d=6.5km, v=300m/s) -> threat=150.85
  track 6 (FIGHTER, d=15.9km, v=300m/s) -> threat=150.76
  track 2 (ASM, d=2.6km, v=0m/s) -> threat=101.38
  track 4 (ASM, d=3.6km, v=0m/s) -> threat=101.28

[DECISION] t=143.7s | tracks=5 | weapons=0 available
  track 10 (FIGHTER, d=0.3km, v=300m/s) -> threat=153.82
  track 8 (FIGHTER, d=6.5km, v=300m/s) -> threat=150.85
  track 6 (FIGHTER, d=15.9km, v=300m/s) -> threat=150.76
  track 2 (ASM, d=2.6km, v=0m/s) -> threat=101.38
  track 4 (ASM, d=3.6km, v=0m/s) -> threat=101.28

[DECISION] t=143.9s | tracks=5 | weapons=0 available
  track 10 (FIGHTER, d=0.2km, v=300m/s) -> threat=154.98
  track 8 (FIGHTER, d=6.7km, v=300m/s) -> threat=150.85
  track 6 (FIGHTER, d=16.0km, v=300m/s) -> threat=150.76
  track 2 (ASM, d=2.6km, v=0m/s) -> threat=101.38
  track 4 (ASM, d=3.6km, v=0m/s) -> threat=101.28

[DECISION] t=144.3s | tracks=5 | weapons=0 available
  track 10 (FIGHTER, d=0.2km, v=300m/s) -> threat=154.98
  track 8 (FIGHTER, d=6.7km, v=300m/s) -> threat=150.85
  track 6 (FIGHTER, d=16.0km, v=300m/s) -> threat=150.76
  track 2 (ASM, d=2.6km, v=0m/s) -> threat=101.38
  track 4 (ASM, d=3.6km, v=0m/s) -> threat=101.28

[DECISION] t=144.7s | tracks=5 | weapons=0 available
  track 10 (FIGHTER, d=0.1km, v=300m/s) -> threat=160.70
  track 8 (FIGHTER, d=6.8km, v=300m/s) -> threat=150.85
  track 6 (FIGHTER, d=16.2km, v=300m/s) -> threat=150.76
  track 2 (ASM, d=2.6km, v=0m/s) -> threat=101.38
  track 4 (ASM, d=3.6km, v=0m/s) -> threat=101.28

[DECISION] t=145.1s | tracks=5 | weapons=0 available
  track 10 (FIGHTER, d=0.1km, v=300m/s) -> threat=159.26
  track 8 (FIGHTER, d=7.0km, v=300m/s) -> threat=150.84
  track 6 (FIGHTER, d=16.3km, v=300m/s) -> threat=150.76
  track 2 (ASM, d=2.6km, v=0m/s) -> threat=101.38
  track 4 (ASM, d=3.6km, v=0m/s) -> threat=101.28

[DECISION] t=145.1s | tracks=5 | weapons=0 available
  track 10 (FIGHTER, d=0.1km, v=300m/s) -> threat=159.26
  track 8 (FIGHTER, d=7.0km, v=300m/s) -> threat=150.84
  track 6 (FIGHTER, d=16.5km, v=300m/s) -> threat=150.76
  track 2 (ASM, d=2.6km, v=0m/s) -> threat=101.38
  track 4 (ASM, d=3.6km, v=0m/s) -> threat=101.28

[DECISION] t=145.5s | tracks=5 | weapons=0 available
  track 10 (FIGHTER, d=0.2km, v=300m/s) -> threat=155.59
  track 8 (FIGHTER, d=7.1km, v=300m/s) -> threat=150.84
  track 6 (FIGHTER, d=16.5km, v=300m/s) -> threat=150.76
  track 2 (ASM, d=2.6km, v=0m/s) -> threat=101.38
  track 4 (ASM, d=3.6km, v=0m/s) -> threat=101.28

[DECISION] t=145.7s | tracks=5 | weapons=0 available
  track 10 (FIGHTER, d=0.2km, v=300m/s) -> threat=155.59
  track 8 (FIGHTER, d=7.3km, v=300m/s) -> threat=150.84
  track 6 (FIGHTER, d=16.6km, v=300m/s) -> threat=150.76
  track 2 (ASM, d=2.6km, v=0m/s) -> threat=101.38
  track 4 (ASM, d=3.6km, v=0m/s) -> threat=101.28

[DECISION] t=145.9s | tracks=5 | weapons=0 available
  track 10 (FIGHTER, d=0.4km, v=300m/s) -> threat=153.34
  track 8 (FIGHTER, d=7.3km, v=300m/s) -> threat=150.84
  track 6 (FIGHTER, d=16.6km, v=300m/s) -> threat=150.76
  track 2 (ASM, d=2.6km, v=0m/s) -> threat=101.38
  track 4 (ASM, d=3.6km, v=0m/s) -> threat=101.28

[DECISION] t=146.3s | tracks=5 | weapons=0 available
  track 10 (FIGHTER, d=0.4km, v=300m/s) -> threat=153.34
  track 8 (FIGHTER, d=7.3km, v=300m/s) -> threat=150.84
  track 6 (FIGHTER, d=16.8km, v=300m/s) -> threat=150.76
  track 2 (ASM, d=2.6km, v=0m/s) -> threat=101.38
  track 4 (ASM, d=3.6km, v=0m/s) -> threat=101.28

[DECISION] t=146.7s | tracks=5 | weapons=0 available
  track 10 (FIGHTER, d=0.4km, v=300m/s) -> threat=153.34
  track 8 (FIGHTER, d=7.3km, v=300m/s) -> threat=150.84
  track 6 (FIGHTER, d=16.8km, v=300m/s) -> threat=150.76
  track 2 (ASM, d=2.6km, v=0m/s) -> threat=101.38
  track 4 (ASM, d=3.6km, v=0m/s) -> threat=101.28

[DECISION] t=147.1s | tracks=5 | weapons=0 available
  track 10 (FIGHTER, d=0.7km, v=300m/s) -> threat=152.07
  track 8 (FIGHTER, d=7.6km, v=300m/s) -> threat=150.83
  track 6 (FIGHTER, d=16.9km, v=300m/s) -> threat=150.76
  track 2 (ASM, d=2.6km, v=0m/s) -> threat=101.38
  track 4 (ASM, d=3.6km, v=0m/s) -> threat=101.28

[DECISION] t=147.5s | tracks=5 | weapons=0 available
  track 10 (FIGHTER, d=0.8km, v=300m/s) -> threat=151.92
  track 8 (FIGHTER, d=7.7km, v=300m/s) -> threat=150.83
  track 6 (FIGHTER, d=17.1km, v=300m/s) -> threat=150.76
  track 2 (ASM, d=2.6km, v=0m/s) -> threat=101.38
  track 4 (ASM, d=3.6km, v=0m/s) -> threat=101.28

[DECISION] t=147.7s | tracks=5 | weapons=0 available
  track 10 (FIGHTER, d=0.8km, v=300m/s) -> threat=151.92
  track 8 (FIGHTER, d=7.9km, v=300m/s) -> threat=150.83
  track 6 (FIGHTER, d=17.2km, v=300m/s) -> threat=150.76
  track 2 (ASM, d=2.6km, v=0m/s) -> threat=101.38
  track 4 (ASM, d=3.6km, v=0m/s) -> threat=101.28

[DECISION] t=147.9s | tracks=5 | weapons=0 available
  track 10 (FIGHTER, d=1.0km, v=300m/s) -> threat=151.71
  track 8 (FIGHTER, d=7.9km, v=300m/s) -> threat=150.83
  track 6 (FIGHTER, d=17.2km, v=300m/s) -> threat=150.76
  track 2 (ASM, d=2.6km, v=0m/s) -> threat=101.38
  track 4 (ASM, d=3.6km, v=0m/s) -> threat=101.28

[DECISION] t=148.1s | tracks=5 | weapons=0 available
  track 10 (FIGHTER, d=1.0km, v=300m/s) -> threat=151.71
  track 8 (FIGHTER, d=7.9km, v=300m/s) -> threat=150.83
  track 6 (FIGHTER, d=17.4km, v=300m/s) -> threat=150.76
  track 2 (ASM, d=2.6km, v=0m/s) -> threat=101.38
  track 4 (ASM, d=3.6km, v=0m/s) -> threat=101.28

[DECISION] t=148.3s | tracks=5 | weapons=0 available
  track 10 (FIGHTER, d=1.2km, v=300m/s) -> threat=151.56
  track 8 (FIGHTER, d=8.0km, v=300m/s) -> threat=150.82
  track 6 (FIGHTER, d=17.4km, v=300m/s) -> threat=150.76
  track 2 (ASM, d=2.6km, v=0m/s) -> threat=101.38
  track 4 (ASM, d=3.6km, v=0m/s) -> threat=101.28

[DECISION] t=148.7s | tracks=5 | weapons=0 available
  track 10 (FIGHTER, d=1.2km, v=300m/s) -> threat=151.56
  track 8 (FIGHTER, d=8.0km, v=300m/s) -> threat=150.82
  track 6 (FIGHTER, d=17.4km, v=300m/s) -> threat=150.76
  track 2 (ASM, d=2.6km, v=0m/s) -> threat=101.38
  track 4 (ASM, d=3.6km, v=0m/s) -> threat=101.28

[DECISION] t=149.3s | tracks=5 | weapons=0 available
  track 10 (FIGHTER, d=1.2km, v=300m/s) -> threat=151.56
  track 8 (FIGHTER, d=8.0km, v=300m/s) -> threat=150.82
  track 6 (FIGHTER, d=17.4km, v=300m/s) -> threat=150.76
  track 2 (ASM, d=2.6km, v=0m/s) -> threat=101.38
  track 4 (ASM, d=3.6km, v=0m/s) -> threat=101.28

[DECISION] t=0.0s | tracks=5 | weapons=0 available
  track 10 (FIGHTER, d=1.4km, v=300m/s) -> threat=151.40
  track 8 (FIGHTER, d=8.3km, v=300m/s) -> threat=150.82
  track 6 (FIGHTER, d=17.7km, v=300m/s) -> threat=150.76
  track 2 (ASM, d=2.6km, v=0m/s) -> threat=101.38
  track 4 (ASM, d=3.6km, v=0m/s) -> threat=101.28

[DECISION] t=149.5s | tracks=5 | weapons=0 available
  track 10 (FIGHTER, d=1.4km, v=300m/s) -> threat=151.40
  track 8 (FIGHTER, d=8.3km, v=300m/s) -> threat=150.82
  track 6 (FIGHTER, d=17.7km, v=300m/s) -> threat=150.76
  track 2 (ASM, d=2.6km, v=0m/s) -> threat=101.38
  track 4 (ASM, d=3.6km, v=0m/s) -> threat=101.28

[DECISION] t=0.0s | tracks=5 | weapons=0 available
  track 10 (FIGHTER, d=1.4km, v=300m/s) -> threat=151.40
  track 8 (FIGHTER, d=8.3km, v=300m/s) -> threat=150.82
  track 6 (FIGHTER, d=17.7km, v=300m/s) -> threat=150.76
  track 2 (ASM, d=2.6km, v=0m/s) -> threat=101.38
  track 4 (ASM, d=3.6km, v=0m/s) -> threat=101.28

[DECISION] t=149.9s | tracks=5 | weapons=0 available
  track 10 (FIGHTER, d=1.6km, v=300m/s) -> threat=151.32
  track 8 (FIGHTER, d=8.5km, v=300m/s) -> threat=150.82
  track 6 (FIGHTER, d=17.8km, v=300m/s) -> threat=150.76
  track 2 (ASM, d=2.6km, v=0m/s) -> threat=101.38
  track 4 (ASM, d=3.6km, v=0m/s) -> threat=101.28

[DECISION] t=150.1s | tracks=5 | weapons=0 available
  track 10 (FIGHTER, d=1.6km, v=300m/s) -> threat=151.32
  track 8 (FIGHTER, d=8.5km, v=300m/s) -> threat=150.82
  track 6 (FIGHTER, d=18.0km, v=300m/s) -> threat=150.76
  track 2 (ASM, d=2.6km, v=0m/s) -> threat=101.38
  track 4 (ASM, d=3.6km, v=0m/s) -> threat=101.28

[DECISION] t=150.3s | tracks=6 | weapons=0 available
  track 10 (FIGHTER, d=1.7km, v=300m/s) -> threat=151.29
  track 12 (FIGHTER, d=7.2km, v=300m/s) -> threat=150.84
  track 8 (FIGHTER, d=8.6km, v=300m/s) -> threat=150.82
  track 6 (FIGHTER, d=18.0km, v=300m/s) -> threat=150.76
  track 2 (ASM, d=2.6km, v=0m/s) -> threat=101.38
  track 4 (ASM, d=3.6km, v=0m/s) -> threat=101.28

[DECISION] t=150.7s | tracks=6 | weapons=0 available
  track 10 (FIGHTER, d=1.7km, v=300m/s) -> threat=151.29
  track 12 (FIGHTER, d=7.2km, v=300m/s) -> threat=150.84
  track 8 (FIGHTER, d=8.6km, v=300m/s) -> threat=150.82
  track 6 (FIGHTER, d=18.0km, v=300m/s) -> threat=150.76
  track 2 (ASM, d=2.6km, v=0m/s) -> threat=101.38
  track 4 (ASM, d=3.6km, v=0m/s) -> threat=101.28

[DECISION] t=150.9s | tracks=6 | weapons=0 available
  track 10 (FIGHTER, d=1.9km, v=300m/s) -> threat=151.24
  track 12 (FIGHTER, d=7.0km, v=300m/s) -> threat=150.84
  track 8 (FIGHTER, d=8.8km, v=300m/s) -> threat=150.81
  track 6 (FIGHTER, d=18.1km, v=300m/s) -> threat=150.76
  track 2 (ASM, d=2.6km, v=0m/s) -> threat=101.38
  track 4 (ASM, d=3.6km, v=0m/s) -> threat=101.28

[DECISION] t=151.1s | tracks=6 | weapons=0 available
  track 10 (FIGHTER, d=1.9km, v=300m/s) -> threat=151.24
  track 12 (FIGHTER, d=7.0km, v=300m/s) -> threat=150.84
  track 8 (FIGHTER, d=8.8km, v=300m/s) -> threat=150.81
  track 6 (FIGHTER, d=18.3km, v=300m/s) -> threat=150.75
  track 2 (ASM, d=2.6km, v=0m/s) -> threat=101.38
  track 4 (ASM, d=3.6km, v=0m/s) -> threat=101.28

[DECISION] t=151.3s | tracks=6 | weapons=0 available
  track 10 (FIGHTER, d=2.0km, v=300m/s) -> threat=151.19
  track 12 (FIGHTER, d=6.9km, v=300m/s) -> threat=150.84
  track 8 (FIGHTER, d=8.9km, v=300m/s) -> threat=150.81
  track 6 (FIGHTER, d=18.3km, v=300m/s) -> threat=150.75
  track 2 (ASM, d=2.6km, v=0m/s) -> threat=101.38
  track 4 (ASM, d=3.6km, v=0m/s) -> threat=101.28

[DECISION] t=151.5s | tracks=6 | weapons=0 available
  track 10 (FIGHTER, d=2.0km, v=300m/s) -> threat=151.19
  track 12 (FIGHTER, d=6.9km, v=300m/s) -> threat=150.84
  track 8 (FIGHTER, d=8.9km, v=300m/s) -> threat=150.81
  track 6 (FIGHTER, d=18.3km, v=300m/s) -> threat=150.75
  track 2 (ASM, d=2.6km, v=0m/s) -> threat=101.38
  track 4 (ASM, d=3.6km, v=0m/s) -> threat=101.28

[DECISION] t=151.9s | tracks=6 | weapons=0 available
  track 10 (FIGHTER, d=2.2km, v=300m/s) -> threat=151.15
  track 12 (FIGHTER, d=6.9km, v=300m/s) -> threat=150.84
  track 8 (FIGHTER, d=9.1km, v=300m/s) -> threat=150.81
  track 6 (FIGHTER, d=18.4km, v=300m/s) -> threat=150.75
  track 2 (ASM, d=2.6km, v=0m/s) -> threat=101.38
  track 4 (ASM, d=3.6km, v=0m/s) -> threat=101.28

[DECISION] t=152.1s | tracks=6 | weapons=0 available
  track 10 (FIGHTER, d=2.2km, v=300m/s) -> threat=151.15
  track 12 (FIGHTER, d=6.8km, v=300m/s) -> threat=150.85
  track 8 (FIGHTER, d=9.1km, v=300m/s) -> threat=150.81
  track 6 (FIGHTER, d=18.6km, v=300m/s) -> threat=150.75
  track 2 (ASM, d=2.6km, v=0m/s) -> threat=101.38
  track 4 (ASM, d=3.6km, v=0m/s) -> threat=101.28

[DECISION] t=152.3s | tracks=6 | weapons=0 available
  track 10 (FIGHTER, d=2.3km, v=300m/s) -> threat=151.13
  track 12 (FIGHTER, d=6.6km, v=300m/s) -> threat=150.85
  track 8 (FIGHTER, d=9.2km, v=300m/s) -> threat=150.81
  track 6 (FIGHTER, d=18.6km, v=300m/s) -> threat=150.75
  track 2 (ASM, d=2.6km, v=0m/s) -> threat=101.38
  track 4 (ASM, d=3.6km, v=0m/s) -> threat=101.28

[DECISION] t=152.5s | tracks=6 | weapons=0 available
  track 10 (FIGHTER, d=2.3km, v=300m/s) -> threat=151.13
  track 12 (FIGHTER, d=6.6km, v=300m/s) -> threat=150.85
  track 8 (FIGHTER, d=9.2km, v=300m/s) -> threat=150.81
  track 6 (FIGHTER, d=18.6km, v=300m/s) -> threat=150.75
  track 2 (ASM, d=2.6km, v=0m/s) -> threat=101.38
  track 4 (ASM, d=3.6km, v=0m/s) -> threat=101.28

[DECISION] t=152.7s | tracks=6 | weapons=0 available
  track 10 (FIGHTER, d=2.5km, v=300m/s) -> threat=151.10
  track 12 (FIGHTER, d=6.6km, v=300m/s) -> threat=150.85
  track 8 (FIGHTER, d=9.4km, v=300m/s) -> threat=150.81
  track 6 (FIGHTER, d=18.7km, v=300m/s) -> threat=150.75
  track 2 (ASM, d=2.6km, v=0m/s) -> threat=101.38
  track 4 (ASM, d=3.6km, v=0m/s) -> threat=101.28

[DECISION] t=152.9s | tracks=6 | weapons=0 available
  track 10 (FIGHTER, d=2.5km, v=300m/s) -> threat=151.10
  track 12 (FIGHTER, d=6.5km, v=300m/s) -> threat=150.85
  track 8 (FIGHTER, d=9.4km, v=300m/s) -> threat=150.81
  track 6 (FIGHTER, d=18.7km, v=300m/s) -> threat=150.75
  track 2 (ASM, d=2.6km, v=0m/s) -> threat=101.38
  track 4 (ASM, d=3.6km, v=0m/s) -> threat=101.28

[DECISION] t=153.1s | tracks=6 | weapons=0 available
  track 10 (FIGHTER, d=2.5km, v=300m/s) -> threat=151.10
  track 12 (FIGHTER, d=6.5km, v=300m/s) -> threat=150.85
  track 8 (FIGHTER, d=9.4km, v=300m/s) -> threat=150.81
  track 6 (FIGHTER, d=18.9km, v=300m/s) -> threat=150.75
  track 2 (ASM, d=2.6km, v=0m/s) -> threat=101.38
  track 4 (ASM, d=3.6km, v=0m/s) -> threat=101.28

[DECISION] t=153.3s | tracks=6 | weapons=0 available
  track 10 (FIGHTER, d=2.7km, v=300m/s) -> threat=151.08
  track 12 (FIGHTER, d=6.3km, v=300m/s) -> threat=150.86
  track 8 (FIGHTER, d=9.5km, v=300m/s) -> threat=150.81
  track 6 (FIGHTER, d=18.9km, v=300m/s) -> threat=150.75
  track 2 (ASM, d=2.6km, v=0m/s) -> threat=101.38
  track 4 (ASM, d=3.6km, v=0m/s) -> threat=101.28

[DECISION] t=0.0s | tracks=6 | weapons=0 available
  track 10 (FIGHTER, d=2.7km, v=300m/s) -> threat=151.08
  track 12 (FIGHTER, d=6.3km, v=300m/s) -> threat=150.86
  track 8 (FIGHTER, d=9.5km, v=300m/s) -> threat=150.81
  track 6 (FIGHTER, d=18.9km, v=300m/s) -> threat=150.75
  track 2 (ASM, d=2.6km, v=0m/s) -> threat=101.38
  track 4 (ASM, d=3.6km, v=0m/s) -> threat=101.28

[DECISION] t=153.7s | tracks=6 | weapons=0 available
  track 10 (FIGHTER, d=2.7km, v=300m/s) -> threat=151.06
  track 12 (FIGHTER, d=6.3km, v=300m/s) -> threat=150.86
  track 8 (FIGHTER, d=9.7km, v=300m/s) -> threat=150.80
  track 6 (FIGHTER, d=19.0km, v=300m/s) -> threat=150.75
  track 2 (ASM, d=2.6km, v=0m/s) -> threat=101.38
  track 4 (ASM, d=3.6km, v=0m/s) -> threat=101.28

[DECISION] t=153.9s | tracks=6 | weapons=0 available
  track 10 (FIGHTER, d=2.7km, v=300m/s) -> threat=151.06
  track 12 (FIGHTER, d=6.2km, v=300m/s) -> threat=150.86
  track 8 (FIGHTER, d=9.7km, v=300m/s) -> threat=150.80
  track 6 (FIGHTER, d=19.0km, v=300m/s) -> threat=150.75
  track 2 (ASM, d=2.6km, v=0m/s) -> threat=101.38
  track 4 (ASM, d=3.6km, v=0m/s) -> threat=101.28

[DECISION] t=154.1s | tracks=6 | weapons=0 available
  track 10 (FIGHTER, d=2.7km, v=300m/s) -> threat=151.06
  track 12 (FIGHTER, d=6.2km, v=300m/s) -> threat=150.86
  track 8 (FIGHTER, d=9.7km, v=300m/s) -> threat=150.80
  track 6 (FIGHTER, d=19.2km, v=300m/s) -> threat=150.75
  track 2 (ASM, d=2.6km, v=0m/s) -> threat=101.38
  track 4 (ASM, d=3.6km, v=0m/s) -> threat=101.28

[DECISION] t=154.3s | tracks=6 | weapons=0 available
  track 10 (FIGHTER, d=2.9km, v=300m/s) -> threat=151.04
  track 12 (FIGHTER, d=6.0km, v=300m/s) -> threat=150.87
  track 8 (FIGHTER, d=9.8km, v=300m/s) -> threat=150.80
  track 6 (FIGHTER, d=19.2km, v=300m/s) -> threat=150.75
  track 2 (ASM, d=2.6km, v=0m/s) -> threat=101.38
  track 4 (ASM, d=3.6km, v=0m/s) -> threat=101.28

[DECISION] t=154.5s | tracks=6 | weapons=0 available
  track 10 (FIGHTER, d=2.9km, v=300m/s) -> threat=151.04
  track 12 (FIGHTER, d=6.0km, v=300m/s) -> threat=150.87
  track 8 (FIGHTER, d=9.8km, v=300m/s) -> threat=150.80
  track 6 (FIGHTER, d=19.2km, v=300m/s) -> threat=150.75
  track 2 (ASM, d=2.6km, v=0m/s) -> threat=101.38
  track 4 (ASM, d=3.6km, v=0m/s) -> threat=101.28

[DECISION] t=154.7s | tracks=6 | weapons=0 available
  track 10 (FIGHTER, d=3.1km, v=300m/s) -> threat=151.02
  track 12 (FIGHTER, d=6.0km, v=300m/s) -> threat=150.87
  track 8 (FIGHTER, d=10.0km, v=300m/s) -> threat=150.80
  track 6 (FIGHTER, d=19.3km, v=300m/s) -> threat=150.75
  track 2 (ASM, d=2.6km, v=0m/s) -> threat=101.38
  track 4 (ASM, d=3.6km, v=0m/s) -> threat=101.28

[DECISION] t=154.9s | tracks=6 | weapons=0 available
  track 10 (FIGHTER, d=3.1km, v=300m/s) -> threat=151.02
  track 12 (FIGHTER, d=5.9km, v=300m/s) -> threat=150.87
  track 8 (FIGHTER, d=10.0km, v=300m/s) -> threat=150.80
  track 6 (FIGHTER, d=19.3km, v=300m/s) -> threat=150.75
  track 2 (ASM, d=2.6km, v=0m/s) -> threat=101.38
  track 4 (ASM, d=3.6km, v=0m/s) -> threat=101.28

[DECISION] t=155.1s | tracks=6 | weapons=0 available
  track 10 (FIGHTER, d=3.1km, v=300m/s) -> threat=151.02
  track 12 (FIGHTER, d=5.9km, v=300m/s) -> threat=150.87
  track 8 (FIGHTER, d=10.0km, v=300m/s) -> threat=150.80
  track 6 (FIGHTER, d=19.5km, v=300m/s) -> threat=150.75
  track 2 (ASM, d=2.6km, v=0m/s) -> threat=101.38
  track 4 (ASM, d=3.6km, v=0m/s) -> threat=101.28

[DECISION] t=155.3s | tracks=6 | weapons=0 available
  track 10 (FIGHTER, d=3.3km, v=300m/s) -> threat=151.01
  track 12 (FIGHTER, d=5.7km, v=300m/s) -> threat=150.87
  track 8 (FIGHTER, d=10.1km, v=300m/s) -> threat=150.80
  track 6 (FIGHTER, d=19.5km, v=300m/s) -> threat=150.75
  track 2 (ASM, d=2.6km, v=0m/s) -> threat=101.38
  track 4 (ASM, d=3.6km, v=0m/s) -> threat=101.28

[DECISION] t=155.5s | tracks=6 | weapons=0 available
  track 10 (FIGHTER, d=3.3km, v=300m/s) -> threat=151.01
  track 12 (FIGHTER, d=5.7km, v=300m/s) -> threat=150.87
  track 8 (FIGHTER, d=10.1km, v=300m/s) -> threat=150.80
  track 6 (FIGHTER, d=19.5km, v=300m/s) -> threat=150.75
  track 2 (ASM, d=2.6km, v=0m/s) -> threat=101.38
  track 4 (ASM, d=3.6km, v=0m/s) -> threat=101.28

[DECISION] t=155.9s | tracks=6 | weapons=0 available
  track 10 (FIGHTER, d=3.3km, v=300m/s) -> threat=151.01
  track 12 (FIGHTER, d=5.7km, v=300m/s) -> threat=150.87
  track 8 (FIGHTER, d=10.1km, v=300m/s) -> threat=150.80
  track 6 (FIGHTER, d=19.5km, v=300m/s) -> threat=150.75
  track 2 (ASM, d=2.6km, v=0m/s) -> threat=101.38
  track 4 (ASM, d=3.6km, v=0m/s) -> threat=101.28

[DECISION] t=156.3s | tracks=6 | weapons=0 available
  track 10 (FIGHTER, d=3.4km, v=300m/s) -> threat=151.00
  track 12 (FIGHTER, d=5.5km, v=300m/s) -> threat=150.88
  track 8 (FIGHTER, d=10.3km, v=300m/s) -> threat=150.80
  track 6 (FIGHTER, d=19.8km, v=300m/s) -> threat=150.75
  track 2 (ASM, d=2.6km, v=0m/s) -> threat=101.38
  track 4 (ASM, d=3.6km, v=0m/s) -> threat=101.28

[DECISION] t=156.7s | tracks=6 | weapons=0 available
  track 10 (FIGHTER, d=3.7km, v=300m/s) -> threat=150.97
  track 12 (FIGHTER, d=5.5km, v=300m/s) -> threat=150.88
  track 8 (FIGHTER, d=10.6km, v=300m/s) -> threat=150.79
  track 6 (FIGHTER, d=19.9km, v=300m/s) -> threat=150.75
  track 2 (ASM, d=2.6km, v=0m/s) -> threat=101.38
  track 4 (ASM, d=3.6km, v=0m/s) -> threat=101.28

[DECISION] t=157.1s | tracks=6 | weapons=0 available
  track 10 (FIGHTER, d=3.7km, v=300m/s) -> threat=150.97
  track 12 (FIGHTER, d=5.3km, v=300m/s) -> threat=150.89
  track 8 (FIGHTER, d=10.6km, v=300m/s) -> threat=150.79
  track 6 (FIGHTER, d=19.9km, v=300m/s) -> threat=150.75
  track 2 (ASM, d=2.6km, v=0m/s) -> threat=101.38
  track 4 (ASM, d=3.6km, v=0m/s) -> threat=101.28

[DECISION] t=157.3s | tracks=6 | weapons=0 available
  track 10 (FIGHTER, d=3.8km, v=300m/s) -> threat=150.96
  track 12 (FIGHTER, d=5.1km, v=300m/s) -> threat=150.90
  track 8 (FIGHTER, d=10.7km, v=300m/s) -> threat=150.79
  track 6 (FIGHTER, d=20.1km, v=300m/s) -> threat=150.75
  track 2 (ASM, d=2.6km, v=0m/s) -> threat=101.38
  track 4 (ASM, d=3.6km, v=0m/s) -> threat=101.28

[DECISION] t=157.7s | tracks=6 | weapons=0 available
  track 10 (FIGHTER, d=3.8km, v=300m/s) -> threat=150.96
  track 12 (FIGHTER, d=5.1km, v=300m/s) -> threat=150.90
  track 8 (FIGHTER, d=10.7km, v=300m/s) -> threat=150.79
  track 6 (FIGHTER, d=20.1km, v=300m/s) -> threat=150.75
  track 2 (ASM, d=2.6km, v=0m/s) -> threat=101.38
  track 4 (ASM, d=3.6km, v=0m/s) -> threat=101.28

[DECISION] t=158.1s | tracks=6 | weapons=0 available
  track 10 (FIGHTER, d=3.8km, v=300m/s) -> threat=150.96
  track 12 (FIGHTER, d=5.1km, v=300m/s) -> threat=150.90
  track 8 (FIGHTER, d=10.7km, v=300m/s) -> threat=150.79
  track 6 (FIGHTER, d=20.1km, v=300m/s) -> threat=150.75
  track 2 (ASM, d=2.6km, v=0m/s) -> threat=101.38
  track 4 (ASM, d=3.6km, v=0m/s) -> threat=101.28

[DECISION] t=158.3s | tracks=6 | weapons=0 available
  track 10 (FIGHTER, d=4.1km, v=300m/s) -> threat=150.94
  track 12 (FIGHTER, d=4.8km, v=300m/s) -> threat=150.91
  track 8 (FIGHTER, d=11.0km, v=300m/s) -> threat=150.79
  track 6 (FIGHTER, d=20.4km, v=300m/s) -> threat=150.75
  track 2 (ASM, d=2.6km, v=0m/s) -> threat=101.38
  track 4 (ASM, d=3.6km, v=0m/s) -> threat=101.28

[DECISION] t=158.5s | tracks=6 | weapons=0 available
  track 10 (FIGHTER, d=4.1km, v=300m/s) -> threat=150.94
  track 12 (FIGHTER, d=4.8km, v=300m/s) -> threat=150.91
  track 8 (FIGHTER, d=11.0km, v=300m/s) -> threat=150.79
  track 6 (FIGHTER, d=20.4km, v=300m/s) -> threat=150.75
  track 2 (ASM, d=2.6km, v=0m/s) -> threat=101.38
  track 4 (ASM, d=3.6km, v=0m/s) -> threat=101.28

[DECISION] t=158.7s | tracks=6 | weapons=0 available
  track 10 (FIGHTER, d=4.3km, v=300m/s) -> threat=150.93
  track 12 (FIGHTER, d=4.8km, v=300m/s) -> threat=150.91
  track 8 (FIGHTER, d=11.2km, v=300m/s) -> threat=150.79
  track 6 (FIGHTER, d=20.5km, v=300m/s) -> threat=150.75
  track 2 (ASM, d=2.6km, v=0m/s) -> threat=101.38
  track 4 (ASM, d=3.6km, v=0m/s) -> threat=101.28

[DECISION] t=158.9s | tracks=6 | weapons=0 available
  track 10 (FIGHTER, d=4.3km, v=300m/s) -> threat=150.93
  track 12 (FIGHTER, d=4.7km, v=300m/s) -> threat=150.91
  track 8 (FIGHTER, d=11.2km, v=300m/s) -> threat=150.79
  track 6 (FIGHTER, d=20.5km, v=300m/s) -> threat=150.75
  track 2 (ASM, d=2.6km, v=0m/s) -> threat=101.38
  track 4 (ASM, d=3.6km, v=0m/s) -> threat=101.28

[DECISION] t=159.1s | tracks=6 | weapons=0 available
  track 10 (FIGHTER, d=4.3km, v=300m/s) -> threat=150.93
  track 12 (FIGHTER, d=4.7km, v=300m/s) -> threat=150.91
  track 8 (FIGHTER, d=11.2km, v=300m/s) -> threat=150.79
  track 6 (FIGHTER, d=20.7km, v=300m/s) -> threat=150.75
  track 2 (ASM, d=2.6km, v=0m/s) -> threat=101.38
  track 4 (ASM, d=3.6km, v=0m/s) -> threat=101.28

[DECISION] t=159.3s | tracks=6 | weapons=0 available
  track 10 (FIGHTER, d=4.4km, v=300m/s) -> threat=150.93
  track 12 (FIGHTER, d=4.5km, v=300m/s) -> threat=150.92
  track 8 (FIGHTER, d=11.3km, v=300m/s) -> threat=150.79
  track 6 (FIGHTER, d=20.7km, v=300m/s) -> threat=150.75
  track 2 (ASM, d=2.6km, v=0m/s) -> threat=101.38
  track 4 (ASM, d=3.6km, v=0m/s) -> threat=101.28

[DECISION] t=159.5s | tracks=6 | weapons=0 available
  track 10 (FIGHTER, d=4.4km, v=300m/s) -> threat=150.93
  track 12 (FIGHTER, d=4.5km, v=300m/s) -> threat=150.92
  track 8 (FIGHTER, d=11.3km, v=300m/s) -> threat=150.79
  track 6 (FIGHTER, d=20.7km, v=300m/s) -> threat=150.75
  track 2 (ASM, d=2.6km, v=0m/s) -> threat=101.38
  track 4 (ASM, d=3.6km, v=0m/s) -> threat=101.28

[DECISION] t=159.7s | tracks=6 | weapons=0 available
  track 12 (FIGHTER, d=4.5km, v=300m/s) -> threat=150.92
  track 10 (FIGHTER, d=4.6km, v=300m/s) -> threat=150.92
  track 8 (FIGHTER, d=11.5km, v=300m/s) -> threat=150.79
  track 6 (FIGHTER, d=20.8km, v=300m/s) -> threat=150.75
  track 2 (ASM, d=2.6km, v=0m/s) -> threat=101.38
  track 4 (ASM, d=3.6km, v=0m/s) -> threat=101.28

[DECISION] t=159.9s | tracks=6 | weapons=0 available
  track 12 (FIGHTER, d=4.4km, v=300m/s) -> threat=150.93
  track 10 (FIGHTER, d=4.6km, v=300m/s) -> threat=150.92
  track 8 (FIGHTER, d=11.5km, v=300m/s) -> threat=150.79
  track 6 (FIGHTER, d=20.8km, v=300m/s) -> threat=150.75
  track 2 (ASM, d=2.6km, v=0m/s) -> threat=101.38
  track 4 (ASM, d=3.6km, v=0m/s) -> threat=101.28

[DECISION] t=160.3s | tracks=6 | weapons=0 available
  track 12 (FIGHTER, d=4.4km, v=300m/s) -> threat=150.93
  track 10 (FIGHTER, d=4.6km, v=300m/s) -> threat=150.92
  track 8 (FIGHTER, d=11.5km, v=300m/s) -> threat=150.79
  track 6 (FIGHTER, d=21.0km, v=300m/s) -> threat=150.75
  track 2 (ASM, d=2.6km, v=0m/s) -> threat=101.38
  track 4 (ASM, d=3.6km, v=0m/s) -> threat=101.28

[DECISION] t=160.3s | tracks=6 | weapons=0 available
  track 12 (FIGHTER, d=4.2km, v=300m/s) -> threat=150.94
  track 10 (FIGHTER, d=4.8km, v=300m/s) -> threat=150.91
  track 8 (FIGHTER, d=11.6km, v=300m/s) -> threat=150.79
  track 6 (FIGHTER, d=21.0km, v=300m/s) -> threat=150.75
  track 2 (ASM, d=2.6km, v=0m/s) -> threat=101.38
  track 4 (ASM, d=3.6km, v=0m/s) -> threat=101.28

[DECISION] t=160.5s | tracks=6 | weapons=0 available
  track 12 (FIGHTER, d=4.2km, v=300m/s) -> threat=150.94
  track 10 (FIGHTER, d=4.8km, v=300m/s) -> threat=150.91
  track 8 (FIGHTER, d=11.6km, v=300m/s) -> threat=150.79
  track 6 (FIGHTER, d=21.0km, v=300m/s) -> threat=150.75
  track 2 (ASM, d=2.6km, v=0m/s) -> threat=101.38
  track 4 (ASM, d=3.6km, v=0m/s) -> threat=101.28

[DECISION] t=160.9s | tracks=6 | weapons=0 available
  track 12 (FIGHTER, d=4.2km, v=300m/s) -> threat=150.94
  track 10 (FIGHTER, d=4.8km, v=300m/s) -> threat=150.91
  track 8 (FIGHTER, d=11.8km, v=300m/s) -> threat=150.79
  track 6 (FIGHTER, d=21.1km, v=300m/s) -> threat=150.75
  track 2 (ASM, d=2.6km, v=0m/s) -> threat=101.38
  track 4 (ASM, d=3.6km, v=0m/s) -> threat=101.28

[DECISION] t=161.1s | tracks=6 | weapons=0 available
  track 12 (FIGHTER, d=4.1km, v=300m/s) -> threat=150.95
  track 10 (FIGHTER, d=4.8km, v=300m/s) -> threat=150.91
  track 8 (FIGHTER, d=11.8km, v=300m/s) -> threat=150.79
  track 6 (FIGHTER, d=21.3km, v=300m/s) -> threat=150.75
  track 2 (ASM, d=2.6km, v=0m/s) -> threat=101.38
  track 4 (ASM, d=3.6km, v=0m/s) -> threat=101.28

[DECISION] t=161.3s | tracks=6 | weapons=0 available
  track 12 (FIGHTER, d=3.9km, v=300m/s) -> threat=150.96
  track 10 (FIGHTER, d=5.0km, v=300m/s) -> threat=150.90
  track 8 (FIGHTER, d=11.9km, v=300m/s) -> threat=150.78
  track 6 (FIGHTER, d=21.3km, v=300m/s) -> threat=150.75
  track 2 (ASM, d=2.6km, v=0m/s) -> threat=101.38
  track 4 (ASM, d=3.6km, v=0m/s) -> threat=101.28

[DECISION] t=161.5s | tracks=6 | weapons=0 available
  track 12 (FIGHTER, d=3.9km, v=300m/s) -> threat=150.96
  track 10 (FIGHTER, d=5.0km, v=300m/s) -> threat=150.90
  track 8 (FIGHTER, d=11.9km, v=300m/s) -> threat=150.78
  track 6 (FIGHTER, d=21.3km, v=300m/s) -> threat=150.75
  track 2 (ASM, d=2.6km, v=0m/s) -> threat=101.38
  track 4 (ASM, d=3.6km, v=0m/s) -> threat=101.28

[DECISION] t=161.9s | tracks=6 | weapons=0 available
  track 12 (FIGHTER, d=3.8km, v=300m/s) -> threat=150.96
  track 10 (FIGHTER, d=5.2km, v=300m/s) -> threat=150.89
  track 8 (FIGHTER, d=12.1km, v=300m/s) -> threat=150.78
  track 6 (FIGHTER, d=21.4km, v=300m/s) -> threat=150.75
  track 2 (ASM, d=2.6km, v=0m/s) -> threat=101.38
  track 4 (ASM, d=3.6km, v=0m/s) -> threat=101.28

[DECISION] t=162.1s | tracks=6 | weapons=0 available
  track 12 (FIGHTER, d=3.8km, v=300m/s) -> threat=150.96
  track 10 (FIGHTER, d=5.2km, v=300m/s) -> threat=150.89
  track 8 (FIGHTER, d=12.1km, v=300m/s) -> threat=150.78
  track 6 (FIGHTER, d=21.6km, v=300m/s) -> threat=150.75
  track 2 (ASM, d=2.6km, v=0m/s) -> threat=101.38
  track 4 (ASM, d=3.6km, v=0m/s) -> threat=101.28

[DECISION] t=162.3s | tracks=6 | weapons=0 available
  track 12 (FIGHTER, d=3.6km, v=300m/s) -> threat=150.98
  track 10 (FIGHTER, d=5.4km, v=300m/s) -> threat=150.89
  track 8 (FIGHTER, d=12.2km, v=300m/s) -> threat=150.78
  track 6 (FIGHTER, d=21.6km, v=300m/s) -> threat=150.75
  track 2 (ASM, d=2.6km, v=0m/s) -> threat=101.38
  track 4 (ASM, d=3.6km, v=0m/s) -> threat=101.28

[DECISION] t=162.5s | tracks=6 | weapons=0 available
  track 12 (FIGHTER, d=3.6km, v=300m/s) -> threat=150.98
  track 10 (FIGHTER, d=5.4km, v=300m/s) -> threat=150.89
  track 8 (FIGHTER, d=12.2km, v=300m/s) -> threat=150.78
  track 6 (FIGHTER, d=21.6km, v=300m/s) -> threat=150.75
  track 2 (ASM, d=2.6km, v=0m/s) -> threat=101.38
  track 4 (ASM, d=3.6km, v=0m/s) -> threat=101.28

[DECISION] t=162.7s | tracks=6 | weapons=0 available
  track 12 (FIGHTER, d=3.6km, v=300m/s) -> threat=150.98
  track 10 (FIGHTER, d=5.5km, v=300m/s) -> threat=150.88
  track 8 (FIGHTER, d=12.4km, v=300m/s) -> threat=150.78
  track 6 (FIGHTER, d=21.7km, v=300m/s) -> threat=150.75
  track 2 (ASM, d=2.6km, v=0m/s) -> threat=101.38
  track 4 (ASM, d=3.6km, v=0m/s) -> threat=101.28

[DECISION] t=163.1s | tracks=6 | weapons=0 available
  track 12 (FIGHTER, d=3.4km, v=300m/s) -> threat=150.99
  track 10 (FIGHTER, d=5.5km, v=300m/s) -> threat=150.88
  track 8 (FIGHTER, d=12.4km, v=300m/s) -> threat=150.78
  track 6 (FIGHTER, d=21.7km, v=300m/s) -> threat=150.75
  track 2 (ASM, d=2.6km, v=0m/s) -> threat=101.38
  track 4 (ASM, d=3.6km, v=0m/s) -> threat=101.28

[DECISION] t=163.5s | tracks=6 | weapons=0 available
  track 12 (FIGHTER, d=3.4km, v=300m/s) -> threat=151.00
  track 10 (FIGHTER, d=5.6km, v=300m/s) -> threat=150.88
  track 8 (FIGHTER, d=12.5km, v=300m/s) -> threat=150.78
  track 6 (FIGHTER, d=21.9km, v=300m/s) -> threat=150.75
  track 2 (ASM, d=2.6km, v=0m/s) -> threat=101.38
  track 4 (ASM, d=3.6km, v=0m/s) -> threat=101.28

[DECISION] t=163.7s | tracks=6 | weapons=0 available
  track 12 (FIGHTER, d=3.4km, v=300m/s) -> threat=151.00
  track 10 (FIGHTER, d=5.8km, v=300m/s) -> threat=150.87
  track 8 (FIGHTER, d=12.7km, v=300m/s) -> threat=150.78
  track 6 (FIGHTER, d=22.0km, v=300m/s) -> threat=150.75
  track 2 (ASM, d=2.6km, v=0m/s) -> threat=101.38
  track 4 (ASM, d=3.6km, v=0m/s) -> threat=101.28

[DECISION] t=164.1s | tracks=6 | weapons=0 available
  track 12 (FIGHTER, d=3.2km, v=300m/s) -> threat=151.01
  track 10 (FIGHTER, d=5.8km, v=300m/s) -> threat=150.87
  track 8 (FIGHTER, d=12.7km, v=300m/s) -> threat=150.78
  track 6 (FIGHTER, d=22.0km, v=300m/s) -> threat=150.75
  track 2 (ASM, d=2.6km, v=0m/s) -> threat=101.38
  track 4 (ASM, d=3.6km, v=0m/s) -> threat=101.28

[DECISION] t=164.1s | tracks=6 | weapons=0 available
  track 12 (FIGHTER, d=3.2km, v=300m/s) -> threat=151.01
  track 10 (FIGHTER, d=5.8km, v=300m/s) -> threat=150.87
  track 8 (FIGHTER, d=12.7km, v=300m/s) -> threat=150.78
  track 6 (FIGHTER, d=22.2km, v=300m/s) -> threat=150.75
  track 2 (ASM, d=2.6km, v=0m/s) -> threat=101.38
  track 4 (ASM, d=3.6km, v=0m/s) -> threat=101.28

[DECISION] t=164.3s | tracks=6 | weapons=0 available
  track 12 (FIGHTER, d=3.0km, v=300m/s) -> threat=151.03
  track 10 (FIGHTER, d=5.9km, v=300m/s) -> threat=150.87
  track 8 (FIGHTER, d=12.8km, v=300m/s) -> threat=150.78
  track 6 (FIGHTER, d=22.2km, v=300m/s) -> threat=150.75
  track 2 (ASM, d=2.6km, v=0m/s) -> threat=101.38
  track 4 (ASM, d=3.6km, v=0m/s) -> threat=101.28

[DECISION] t=164.7s | tracks=6 | weapons=0 available
  track 12 (FIGHTER, d=3.0km, v=300m/s) -> threat=151.03
  track 10 (FIGHTER, d=5.9km, v=300m/s) -> threat=150.87
  track 8 (FIGHTER, d=12.8km, v=300m/s) -> threat=150.78
  track 6 (FIGHTER, d=22.2km, v=300m/s) -> threat=150.75
  track 2 (ASM, d=2.6km, v=0m/s) -> threat=101.38
  track 4 (ASM, d=3.6km, v=0m/s) -> threat=101.28

[DECISION] t=165.3s | tracks=6 | weapons=0 available
  track 12 (FIGHTER, d=2.9km, v=300m/s) -> threat=151.04
  track 10 (FIGHTER, d=6.1km, v=300m/s) -> threat=150.86
  track 8 (FIGHTER, d=13.0km, v=300m/s) -> threat=150.78
  track 6 (FIGHTER, d=22.3km, v=300m/s) -> threat=150.74
  track 2 (ASM, d=2.6km, v=0m/s) -> threat=101.38
  track 4 (ASM, d=3.6km, v=0m/s) -> threat=101.28

[DECISION] t=165.3s | tracks=6 | weapons=0 available
  track 12 (FIGHTER, d=2.7km, v=300m/s) -> threat=151.06
  track 10 (FIGHTER, d=6.2km, v=300m/s) -> threat=150.86
  track 8 (FIGHTER, d=13.1km, v=300m/s) -> threat=150.78
  track 6 (FIGHTER, d=22.5km, v=300m/s) -> threat=150.74
  track 2 (ASM, d=2.6km, v=0m/s) -> threat=101.38
  track 4 (ASM, d=3.6km, v=0m/s) -> threat=101.28

[DECISION] t=165.5s | tracks=6 | weapons=0 available
  track 12 (FIGHTER, d=2.7km, v=300m/s) -> threat=151.06
  track 10 (FIGHTER, d=6.2km, v=300m/s) -> threat=150.86
  track 8 (FIGHTER, d=13.1km, v=300m/s) -> threat=150.78
  track 6 (FIGHTER, d=22.5km, v=300m/s) -> threat=150.74
  track 2 (ASM, d=2.6km, v=0m/s) -> threat=101.38
  track 4 (ASM, d=3.6km, v=0m/s) -> threat=101.28

[DECISION] t=165.7s | tracks=6 | weapons=0 available
  track 12 (FIGHTER, d=2.7km, v=300m/s) -> threat=151.06
  track 10 (FIGHTER, d=6.3km, v=300m/s) -> threat=150.86
  track 8 (FIGHTER, d=13.3km, v=300m/s) -> threat=150.78
  track 6 (FIGHTER, d=22.6km, v=300m/s) -> threat=150.74
  track 2 (ASM, d=2.6km, v=0m/s) -> threat=101.38
  track 4 (ASM, d=3.6km, v=0m/s) -> threat=101.28

[DECISION] t=165.9s | tracks=6 | weapons=0 available
  track 12 (FIGHTER, d=2.6km, v=300m/s) -> threat=151.09
  track 10 (FIGHTER, d=6.3km, v=300m/s) -> threat=150.86
  track 8 (FIGHTER, d=13.3km, v=300m/s) -> threat=150.78
  track 6 (FIGHTER, d=22.6km, v=300m/s) -> threat=150.74
  track 2 (ASM, d=2.6km, v=0m/s) -> threat=101.38
  track 4 (ASM, d=3.6km, v=0m/s) -> threat=101.28

[DECISION] t=166.1s | tracks=6 | weapons=0 available
  track 12 (FIGHTER, d=2.6km, v=300m/s) -> threat=151.09
  track 10 (FIGHTER, d=6.3km, v=300m/s) -> threat=150.86
  track 8 (FIGHTER, d=13.3km, v=300m/s) -> threat=150.78
  track 6 (FIGHTER, d=22.8km, v=300m/s) -> threat=150.74
  track 2 (ASM, d=2.6km, v=0m/s) -> threat=101.38
  track 4 (ASM, d=3.6km, v=0m/s) -> threat=101.28

[DECISION] t=166.5s | tracks=6 | weapons=0 available
  track 12 (FIGHTER, d=2.4km, v=300m/s) -> threat=151.12
  track 10 (FIGHTER, d=6.5km, v=300m/s) -> threat=150.85
  track 8 (FIGHTER, d=13.4km, v=300m/s) -> threat=150.77
  track 6 (FIGHTER, d=22.8km, v=300m/s) -> threat=150.74
  track 2 (ASM, d=2.6km, v=0m/s) -> threat=101.38
  track 4 (ASM, d=3.6km, v=0m/s) -> threat=101.28

[DECISION] t=166.5s | tracks=6 | weapons=0 available
  track 12 (FIGHTER, d=2.4km, v=300m/s) -> threat=151.12
  track 10 (FIGHTER, d=6.5km, v=300m/s) -> threat=150.85
  track 8 (FIGHTER, d=13.4km, v=300m/s) -> threat=150.77
  track 6 (FIGHTER, d=22.8km, v=300m/s) -> threat=150.74
  track 2 (ASM, d=2.6km, v=0m/s) -> threat=101.38
  track 4 (ASM, d=3.6km, v=0m/s) -> threat=101.28

[DECISION] t=166.7s | tracks=6 | weapons=0 available
  track 12 (FIGHTER, d=2.4km, v=300m/s) -> threat=151.12
  track 10 (FIGHTER, d=6.7km, v=300m/s) -> threat=150.85
  track 8 (FIGHTER, d=13.6km, v=300m/s) -> threat=150.77
  track 6 (FIGHTER, d=22.9km, v=300m/s) -> threat=150.74
  track 2 (ASM, d=2.6km, v=0m/s) -> threat=101.38
  track 4 (ASM, d=3.6km, v=0m/s) -> threat=101.28

[DECISION] t=166.9s | tracks=6 | weapons=0 available
  track 12 (FIGHTER, d=2.3km, v=300m/s) -> threat=151.13
  track 10 (FIGHTER, d=6.7km, v=300m/s) -> threat=150.85
  track 8 (FIGHTER, d=13.6km, v=300m/s) -> threat=150.77
  track 6 (FIGHTER, d=22.9km, v=300m/s) -> threat=150.74
  track 2 (ASM, d=2.6km, v=0m/s) -> threat=101.38
  track 4 (ASM, d=3.6km, v=0m/s) -> threat=101.28

[DECISION] t=167.1s | tracks=6 | weapons=0 available
  track 12 (FIGHTER, d=2.3km, v=300m/s) -> threat=151.13
  track 10 (FIGHTER, d=6.7km, v=300m/s) -> threat=150.85
  track 8 (FIGHTER, d=13.6km, v=300m/s) -> threat=150.77
  track 6 (FIGHTER, d=23.1km, v=300m/s) -> threat=150.74
  track 2 (ASM, d=2.6km, v=0m/s) -> threat=101.38
  track 4 (ASM, d=3.6km, v=0m/s) -> threat=101.28

[DECISION] t=167.3s | tracks=6 | weapons=0 available
  track 12 (FIGHTER, d=2.1km, v=300m/s) -> threat=151.17
  track 10 (FIGHTER, d=6.9km, v=300m/s) -> threat=150.85
  track 8 (FIGHTER, d=13.7km, v=300m/s) -> threat=150.77
  track 6 (FIGHTER, d=23.1km, v=300m/s) -> threat=150.74
  track 2 (ASM, d=2.6km, v=0m/s) -> threat=101.38
  track 4 (ASM, d=3.6km, v=0m/s) -> threat=101.28

[DECISION] t=167.5s | tracks=6 | weapons=0 available
  track 12 (FIGHTER, d=2.1km, v=300m/s) -> threat=151.17
  track 10 (FIGHTER, d=6.9km, v=300m/s) -> threat=150.85
  track 8 (FIGHTER, d=13.7km, v=300m/s) -> threat=150.77
  track 6 (FIGHTER, d=23.1km, v=300m/s) -> threat=150.74
  track 2 (ASM, d=2.6km, v=0m/s) -> threat=101.38
  track 4 (ASM, d=3.6km, v=0m/s) -> threat=101.28

[DECISION] t=167.7s | tracks=6 | weapons=0 available
  track 12 (FIGHTER, d=2.1km, v=300m/s) -> threat=151.17
  track 10 (FIGHTER, d=6.9km, v=300m/s) -> threat=150.84
  track 8 (FIGHTER, d=13.9km, v=300m/s) -> threat=150.77
  track 6 (FIGHTER, d=23.2km, v=300m/s) -> threat=150.74
  track 2 (ASM, d=2.6km, v=0m/s) -> threat=101.38
  track 4 (ASM, d=3.6km, v=0m/s) -> threat=101.28

[DECISION] t=167.9s | tracks=6 | weapons=0 available
  track 12 (FIGHTER, d=2.0km, v=300m/s) -> threat=151.21
  track 10 (FIGHTER, d=6.9km, v=300m/s) -> threat=150.84
  track 8 (FIGHTER, d=13.9km, v=300m/s) -> threat=150.77
  track 6 (FIGHTER, d=23.2km, v=300m/s) -> threat=150.74
  track 2 (ASM, d=2.6km, v=0m/s) -> threat=101.38
  track 4 (ASM, d=3.6km, v=0m/s) -> threat=101.28

[DECISION] t=168.1s | tracks=6 | weapons=0 available
  track 12 (FIGHTER, d=2.0km, v=300m/s) -> threat=151.21
  track 10 (FIGHTER, d=6.9km, v=300m/s) -> threat=150.84
  track 8 (FIGHTER, d=13.9km, v=300m/s) -> threat=150.77
  track 6 (FIGHTER, d=23.4km, v=300m/s) -> threat=150.74
  track 2 (ASM, d=2.6km, v=0m/s) -> threat=101.38
  track 4 (ASM, d=3.6km, v=0m/s) -> threat=101.28

[DECISION] t=168.5s | tracks=6 | weapons=0 available
  track 12 (FIGHTER, d=1.9km, v=300m/s) -> threat=151.24
  track 10 (FIGHTER, d=7.1km, v=300m/s) -> threat=150.84
  track 8 (FIGHTER, d=14.0km, v=300m/s) -> threat=150.77
  track 6 (FIGHTER, d=23.4km, v=300m/s) -> threat=150.74
  track 2 (ASM, d=2.6km, v=0m/s) -> threat=101.38
  track 4 (ASM, d=3.6km, v=0m/s) -> threat=101.28

[DECISION] t=168.7s | tracks=6 | weapons=0 available
  track 12 (FIGHTER, d=1.9km, v=300m/s) -> threat=151.24
  track 10 (FIGHTER, d=7.3km, v=300m/s) -> threat=150.84
  track 8 (FIGHTER, d=14.2km, v=300m/s) -> threat=150.77
  track 6 (FIGHTER, d=23.5km, v=300m/s) -> threat=150.74
  track 2 (ASM, d=2.6km, v=0m/s) -> threat=101.38
  track 4 (ASM, d=3.6km, v=0m/s) -> threat=101.28

[DECISION] t=168.9s | tracks=6 | weapons=0 available
  track 12 (FIGHTER, d=1.7km, v=300m/s) -> threat=151.29
  track 10 (FIGHTER, d=7.3km, v=300m/s) -> threat=150.84
  track 8 (FIGHTER, d=14.2km, v=300m/s) -> threat=150.77
  track 6 (FIGHTER, d=23.5km, v=300m/s) -> threat=150.74
  track 2 (ASM, d=2.6km, v=0m/s) -> threat=101.38
  track 4 (ASM, d=3.6km, v=0m/s) -> threat=101.28

[DECISION] t=169.3s | tracks=6 | weapons=0 available
  track 12 (FIGHTER, d=1.7km, v=300m/s) -> threat=151.29
  track 10 (FIGHTER, d=7.3km, v=300m/s) -> threat=150.84
  track 8 (FIGHTER, d=14.2km, v=300m/s) -> threat=150.77
  track 6 (FIGHTER, d=23.5km, v=300m/s) -> threat=150.74
  track 2 (ASM, d=2.6km, v=0m/s) -> threat=101.38
  track 4 (ASM, d=3.6km, v=0m/s) -> threat=101.28

[DECISION] t=169.5s | tracks=6 | weapons=0 available
  track 12 (FIGHTER, d=1.5km, v=300m/s) -> threat=151.36
  track 10 (FIGHTER, d=7.4km, v=300m/s) -> threat=150.84
  track 8 (FIGHTER, d=14.3km, v=300m/s) -> threat=150.77
  track 6 (FIGHTER, d=23.7km, v=300m/s) -> threat=150.74
  track 2 (ASM, d=2.6km, v=0m/s) -> threat=101.38
  track 4 (ASM, d=3.6km, v=0m/s) -> threat=101.28

[DECISION] t=169.9s | tracks=6 | weapons=0 available
  track 12 (FIGHTER, d=1.5km, v=300m/s) -> threat=151.36
  track 10 (FIGHTER, d=7.6km, v=300m/s) -> threat=150.83
  track 8 (FIGHTER, d=14.5km, v=300m/s) -> threat=150.77
  track 6 (FIGHTER, d=23.8km, v=300m/s) -> threat=150.74
  track 2 (ASM, d=2.6km, v=0m/s) -> threat=101.38
  track 4 (ASM, d=3.6km, v=0m/s) -> threat=101.28

[DECISION] t=170.1s | tracks=6 | weapons=0 available
  track 12 (FIGHTER, d=1.3km, v=300m/s) -> threat=151.44
  track 10 (FIGHTER, d=7.6km, v=300m/s) -> threat=150.83
  track 8 (FIGHTER, d=14.5km, v=300m/s) -> threat=150.77
  track 6 (FIGHTER, d=24.0km, v=300m/s) -> threat=150.74
  track 2 (ASM, d=2.6km, v=0m/s) -> threat=101.38
  track 4 (ASM, d=3.6km, v=0m/s) -> threat=101.28

[DECISION] t=170.3s | tracks=6 | weapons=0 available
  track 12 (FIGHTER, d=1.3km, v=300m/s) -> threat=151.50
  track 10 (FIGHTER, d=7.7km, v=300m/s) -> threat=150.83
  track 8 (FIGHTER, d=14.6km, v=300m/s) -> threat=150.77
  track 6 (FIGHTER, d=24.0km, v=300m/s) -> threat=150.74
  track 2 (ASM, d=2.6km, v=0m/s) -> threat=101.38
  track 4 (ASM, d=3.6km, v=0m/s) -> threat=101.28

[DECISION] t=0.0s | tracks=6 | weapons=0 available
  track 12 (FIGHTER, d=1.3km, v=300m/s) -> threat=151.50
  track 10 (FIGHTER, d=7.7km, v=300m/s) -> threat=150.83
  track 8 (FIGHTER, d=14.6km, v=300m/s) -> threat=150.77
  track 6 (FIGHTER, d=24.0km, v=300m/s) -> threat=150.74
  track 2 (ASM, d=2.6km, v=0m/s) -> threat=101.38
  track 4 (ASM, d=3.6km, v=0m/s) -> threat=101.28

[DECISION] t=171.1s | tracks=6 | weapons=0 available
  track 12 (FIGHTER, d=1.1km, v=300m/s) -> threat=151.63
  track 10 (FIGHTER, d=7.9km, v=300m/s) -> threat=150.83
  track 8 (FIGHTER, d=14.8km, v=300m/s) -> threat=150.77
  track 6 (FIGHTER, d=24.1km, v=300m/s) -> threat=150.74
  track 2 (ASM, d=2.6km, v=0m/s) -> threat=101.38
  track 4 (ASM, d=3.6km, v=0m/s) -> threat=101.28

[DECISION] t=171.1s | tracks=6 | weapons=0 available
  track 12 (FIGHTER, d=1.1km, v=300m/s) -> threat=151.63
  track 10 (FIGHTER, d=7.9km, v=300m/s) -> threat=150.83
  track 8 (FIGHTER, d=14.8km, v=300m/s) -> threat=150.77
  track 6 (FIGHTER, d=24.3km, v=300m/s) -> threat=150.74
  track 2 (ASM, d=2.6km, v=0m/s) -> threat=101.38
  track 4 (ASM, d=3.6km, v=0m/s) -> threat=101.28

[DECISION] t=171.5s | tracks=6 | weapons=0 available
  track 12 (FIGHTER, d=0.9km, v=300m/s) -> threat=151.81
  track 10 (FIGHTER, d=8.0km, v=300m/s) -> threat=150.83
  track 8 (FIGHTER, d=14.9km, v=300m/s) -> threat=150.77
  track 6 (FIGHTER, d=24.3km, v=300m/s) -> threat=150.74
  track 2 (ASM, d=2.6km, v=0m/s) -> threat=101.38
  track 4 (ASM, d=3.6km, v=0m/s) -> threat=101.28

[DECISION] t=171.5s | tracks=6 | weapons=0 available
  track 12 (FIGHTER, d=0.9km, v=300m/s) -> threat=151.81
  track 10 (FIGHTER, d=8.0km, v=300m/s) -> threat=150.83
  track 8 (FIGHTER, d=14.9km, v=300m/s) -> threat=150.77
  track 6 (FIGHTER, d=24.3km, v=300m/s) -> threat=150.74
  track 2 (ASM, d=2.6km, v=0m/s) -> threat=101.38
  track 4 (ASM, d=3.6km, v=0m/s) -> threat=101.28

[DECISION] t=171.7s | tracks=6 | weapons=0 available
  track 12 (FIGHTER, d=0.9km, v=300m/s) -> threat=151.81
  track 10 (FIGHTER, d=8.2km, v=300m/s) -> threat=150.82
  track 8 (FIGHTER, d=15.1km, v=300m/s) -> threat=150.77
  track 6 (FIGHTER, d=24.4km, v=300m/s) -> threat=150.74
  track 2 (ASM, d=2.6km, v=0m/s) -> threat=101.38
  track 4 (ASM, d=3.6km, v=0m/s) -> threat=101.28

[DECISION] t=171.9s | tracks=6 | weapons=0 available
  track 12 (FIGHTER, d=0.8km, v=300m/s) -> threat=151.92
  track 10 (FIGHTER, d=8.2km, v=300m/s) -> threat=150.82
  track 8 (FIGHTER, d=15.1km, v=300m/s) -> threat=150.77
  track 6 (FIGHTER, d=24.4km, v=300m/s) -> threat=150.74
  track 2 (ASM, d=2.6km, v=0m/s) -> threat=101.38
  track 4 (ASM, d=3.6km, v=0m/s) -> threat=101.28

[DECISION] t=172.3s | tracks=6 | weapons=0 available
  track 12 (FIGHTER, d=0.8km, v=300m/s) -> threat=151.92
  track 10 (FIGHTER, d=8.2km, v=300m/s) -> threat=150.82
  track 8 (FIGHTER, d=15.1km, v=300m/s) -> threat=150.77
  track 6 (FIGHTER, d=24.6km, v=300m/s) -> threat=150.74
  track 2 (ASM, d=2.6km, v=0m/s) -> threat=101.38
  track 4 (ASM, d=3.6km, v=0m/s) -> threat=101.28

[DECISION] t=172.3s | tracks=6 | weapons=0 available
  track 12 (FIGHTER, d=0.6km, v=300m/s) -> threat=152.26
  track 10 (FIGHTER, d=8.3km, v=300m/s) -> threat=150.82
  track 8 (FIGHTER, d=15.2km, v=300m/s) -> threat=150.77
  track 6 (FIGHTER, d=24.6km, v=300m/s) -> threat=150.74
  track 2 (ASM, d=2.6km, v=0m/s) -> threat=101.38
  track 4 (ASM, d=3.6km, v=0m/s) -> threat=101.28

[DECISION] t=172.5s | tracks=6 | weapons=0 available
  track 12 (FIGHTER, d=0.6km, v=300m/s) -> threat=152.26
  track 10 (FIGHTER, d=8.3km, v=300m/s) -> threat=150.82
  track 8 (FIGHTER, d=15.2km, v=300m/s) -> threat=150.77
  track 6 (FIGHTER, d=24.6km, v=300m/s) -> threat=150.74
  track 2 (ASM, d=2.6km, v=0m/s) -> threat=101.38
  track 4 (ASM, d=3.6km, v=0m/s) -> threat=101.28

[DECISION] t=172.9s | tracks=6 | weapons=0 available
  track 12 (FIGHTER, d=0.6km, v=300m/s) -> threat=152.26
  track 10 (FIGHTER, d=8.4km, v=300m/s) -> threat=150.82
  track 8 (FIGHTER, d=15.4km, v=300m/s) -> threat=150.77
  track 6 (FIGHTER, d=24.7km, v=300m/s) -> threat=150.74
  track 2 (ASM, d=2.6km, v=0m/s) -> threat=101.38
  track 4 (ASM, d=3.6km, v=0m/s) -> threat=101.28

[DECISION] t=173.1s | tracks=6 | weapons=0 available
  track 12 (FIGHTER, d=0.5km, v=300m/s) -> threat=152.84
  track 10 (FIGHTER, d=8.4km, v=300m/s) -> threat=150.82
  track 8 (FIGHTER, d=15.4km, v=300m/s) -> threat=150.77
  track 6 (FIGHTER, d=24.9km, v=300m/s) -> threat=150.74
  track 2 (ASM, d=2.6km, v=0m/s) -> threat=101.38
  track 4 (ASM, d=3.6km, v=0m/s) -> threat=101.28

[DECISION] t=173.5s | tracks=6 | weapons=0 available
  track 12 (FIGHTER, d=0.5km, v=300m/s) -> threat=152.84
  track 10 (FIGHTER, d=8.4km, v=300m/s) -> threat=150.82
  track 8 (FIGHTER, d=15.4km, v=300m/s) -> threat=150.77
  track 6 (FIGHTER, d=24.9km, v=300m/s) -> threat=150.74
  track 2 (ASM, d=2.6km, v=0m/s) -> threat=101.38
  track 4 (ASM, d=3.6km, v=0m/s) -> threat=101.28

[DECISION] t=173.7s | tracks=6 | weapons=0 available
  track 12 (FIGHTER, d=0.3km, v=300m/s) -> threat=154.13
  track 10 (FIGHTER, d=8.8km, v=300m/s) -> threat=150.81
  track 8 (FIGHTER, d=15.7km, v=300m/s) -> threat=150.76
  track 6 (FIGHTER, d=25.0km, v=300m/s) -> threat=150.74
  track 2 (ASM, d=2.6km, v=0m/s) -> threat=101.38
  track 4 (ASM, d=3.6km, v=0m/s) -> threat=101.28

[DECISION] t=173.9s | tracks=6 | weapons=0 available
  track 12 (FIGHTER, d=0.2km, v=300m/s) -> threat=155.59
  track 10 (FIGHTER, d=8.8km, v=300m/s) -> threat=150.81
  track 8 (FIGHTER, d=15.7km, v=300m/s) -> threat=150.76
  track 6 (FIGHTER, d=25.0km, v=300m/s) -> threat=150.74
  track 2 (ASM, d=2.6km, v=0m/s) -> threat=101.38
  track 4 (ASM, d=3.6km, v=0m/s) -> threat=101.28

[DECISION] t=174.1s | tracks=6 | weapons=0 available
  track 12 (FIGHTER, d=0.2km, v=300m/s) -> threat=155.59
  track 10 (FIGHTER, d=8.8km, v=300m/s) -> threat=150.81
  track 8 (FIGHTER, d=15.7km, v=300m/s) -> threat=150.76
  track 6 (FIGHTER, d=25.2km, v=300m/s) -> threat=150.74
  track 2 (ASM, d=2.6km, v=0m/s) -> threat=101.38
  track 4 (ASM, d=3.6km, v=0m/s) -> threat=101.28

[DECISION] t=174.3s | tracks=6 | weapons=0 available
  track 12 (FIGHTER, d=0.0km, v=300m/s) -> threat=160.70
  track 10 (FIGHTER, d=9.0km, v=300m/s) -> threat=150.81
  track 8 (FIGHTER, d=15.8km, v=300m/s) -> threat=150.76
  track 6 (FIGHTER, d=25.2km, v=300m/s) -> threat=150.74
  track 2 (ASM, d=2.6km, v=0m/s) -> threat=101.38
  track 4 (ASM, d=3.6km, v=0m/s) -> threat=101.28

[DECISION] t=174.7s | tracks=6 | weapons=0 available
  track 12 (FIGHTER, d=0.0km, v=300m/s) -> threat=160.70
  track 10 (FIGHTER, d=9.0km, v=300m/s) -> threat=150.81
  track 8 (FIGHTER, d=15.8km, v=300m/s) -> threat=150.76
  track 6 (FIGHTER, d=25.2km, v=300m/s) -> threat=150.74
  track 2 (ASM, d=2.6km, v=0m/s) -> threat=101.38
  track 4 (ASM, d=3.6km, v=0m/s) -> threat=101.28

[DECISION] t=174.9s | tracks=6 | weapons=0 available
  track 12 (FIGHTER, d=0.1km, v=300m/s) -> threat=157.55
  track 10 (FIGHTER, d=9.0km, v=300m/s) -> threat=150.81
  track 8 (FIGHTER, d=16.0km, v=300m/s) -> threat=150.76
  track 6 (FIGHTER, d=25.3km, v=300m/s) -> threat=150.74
  track 2 (ASM, d=2.6km, v=0m/s) -> threat=101.38
  track 4 (ASM, d=3.6km, v=0m/s) -> threat=101.28

[DECISION] t=175.1s | tracks=6 | weapons=0 available
  track 12 (FIGHTER, d=0.1km, v=300m/s) -> threat=157.55
  track 10 (FIGHTER, d=9.0km, v=300m/s) -> threat=150.81
  track 8 (FIGHTER, d=16.0km, v=300m/s) -> threat=150.76
  track 6 (FIGHTER, d=25.5km, v=300m/s) -> threat=150.74
  track 2 (ASM, d=2.6km, v=0m/s) -> threat=101.38
  track 4 (ASM, d=3.6km, v=0m/s) -> threat=101.28

[DECISION] t=175.3s | tracks=6 | weapons=0 available
  track 12 (FIGHTER, d=0.2km, v=300m/s) -> threat=154.98
  track 10 (FIGHTER, d=9.2km, v=300m/s) -> threat=150.81
  track 8 (FIGHTER, d=16.1km, v=300m/s) -> threat=150.76
  track 6 (FIGHTER, d=25.5km, v=300m/s) -> threat=150.74
  track 2 (ASM, d=2.6km, v=0m/s) -> threat=101.38
  track 4 (ASM, d=3.6km, v=0m/s) -> threat=101.28

[DECISION] t=175.7s | tracks=6 | weapons=0 available
  track 12 (FIGHTER, d=0.2km, v=300m/s) -> threat=154.98
  track 10 (FIGHTER, d=9.2km, v=300m/s) -> threat=150.81
  track 8 (FIGHTER, d=16.1km, v=300m/s) -> threat=150.76
  track 6 (FIGHTER, d=25.5km, v=300m/s) -> threat=150.74
  track 2 (ASM, d=2.6km, v=0m/s) -> threat=101.38
  track 4 (ASM, d=3.6km, v=0m/s) -> threat=101.28

[DECISION] t=175.9s | tracks=6 | weapons=0 available
  track 12 (FIGHTER, d=0.4km, v=300m/s) -> threat=153.15
  track 10 (FIGHTER, d=9.4km, v=300m/s) -> threat=150.81
  track 8 (FIGHTER, d=16.3km, v=300m/s) -> threat=150.76
  track 6 (FIGHTER, d=25.6km, v=300m/s) -> threat=150.74
  track 2 (ASM, d=2.6km, v=0m/s) -> threat=101.38
  track 4 (ASM, d=3.6km, v=0m/s) -> threat=101.28

[DECISION] t=176.1s | tracks=6 | weapons=0 available
  track 12 (FIGHTER, d=0.4km, v=300m/s) -> threat=153.15
  track 10 (FIGHTER, d=9.4km, v=300m/s) -> threat=150.81
  track 8 (FIGHTER, d=16.3km, v=300m/s) -> threat=150.76
  track 6 (FIGHTER, d=25.8km, v=300m/s) -> threat=150.74
  track 2 (ASM, d=2.6km, v=0m/s) -> threat=101.38
  track 4 (ASM, d=3.6km, v=0m/s) -> threat=101.28

[DECISION] t=176.5s | tracks=6 | weapons=0 available
  track 12 (FIGHTER, d=0.6km, v=300m/s) -> threat=152.41
  track 10 (FIGHTER, d=9.5km, v=300m/s) -> threat=150.81
  track 8 (FIGHTER, d=16.4km, v=300m/s) -> threat=150.76
  track 6 (FIGHTER, d=25.8km, v=300m/s) -> threat=150.74
  track 2 (ASM, d=2.6km, v=0m/s) -> threat=101.38
  track 4 (ASM, d=3.6km, v=0m/s) -> threat=101.28

[DECISION] t=176.5s | tracks=6 | weapons=0 available
  track 12 (FIGHTER, d=0.6km, v=300m/s) -> threat=152.41
  track 10 (FIGHTER, d=9.5km, v=300m/s) -> threat=150.81
  track 8 (FIGHTER, d=16.4km, v=300m/s) -> threat=150.76
  track 6 (FIGHTER, d=25.8km, v=300m/s) -> threat=150.74
  track 2 (ASM, d=2.6km, v=0m/s) -> threat=101.38
  track 4 (ASM, d=3.6km, v=0m/s) -> threat=101.28

[DECISION] t=177.1s | tracks=6 | weapons=0 available
  track 12 (FIGHTER, d=0.6km, v=300m/s) -> threat=152.41
  track 10 (FIGHTER, d=9.5km, v=300m/s) -> threat=150.81
  track 8 (FIGHTER, d=16.4km, v=300m/s) -> threat=150.76
  track 6 (FIGHTER, d=25.8km, v=300m/s) -> threat=150.74
  track 2 (ASM, d=2.6km, v=0m/s) -> threat=101.38
  track 4 (ASM, d=3.6km, v=0m/s) -> threat=101.28

[DECISION] t=177.1s | tracks=6 | weapons=0 available
  track 12 (FIGHTER, d=0.7km, v=300m/s) -> threat=152.19
  track 10 (FIGHTER, d=9.7km, v=300m/s) -> threat=150.80
  track 8 (FIGHTER, d=16.6km, v=300m/s) -> threat=150.76
  track 6 (FIGHTER, d=26.1km, v=300m/s) -> threat=150.74
  track 2 (ASM, d=2.6km, v=0m/s) -> threat=101.38
  track 4 (ASM, d=3.6km, v=0m/s) -> threat=101.28

[DECISION] t=177.5s | tracks=6 | weapons=0 available
  track 12 (FIGHTER, d=0.8km, v=300m/s) -> threat=151.88
  track 10 (FIGHTER, d=9.8km, v=300m/s) -> threat=150.80
  track 8 (FIGHTER, d=16.7km, v=300m/s) -> threat=150.76
  track 6 (FIGHTER, d=26.1km, v=300m/s) -> threat=150.74
  track 2 (ASM, d=2.6km, v=0m/s) -> threat=101.38
  track 4 (ASM, d=3.6km, v=0m/s) -> threat=101.28

[DECISION] t=177.5s | tracks=6 | weapons=0 available
  track 12 (FIGHTER, d=0.8km, v=300m/s) -> threat=151.88
  track 10 (FIGHTER, d=9.8km, v=300m/s) -> threat=150.80
  track 8 (FIGHTER, d=16.7km, v=300m/s) -> threat=150.76
  track 6 (FIGHTER, d=26.1km, v=300m/s) -> threat=150.74
  track 2 (ASM, d=2.6km, v=0m/s) -> threat=101.38
  track 4 (ASM, d=3.6km, v=0m/s) -> threat=101.28

[DECISION] t=177.7s | tracks=6 | weapons=0 available
  track 12 (FIGHTER, d=0.8km, v=300m/s) -> threat=151.88
  track 10 (FIGHTER, d=9.9km, v=300m/s) -> threat=150.80
  track 8 (FIGHTER, d=16.9km, v=300m/s) -> threat=150.76
  track 6 (FIGHTER, d=26.2km, v=300m/s) -> threat=150.74
  track 2 (ASM, d=2.6km, v=0m/s) -> threat=101.38
  track 4 (ASM, d=3.6km, v=0m/s) -> threat=101.28

[DECISION] t=178.1s | tracks=6 | weapons=0 available
  track 12 (FIGHTER, d=1.0km, v=300m/s) -> threat=151.68
  track 10 (FIGHTER, d=9.9km, v=300m/s) -> threat=150.80
  track 8 (FIGHTER, d=16.9km, v=300m/s) -> threat=150.76
  track 6 (FIGHTER, d=26.2km, v=300m/s) -> threat=150.74
  track 2 (ASM, d=2.6km, v=0m/s) -> threat=101.38
  track 4 (ASM, d=3.6km, v=0m/s) -> threat=101.28

[DECISION] t=178.5s | tracks=6 | weapons=0 available
  track 12 (FIGHTER, d=1.2km, v=300m/s) -> threat=151.54
  track 10 (FIGHTER, d=10.1km, v=300m/s) -> threat=150.80
  track 8 (FIGHTER, d=17.0km, v=300m/s) -> threat=150.76
  track 6 (FIGHTER, d=26.4km, v=300m/s) -> threat=150.74
  track 2 (ASM, d=2.6km, v=0m/s) -> threat=101.38
  track 4 (ASM, d=3.6km, v=0m/s) -> threat=101.28

[DECISION] t=178.5s | tracks=6 | weapons=0 available
  track 12 (FIGHTER, d=1.2km, v=300m/s) -> threat=151.54
  track 10 (FIGHTER, d=10.1km, v=300m/s) -> threat=150.80
  track 8 (FIGHTER, d=17.0km, v=300m/s) -> threat=150.76
  track 6 (FIGHTER, d=26.4km, v=300m/s) -> threat=150.74
  track 2 (ASM, d=2.6km, v=0m/s) -> threat=101.38
  track 4 (ASM, d=3.6km, v=0m/s) -> threat=101.28

[DECISION] t=178.7s | tracks=6 | weapons=0 available
  track 12 (FIGHTER, d=1.2km, v=300m/s) -> threat=151.54
  track 10 (FIGHTER, d=10.3km, v=300m/s) -> threat=150.80
  track 8 (FIGHTER, d=17.2km, v=300m/s) -> threat=150.76
  track 6 (FIGHTER, d=26.5km, v=300m/s) -> threat=150.74
  track 2 (ASM, d=2.6km, v=0m/s) -> threat=101.38
  track 4 (ASM, d=3.6km, v=0m/s) -> threat=101.28

[DECISION] t=178.9s | tracks=6 | weapons=0 available
  track 12 (FIGHTER, d=1.3km, v=300m/s) -> threat=151.48
  track 10 (FIGHTER, d=10.3km, v=300m/s) -> threat=150.80
  track 8 (FIGHTER, d=17.2km, v=300m/s) -> threat=150.76
  track 6 (FIGHTER, d=26.5km, v=300m/s) -> threat=150.74
  track 2 (ASM, d=2.6km, v=0m/s) -> threat=101.38
  track 4 (ASM, d=3.6km, v=0m/s) -> threat=101.28

[DECISION] t=179.1s | tracks=6 | weapons=0 available
  track 12 (FIGHTER, d=1.3km, v=300m/s) -> threat=151.48
  track 10 (FIGHTER, d=10.3km, v=300m/s) -> threat=150.80
  track 8 (FIGHTER, d=17.2km, v=300m/s) -> threat=150.76
  track 6 (FIGHTER, d=26.7km, v=300m/s) -> threat=150.74
  track 2 (ASM, d=2.6km, v=0m/s) -> threat=101.38
  track 4 (ASM, d=3.6km, v=0m/s) -> threat=101.28

[DECISION] t=179.3s | tracks=6 | weapons=0 available
  track 12 (FIGHTER, d=1.5km, v=300m/s) -> threat=151.39
  track 10 (FIGHTER, d=10.4km, v=300m/s) -> threat=150.80
  track 8 (FIGHTER, d=17.3km, v=300m/s) -> threat=150.76
  track 6 (FIGHTER, d=26.7km, v=300m/s) -> threat=150.74
  track 2 (ASM, d=2.6km, v=0m/s) -> threat=101.38
  track 4 (ASM, d=3.6km, v=0m/s) -> threat=101.28

[DECISION] t=179.7s | tracks=6 | weapons=0 available
  track 12 (FIGHTER, d=1.5km, v=300m/s) -> threat=151.39
  track 10 (FIGHTER, d=10.4km, v=300m/s) -> threat=150.80
  track 8 (FIGHTER, d=17.3km, v=300m/s) -> threat=150.76
  track 6 (FIGHTER, d=26.7km, v=300m/s) -> threat=150.74
  track 2 (ASM, d=2.6km, v=0m/s) -> threat=101.38
  track 4 (ASM, d=3.6km, v=0m/s) -> threat=101.28

[DECISION] t=179.7s | tracks=6 | weapons=0 available
  track 12 (FIGHTER, d=1.5km, v=300m/s) -> threat=151.39
  track 10 (FIGHTER, d=10.5km, v=300m/s) -> threat=150.79
  track 8 (FIGHTER, d=17.5km, v=300m/s) -> threat=150.76
  track 6 (FIGHTER, d=26.8km, v=300m/s) -> threat=150.74
  track 2 (ASM, d=2.6km, v=0m/s) -> threat=101.38
  track 4 (ASM, d=3.6km, v=0m/s) -> threat=101.28

[DECISION] t=179.9s | tracks=6 | weapons=0 available
  track 12 (FIGHTER, d=1.6km, v=300m/s) -> threat=151.31
  track 10 (FIGHTER, d=10.5km, v=300m/s) -> threat=150.79
  track 8 (FIGHTER, d=17.5km, v=300m/s) -> threat=150.76
  track 6 (FIGHTER, d=26.8km, v=300m/s) -> threat=150.74
  track 2 (ASM, d=2.6km, v=0m/s) -> threat=101.38
  track 4 (ASM, d=3.6km, v=0m/s) -> threat=101.28

[DECISION] t=180.3s | tracks=6 | weapons=0 available
  track 12 (FIGHTER, d=1.6km, v=300m/s) -> threat=151.31
  track 10 (FIGHTER, d=10.5km, v=300m/s) -> threat=150.79
  track 8 (FIGHTER, d=17.5km, v=300m/s) -> threat=150.76
  track 6 (FIGHTER, d=27.0km, v=300m/s) -> threat=150.74
  track 2 (ASM, d=2.6km, v=0m/s) -> threat=101.38
  track 4 (ASM, d=3.6km, v=0m/s) -> threat=101.28

[DECISION] t=180.5s | tracks=6 | weapons=0 available
  track 12 (FIGHTER, d=1.7km, v=300m/s) -> threat=151.28
  track 10 (FIGHTER, d=10.7km, v=300m/s) -> threat=150.79
  track 8 (FIGHTER, d=17.6km, v=300m/s) -> threat=150.76
  track 6 (FIGHTER, d=27.0km, v=300m/s) -> threat=150.74
  track 2 (ASM, d=2.6km, v=0m/s) -> threat=101.38
  track 4 (ASM, d=3.6km, v=0m/s) -> threat=101.28

[DECISION] t=180.7s | tracks=6 | weapons=0 available
  track 12 (FIGHTER, d=1.7km, v=300m/s) -> threat=151.28
  track 10 (FIGHTER, d=10.9km, v=300m/s) -> threat=150.79
  track 8 (FIGHTER, d=17.8km, v=300m/s) -> threat=150.76
  track 6 (FIGHTER, d=27.1km, v=300m/s) -> threat=150.74
  track 2 (ASM, d=2.6km, v=0m/s) -> threat=101.38
  track 4 (ASM, d=3.6km, v=0m/s) -> threat=101.28

[DECISION] t=180.9s | tracks=6 | weapons=0 available
  track 12 (FIGHTER, d=1.9km, v=300m/s) -> threat=151.23
  track 10 (FIGHTER, d=10.9km, v=300m/s) -> threat=150.79
  track 8 (FIGHTER, d=17.8km, v=300m/s) -> threat=150.76
  track 6 (FIGHTER, d=27.1km, v=300m/s) -> threat=150.74
  track 2 (ASM, d=2.6km, v=0m/s) -> threat=101.38
  track 4 (ASM, d=3.6km, v=0m/s) -> threat=101.28

[DECISION] t=181.3s | tracks=6 | weapons=0 available
  track 12 (FIGHTER, d=1.9km, v=300m/s) -> threat=151.23
  track 10 (FIGHTER, d=10.9km, v=300m/s) -> threat=150.79
  track 8 (FIGHTER, d=17.8km, v=300m/s) -> threat=150.76
  track 6 (FIGHTER, d=27.3km, v=300m/s) -> threat=150.74
  track 2 (ASM, d=2.6km, v=0m/s) -> threat=101.38
  track 4 (ASM, d=3.6km, v=0m/s) -> threat=101.28

[DECISION] t=181.3s | tracks=6 | weapons=0 available
  track 12 (FIGHTER, d=2.1km, v=300m/s) -> threat=151.18
  track 10 (FIGHTER, d=11.0km, v=300m/s) -> threat=150.79
  track 8 (FIGHTER, d=17.9km, v=300m/s) -> threat=150.76
  track 6 (FIGHTER, d=27.3km, v=300m/s) -> threat=150.74
  track 2 (ASM, d=2.6km, v=0m/s) -> threat=101.38
  track 4 (ASM, d=3.6km, v=0m/s) -> threat=101.28

[DECISION] t=181.5s | tracks=6 | weapons=0 available
  track 12 (FIGHTER, d=2.1km, v=300m/s) -> threat=151.18
  track 10 (FIGHTER, d=11.0km, v=300m/s) -> threat=150.79
  track 8 (FIGHTER, d=17.9km, v=300m/s) -> threat=150.76
  track 6 (FIGHTER, d=27.3km, v=300m/s) -> threat=150.74
  track 2 (ASM, d=2.6km, v=0m/s) -> threat=101.38
  track 4 (ASM, d=3.6km, v=0m/s) -> threat=101.28

[DECISION] t=181.5s | tracks=6 | weapons=0 available
  track 12 (FIGHTER, d=2.1km, v=300m/s) -> threat=151.18
  track 10 (FIGHTER, d=11.0km, v=300m/s) -> threat=150.79
  track 8 (FIGHTER, d=17.9km, v=300m/s) -> threat=150.76
  track 6 (FIGHTER, d=27.3km, v=300m/s) -> threat=150.74
  track 2 (ASM, d=2.6km, v=0m/s) -> threat=101.38
  track 4 (ASM, d=3.6km, v=0m/s) -> threat=101.28

[DECISION] t=181.7s | tracks=6 | weapons=0 available
  track 12 (FIGHTER, d=2.1km, v=300m/s) -> threat=151.18
  track 10 (FIGHTER, d=11.1km, v=300m/s) -> threat=150.79
  track 8 (FIGHTER, d=18.1km, v=300m/s) -> threat=150.76
  track 6 (FIGHTER, d=27.4km, v=300m/s) -> threat=150.74
  track 2 (ASM, d=2.6km, v=0m/s) -> threat=101.38
  track 4 (ASM, d=3.6km, v=0m/s) -> threat=101.28

[DECISION] t=181.9s | tracks=6 | weapons=0 available
  track 12 (FIGHTER, d=2.2km, v=300m/s) -> threat=151.15
  track 10 (FIGHTER, d=11.1km, v=300m/s) -> threat=150.79
  track 8 (FIGHTER, d=18.1km, v=300m/s) -> threat=150.76
  track 6 (FIGHTER, d=27.4km, v=300m/s) -> threat=150.74
  track 2 (ASM, d=2.6km, v=0m/s) -> threat=101.38
  track 4 (ASM, d=3.6km, v=0m/s) -> threat=101.28

[DECISION] t=182.1s | tracks=6 | weapons=0 available
  track 12 (FIGHTER, d=2.2km, v=300m/s) -> threat=151.15
  track 10 (FIGHTER, d=11.1km, v=300m/s) -> threat=150.79
  track 8 (FIGHTER, d=18.1km, v=300m/s) -> threat=150.76
  track 6 (FIGHTER, d=27.6km, v=300m/s) -> threat=150.74
  track 2 (ASM, d=2.6km, v=0m/s) -> threat=101.38
  track 4 (ASM, d=3.6km, v=0m/s) -> threat=101.28

[DECISION] t=182.3s | tracks=6 | weapons=0 available
  track 12 (FIGHTER, d=2.3km, v=300m/s) -> threat=151.13
  track 10 (FIGHTER, d=11.3km, v=300m/s) -> threat=150.79
  track 8 (FIGHTER, d=18.2km, v=300m/s) -> threat=150.75
  track 6 (FIGHTER, d=27.6km, v=300m/s) -> threat=150.74
  track 2 (ASM, d=2.6km, v=0m/s) -> threat=101.38
  track 4 (ASM, d=3.6km, v=0m/s) -> threat=101.28

[DECISION] t=182.7s | tracks=6 | weapons=0 available
  track 12 (FIGHTER, d=2.3km, v=300m/s) -> threat=151.13
  track 10 (FIGHTER, d=11.3km, v=300m/s) -> threat=150.79
  track 8 (FIGHTER, d=18.2km, v=300m/s) -> threat=150.75
  track 6 (FIGHTER, d=27.6km, v=300m/s) -> threat=150.74
  track 2 (ASM, d=2.6km, v=0m/s) -> threat=101.38
  track 4 (ASM, d=3.6km, v=0m/s) -> threat=101.28

[DECISION] t=182.9s | tracks=6 | weapons=0 available
  track 12 (FIGHTER, d=2.5km, v=300m/s) -> threat=151.10
  track 10 (FIGHTER, d=11.5km, v=300m/s) -> threat=150.79
  track 8 (FIGHTER, d=18.4km, v=300m/s) -> threat=150.75
  track 6 (FIGHTER, d=27.7km, v=300m/s) -> threat=150.74
  track 2 (ASM, d=2.6km, v=0m/s) -> threat=101.38
  track 4 (ASM, d=3.6km, v=0m/s) -> threat=101.28

[DECISION] t=183.1s | tracks=6 | weapons=0 available
  track 12 (FIGHTER, d=2.5km, v=300m/s) -> threat=151.10
  track 10 (FIGHTER, d=11.5km, v=300m/s) -> threat=150.79
  track 8 (FIGHTER, d=18.4km, v=300m/s) -> threat=150.75
  track 6 (FIGHTER, d=27.9km, v=300m/s) -> threat=150.74
  track 2 (ASM, d=2.6km, v=0m/s) -> threat=101.38
  track 4 (ASM, d=3.6km, v=0m/s) -> threat=101.28

[DECISION] t=183.3s | tracks=6 | weapons=0 available
  track 12 (FIGHTER, d=2.7km, v=300m/s) -> threat=151.07
  track 10 (FIGHTER, d=11.6km, v=300m/s) -> threat=150.79
  track 8 (FIGHTER, d=18.5km, v=300m/s) -> threat=150.75
  track 6 (FIGHTER, d=27.9km, v=300m/s) -> threat=150.74
  track 2 (ASM, d=2.6km, v=0m/s) -> threat=101.38
  track 4 (ASM, d=3.6km, v=0m/s) -> threat=101.28

[DECISION] t=183.5s | tracks=6 | weapons=0 available
  track 12 (FIGHTER, d=2.7km, v=300m/s) -> threat=151.07
  track 10 (FIGHTER, d=11.6km, v=300m/s) -> threat=150.79
  track 8 (FIGHTER, d=18.5km, v=300m/s) -> threat=150.75
  track 6 (FIGHTER, d=27.9km, v=300m/s) -> threat=150.74
  track 2 (ASM, d=2.6km, v=0m/s) -> threat=101.38
  track 4 (ASM, d=3.6km, v=0m/s) -> threat=101.28

[DECISION] t=183.7s | tracks=6 | weapons=0 available
  track 12 (FIGHTER, d=2.7km, v=300m/s) -> threat=151.07
  track 10 (FIGHTER, d=11.8km, v=300m/s) -> threat=150.79
  track 8 (FIGHTER, d=18.7km, v=300m/s) -> threat=150.75
  track 6 (FIGHTER, d=28.0km, v=300m/s) -> threat=150.74
  track 2 (ASM, d=2.6km, v=0m/s) -> threat=101.38
  track 4 (ASM, d=3.6km, v=0m/s) -> threat=101.28

[DECISION] t=184.1s | tracks=6 | weapons=0 available
  track 12 (FIGHTER, d=2.7km, v=300m/s) -> threat=151.07
  track 10 (FIGHTER, d=11.8km, v=300m/s) -> threat=150.79
  track 8 (FIGHTER, d=18.7km, v=300m/s) -> threat=150.75
  track 6 (FIGHTER, d=28.0km, v=300m/s) -> threat=150.74
  track 2 (ASM, d=2.6km, v=0m/s) -> threat=101.38
  track 4 (ASM, d=3.6km, v=0m/s) -> threat=101.28

[DECISION] t=184.3s | tracks=6 | weapons=0 available
  track 12 (FIGHTER, d=2.8km, v=300m/s) -> threat=151.06
  track 10 (FIGHTER, d=11.8km, v=300m/s) -> threat=150.79
  track 8 (FIGHTER, d=18.7km, v=300m/s) -> threat=150.75
  track 6 (FIGHTER, d=28.2km, v=300m/s) -> threat=150.74
  track 2 (ASM, d=2.6km, v=0m/s) -> threat=101.38
  track 4 (ASM, d=3.6km, v=0m/s) -> threat=101.28

[DECISION] t=184.5s | tracks=6 | weapons=0 available
  track 12 (FIGHTER, d=2.9km, v=300m/s) -> threat=151.04
  track 10 (FIGHTER, d=11.9km, v=300m/s) -> threat=150.78
  track 8 (FIGHTER, d=18.8km, v=300m/s) -> threat=150.75
  track 6 (FIGHTER, d=28.2km, v=300m/s) -> threat=150.74
  track 2 (ASM, d=2.6km, v=0m/s) -> threat=101.38
  track 4 (ASM, d=3.6km, v=0m/s) -> threat=101.28

[DECISION] t=184.7s | tracks=6 | weapons=0 available
  track 12 (FIGHTER, d=2.9km, v=300m/s) -> threat=151.04
  track 10 (FIGHTER, d=12.0km, v=300m/s) -> threat=150.78
  track 8 (FIGHTER, d=19.0km, v=300m/s) -> threat=150.75
  track 6 (FIGHTER, d=28.3km, v=300m/s) -> threat=150.74
  track 2 (ASM, d=2.6km, v=0m/s) -> threat=101.38
  track 4 (ASM, d=3.6km, v=0m/s) -> threat=101.28

[DECISION] t=184.9s | tracks=6 | weapons=0 available
  track 12 (FIGHTER, d=3.1km, v=300m/s) -> threat=151.02
  track 10 (FIGHTER, d=12.0km, v=300m/s) -> threat=150.78
  track 8 (FIGHTER, d=19.0km, v=300m/s) -> threat=150.75
  track 6 (FIGHTER, d=28.3km, v=300m/s) -> threat=150.74
  track 2 (ASM, d=2.6km, v=0m/s) -> threat=101.38
  track 4 (ASM, d=3.6km, v=0m/s) -> threat=101.28

[DECISION] t=185.1s | tracks=6 | weapons=0 available
  track 12 (FIGHTER, d=3.1km, v=300m/s) -> threat=151.02
  track 10 (FIGHTER, d=12.0km, v=300m/s) -> threat=150.78
  track 8 (FIGHTER, d=19.0km, v=300m/s) -> threat=150.75
  track 6 (FIGHTER, d=28.5km, v=300m/s) -> threat=150.74
  track 2 (ASM, d=2.6km, v=0m/s) -> threat=101.38
  track 4 (ASM, d=3.6km, v=0m/s) -> threat=101.28

[DECISION] t=185.3s | tracks=6 | weapons=0 available
  track 12 (FIGHTER, d=3.3km, v=300m/s) -> threat=151.00
  track 10 (FIGHTER, d=12.2km, v=300m/s) -> threat=150.78
  track 8 (FIGHTER, d=19.1km, v=300m/s) -> threat=150.75
  track 6 (FIGHTER, d=28.5km, v=300m/s) -> threat=150.74
  track 2 (ASM, d=2.6km, v=0m/s) -> threat=101.38
  track 4 (ASM, d=3.6km, v=0m/s) -> threat=101.28

[DECISION] t=185.5s | tracks=6 | weapons=0 available
  track 12 (FIGHTER, d=3.3km, v=300m/s) -> threat=151.00
  track 10 (FIGHTER, d=12.2km, v=300m/s) -> threat=150.78
  track 8 (FIGHTER, d=19.1km, v=300m/s) -> threat=150.75
  track 6 (FIGHTER, d=28.5km, v=300m/s) -> threat=150.74
  track 2 (ASM, d=2.6km, v=0m/s) -> threat=101.38
  track 4 (ASM, d=3.6km, v=0m/s) -> threat=101.28

[DECISION] t=185.7s | tracks=6 | weapons=0 available
  track 12 (FIGHTER, d=3.3km, v=300m/s) -> threat=151.00
  track 10 (FIGHTER, d=12.4km, v=300m/s) -> threat=150.78
  track 8 (FIGHTER, d=19.3km, v=300m/s) -> threat=150.75
  track 6 (FIGHTER, d=28.6km, v=300m/s) -> threat=150.73
  track 2 (ASM, d=2.6km, v=0m/s) -> threat=101.38
  track 4 (ASM, d=3.6km, v=0m/s) -> threat=101.28

[DECISION] t=185.9s | tracks=6 | weapons=0 available
  track 12 (FIGHTER, d=3.4km, v=300m/s) -> threat=151.00
  track 10 (FIGHTER, d=12.4km, v=300m/s) -> threat=150.78
  track 8 (FIGHTER, d=19.3km, v=300m/s) -> threat=150.75
  track 6 (FIGHTER, d=28.6km, v=300m/s) -> threat=150.73
  track 2 (ASM, d=2.6km, v=0m/s) -> threat=101.38
  track 4 (ASM, d=3.6km, v=0m/s) -> threat=101.28

[DECISION] t=0.0s | tracks=6 | weapons=0 available
  track 12 (FIGHTER, d=3.4km, v=300m/s) -> threat=151.00
  track 10 (FIGHTER, d=12.4km, v=300m/s) -> threat=150.78
  track 8 (FIGHTER, d=19.3km, v=300m/s) -> threat=150.75
  track 6 (FIGHTER, d=28.8km, v=300m/s) -> threat=150.73
  track 2 (ASM, d=2.6km, v=0m/s) -> threat=101.38
  track 4 (ASM, d=3.6km, v=0m/s) -> threat=101.28

[DECISION] t=186.3s | tracks=6 | weapons=0 available
  track 12 (FIGHTER, d=3.6km, v=300m/s) -> threat=150.98
  track 10 (FIGHTER, d=12.5km, v=300m/s) -> threat=150.78
  track 8 (FIGHTER, d=19.4km, v=300m/s) -> threat=150.75
  track 6 (FIGHTER, d=28.8km, v=300m/s) -> threat=150.73
  track 2 (ASM, d=2.6km, v=0m/s) -> threat=101.38
  track 4 (ASM, d=3.6km, v=0m/s) -> threat=101.28

[DECISION] t=186.5s | tracks=6 | weapons=0 available
  track 12 (FIGHTER, d=3.6km, v=300m/s) -> threat=150.98
  track 10 (FIGHTER, d=12.5km, v=300m/s) -> threat=150.78
  track 8 (FIGHTER, d=19.4km, v=300m/s) -> threat=150.75
  track 6 (FIGHTER, d=28.8km, v=300m/s) -> threat=150.73
  track 2 (ASM, d=2.6km, v=0m/s) -> threat=101.38
  track 4 (ASM, d=3.6km, v=0m/s) -> threat=101.28

[DECISION] t=186.9s | tracks=6 | weapons=0 available
  track 12 (FIGHTER, d=3.6km, v=300m/s) -> threat=150.98
  track 10 (FIGHTER, d=12.6km, v=300m/s) -> threat=150.78
  track 8 (FIGHTER, d=19.6km, v=300m/s) -> threat=150.75
  track 6 (FIGHTER, d=28.9km, v=300m/s) -> threat=150.73
  track 2 (ASM, d=2.6km, v=0m/s) -> threat=101.38
  track 4 (ASM, d=3.6km, v=0m/s) -> threat=101.28

[DECISION] t=187.3s | tracks=6 | weapons=0 available
  track 12 (FIGHTER, d=3.8km, v=300m/s) -> threat=150.96
  track 10 (FIGHTER, d=12.8km, v=300m/s) -> threat=150.78
  track 8 (FIGHTER, d=19.7km, v=300m/s) -> threat=150.75
  track 6 (FIGHTER, d=29.1km, v=300m/s) -> threat=150.73
  track 2 (ASM, d=2.6km, v=0m/s) -> threat=101.38
  track 4 (ASM, d=3.6km, v=0m/s) -> threat=101.28

[DECISION] t=187.5s | tracks=6 | weapons=0 available
  track 12 (FIGHTER, d=3.8km, v=300m/s) -> threat=150.96
  track 10 (FIGHTER, d=12.8km, v=300m/s) -> threat=150.78
  track 8 (FIGHTER, d=19.7km, v=300m/s) -> threat=150.75
  track 6 (FIGHTER, d=29.1km, v=300m/s) -> threat=150.73
  track 2 (ASM, d=2.6km, v=0m/s) -> threat=101.38
  track 4 (ASM, d=3.6km, v=0m/s) -> threat=101.28

[DECISION] t=187.7s | tracks=6 | weapons=0 available
  track 12 (FIGHTER, d=3.8km, v=300m/s) -> threat=150.96
  track 10 (FIGHTER, d=13.0km, v=300m/s) -> threat=150.78
  track 8 (FIGHTER, d=19.9km, v=300m/s) -> threat=150.75
  track 6 (FIGHTER, d=29.2km, v=300m/s) -> threat=150.73
  track 2 (ASM, d=2.6km, v=0m/s) -> threat=101.38
  track 4 (ASM, d=3.6km, v=0m/s) -> threat=101.28

[DECISION] t=187.9s | tracks=6 | weapons=0 available
  track 12 (FIGHTER, d=4.0km, v=300m/s) -> threat=150.95
  track 10 (FIGHTER, d=13.0km, v=300m/s) -> threat=150.78
  track 8 (FIGHTER, d=19.9km, v=300m/s) -> threat=150.75
  track 6 (FIGHTER, d=29.2km, v=300m/s) -> threat=150.73
  track 2 (ASM, d=2.6km, v=0m/s) -> threat=101.38
  track 4 (ASM, d=3.6km, v=0m/s) -> threat=101.28

[DECISION] t=188.3s | tracks=6 | weapons=0 available
  track 12 (FIGHTER, d=4.0km, v=300m/s) -> threat=150.95
  track 10 (FIGHTER, d=13.0km, v=300m/s) -> threat=150.78
  track 8 (FIGHTER, d=19.9km, v=300m/s) -> threat=150.75
  track 6 (FIGHTER, d=29.4km, v=300m/s) -> threat=150.73
  track 2 (ASM, d=2.6km, v=0m/s) -> threat=101.38
  track 4 (ASM, d=3.6km, v=0m/s) -> threat=101.28

[DECISION] t=188.5s | tracks=6 | weapons=0 available
  track 12 (FIGHTER, d=4.2km, v=300m/s) -> threat=150.94
  track 10 (FIGHTER, d=13.1km, v=300m/s) -> threat=150.78
  track 8 (FIGHTER, d=20.0km, v=300m/s) -> threat=150.75
  track 6 (FIGHTER, d=29.4km, v=300m/s) -> threat=150.73
  track 2 (ASM, d=2.6km, v=0m/s) -> threat=101.38
  track 4 (ASM, d=3.6km, v=0m/s) -> threat=101.28

[DECISION] t=188.9s | tracks=6 | weapons=0 available
  track 12 (FIGHTER, d=4.2km, v=300m/s) -> threat=150.94
  track 10 (FIGHTER, d=13.1km, v=300m/s) -> threat=150.78
  track 8 (FIGHTER, d=20.0km, v=300m/s) -> threat=150.75
  track 6 (FIGHTER, d=29.4km, v=300m/s) -> threat=150.73
  track 2 (ASM, d=2.6km, v=0m/s) -> threat=101.38
  track 4 (ASM, d=3.6km, v=0m/s) -> threat=101.28

[DECISION] t=189.1s | tracks=6 | weapons=0 available
  track 12 (FIGHTER, d=4.3km, v=300m/s) -> threat=150.93
  track 10 (FIGHTER, d=13.2km, v=300m/s) -> threat=150.78
  track 8 (FIGHTER, d=20.2km, v=300m/s) -> threat=150.75
  track 6 (FIGHTER, d=29.7km, v=300m/s) -> threat=150.73
  track 2 (ASM, d=2.6km, v=0m/s) -> threat=101.38
  track 4 (ASM, d=3.6km, v=0m/s) -> threat=101.28

[DECISION] t=189.5s | tracks=6 | weapons=0 available
  track 12 (FIGHTER, d=4.4km, v=300m/s) -> threat=150.93
  track 10 (FIGHTER, d=13.4km, v=300m/s) -> threat=150.77
  track 8 (FIGHTER, d=20.3km, v=300m/s) -> threat=150.75
  track 6 (FIGHTER, d=29.7km, v=300m/s) -> threat=150.73
  track 2 (ASM, d=2.6km, v=0m/s) -> threat=101.38
  track 4 (ASM, d=3.6km, v=0m/s) -> threat=101.28

[DECISION] t=189.7s | tracks=6 | weapons=0 available
  track 12 (FIGHTER, d=4.4km, v=300m/s) -> threat=150.93
  track 10 (FIGHTER, d=13.4km, v=300m/s) -> threat=150.77
  track 8 (FIGHTER, d=20.3km, v=300m/s) -> threat=150.75
  track 6 (FIGHTER, d=29.7km, v=300m/s) -> threat=150.73
  track 2 (ASM, d=2.6km, v=0m/s) -> threat=101.38
  track 4 (ASM, d=3.6km, v=0m/s) -> threat=101.28

[DECISION] t=189.7s | tracks=6 | weapons=0 available
  track 12 (FIGHTER, d=4.4km, v=300m/s) -> threat=150.93
  track 10 (FIGHTER, d=13.6km, v=300m/s) -> threat=150.77
  track 8 (FIGHTER, d=20.5km, v=300m/s) -> threat=150.75
  track 6 (FIGHTER, d=29.8km, v=300m/s) -> threat=150.73
  track 2 (ASM, d=2.6km, v=0m/s) -> threat=101.38
  track 4 (ASM, d=3.6km, v=0m/s) -> threat=101.28

[DECISION] t=189.9s | tracks=6 | weapons=0 available
  track 12 (FIGHTER, d=4.6km, v=300m/s) -> threat=150.92
  track 10 (FIGHTER, d=13.6km, v=300m/s) -> threat=150.77
  track 8 (FIGHTER, d=20.5km, v=300m/s) -> threat=150.75
  track 6 (FIGHTER, d=29.8km, v=300m/s) -> threat=150.73
  track 2 (ASM, d=2.6km, v=0m/s) -> threat=101.38
  track 4 (ASM, d=3.6km, v=0m/s) -> threat=101.28

[DECISION] t=190.1s | tracks=6 | weapons=0 available
  track 12 (FIGHTER, d=4.6km, v=300m/s) -> threat=150.92
  track 10 (FIGHTER, d=13.6km, v=300m/s) -> threat=150.77
  track 8 (FIGHTER, d=20.5km, v=300m/s) -> threat=150.75
  track 6 (FIGHTER, d=30.0km, v=300m/s) -> threat=150.73
  track 2 (ASM, d=2.6km, v=0m/s) -> threat=101.38
  track 4 (ASM, d=3.6km, v=0m/s) -> threat=101.28

[DECISION] t=0.0s | tracks=6 | weapons=0 available
  track 12 (FIGHTER, d=4.8km, v=300m/s) -> threat=150.91
  track 10 (FIGHTER, d=13.7km, v=300m/s) -> threat=150.77
  track 8 (FIGHTER, d=20.6km, v=300m/s) -> threat=150.75
  track 6 (FIGHTER, d=30.0km, v=300m/s) -> threat=150.73
  track 2 (ASM, d=2.6km, v=0m/s) -> threat=101.38
  track 4 (ASM, d=3.6km, v=0m/s) -> threat=101.28

[DECISION] t=190.7s | tracks=5 | weapons=0 available
  track 12 (FIGHTER, d=4.8km, v=300m/s) -> threat=150.91
  track 10 (FIGHTER, d=13.9km, v=300m/s) -> threat=150.77
  track 8 (FIGHTER, d=20.8km, v=300m/s) -> threat=150.75
  track 2 (ASM, d=2.6km, v=0m/s) -> threat=101.38
  track 4 (ASM, d=3.6km, v=0m/s) -> threat=101.28

[DECISION] t=191.1s | tracks=5 | weapons=0 available
  track 12 (FIGHTER, d=4.9km, v=300m/s) -> threat=150.91
  track 10 (FIGHTER, d=13.9km, v=300m/s) -> threat=150.77
  track 8 (FIGHTER, d=20.8km, v=300m/s) -> threat=150.75
  track 2 (ASM, d=2.6km, v=0m/s) -> threat=101.38
  track 4 (ASM, d=3.6km, v=0m/s) -> threat=101.28

[DECISION] t=191.3s | tracks=5 | weapons=0 available
  track 12 (FIGHTER, d=5.0km, v=300m/s) -> threat=150.90
  track 10 (FIGHTER, d=14.0km, v=300m/s) -> threat=150.77
  track 8 (FIGHTER, d=20.9km, v=300m/s) -> threat=150.75
  track 2 (ASM, d=2.6km, v=0m/s) -> threat=101.38
  track 4 (ASM, d=3.6km, v=0m/s) -> threat=101.28

[DECISION] t=191.9s | tracks=5 | weapons=0 available
  track 12 (FIGHTER, d=5.0km, v=300m/s) -> threat=150.90
  track 10 (FIGHTER, d=14.0km, v=300m/s) -> threat=150.77
  track 8 (FIGHTER, d=20.9km, v=300m/s) -> threat=150.75
  track 2 (ASM, d=2.6km, v=0m/s) -> threat=101.38
  track 4 (ASM, d=3.6km, v=0m/s) -> threat=101.28

[DECISION] t=191.9s | tracks=5 | weapons=0 available
  track 12 (FIGHTER, d=5.2km, v=300m/s) -> threat=150.89
  track 10 (FIGHTER, d=14.1km, v=300m/s) -> threat=150.77
  track 8 (FIGHTER, d=21.1km, v=300m/s) -> threat=150.75
  track 2 (ASM, d=2.6km, v=0m/s) -> threat=101.38
  track 4 (ASM, d=3.6km, v=0m/s) -> threat=101.28

[DECISION] t=192.3s | tracks=5 | weapons=0 available
  track 12 (FIGHTER, d=5.2km, v=300m/s) -> threat=150.89
  track 10 (FIGHTER, d=14.1km, v=300m/s) -> threat=150.77
  track 8 (FIGHTER, d=21.1km, v=300m/s) -> threat=150.75
  track 2 (ASM, d=2.6km, v=0m/s) -> threat=101.38
  track 4 (ASM, d=3.6km, v=0m/s) -> threat=101.28

[DECISION] t=192.5s | tracks=5 | weapons=0 available
  track 12 (FIGHTER, d=5.3km, v=300m/s) -> threat=150.89
  track 10 (FIGHTER, d=14.3km, v=300m/s) -> threat=150.77
  track 8 (FIGHTER, d=21.2km, v=300m/s) -> threat=150.75
  track 2 (ASM, d=2.6km, v=0m/s) -> threat=101.38
  track 4 (ASM, d=3.6km, v=0m/s) -> threat=101.28

[DECISION] t=192.9s | tracks=5 | weapons=0 available
  track 12 (FIGHTER, d=5.3km, v=300m/s) -> threat=150.89
  track 10 (FIGHTER, d=14.3km, v=300m/s) -> threat=150.77
  track 8 (FIGHTER, d=21.2km, v=300m/s) -> threat=150.75
  track 2 (ASM, d=2.6km, v=0m/s) -> threat=101.38
  track 4 (ASM, d=3.6km, v=0m/s) -> threat=101.28

[DECISION] t=192.9s | tracks=5 | weapons=0 available
  track 12 (FIGHTER, d=5.5km, v=300m/s) -> threat=150.88
  track 10 (FIGHTER, d=14.5km, v=300m/s) -> threat=150.77
  track 8 (FIGHTER, d=21.4km, v=300m/s) -> threat=150.75
  track 2 (ASM, d=2.6km, v=0m/s) -> threat=101.38
  track 4 (ASM, d=3.6km, v=0m/s) -> threat=101.28

[DECISION] t=193.7s | tracks=5 | weapons=0 available
  track 12 (FIGHTER, d=5.5km, v=300m/s) -> threat=150.88
  track 10 (FIGHTER, d=14.5km, v=300m/s) -> threat=150.77
  track 8 (FIGHTER, d=21.4km, v=300m/s) -> threat=150.75
  track 2 (ASM, d=2.6km, v=0m/s) -> threat=101.38
  track 4 (ASM, d=3.6km, v=0m/s) -> threat=101.28

[DECISION] t=193.9s | tracks=5 | weapons=0 available
  track 12 (FIGHTER, d=5.7km, v=300m/s) -> threat=150.88
  track 10 (FIGHTER, d=14.7km, v=300m/s) -> threat=150.77
  track 8 (FIGHTER, d=21.7km, v=300m/s) -> threat=150.75
  track 2 (ASM, d=2.6km, v=0m/s) -> threat=101.38
  track 4 (ASM, d=3.6km, v=0m/s) -> threat=101.28

[DECISION] t=194.1s | tracks=5 | weapons=0 available
  track 12 (FIGHTER, d=5.8km, v=300m/s) -> threat=150.87
  track 10 (FIGHTER, d=14.7km, v=300m/s) -> threat=150.77
  track 8 (FIGHTER, d=21.7km, v=300m/s) -> threat=150.75
  track 2 (ASM, d=2.6km, v=0m/s) -> threat=101.38
  track 4 (ASM, d=3.6km, v=0m/s) -> threat=101.28

[DECISION] t=194.3s | tracks=5 | weapons=0 available
  track 12 (FIGHTER, d=5.9km, v=300m/s) -> threat=150.87
  track 10 (FIGHTER, d=14.9km, v=300m/s) -> threat=150.77
  track 8 (FIGHTER, d=21.8km, v=300m/s) -> threat=150.75
  track 2 (ASM, d=2.6km, v=0m/s) -> threat=101.38
  track 4 (ASM, d=3.6km, v=0m/s) -> threat=101.28

[DECISION] t=194.5s | tracks=5 | weapons=0 available
  track 12 (FIGHTER, d=5.9km, v=300m/s) -> threat=150.87
  track 10 (FIGHTER, d=14.9km, v=300m/s) -> threat=150.77
  track 8 (FIGHTER, d=21.8km, v=300m/s) -> threat=150.75
  track 2 (ASM, d=2.6km, v=0m/s) -> threat=101.38
  track 4 (ASM, d=3.6km, v=0m/s) -> threat=101.28

[DECISION] t=194.7s | tracks=5 | weapons=0 available
  track 12 (FIGHTER, d=5.9km, v=300m/s) -> threat=150.87
  track 10 (FIGHTER, d=15.1km, v=300m/s) -> threat=150.77
  track 8 (FIGHTER, d=22.0km, v=300m/s) -> threat=150.75
  track 2 (ASM, d=2.6km, v=0m/s) -> threat=101.38
  track 4 (ASM, d=3.6km, v=0m/s) -> threat=101.28

[DECISION] t=194.9s | tracks=5 | weapons=0 available
  track 12 (FIGHTER, d=6.1km, v=300m/s) -> threat=150.86
  track 10 (FIGHTER, d=15.1km, v=300m/s) -> threat=150.77
  track 8 (FIGHTER, d=22.0km, v=300m/s) -> threat=150.75
  track 2 (ASM, d=2.6km, v=0m/s) -> threat=101.38
  track 4 (ASM, d=3.6km, v=0m/s) -> threat=101.28

[DECISION] t=195.3s | tracks=5 | weapons=0 available
  track 12 (FIGHTER, d=6.1km, v=300m/s) -> threat=150.86
  track 10 (FIGHTER, d=15.1km, v=300m/s) -> threat=150.77
  track 8 (FIGHTER, d=22.0km, v=300m/s) -> threat=150.75
  track 2 (ASM, d=2.6km, v=0m/s) -> threat=101.38
  track 4 (ASM, d=3.6km, v=0m/s) -> threat=101.28

[DECISION] t=195.7s | tracks=5 | weapons=0 available
  track 12 (FIGHTER, d=6.3km, v=300m/s) -> threat=150.86
  track 10 (FIGHTER, d=15.2km, v=300m/s) -> threat=150.77
  track 8 (FIGHTER, d=22.1km, v=300m/s) -> threat=150.75
  track 2 (ASM, d=2.6km, v=0m/s) -> threat=101.38
  track 4 (ASM, d=3.6km, v=0m/s) -> threat=101.28

[DECISION] t=195.7s | tracks=5 | weapons=0 available
  track 12 (FIGHTER, d=6.3km, v=300m/s) -> threat=150.86
  track 10 (FIGHTER, d=15.3km, v=300m/s) -> threat=150.77
  track 8 (FIGHTER, d=22.3km, v=300m/s) -> threat=150.74
  track 2 (ASM, d=2.6km, v=0m/s) -> threat=101.38
  track 4 (ASM, d=3.6km, v=0m/s) -> threat=101.28

[DECISION] t=195.9s | tracks=5 | weapons=0 available
  track 12 (FIGHTER, d=6.4km, v=300m/s) -> threat=150.86
  track 10 (FIGHTER, d=15.3km, v=300m/s) -> threat=150.77
  track 8 (FIGHTER, d=22.3km, v=300m/s) -> threat=150.74
  track 2 (ASM, d=2.6km, v=0m/s) -> threat=101.38
  track 4 (ASM, d=3.6km, v=0m/s) -> threat=101.28

[DECISION] t=196.3s | tracks=5 | weapons=0 available
  track 12 (FIGHTER, d=6.4km, v=300m/s) -> threat=150.86
  track 10 (FIGHTER, d=15.3km, v=300m/s) -> threat=150.77
  track 8 (FIGHTER, d=22.3km, v=300m/s) -> threat=150.74
  track 2 (ASM, d=2.6km, v=0m/s) -> threat=101.38
  track 4 (ASM, d=3.6km, v=0m/s) -> threat=101.28

[DECISION] t=0.0s | tracks=5 | weapons=0 available
  track 12 (FIGHTER, d=6.5km, v=300m/s) -> threat=150.85
  track 10 (FIGHTER, d=15.5km, v=300m/s) -> threat=150.76
  track 8 (FIGHTER, d=22.4km, v=300m/s) -> threat=150.74
  track 2 (ASM, d=2.6km, v=0m/s) -> threat=101.38
  track 4 (ASM, d=3.6km, v=0m/s) -> threat=101.28

[DECISION] t=196.7s | tracks=5 | weapons=0 available
  track 12 (FIGHTER, d=6.5km, v=300m/s) -> threat=150.85
  track 10 (FIGHTER, d=15.6km, v=300m/s) -> threat=150.76
  track 8 (FIGHTER, d=22.6km, v=300m/s) -> threat=150.74
  track 2 (ASM, d=2.6km, v=0m/s) -> threat=101.38
  track 4 (ASM, d=3.6km, v=0m/s) -> threat=101.28

[DECISION] t=197.1s | tracks=5 | weapons=0 available
  track 12 (FIGHTER, d=6.7km, v=300m/s) -> threat=150.85
  track 10 (FIGHTER, d=15.6km, v=300m/s) -> threat=150.76
  track 8 (FIGHTER, d=22.6km, v=300m/s) -> threat=150.74
  track 2 (ASM, d=2.6km, v=0m/s) -> threat=101.38
  track 4 (ASM, d=3.6km, v=0m/s) -> threat=101.28

[DECISION] t=197.3s | tracks=5 | weapons=0 available
  track 12 (FIGHTER, d=6.7km, v=300m/s) -> threat=150.85
  track 10 (FIGHTER, d=15.6km, v=300m/s) -> threat=150.76
  track 8 (FIGHTER, d=22.6km, v=300m/s) -> threat=150.74
  track 2 (ASM, d=2.6km, v=0m/s) -> threat=101.38
  track 4 (ASM, d=3.6km, v=0m/s) -> threat=101.28

[DECISION] t=197.3s | tracks=5 | weapons=0 available
  track 12 (FIGHTER, d=6.9km, v=300m/s) -> threat=150.85
  track 10 (FIGHTER, d=15.8km, v=300m/s) -> threat=150.76
  track 8 (FIGHTER, d=22.7km, v=300m/s) -> threat=150.74
  track 2 (ASM, d=2.6km, v=0m/s) -> threat=101.38
  track 4 (ASM, d=3.6km, v=0m/s) -> threat=101.28

[DECISION] t=197.7s | tracks=5 | weapons=0 available
  track 12 (FIGHTER, d=6.9km, v=300m/s) -> threat=150.85
  track 10 (FIGHTER, d=15.8km, v=300m/s) -> threat=150.76
  track 8 (FIGHTER, d=22.7km, v=300m/s) -> threat=150.74
  track 2 (ASM, d=2.6km, v=0m/s) -> threat=101.38
  track 4 (ASM, d=3.6km, v=0m/s) -> threat=101.28

[DECISION] t=197.9s | tracks=5 | weapons=0 available
  track 12 (FIGHTER, d=7.0km, v=300m/s) -> threat=150.84
  track 10 (FIGHTER, d=16.0km, v=300m/s) -> threat=150.76
  track 8 (FIGHTER, d=22.9km, v=300m/s) -> threat=150.74
  track 2 (ASM, d=2.6km, v=0m/s) -> threat=101.38
  track 4 (ASM, d=3.6km, v=0m/s) -> threat=101.28

[DECISION] t=198.3s | tracks=5 | weapons=0 available
  track 12 (FIGHTER, d=7.0km, v=300m/s) -> threat=150.84
  track 10 (FIGHTER, d=16.0km, v=300m/s) -> threat=150.76
  track 8 (FIGHTER, d=22.9km, v=300m/s) -> threat=150.74
  track 2 (ASM, d=2.6km, v=0m/s) -> threat=101.38
  track 4 (ASM, d=3.6km, v=0m/s) -> threat=101.28

[DECISION] t=198.3s | tracks=5 | weapons=0 available
  track 12 (FIGHTER, d=7.1km, v=300m/s) -> threat=150.84
  track 10 (FIGHTER, d=16.1km, v=300m/s) -> threat=150.76
  track 8 (FIGHTER, d=23.0km, v=300m/s) -> threat=150.74
  track 2 (ASM, d=2.6km, v=0m/s) -> threat=101.38
  track 4 (ASM, d=3.6km, v=0m/s) -> threat=101.28

[DECISION] t=198.5s | tracks=5 | weapons=0 available
  track 12 (FIGHTER, d=7.1km, v=300m/s) -> threat=150.84
  track 10 (FIGHTER, d=16.1km, v=300m/s) -> threat=150.76
  track 8 (FIGHTER, d=23.0km, v=300m/s) -> threat=150.74
  track 2 (ASM, d=2.6km, v=0m/s) -> threat=101.38
  track 4 (ASM, d=3.6km, v=0m/s) -> threat=101.28

[DECISION] t=198.7s | tracks=5 | weapons=0 available
  track 12 (FIGHTER, d=7.1km, v=300m/s) -> threat=150.84
  track 10 (FIGHTER, d=16.2km, v=300m/s) -> threat=150.76
  track 8 (FIGHTER, d=23.2km, v=300m/s) -> threat=150.74
  track 2 (ASM, d=2.6km, v=0m/s) -> threat=101.38
  track 4 (ASM, d=3.6km, v=0m/s) -> threat=101.28

[DECISION] t=198.9s | tracks=5 | weapons=0 available
  track 12 (FIGHTER, d=7.3km, v=300m/s) -> threat=150.84
  track 10 (FIGHTER, d=16.2km, v=300m/s) -> threat=150.76
  track 8 (FIGHTER, d=23.2km, v=300m/s) -> threat=150.74
  track 2 (ASM, d=2.6km, v=0m/s) -> threat=101.38
  track 4 (ASM, d=3.6km, v=0m/s) -> threat=101.28

[DECISION] t=199.3s | tracks=5 | weapons=0 available
  track 12 (FIGHTER, d=7.3km, v=300m/s) -> threat=150.84
  track 10 (FIGHTER, d=16.2km, v=300m/s) -> threat=150.76
  track 8 (FIGHTER, d=23.2km, v=300m/s) -> threat=150.74
  track 2 (ASM, d=2.6km, v=0m/s) -> threat=101.38
  track 4 (ASM, d=3.6km, v=0m/s) -> threat=101.28

[DECISION] t=199.5s | tracks=5 | weapons=0 available
  track 12 (FIGHTER, d=7.4km, v=300m/s) -> threat=150.83
  track 10 (FIGHTER, d=16.4km, v=300m/s) -> threat=150.76
  track 8 (FIGHTER, d=23.3km, v=300m/s) -> threat=150.74
  track 2 (ASM, d=2.6km, v=0m/s) -> threat=101.38
  track 4 (ASM, d=3.6km, v=0m/s) -> threat=101.28

[DECISION] t=199.7s | tracks=5 | weapons=0 available
  track 12 (FIGHTER, d=7.4km, v=300m/s) -> threat=150.83
  track 10 (FIGHTER, d=16.6km, v=300m/s) -> threat=150.76
  track 8 (FIGHTER, d=23.5km, v=300m/s) -> threat=150.74
  track 2 (ASM, d=2.6km, v=0m/s) -> threat=101.38
  track 4 (ASM, d=3.6km, v=0m/s) -> threat=101.28

[DECISION] t=200.1s | tracks=5 | weapons=0 available
  track 12 (FIGHTER, d=7.6km, v=300m/s) -> threat=150.83
  track 10 (FIGHTER, d=16.6km, v=300m/s) -> threat=150.76
  track 8 (FIGHTER, d=23.5km, v=300m/s) -> threat=150.74
  track 2 (ASM, d=2.6km, v=0m/s) -> threat=101.38
  track 4 (ASM, d=3.6km, v=0m/s) -> threat=101.28

[DECISION] t=200.3s | tracks=5 | weapons=0 available
  track 12 (FIGHTER, d=7.8km, v=300m/s) -> threat=150.83
  track 10 (FIGHTER, d=16.7km, v=300m/s) -> threat=150.76
  track 8 (FIGHTER, d=23.6km, v=300m/s) -> threat=150.74
  track 2 (ASM, d=2.6km, v=0m/s) -> threat=101.38
  track 4 (ASM, d=3.6km, v=0m/s) -> threat=101.28

[DECISION] t=200.5s | tracks=5 | weapons=0 available
  track 12 (FIGHTER, d=7.8km, v=300m/s) -> threat=150.83
  track 10 (FIGHTER, d=16.7km, v=300m/s) -> threat=150.76
  track 8 (FIGHTER, d=23.6km, v=300m/s) -> threat=150.74
  track 2 (ASM, d=2.6km, v=0m/s) -> threat=101.38
  track 4 (ASM, d=3.6km, v=0m/s) -> threat=101.28

[DECISION] t=200.7s | tracks=5 | weapons=0 available
  track 12 (FIGHTER, d=7.8km, v=300m/s) -> threat=150.83
  track 10 (FIGHTER, d=16.8km, v=300m/s) -> threat=150.76
  track 8 (FIGHTER, d=23.8km, v=300m/s) -> threat=150.74
  track 2 (ASM, d=2.6km, v=0m/s) -> threat=101.38
  track 4 (ASM, d=3.6km, v=0m/s) -> threat=101.28

[DECISION] t=200.9s | tracks=5 | weapons=0 available
  track 12 (FIGHTER, d=7.9km, v=300m/s) -> threat=150.83
  track 10 (FIGHTER, d=16.8km, v=300m/s) -> threat=150.76
  track 8 (FIGHTER, d=23.8km, v=300m/s) -> threat=150.74
  track 2 (ASM, d=2.6km, v=0m/s) -> threat=101.38
  track 4 (ASM, d=3.6km, v=0m/s) -> threat=101.28

[DECISION] t=0.0s | tracks=5 | weapons=0 available
  track 12 (FIGHTER, d=7.9km, v=300m/s) -> threat=150.83
  track 10 (FIGHTER, d=16.8km, v=300m/s) -> threat=150.76
  track 8 (FIGHTER, d=23.8km, v=300m/s) -> threat=150.74
  track 2 (ASM, d=2.6km, v=0m/s) -> threat=101.38
  track 4 (ASM, d=3.6km, v=0m/s) -> threat=101.28

[DECISION] t=201.3s | tracks=5 | weapons=0 available
  track 12 (FIGHTER, d=8.0km, v=300m/s) -> threat=150.82
  track 10 (FIGHTER, d=17.0km, v=300m/s) -> threat=150.76
  track 8 (FIGHTER, d=23.9km, v=300m/s) -> threat=150.74
  track 2 (ASM, d=2.6km, v=0m/s) -> threat=101.38
  track 4 (ASM, d=3.6km, v=0m/s) -> threat=101.28

[DECISION] t=201.5s | tracks=5 | weapons=0 available
  track 12 (FIGHTER, d=8.0km, v=300m/s) -> threat=150.82
  track 10 (FIGHTER, d=17.0km, v=300m/s) -> threat=150.76
  track 8 (FIGHTER, d=23.9km, v=300m/s) -> threat=150.74
  track 2 (ASM, d=2.6km, v=0m/s) -> threat=101.38
  track 4 (ASM, d=3.6km, v=0m/s) -> threat=101.28

[DECISION] t=201.7s | tracks=5 | weapons=0 available
  track 12 (FIGHTER, d=8.0km, v=300m/s) -> threat=150.82
  track 10 (FIGHTER, d=17.2km, v=300m/s) -> threat=150.76
  track 8 (FIGHTER, d=24.1km, v=300m/s) -> threat=150.74
  track 2 (ASM, d=2.6km, v=0m/s) -> threat=101.38
  track 4 (ASM, d=3.6km, v=0m/s) -> threat=101.28

[DECISION] t=201.9s | tracks=5 | weapons=0 available
  track 12 (FIGHTER, d=8.2km, v=300m/s) -> threat=150.82
  track 10 (FIGHTER, d=17.2km, v=300m/s) -> threat=150.76
  track 8 (FIGHTER, d=24.1km, v=300m/s) -> threat=150.74
  track 2 (ASM, d=2.6km, v=0m/s) -> threat=101.38
  track 4 (ASM, d=3.6km, v=0m/s) -> threat=101.28

[DECISION] t=202.1s | tracks=5 | weapons=0 available
  track 12 (FIGHTER, d=8.2km, v=300m/s) -> threat=150.82
  track 10 (FIGHTER, d=17.2km, v=300m/s) -> threat=150.76
  track 8 (FIGHTER, d=24.1km, v=300m/s) -> threat=150.74
  track 2 (ASM, d=2.6km, v=0m/s) -> threat=101.38
  track 4 (ASM, d=3.6km, v=0m/s) -> threat=101.28

[DECISION] t=202.3s | tracks=5 | weapons=0 available
  track 12 (FIGHTER, d=8.4km, v=300m/s) -> threat=150.82
  track 10 (FIGHTER, d=17.3km, v=300m/s) -> threat=150.76
  track 8 (FIGHTER, d=24.2km, v=300m/s) -> threat=150.74
  track 2 (ASM, d=2.6km, v=0m/s) -> threat=101.38
  track 4 (ASM, d=3.6km, v=0m/s) -> threat=101.28

[DECISION] t=202.7s | tracks=5 | weapons=0 available
  track 12 (FIGHTER, d=8.4km, v=300m/s) -> threat=150.82
  track 10 (FIGHTER, d=17.3km, v=300m/s) -> threat=150.76
  track 8 (FIGHTER, d=24.2km, v=300m/s) -> threat=150.74
  track 2 (ASM, d=2.6km, v=0m/s) -> threat=101.38
  track 4 (ASM, d=3.6km, v=0m/s) -> threat=101.28

[DECISION] t=202.9s | tracks=5 | weapons=0 available
  track 12 (FIGHTER, d=8.5km, v=300m/s) -> threat=150.82
  track 10 (FIGHTER, d=17.4km, v=300m/s) -> threat=150.76
  track 8 (FIGHTER, d=24.4km, v=300m/s) -> threat=150.74
  track 2 (ASM, d=2.6km, v=0m/s) -> threat=101.38
  track 4 (ASM, d=3.6km, v=0m/s) -> threat=101.28

[DECISION] t=203.5s | tracks=5 | weapons=0 available
  track 12 (FIGHTER, d=8.6km, v=300m/s) -> threat=150.82
  track 10 (FIGHTER, d=17.6km, v=300m/s) -> threat=150.76
  track 8 (FIGHTER, d=24.5km, v=300m/s) -> threat=150.74
  track 2 (ASM, d=2.6km, v=0m/s) -> threat=101.38
  track 4 (ASM, d=3.6km, v=0m/s) -> threat=101.28

[DECISION] t=203.7s | tracks=5 | weapons=0 available
  track 12 (FIGHTER, d=8.6km, v=300m/s) -> threat=150.82
  track 10 (FIGHTER, d=17.7km, v=300m/s) -> threat=150.76
  track 8 (FIGHTER, d=24.7km, v=300m/s) -> threat=150.74
  track 2 (ASM, d=2.6km, v=0m/s) -> threat=101.38
  track 4 (ASM, d=3.6km, v=0m/s) -> threat=101.28

[DECISION] t=203.9s | tracks=5 | weapons=0 available
  track 12 (FIGHTER, d=8.8km, v=300m/s) -> threat=150.81
  track 10 (FIGHTER, d=17.7km, v=300m/s) -> threat=150.76
  track 8 (FIGHTER, d=24.7km, v=300m/s) -> threat=150.74
  track 2 (ASM, d=2.6km, v=0m/s) -> threat=101.38
  track 4 (ASM, d=3.6km, v=0m/s) -> threat=101.28

[DECISION] t=204.1s | tracks=5 | weapons=0 available
  track 12 (FIGHTER, d=8.8km, v=300m/s) -> threat=150.81
  track 10 (FIGHTER, d=17.7km, v=300m/s) -> threat=150.76
  track 8 (FIGHTER, d=24.7km, v=300m/s) -> threat=150.74
  track 2 (ASM, d=2.6km, v=0m/s) -> threat=101.38
  track 4 (ASM, d=3.6km, v=0m/s) -> threat=101.28

[DECISION] t=0.0s | tracks=5 | weapons=0 available
  track 12 (FIGHTER, d=8.9km, v=300m/s) -> threat=150.81
  track 10 (FIGHTER, d=17.9km, v=300m/s) -> threat=150.76
  track 8 (FIGHTER, d=24.8km, v=300m/s) -> threat=150.74
  track 2 (ASM, d=2.6km, v=0m/s) -> threat=101.38
  track 4 (ASM, d=3.6km, v=0m/s) -> threat=101.28

[DECISION] t=204.5s | tracks=5 | weapons=0 available
  track 12 (FIGHTER, d=8.9km, v=300m/s) -> threat=150.81
  track 10 (FIGHTER, d=17.9km, v=300m/s) -> threat=150.76
  track 8 (FIGHTER, d=24.8km, v=300m/s) -> threat=150.74
  track 2 (ASM, d=2.6km, v=0m/s) -> threat=101.38
  track 4 (ASM, d=3.6km, v=0m/s) -> threat=101.28

[DECISION] t=204.7s | tracks=5 | weapons=0 available
  track 12 (FIGHTER, d=8.9km, v=300m/s) -> threat=150.81
  track 10 (FIGHTER, d=18.1km, v=300m/s) -> threat=150.76
  track 8 (FIGHTER, d=25.0km, v=300m/s) -> threat=150.74
  track 2 (ASM, d=2.6km, v=0m/s) -> threat=101.38
  track 4 (ASM, d=3.6km, v=0m/s) -> threat=101.28

[DECISION] t=204.9s | tracks=5 | weapons=0 available
  track 12 (FIGHTER, d=9.1km, v=300m/s) -> threat=150.81
  track 10 (FIGHTER, d=18.1km, v=300m/s) -> threat=150.76
  track 8 (FIGHTER, d=25.0km, v=300m/s) -> threat=150.74
  track 2 (ASM, d=2.6km, v=0m/s) -> threat=101.38
  track 4 (ASM, d=3.6km, v=0m/s) -> threat=101.28

[DECISION] t=205.1s | tracks=5 | weapons=0 available
  track 12 (FIGHTER, d=9.1km, v=300m/s) -> threat=150.81
  track 10 (FIGHTER, d=18.1km, v=300m/s) -> threat=150.76
  track 8 (FIGHTER, d=25.0km, v=300m/s) -> threat=150.74
  track 2 (ASM, d=2.6km, v=0m/s) -> threat=101.38
  track 4 (ASM, d=3.6km, v=0m/s) -> threat=101.28

[DECISION] t=205.5s | tracks=5 | weapons=0 available
  track 12 (FIGHTER, d=9.1km, v=300m/s) -> threat=150.81
  track 10 (FIGHTER, d=18.1km, v=300m/s) -> threat=150.76
  track 8 (FIGHTER, d=25.0km, v=300m/s) -> threat=150.74
  track 2 (ASM, d=2.6km, v=0m/s) -> threat=101.38
  track 4 (ASM, d=3.6km, v=0m/s) -> threat=101.28

[DECISION] t=205.9s | tracks=5 | weapons=0 available
  track 12 (FIGHTER, d=9.3km, v=300m/s) -> threat=150.81
  track 10 (FIGHTER, d=18.3km, v=300m/s) -> threat=150.75
  track 8 (FIGHTER, d=25.3km, v=300m/s) -> threat=150.74
  track 2 (ASM, d=2.6km, v=0m/s) -> threat=101.38
  track 4 (ASM, d=3.6km, v=0m/s) -> threat=101.28

[DECISION] t=206.1s | tracks=5 | weapons=0 available
  track 12 (FIGHTER, d=9.4km, v=300m/s) -> threat=150.81
  track 10 (FIGHTER, d=18.3km, v=300m/s) -> threat=150.75
  track 8 (FIGHTER, d=25.3km, v=300m/s) -> threat=150.74
  track 2 (ASM, d=2.6km, v=0m/s) -> threat=101.38
  track 4 (ASM, d=3.6km, v=0m/s) -> threat=101.28

[DECISION] t=206.5s | tracks=5 | weapons=0 available
  track 12 (FIGHTER, d=9.5km, v=300m/s) -> threat=150.81
  track 10 (FIGHTER, d=18.5km, v=300m/s) -> threat=150.75
  track 8 (FIGHTER, d=25.4km, v=300m/s) -> threat=150.74
  track 2 (ASM, d=2.6km, v=0m/s) -> threat=101.38
  track 4 (ASM, d=3.6km, v=0m/s) -> threat=101.28

[DECISION] t=206.7s | tracks=5 | weapons=0 available
  track 12 (FIGHTER, d=9.5km, v=300m/s) -> threat=150.81
  track 10 (FIGHTER, d=18.7km, v=300m/s) -> threat=150.75
  track 8 (FIGHTER, d=25.6km, v=300m/s) -> threat=150.74
  track 2 (ASM, d=2.6km, v=0m/s) -> threat=101.38
  track 4 (ASM, d=3.6km, v=0m/s) -> threat=101.28

[DECISION] t=206.9s | tracks=5 | weapons=0 available
  track 12 (FIGHTER, d=9.7km, v=300m/s) -> threat=150.80
  track 10 (FIGHTER, d=18.7km, v=300m/s) -> threat=150.75
  track 8 (FIGHTER, d=25.6km, v=300m/s) -> threat=150.74
  track 2 (ASM, d=2.6km, v=0m/s) -> threat=101.38
  track 4 (ASM, d=3.6km, v=0m/s) -> threat=101.28

[DECISION] t=207.1s | tracks=5 | weapons=0 available
  track 12 (FIGHTER, d=9.7km, v=300m/s) -> threat=150.80
  track 10 (FIGHTER, d=18.7km, v=300m/s) -> threat=150.75
  track 8 (FIGHTER, d=25.6km, v=300m/s) -> threat=150.74
  track 2 (ASM, d=2.6km, v=0m/s) -> threat=101.38
  track 4 (ASM, d=3.6km, v=0m/s) -> threat=101.28

[DECISION] t=207.3s | tracks=5 | weapons=0 available
  track 12 (FIGHTER, d=9.9km, v=300m/s) -> threat=150.80
  track 10 (FIGHTER, d=18.8km, v=300m/s) -> threat=150.75
  track 8 (FIGHTER, d=25.7km, v=300m/s) -> threat=150.74
  track 2 (ASM, d=2.6km, v=0m/s) -> threat=101.38
  track 4 (ASM, d=3.6km, v=0m/s) -> threat=101.28

[DECISION] t=207.7s | tracks=5 | weapons=0 available
  track 12 (FIGHTER, d=9.9km, v=300m/s) -> threat=150.80
  track 10 (FIGHTER, d=18.8km, v=300m/s) -> threat=150.75
  track 8 (FIGHTER, d=25.7km, v=300m/s) -> threat=150.74
  track 2 (ASM, d=2.6km, v=0m/s) -> threat=101.38
  track 4 (ASM, d=3.6km, v=0m/s) -> threat=101.28

[DECISION] t=207.9s | tracks=5 | weapons=0 available
  track 12 (FIGHTER, d=9.9km, v=300m/s) -> threat=150.80
  track 10 (FIGHTER, d=18.9km, v=300m/s) -> threat=150.75
  track 8 (FIGHTER, d=25.9km, v=300m/s) -> threat=150.74
  track 2 (ASM, d=2.6km, v=0m/s) -> threat=101.38
  track 4 (ASM, d=3.6km, v=0m/s) -> threat=101.28

[DECISION] t=208.3s | tracks=5 | weapons=0 available
  track 12 (FIGHTER, d=10.0km, v=300m/s) -> threat=150.80
  track 10 (FIGHTER, d=18.9km, v=300m/s) -> threat=150.75
  track 8 (FIGHTER, d=25.9km, v=300m/s) -> threat=150.74
  track 2 (ASM, d=2.6km, v=0m/s) -> threat=101.38
  track 4 (ASM, d=3.6km, v=0m/s) -> threat=101.28

[DECISION] t=208.3s | tracks=5 | weapons=0 available
  track 12 (FIGHTER, d=10.1km, v=300m/s) -> threat=150.80
  track 10 (FIGHTER, d=19.1km, v=300m/s) -> threat=150.75
  track 8 (FIGHTER, d=26.0km, v=300m/s) -> threat=150.74
  track 2 (ASM, d=2.6km, v=0m/s) -> threat=101.38
  track 4 (ASM, d=3.6km, v=0m/s) -> threat=101.28

[DECISION] t=208.5s | tracks=5 | weapons=0 available
  track 12 (FIGHTER, d=10.1km, v=300m/s) -> threat=150.80
  track 10 (FIGHTER, d=19.1km, v=300m/s) -> threat=150.75
  track 8 (FIGHTER, d=26.0km, v=300m/s) -> threat=150.74
  track 2 (ASM, d=2.6km, v=0m/s) -> threat=101.38
  track 4 (ASM, d=3.6km, v=0m/s) -> threat=101.28

[DECISION] t=0.0s | tracks=5 | weapons=0 available
  track 12 (FIGHTER, d=10.1km, v=300m/s) -> threat=150.80
  track 10 (FIGHTER, d=19.2km, v=300m/s) -> threat=150.75
  track 8 (FIGHTER, d=26.2km, v=300m/s) -> threat=150.74
  track 2 (ASM, d=2.6km, v=0m/s) -> threat=101.38
  track 4 (ASM, d=3.6km, v=0m/s) -> threat=101.28

[DECISION] t=209.1s | tracks=5 | weapons=0 available
  track 12 (FIGHTER, d=10.3km, v=300m/s) -> threat=150.80
  track 10 (FIGHTER, d=19.2km, v=300m/s) -> threat=150.75
  track 8 (FIGHTER, d=26.2km, v=300m/s) -> threat=150.74
  track 2 (ASM, d=2.6km, v=0m/s) -> threat=101.38
  track 4 (ASM, d=3.6km, v=0m/s) -> threat=101.28

[DECISION] t=209.3s | tracks=5 | weapons=0 available
  track 12 (FIGHTER, d=10.5km, v=300m/s) -> threat=150.80
  track 10 (FIGHTER, d=19.4km, v=300m/s) -> threat=150.75
  track 8 (FIGHTER, d=26.3km, v=300m/s) -> threat=150.74
  track 2 (ASM, d=2.6km, v=0m/s) -> threat=101.38
  track 4 (ASM, d=3.6km, v=0m/s) -> threat=101.28

[DECISION] t=209.5s | tracks=5 | weapons=0 available
  track 12 (FIGHTER, d=10.5km, v=300m/s) -> threat=150.80
  track 10 (FIGHTER, d=19.4km, v=300m/s) -> threat=150.75
  track 8 (FIGHTER, d=26.3km, v=300m/s) -> threat=150.74
  track 2 (ASM, d=2.6km, v=0m/s) -> threat=101.38
  track 4 (ASM, d=3.6km, v=0m/s) -> threat=101.28

[DECISION] t=209.7s | tracks=5 | weapons=0 available
  track 12 (FIGHTER, d=10.5km, v=300m/s) -> threat=150.80
  track 10 (FIGHTER, d=19.6km, v=300m/s) -> threat=150.75
  track 8 (FIGHTER, d=26.5km, v=300m/s) -> threat=150.74
  track 2 (ASM, d=2.6km, v=0m/s) -> threat=101.38
  track 4 (ASM, d=3.6km, v=0m/s) -> threat=101.28

[DECISION] t=210.1s | tracks=5 | weapons=0 available
  track 12 (FIGHTER, d=10.6km, v=300m/s) -> threat=150.79
  track 10 (FIGHTER, d=19.6km, v=300m/s) -> threat=150.75
  track 8 (FIGHTER, d=26.5km, v=300m/s) -> threat=150.74
  track 2 (ASM, d=2.6km, v=0m/s) -> threat=101.38
  track 4 (ASM, d=3.6km, v=0m/s) -> threat=101.28

[DECISION] t=0.0s | tracks=5 | weapons=0 available
  track 12 (FIGHTER, d=10.6km, v=300m/s) -> threat=150.79
  track 10 (FIGHTER, d=19.6km, v=300m/s) -> threat=150.75
  track 8 (FIGHTER, d=26.5km, v=300m/s) -> threat=150.74
  track 2 (ASM, d=2.6km, v=0m/s) -> threat=101.38
  track 4 (ASM, d=3.6km, v=0m/s) -> threat=101.28

[DECISION] t=210.3s | tracks=5 | weapons=0 available
  track 12 (FIGHTER, d=10.7km, v=300m/s) -> threat=150.79
  track 10 (FIGHTER, d=19.7km, v=300m/s) -> threat=150.75
  track 8 (FIGHTER, d=26.6km, v=300m/s) -> threat=150.74
  track 2 (ASM, d=2.6km, v=0m/s) -> threat=101.38
  track 4 (ASM, d=3.6km, v=0m/s) -> threat=101.28

[DECISION] t=210.5s | tracks=5 | weapons=0 available
  track 12 (FIGHTER, d=10.7km, v=300m/s) -> threat=150.79
  track 10 (FIGHTER, d=19.7km, v=300m/s) -> threat=150.75
  track 8 (FIGHTER, d=26.6km, v=300m/s) -> threat=150.74
  track 2 (ASM, d=2.6km, v=0m/s) -> threat=101.38
  track 4 (ASM, d=3.6km, v=0m/s) -> threat=101.28

[DECISION] t=210.9s | tracks=5 | weapons=0 available
  track 12 (FIGHTER, d=10.7km, v=300m/s) -> threat=150.79
  track 10 (FIGHTER, d=19.8km, v=300m/s) -> threat=150.75
  track 8 (FIGHTER, d=26.8km, v=300m/s) -> threat=150.74
  track 2 (ASM, d=2.6km, v=0m/s) -> threat=101.38
  track 4 (ASM, d=3.6km, v=0m/s) -> threat=101.28

[DECISION] t=210.9s | tracks=5 | weapons=0 available
  track 12 (FIGHTER, d=10.9km, v=300m/s) -> threat=150.79
  track 10 (FIGHTER, d=19.8km, v=300m/s) -> threat=150.75
  track 8 (FIGHTER, d=26.8km, v=300m/s) -> threat=150.74
  track 2 (ASM, d=2.6km, v=0m/s) -> threat=101.38
  track 4 (ASM, d=3.6km, v=0m/s) -> threat=101.28

[DECISION] t=211.1s | tracks=5 | weapons=0 available
  track 12 (FIGHTER, d=10.9km, v=300m/s) -> threat=150.79
  track 10 (FIGHTER, d=19.8km, v=300m/s) -> threat=150.75
  track 8 (FIGHTER, d=26.8km, v=300m/s) -> threat=150.74
  track 2 (ASM, d=2.6km, v=0m/s) -> threat=101.38
  track 4 (ASM, d=3.6km, v=0m/s) -> threat=101.28

[DECISION] t=211.3s | tracks=5 | weapons=0 available
  track 12 (FIGHTER, d=11.0km, v=300m/s) -> threat=150.79
  track 10 (FIGHTER, d=20.0km, v=300m/s) -> threat=150.75
  track 8 (FIGHTER, d=26.9km, v=300m/s) -> threat=150.74
  track 2 (ASM, d=2.6km, v=0m/s) -> threat=101.38
  track 4 (ASM, d=3.6km, v=0m/s) -> threat=101.28

[DECISION] t=211.9s | tracks=5 | weapons=0 available
  track 12 (FIGHTER, d=11.0km, v=300m/s) -> threat=150.79
  track 10 (FIGHTER, d=20.2km, v=300m/s) -> threat=150.75
  track 8 (FIGHTER, d=27.1km, v=300m/s) -> threat=150.74
  track 2 (ASM, d=2.6km, v=0m/s) -> threat=101.38
  track 4 (ASM, d=3.6km, v=0m/s) -> threat=101.28

[DECISION] t=212.1s | tracks=5 | weapons=0 available
  track 12 (FIGHTER, d=11.2km, v=300m/s) -> threat=150.79
  track 10 (FIGHTER, d=20.2km, v=300m/s) -> threat=150.75
  track 8 (FIGHTER, d=27.1km, v=300m/s) -> threat=150.74
  track 2 (ASM, d=2.6km, v=0m/s) -> threat=101.38
  track 4 (ASM, d=3.6km, v=0m/s) -> threat=101.28

[DECISION] t=212.5s | tracks=5 | weapons=0 available
  track 12 (FIGHTER, d=11.2km, v=300m/s) -> threat=150.79
  track 10 (FIGHTER, d=20.2km, v=300m/s) -> threat=150.75
  track 8 (FIGHTER, d=27.1km, v=300m/s) -> threat=150.74
  track 2 (ASM, d=2.6km, v=0m/s) -> threat=101.38
  track 4 (ASM, d=3.6km, v=0m/s) -> threat=101.28

[DECISION] t=0.0s | tracks=5 | weapons=0 available
  track 12 (FIGHTER, d=11.4km, v=300m/s) -> threat=150.79
  track 10 (FIGHTER, d=20.3km, v=300m/s) -> threat=150.75
  track 8 (FIGHTER, d=27.2km, v=300m/s) -> threat=150.74
  track 2 (ASM, d=2.6km, v=0m/s) -> threat=101.38
  track 4 (ASM, d=3.6km, v=0m/s) -> threat=101.28

[DECISION] t=212.7s | tracks=5 | weapons=0 available
  track 12 (FIGHTER, d=11.4km, v=300m/s) -> threat=150.79
  track 10 (FIGHTER, d=20.4km, v=300m/s) -> threat=150.75
  track 8 (FIGHTER, d=27.4km, v=300m/s) -> threat=150.74
  track 2 (ASM, d=2.6km, v=0m/s) -> threat=101.38
  track 4 (ASM, d=3.6km, v=0m/s) -> threat=101.28

[DECISION] t=213.1s | tracks=5 | weapons=0 available
  track 12 (FIGHTER, d=11.5km, v=300m/s) -> threat=150.79
  track 10 (FIGHTER, d=20.4km, v=300m/s) -> threat=150.75
  track 8 (FIGHTER, d=27.4km, v=300m/s) -> threat=150.74
  track 2 (ASM, d=2.6km, v=0m/s) -> threat=101.38
  track 4 (ASM, d=3.6km, v=0m/s) -> threat=101.28

[DECISION] t=213.3s | tracks=5 | weapons=0 available
  track 12 (FIGHTER, d=11.6km, v=300m/s) -> threat=150.79
  track 10 (FIGHTER, d=20.6km, v=300m/s) -> threat=150.75
  track 8 (FIGHTER, d=27.5km, v=300m/s) -> threat=150.74
  track 2 (ASM, d=2.6km, v=0m/s) -> threat=101.38
  track 4 (ASM, d=3.6km, v=0m/s) -> threat=101.28

[DECISION] t=213.5s | tracks=5 | weapons=0 available
  track 12 (FIGHTER, d=11.6km, v=300m/s) -> threat=150.79
  track 10 (FIGHTER, d=20.6km, v=300m/s) -> threat=150.75
  track 8 (FIGHTER, d=27.5km, v=300m/s) -> threat=150.74
  track 2 (ASM, d=2.6km, v=0m/s) -> threat=101.38
  track 4 (ASM, d=3.6km, v=0m/s) -> threat=101.28

[DECISION] t=213.7s | tracks=5 | weapons=0 available
  track 12 (FIGHTER, d=11.6km, v=300m/s) -> threat=150.79
  track 10 (FIGHTER, d=20.8km, v=300m/s) -> threat=150.75
  track 8 (FIGHTER, d=27.7km, v=300m/s) -> threat=150.74
  track 2 (ASM, d=2.6km, v=0m/s) -> threat=101.38
  track 4 (ASM, d=3.6km, v=0m/s) -> threat=101.28

[DECISION] t=214.1s | tracks=5 | weapons=0 available
  track 12 (FIGHTER, d=11.6km, v=300m/s) -> threat=150.79
  track 10 (FIGHTER, d=20.8km, v=300m/s) -> threat=150.75
  track 8 (FIGHTER, d=27.7km, v=300m/s) -> threat=150.74
  track 2 (ASM, d=2.6km, v=0m/s) -> threat=101.38
  track 4 (ASM, d=3.6km, v=0m/s) -> threat=101.28

[DECISION] t=214.3s | tracks=5 | weapons=0 available
  track 12 (FIGHTER, d=12.0km, v=300m/s) -> threat=150.78
  track 10 (FIGHTER, d=20.9km, v=300m/s) -> threat=150.75
  track 8 (FIGHTER, d=27.8km, v=300m/s) -> threat=150.74
  track 2 (ASM, d=2.6km, v=0m/s) -> threat=101.38
  track 4 (ASM, d=3.6km, v=0m/s) -> threat=101.28

[DECISION] t=0.0s | tracks=5 | weapons=0 available
  track 12 (FIGHTER, d=12.0km, v=300m/s) -> threat=150.78
  track 10 (FIGHTER, d=20.9km, v=300m/s) -> threat=150.75
  track 8 (FIGHTER, d=27.8km, v=300m/s) -> threat=150.74
  track 2 (ASM, d=2.6km, v=0m/s) -> threat=101.38
  track 4 (ASM, d=3.6km, v=0m/s) -> threat=101.28

[DECISION] t=214.7s | tracks=5 | weapons=0 available
  track 12 (FIGHTER, d=12.0km, v=300m/s) -> threat=150.78
  track 10 (FIGHTER, d=21.0km, v=300m/s) -> threat=150.75
  track 8 (FIGHTER, d=28.0km, v=300m/s) -> threat=150.74
  track 2 (ASM, d=2.6km, v=0m/s) -> threat=101.38
  track 4 (ASM, d=3.6km, v=0m/s) -> threat=101.28

[DECISION] t=214.9s | tracks=5 | weapons=0 available
  track 12 (FIGHTER, d=12.1km, v=300m/s) -> threat=150.78
  track 10 (FIGHTER, d=21.0km, v=300m/s) -> threat=150.75
  track 8 (FIGHTER, d=28.0km, v=300m/s) -> threat=150.74
  track 2 (ASM, d=2.6km, v=0m/s) -> threat=101.38
  track 4 (ASM, d=3.6km, v=0m/s) -> threat=101.28

[DECISION] t=215.1s | tracks=5 | weapons=0 available
  track 12 (FIGHTER, d=12.1km, v=300m/s) -> threat=150.78
  track 10 (FIGHTER, d=21.0km, v=300m/s) -> threat=150.75
  track 8 (FIGHTER, d=28.0km, v=300m/s) -> threat=150.74
  track 2 (ASM, d=2.6km, v=0m/s) -> threat=101.38
  track 4 (ASM, d=3.6km, v=0m/s) -> threat=101.28

[DECISION] t=215.3s | tracks=5 | weapons=0 available
  track 12 (FIGHTER, d=12.2km, v=300m/s) -> threat=150.78
  track 10 (FIGHTER, d=21.2km, v=300m/s) -> threat=150.75
  track 8 (FIGHTER, d=28.1km, v=300m/s) -> threat=150.74
  track 2 (ASM, d=2.6km, v=0m/s) -> threat=101.38
  track 4 (ASM, d=3.6km, v=0m/s) -> threat=101.28

[DECISION] t=215.7s | tracks=5 | weapons=0 available
  track 12 (FIGHTER, d=12.2km, v=300m/s) -> threat=150.78
  track 10 (FIGHTER, d=21.2km, v=300m/s) -> threat=150.75
  track 8 (FIGHTER, d=28.1km, v=300m/s) -> threat=150.74
  track 2 (ASM, d=2.6km, v=0m/s) -> threat=101.38
  track 4 (ASM, d=3.6km, v=0m/s) -> threat=101.28

[DECISION] t=216.1s | tracks=5 | weapons=0 available
  track 12 (FIGHTER, d=12.4km, v=300m/s) -> threat=150.78
  track 10 (FIGHTER, d=21.3km, v=300m/s) -> threat=150.75
  track 8 (FIGHTER, d=28.3km, v=300m/s) -> threat=150.74
  track 2 (ASM, d=2.6km, v=0m/s) -> threat=101.38
  track 4 (ASM, d=3.6km, v=0m/s) -> threat=101.28

[DECISION] t=216.3s | tracks=5 | weapons=0 available
  track 12 (FIGHTER, d=12.4km, v=300m/s) -> threat=150.78
  track 10 (FIGHTER, d=21.3km, v=300m/s) -> threat=150.75
  track 8 (FIGHTER, d=28.3km, v=300m/s) -> threat=150.74
  track 2 (ASM, d=2.6km, v=0m/s) -> threat=101.38
  track 4 (ASM, d=3.6km, v=0m/s) -> threat=101.28

[DECISION] t=216.7s | tracks=5 | weapons=0 available
  track 12 (FIGHTER, d=12.5km, v=300m/s) -> threat=150.78
  track 10 (FIGHTER, d=21.5km, v=300m/s) -> threat=150.75
  track 8 (FIGHTER, d=28.4km, v=300m/s) -> threat=150.74
  track 2 (ASM, d=2.6km, v=0m/s) -> threat=101.38
  track 4 (ASM, d=3.6km, v=0m/s) -> threat=101.28

[DECISION] t=216.9s | tracks=5 | weapons=0 available
  track 12 (FIGHTER, d=12.7km, v=300m/s) -> threat=150.78
  track 10 (FIGHTER, d=21.7km, v=300m/s) -> threat=150.75
  track 8 (FIGHTER, d=28.6km, v=300m/s) -> threat=150.73
  track 2 (ASM, d=2.6km, v=0m/s) -> threat=101.38
  track 4 (ASM, d=3.6km, v=0m/s) -> threat=101.28

[DECISION] t=217.1s | tracks=5 | weapons=0 available
  track 12 (FIGHTER, d=12.7km, v=300m/s) -> threat=150.78
  track 10 (FIGHTER, d=21.7km, v=300m/s) -> threat=150.75
  track 8 (FIGHTER, d=28.6km, v=300m/s) -> threat=150.73
  track 2 (ASM, d=2.6km, v=0m/s) -> threat=101.38
  track 4 (ASM, d=3.6km, v=0m/s) -> threat=101.28

[DECISION] t=0.0s | tracks=5 | weapons=0 available
  track 12 (FIGHTER, d=12.7km, v=300m/s) -> threat=150.78
  track 10 (FIGHTER, d=21.7km, v=300m/s) -> threat=150.75
  track 8 (FIGHTER, d=28.6km, v=300m/s) -> threat=150.73
  track 2 (ASM, d=2.6km, v=0m/s) -> threat=101.38
  track 4 (ASM, d=3.6km, v=0m/s) -> threat=101.28

[DECISION] t=217.5s | tracks=5 | weapons=0 available
  track 12 (FIGHTER, d=12.8km, v=300m/s) -> threat=150.78
  track 10 (FIGHTER, d=21.7km, v=300m/s) -> threat=150.75
  track 8 (FIGHTER, d=28.7km, v=300m/s) -> threat=150.73
  track 2 (ASM, d=2.6km, v=0m/s) -> threat=101.38
  track 4 (ASM, d=3.6km, v=0m/s) -> threat=101.28

[DECISION] t=217.7s | tracks=5 | weapons=0 available
  track 12 (FIGHTER, d=12.8km, v=300m/s) -> threat=150.78
  track 10 (FIGHTER, d=21.9km, v=300m/s) -> threat=150.75
  track 8 (FIGHTER, d=28.9km, v=300m/s) -> threat=150.73
  track 2 (ASM, d=2.6km, v=0m/s) -> threat=101.38
  track 4 (ASM, d=3.6km, v=0m/s) -> threat=101.28

[DECISION] t=217.9s | tracks=5 | weapons=0 available
  track 12 (FIGHTER, d=13.0km, v=300m/s) -> threat=150.78
  track 10 (FIGHTER, d=21.9km, v=300m/s) -> threat=150.75
  track 8 (FIGHTER, d=28.9km, v=300m/s) -> threat=150.73
  track 2 (ASM, d=2.6km, v=0m/s) -> threat=101.38
  track 4 (ASM, d=3.6km, v=0m/s) -> threat=101.28

[DECISION] t=218.1s | tracks=5 | weapons=0 available
  track 12 (FIGHTER, d=13.0km, v=300m/s) -> threat=150.78
  track 10 (FIGHTER, d=21.9km, v=300m/s) -> threat=150.75
  track 8 (FIGHTER, d=28.9km, v=300m/s) -> threat=150.73
  track 2 (ASM, d=2.6km, v=0m/s) -> threat=101.38
  track 4 (ASM, d=3.6km, v=0m/s) -> threat=101.28

[DECISION] t=218.3s | tracks=5 | weapons=0 available
  track 12 (FIGHTER, d=13.1km, v=300m/s) -> threat=150.78
  track 10 (FIGHTER, d=22.1km, v=300m/s) -> threat=150.75
  track 8 (FIGHTER, d=29.0km, v=300m/s) -> threat=150.73
  track 2 (ASM, d=2.6km, v=0m/s) -> threat=101.38
  track 4 (ASM, d=3.6km, v=0m/s) -> threat=101.28

[DECISION] t=218.5s | tracks=5 | weapons=0 available
  track 12 (FIGHTER, d=13.1km, v=300m/s) -> threat=150.78
  track 10 (FIGHTER, d=22.1km, v=300m/s) -> threat=150.75
  track 8 (FIGHTER, d=29.0km, v=300m/s) -> threat=150.73
  track 2 (ASM, d=2.6km, v=0m/s) -> threat=101.38
  track 4 (ASM, d=3.6km, v=0m/s) -> threat=101.28

[DECISION] t=218.7s | tracks=5 | weapons=0 available
  track 12 (FIGHTER, d=13.1km, v=300m/s) -> threat=150.78
  track 10 (FIGHTER, d=22.3km, v=300m/s) -> threat=150.74
  track 8 (FIGHTER, d=29.2km, v=300m/s) -> threat=150.73
  track 2 (ASM, d=2.6km, v=0m/s) -> threat=101.38
  track 4 (ASM, d=3.6km, v=0m/s) -> threat=101.28

[DECISION] t=218.9s | tracks=5 | weapons=0 available
  track 12 (FIGHTER, d=13.3km, v=300m/s) -> threat=150.78
  track 10 (FIGHTER, d=22.3km, v=300m/s) -> threat=150.74
  track 8 (FIGHTER, d=29.2km, v=300m/s) -> threat=150.73
  track 2 (ASM, d=2.6km, v=0m/s) -> threat=101.38
  track 4 (ASM, d=3.6km, v=0m/s) -> threat=101.28

[DECISION] t=219.1s | tracks=5 | weapons=0 available
  track 12 (FIGHTER, d=13.3km, v=300m/s) -> threat=150.78
  track 10 (FIGHTER, d=22.3km, v=300m/s) -> threat=150.74
  track 8 (FIGHTER, d=29.2km, v=300m/s) -> threat=150.73
  track 2 (ASM, d=2.6km, v=0m/s) -> threat=101.38
  track 4 (ASM, d=3.6km, v=0m/s) -> threat=101.28

[DECISION] t=219.3s | tracks=5 | weapons=0 available
  track 12 (FIGHTER, d=13.5km, v=300m/s) -> threat=150.77
  track 10 (FIGHTER, d=22.4km, v=300m/s) -> threat=150.74
  track 8 (FIGHTER, d=29.3km, v=300m/s) -> threat=150.73
  track 2 (ASM, d=2.6km, v=0m/s) -> threat=101.38
  track 4 (ASM, d=3.6km, v=0m/s) -> threat=101.28

[DECISION] t=219.5s | tracks=5 | weapons=0 available
  track 12 (FIGHTER, d=13.5km, v=300m/s) -> threat=150.77
  track 10 (FIGHTER, d=22.4km, v=300m/s) -> threat=150.74
  track 8 (FIGHTER, d=29.3km, v=300m/s) -> threat=150.73
  track 2 (ASM, d=2.6km, v=0m/s) -> threat=101.38
  track 4 (ASM, d=3.6km, v=0m/s) -> threat=101.28

[DECISION] t=219.9s | tracks=5 | weapons=0 available
  track 12 (FIGHTER, d=13.5km, v=300m/s) -> threat=150.77
  track 10 (FIGHTER, d=22.4km, v=300m/s) -> threat=150.74
  track 8 (FIGHTER, d=29.3km, v=300m/s) -> threat=150.73
  track 2 (ASM, d=2.6km, v=0m/s) -> threat=101.38
  track 4 (ASM, d=3.6km, v=0m/s) -> threat=101.28

[DECISION] t=220.1s | tracks=5 | weapons=0 available
  track 12 (FIGHTER, d=13.5km, v=300m/s) -> threat=150.77
  track 10 (FIGHTER, d=22.5km, v=300m/s) -> threat=150.74
  track 8 (FIGHTER, d=29.5km, v=300m/s) -> threat=150.73
  track 2 (ASM, d=2.6km, v=0m/s) -> threat=101.38
  track 4 (ASM, d=3.6km, v=0m/s) -> threat=101.28

[DECISION] t=220.3s | tracks=5 | weapons=0 available
  track 12 (FIGHTER, d=13.7km, v=300m/s) -> threat=150.77
  track 10 (FIGHTER, d=22.7km, v=300m/s) -> threat=150.74
  track 8 (FIGHTER, d=29.6km, v=300m/s) -> threat=150.73
  track 2 (ASM, d=2.6km, v=0m/s) -> threat=101.38
  track 4 (ASM, d=3.6km, v=0m/s) -> threat=101.28

[DECISION] t=220.5s | tracks=5 | weapons=0 available
  track 12 (FIGHTER, d=13.7km, v=300m/s) -> threat=150.77
  track 10 (FIGHTER, d=22.7km, v=300m/s) -> threat=150.74
  track 8 (FIGHTER, d=29.6km, v=300m/s) -> threat=150.73
  track 2 (ASM, d=2.6km, v=0m/s) -> threat=101.38
  track 4 (ASM, d=3.6km, v=0m/s) -> threat=101.28

[DECISION] t=220.7s | tracks=5 | weapons=0 available
  track 12 (FIGHTER, d=13.7km, v=300m/s) -> threat=150.77
  track 10 (FIGHTER, d=22.8km, v=300m/s) -> threat=150.74
  track 8 (FIGHTER, d=29.8km, v=300m/s) -> threat=150.73
  track 2 (ASM, d=2.6km, v=0m/s) -> threat=101.38
  track 4 (ASM, d=3.6km, v=0m/s) -> threat=101.28

[DECISION] t=220.9s | tracks=5 | weapons=0 available
  track 12 (FIGHTER, d=13.9km, v=300m/s) -> threat=150.77
  track 10 (FIGHTER, d=22.8km, v=300m/s) -> threat=150.74
  track 8 (FIGHTER, d=29.8km, v=300m/s) -> threat=150.73
  track 2 (ASM, d=2.6km, v=0m/s) -> threat=101.38
  track 4 (ASM, d=3.6km, v=0m/s) -> threat=101.28

[DECISION] t=221.1s | tracks=5 | weapons=0 available
  track 12 (FIGHTER, d=13.9km, v=300m/s) -> threat=150.77
  track 10 (FIGHTER, d=22.8km, v=300m/s) -> threat=150.74
  track 8 (FIGHTER, d=29.8km, v=300m/s) -> threat=150.73
  track 2 (ASM, d=2.6km, v=0m/s) -> threat=101.38
  track 4 (ASM, d=3.6km, v=0m/s) -> threat=101.28

[DECISION] t=221.3s | tracks=5 | weapons=0 available
  track 12 (FIGHTER, d=14.1km, v=300m/s) -> threat=150.77
  track 10 (FIGHTER, d=23.0km, v=300m/s) -> threat=150.74
  track 8 (FIGHTER, d=29.9km, v=300m/s) -> threat=150.73
  track 2 (ASM, d=2.6km, v=0m/s) -> threat=101.38
  track 4 (ASM, d=3.6km, v=0m/s) -> threat=101.28

[DECISION] t=221.5s | tracks=5 | weapons=0 available
  track 12 (FIGHTER, d=14.1km, v=300m/s) -> threat=150.77
  track 10 (FIGHTER, d=23.0km, v=300m/s) -> threat=150.74
  track 8 (FIGHTER, d=29.9km, v=300m/s) -> threat=150.73
  track 2 (ASM, d=2.6km, v=0m/s) -> threat=101.38
  track 4 (ASM, d=3.6km, v=0m/s) -> threat=101.28

[DECISION] t=221.9s | tracks=4 | weapons=0 available
  track 12 (FIGHTER, d=14.1km, v=300m/s) -> threat=150.77
  track 10 (FIGHTER, d=23.1km, v=300m/s) -> threat=150.74
  track 2 (ASM, d=2.6km, v=0m/s) -> threat=101.38
  track 4 (ASM, d=3.6km, v=0m/s) -> threat=101.28

[DECISION] t=222.3s | tracks=4 | weapons=0 available
  track 12 (FIGHTER, d=14.2km, v=300m/s) -> threat=150.77
  track 10 (FIGHTER, d=23.1km, v=300m/s) -> threat=150.74
  track 2 (ASM, d=2.6km, v=0m/s) -> threat=101.38
  track 4 (ASM, d=3.6km, v=0m/s) -> threat=101.28

[DECISION] t=222.5s | tracks=4 | weapons=0 available
  track 12 (FIGHTER, d=14.3km, v=300m/s) -> threat=150.77
  track 10 (FIGHTER, d=23.3km, v=300m/s) -> threat=150.74
  track 2 (ASM, d=2.6km, v=0m/s) -> threat=101.38
  track 4 (ASM, d=3.6km, v=0m/s) -> threat=101.28

[DECISION] t=222.9s | tracks=4 | weapons=0 available
  track 12 (FIGHTER, d=14.3km, v=300m/s) -> threat=150.77
  track 10 (FIGHTER, d=23.4km, v=300m/s) -> threat=150.74
  track 2 (ASM, d=2.6km, v=0m/s) -> threat=101.38
  track 4 (ASM, d=3.6km, v=0m/s) -> threat=101.28

[DECISION] t=223.7s | tracks=4 | weapons=0 available
  track 12 (FIGHTER, d=14.3km, v=300m/s) -> threat=150.77
  track 10 (FIGHTER, d=23.4km, v=300m/s) -> threat=150.74
  track 2 (ASM, d=2.6km, v=0m/s) -> threat=101.38
  track 4 (ASM, d=3.6km, v=0m/s) -> threat=101.28

[DECISION] t=223.9s | tracks=4 | weapons=0 available
  track 12 (FIGHTER, d=14.6km, v=300m/s) -> threat=150.77
  track 10 (FIGHTER, d=23.8km, v=300m/s) -> threat=150.74
  track 2 (ASM, d=2.6km, v=0m/s) -> threat=101.38
  track 4 (ASM, d=3.6km, v=0m/s) -> threat=101.28

[DECISION] t=224.3s | tracks=4 | weapons=0 available
  track 12 (FIGHTER, d=14.6km, v=300m/s) -> threat=150.77
  track 10 (FIGHTER, d=23.8km, v=300m/s) -> threat=150.74
  track 2 (ASM, d=2.6km, v=0m/s) -> threat=101.38
  track 4 (ASM, d=3.6km, v=0m/s) -> threat=101.28

[DECISION] t=224.3s | tracks=4 | weapons=0 available
  track 12 (FIGHTER, d=14.9km, v=300m/s) -> threat=150.77
  track 10 (FIGHTER, d=23.8km, v=300m/s) -> threat=150.74
  track 2 (ASM, d=2.6km, v=0m/s) -> threat=101.38
  track 4 (ASM, d=3.6km, v=0m/s) -> threat=101.28

[DECISION] t=224.7s | tracks=4 | weapons=0 available
  track 12 (FIGHTER, d=14.9km, v=300m/s) -> threat=150.77
  track 10 (FIGHTER, d=23.8km, v=300m/s) -> threat=150.74
  track 2 (ASM, d=2.6km, v=0m/s) -> threat=101.38
  track 4 (ASM, d=3.6km, v=0m/s) -> threat=101.28

[DECISION] t=224.9s | tracks=4 | weapons=0 available
  track 12 (FIGHTER, d=15.1km, v=300m/s) -> threat=150.77
  track 10 (FIGHTER, d=24.0km, v=300m/s) -> threat=150.74
  track 2 (ASM, d=2.6km, v=0m/s) -> threat=101.38
  track 4 (ASM, d=3.6km, v=0m/s) -> threat=101.28

[DECISION] t=225.1s | tracks=4 | weapons=0 available
  track 12 (FIGHTER, d=15.1km, v=300m/s) -> threat=150.77
  track 10 (FIGHTER, d=24.0km, v=300m/s) -> threat=150.74
  track 2 (ASM, d=2.6km, v=0m/s) -> threat=101.38
  track 4 (ASM, d=3.6km, v=0m/s) -> threat=101.28

[DECISION] t=225.5s | tracks=4 | weapons=0 available
  track 12 (FIGHTER, d=15.1km, v=300m/s) -> threat=150.77
  track 10 (FIGHTER, d=24.0km, v=300m/s) -> threat=150.74
  track 2 (ASM, d=2.6km, v=0m/s) -> threat=101.38
  track 4 (ASM, d=3.6km, v=0m/s) -> threat=101.28

[DECISION] t=225.7s | tracks=4 | weapons=0 available
  track 12 (FIGHTER, d=15.2km, v=300m/s) -> threat=150.77
  track 10 (FIGHTER, d=24.4km, v=300m/s) -> threat=150.74
  track 2 (ASM, d=2.6km, v=0m/s) -> threat=101.38
  track 4 (ASM, d=3.6km, v=0m/s) -> threat=101.28

[DECISION] t=225.9s | tracks=4 | weapons=0 available
  track 12 (FIGHTER, d=15.4km, v=300m/s) -> threat=150.77
  track 10 (FIGHTER, d=24.4km, v=300m/s) -> threat=150.74
  track 2 (ASM, d=2.6km, v=0m/s) -> threat=101.38
  track 4 (ASM, d=3.6km, v=0m/s) -> threat=101.28

[DECISION] t=226.1s | tracks=4 | weapons=0 available
  track 12 (FIGHTER, d=15.4km, v=300m/s) -> threat=150.77
  track 10 (FIGHTER, d=24.4km, v=300m/s) -> threat=150.74
  track 2 (ASM, d=2.6km, v=0m/s) -> threat=101.38
  track 4 (ASM, d=3.6km, v=0m/s) -> threat=101.28

[DECISION] t=226.5s | tracks=4 | weapons=0 available
  track 12 (FIGHTER, d=15.6km, v=300m/s) -> threat=150.76
  track 10 (FIGHTER, d=24.5km, v=300m/s) -> threat=150.74
  track 2 (ASM, d=2.6km, v=0m/s) -> threat=101.38
  track 4 (ASM, d=3.6km, v=0m/s) -> threat=101.28

[DECISION] t=226.7s | tracks=4 | weapons=0 available
  track 12 (FIGHTER, d=15.6km, v=300m/s) -> threat=150.76
  track 10 (FIGHTER, d=24.6km, v=300m/s) -> threat=150.74
  track 2 (ASM, d=2.6km, v=0m/s) -> threat=101.38
  track 4 (ASM, d=3.6km, v=0m/s) -> threat=101.28

[DECISION] t=227.1s | tracks=4 | weapons=0 available
  track 12 (FIGHTER, d=15.6km, v=300m/s) -> threat=150.76
  track 10 (FIGHTER, d=24.6km, v=300m/s) -> threat=150.74
  track 2 (ASM, d=2.6km, v=0m/s) -> threat=101.38
  track 4 (ASM, d=3.6km, v=0m/s) -> threat=101.28

[DECISION] t=227.5s | tracks=4 | weapons=0 available
  track 12 (FIGHTER, d=15.8km, v=300m/s) -> threat=150.76
  track 10 (FIGHTER, d=24.8km, v=300m/s) -> threat=150.74
  track 2 (ASM, d=2.6km, v=0m/s) -> threat=101.38
  track 4 (ASM, d=3.6km, v=0m/s) -> threat=101.28

[DECISION] t=227.5s | tracks=4 | weapons=0 available
  track 12 (FIGHTER, d=15.8km, v=300m/s) -> threat=150.76
  track 10 (FIGHTER, d=24.8km, v=300m/s) -> threat=150.74
  track 2 (ASM, d=2.6km, v=0m/s) -> threat=101.38
  track 4 (ASM, d=3.6km, v=0m/s) -> threat=101.28

[DECISION] t=227.7s | tracks=4 | weapons=0 available
  track 12 (FIGHTER, d=15.8km, v=300m/s) -> threat=150.76
  track 10 (FIGHTER, d=24.9km, v=300m/s) -> threat=150.74
  track 2 (ASM, d=2.6km, v=0m/s) -> threat=101.38
  track 4 (ASM, d=3.6km, v=0m/s) -> threat=101.28

[DECISION] t=227.9s | tracks=4 | weapons=0 available
  track 12 (FIGHTER, d=16.0km, v=300m/s) -> threat=150.76
  track 10 (FIGHTER, d=24.9km, v=300m/s) -> threat=150.74
  track 2 (ASM, d=2.6km, v=0m/s) -> threat=101.38
  track 4 (ASM, d=3.6km, v=0m/s) -> threat=101.28

[DECISION] t=228.1s | tracks=4 | weapons=0 available
  track 12 (FIGHTER, d=16.0km, v=300m/s) -> threat=150.76
  track 10 (FIGHTER, d=24.9km, v=300m/s) -> threat=150.74
  track 2 (ASM, d=2.6km, v=0m/s) -> threat=101.38
  track 4 (ASM, d=3.6km, v=0m/s) -> threat=101.28

[DECISION] t=228.3s | tracks=4 | weapons=0 available
  track 12 (FIGHTER, d=16.2km, v=300m/s) -> threat=150.76
  track 10 (FIGHTER, d=25.1km, v=300m/s) -> threat=150.74
  track 2 (ASM, d=2.6km, v=0m/s) -> threat=101.38
  track 4 (ASM, d=3.6km, v=0m/s) -> threat=101.28

[DECISION] t=228.5s | tracks=4 | weapons=0 available
  track 12 (FIGHTER, d=16.2km, v=300m/s) -> threat=150.76
  track 10 (FIGHTER, d=25.1km, v=300m/s) -> threat=150.74
  track 2 (ASM, d=2.6km, v=0m/s) -> threat=101.38
  track 4 (ASM, d=3.6km, v=0m/s) -> threat=101.28

[DECISION] t=228.7s | tracks=4 | weapons=0 available
  track 12 (FIGHTER, d=16.2km, v=300m/s) -> threat=150.76
  track 10 (FIGHTER, d=25.2km, v=300m/s) -> threat=150.74
  track 2 (ASM, d=2.6km, v=0m/s) -> threat=101.38
  track 4 (ASM, d=3.6km, v=0m/s) -> threat=101.28

[DECISION] t=228.9s | tracks=4 | weapons=0 available
  track 12 (FIGHTER, d=16.3km, v=300m/s) -> threat=150.76
  track 10 (FIGHTER, d=25.2km, v=300m/s) -> threat=150.74
  track 2 (ASM, d=2.6km, v=0m/s) -> threat=101.38
  track 4 (ASM, d=3.6km, v=0m/s) -> threat=101.28

[DECISION] t=229.1s | tracks=4 | weapons=0 available
  track 12 (FIGHTER, d=16.3km, v=300m/s) -> threat=150.76
  track 10 (FIGHTER, d=25.2km, v=300m/s) -> threat=150.74
  track 2 (ASM, d=2.6km, v=0m/s) -> threat=101.38
  track 4 (ASM, d=3.6km, v=0m/s) -> threat=101.28

[DECISION] t=229.5s | tracks=4 | weapons=0 available
  track 12 (FIGHTER, d=16.4km, v=300m/s) -> threat=150.76
  track 10 (FIGHTER, d=25.4km, v=300m/s) -> threat=150.74
  track 2 (ASM, d=2.6km, v=0m/s) -> threat=101.38
  track 4 (ASM, d=3.6km, v=0m/s) -> threat=101.28

[DECISION] t=229.7s | tracks=4 | weapons=0 available
  track 12 (FIGHTER, d=16.4km, v=300m/s) -> threat=150.76
  track 10 (FIGHTER, d=25.5km, v=300m/s) -> threat=150.74
  track 2 (ASM, d=2.6km, v=0m/s) -> threat=101.38
  track 4 (ASM, d=3.6km, v=0m/s) -> threat=101.28

[DECISION] t=229.9s | tracks=4 | weapons=0 available
  track 12 (FIGHTER, d=16.6km, v=300m/s) -> threat=150.76
  track 10 (FIGHTER, d=25.5km, v=300m/s) -> threat=150.74
  track 2 (ASM, d=2.6km, v=0m/s) -> threat=101.38
  track 4 (ASM, d=3.6km, v=0m/s) -> threat=101.28

[DECISION] t=230.1s | tracks=4 | weapons=0 available
  track 12 (FIGHTER, d=16.6km, v=300m/s) -> threat=150.76
  track 10 (FIGHTER, d=25.5km, v=300m/s) -> threat=150.74
  track 2 (ASM, d=2.6km, v=0m/s) -> threat=101.38
  track 4 (ASM, d=3.6km, v=0m/s) -> threat=101.28

[DECISION] t=230.3s | tracks=4 | weapons=0 available
  track 12 (FIGHTER, d=16.7km, v=300m/s) -> threat=150.76
  track 10 (FIGHTER, d=25.7km, v=300m/s) -> threat=150.74
  track 2 (ASM, d=2.6km, v=0m/s) -> threat=101.38
  track 4 (ASM, d=3.6km, v=0m/s) -> threat=101.28

[DECISION] t=230.5s | tracks=4 | weapons=0 available
  track 12 (FIGHTER, d=16.7km, v=300m/s) -> threat=150.76
  track 10 (FIGHTER, d=25.7km, v=300m/s) -> threat=150.74
  track 2 (ASM, d=2.6km, v=0m/s) -> threat=101.38
  track 4 (ASM, d=3.6km, v=0m/s) -> threat=101.28

[DECISION] t=230.9s | tracks=4 | weapons=0 available
  track 12 (FIGHTER, d=16.7km, v=300m/s) -> threat=150.76
  track 10 (FIGHTER, d=25.7km, v=300m/s) -> threat=150.74
  track 2 (ASM, d=2.6km, v=0m/s) -> threat=101.38
  track 4 (ASM, d=3.6km, v=0m/s) -> threat=101.28

[DECISION] t=230.9s | tracks=4 | weapons=0 available
  track 12 (FIGHTER, d=16.9km, v=300m/s) -> threat=150.76
  track 10 (FIGHTER, d=25.9km, v=300m/s) -> threat=150.74
  track 2 (ASM, d=2.6km, v=0m/s) -> threat=101.38
  track 4 (ASM, d=3.6km, v=0m/s) -> threat=101.28

[DECISION] t=231.3s | tracks=4 | weapons=0 available
  track 12 (FIGHTER, d=17.0km, v=300m/s) -> threat=150.76
  track 10 (FIGHTER, d=25.9km, v=300m/s) -> threat=150.74
  track 2 (ASM, d=2.6km, v=0m/s) -> threat=101.38
  track 4 (ASM, d=3.6km, v=0m/s) -> threat=101.28

[DECISION] t=231.7s | tracks=4 | weapons=0 available
  track 12 (FIGHTER, d=17.0km, v=300m/s) -> threat=150.76
  track 10 (FIGHTER, d=25.9km, v=300m/s) -> threat=150.74
  track 2 (ASM, d=2.6km, v=0m/s) -> threat=101.38
  track 4 (ASM, d=3.6km, v=0m/s) -> threat=101.28

[DECISION] t=231.9s | tracks=4 | weapons=0 available
  track 12 (FIGHTER, d=17.1km, v=300m/s) -> threat=150.76
  track 10 (FIGHTER, d=26.1km, v=300m/s) -> threat=150.74
  track 2 (ASM, d=2.6km, v=0m/s) -> threat=101.38
  track 4 (ASM, d=3.6km, v=0m/s) -> threat=101.28

[DECISION] t=0.0s | tracks=4 | weapons=0 available
  track 12 (FIGHTER, d=17.1km, v=300m/s) -> threat=150.76
  track 10 (FIGHTER, d=26.1km, v=300m/s) -> threat=150.74
  track 2 (ASM, d=2.6km, v=0m/s) -> threat=101.38
  track 4 (ASM, d=3.6km, v=0m/s) -> threat=101.28

[DECISION] t=232.3s | tracks=4 | weapons=0 available
  track 12 (FIGHTER, d=17.3km, v=300m/s) -> threat=150.76
  track 10 (FIGHTER, d=26.3km, v=300m/s) -> threat=150.74
  track 2 (ASM, d=2.6km, v=0m/s) -> threat=101.38
  track 4 (ASM, d=3.6km, v=0m/s) -> threat=101.28

[DECISION] t=232.7s | tracks=4 | weapons=0 available
  track 12 (FIGHTER, d=17.3km, v=300m/s) -> threat=150.76
  track 10 (FIGHTER, d=26.3km, v=300m/s) -> threat=150.74
  track 2 (ASM, d=2.6km, v=0m/s) -> threat=101.38
  track 4 (ASM, d=3.6km, v=0m/s) -> threat=101.28

[DECISION] t=232.9s | tracks=4 | weapons=0 available
  track 12 (FIGHTER, d=17.5km, v=300m/s) -> threat=150.76
  track 10 (FIGHTER, d=26.4km, v=300m/s) -> threat=150.74
  track 2 (ASM, d=2.6km, v=0m/s) -> threat=101.38
  track 4 (ASM, d=3.6km, v=0m/s) -> threat=101.28

[DECISION] t=233.1s | tracks=4 | weapons=0 available
  track 12 (FIGHTER, d=17.5km, v=300m/s) -> threat=150.76
  track 10 (FIGHTER, d=26.4km, v=300m/s) -> threat=150.74
  track 2 (ASM, d=2.6km, v=0m/s) -> threat=101.38
  track 4 (ASM, d=3.6km, v=0m/s) -> threat=101.28

[DECISION] t=233.5s | tracks=4 | weapons=0 available
  track 12 (FIGHTER, d=17.7km, v=300m/s) -> threat=150.76
  track 10 (FIGHTER, d=26.6km, v=300m/s) -> threat=150.74
  track 2 (ASM, d=2.6km, v=0m/s) -> threat=101.38
  track 4 (ASM, d=3.6km, v=0m/s) -> threat=101.28

[DECISION] t=233.7s | tracks=4 | weapons=0 available
  track 12 (FIGHTER, d=17.7km, v=300m/s) -> threat=150.76
  track 10 (FIGHTER, d=26.7km, v=300m/s) -> threat=150.74
  track 2 (ASM, d=2.6km, v=0m/s) -> threat=101.38
  track 4 (ASM, d=3.6km, v=0m/s) -> threat=101.28

[DECISION] t=233.9s | tracks=4 | weapons=0 available
  track 12 (FIGHTER, d=17.7km, v=300m/s) -> threat=150.76
  track 10 (FIGHTER, d=26.7km, v=300m/s) -> threat=150.74
  track 2 (ASM, d=2.6km, v=0m/s) -> threat=101.38
  track 4 (ASM, d=3.6km, v=0m/s) -> threat=101.28

[DECISION] t=234.1s | tracks=4 | weapons=0 available
  track 12 (FIGHTER, d=17.7km, v=300m/s) -> threat=150.76
  track 10 (FIGHTER, d=26.7km, v=300m/s) -> threat=150.74
  track 2 (ASM, d=2.6km, v=0m/s) -> threat=101.38
  track 4 (ASM, d=3.6km, v=0m/s) -> threat=101.28

[DECISION] t=234.7s | tracks=4 | weapons=0 available
  track 12 (FIGHTER, d=17.7km, v=300m/s) -> threat=150.76
  track 10 (FIGHTER, d=26.7km, v=300m/s) -> threat=150.74
  track 2 (ASM, d=2.6km, v=0m/s) -> threat=101.38
  track 4 (ASM, d=3.6km, v=0m/s) -> threat=101.28

[DECISION] t=235.1s | tracks=4 | weapons=0 available
  track 12 (FIGHTER, d=18.1km, v=300m/s) -> threat=150.76
  track 10 (FIGHTER, d=27.0km, v=300m/s) -> threat=150.74
  track 2 (ASM, d=2.6km, v=0m/s) -> threat=101.38
  track 4 (ASM, d=3.6km, v=0m/s) -> threat=101.28

[DECISION] t=235.5s | tracks=4 | weapons=0 available
  track 12 (FIGHTER, d=18.2km, v=300m/s) -> threat=150.76
  track 10 (FIGHTER, d=27.2km, v=300m/s) -> threat=150.74
  track 2 (ASM, d=2.6km, v=0m/s) -> threat=101.38
  track 4 (ASM, d=3.6km, v=0m/s) -> threat=101.28

[DECISION] t=235.9s | tracks=4 | weapons=0 available
  track 12 (FIGHTER, d=18.2km, v=300m/s) -> threat=150.76
  track 10 (FIGHTER, d=27.3km, v=300m/s) -> threat=150.74
  track 2 (ASM, d=2.6km, v=0m/s) -> threat=101.38
  track 4 (ASM, d=3.6km, v=0m/s) -> threat=101.28

[DECISION] t=236.1s | tracks=4 | weapons=0 available
  track 12 (FIGHTER, d=18.4km, v=300m/s) -> threat=150.75
  track 10 (FIGHTER, d=27.3km, v=300m/s) -> threat=150.74
  track 2 (ASM, d=2.6km, v=0m/s) -> threat=101.38
  track 4 (ASM, d=3.6km, v=0m/s) -> threat=101.28

[DECISION] t=236.3s | tracks=4 | weapons=0 available
  track 12 (FIGHTER, d=18.5km, v=300m/s) -> threat=150.75
  track 10 (FIGHTER, d=27.4km, v=300m/s) -> threat=150.74
  track 2 (ASM, d=2.6km, v=0m/s) -> threat=101.38
  track 4 (ASM, d=3.6km, v=0m/s) -> threat=101.28

[DECISION] t=236.5s | tracks=4 | weapons=0 available
  track 12 (FIGHTER, d=18.5km, v=300m/s) -> threat=150.75
  track 10 (FIGHTER, d=27.4km, v=300m/s) -> threat=150.74
  track 2 (ASM, d=2.6km, v=0m/s) -> threat=101.38
  track 4 (ASM, d=3.6km, v=0m/s) -> threat=101.28

[DECISION] t=236.7s | tracks=4 | weapons=0 available
  track 12 (FIGHTER, d=18.5km, v=300m/s) -> threat=150.75
  track 10 (FIGHTER, d=27.6km, v=300m/s) -> threat=150.74
  track 2 (ASM, d=2.6km, v=0m/s) -> threat=101.38
  track 4 (ASM, d=3.6km, v=0m/s) -> threat=101.28

[DECISION] t=236.9s | tracks=4 | weapons=0 available
  track 12 (FIGHTER, d=18.7km, v=300m/s) -> threat=150.75
  track 10 (FIGHTER, d=27.6km, v=300m/s) -> threat=150.74
  track 2 (ASM, d=2.6km, v=0m/s) -> threat=101.38
  track 4 (ASM, d=3.6km, v=0m/s) -> threat=101.28

[DECISION] t=237.3s | tracks=4 | weapons=0 available
  track 12 (FIGHTER, d=18.7km, v=300m/s) -> threat=150.75
  track 10 (FIGHTER, d=27.6km, v=300m/s) -> threat=150.74
  track 2 (ASM, d=2.6km, v=0m/s) -> threat=101.38
  track 4 (ASM, d=3.6km, v=0m/s) -> threat=101.28

[DECISION] t=237.3s | tracks=4 | weapons=0 available
  track 12 (FIGHTER, d=18.8km, v=300m/s) -> threat=150.75
  track 10 (FIGHTER, d=27.8km, v=300m/s) -> threat=150.74
  track 2 (ASM, d=2.6km, v=0m/s) -> threat=101.38
  track 4 (ASM, d=3.6km, v=0m/s) -> threat=101.28

[DECISION] t=237.7s | tracks=4 | weapons=0 available
  track 12 (FIGHTER, d=18.8km, v=300m/s) -> threat=150.75
  track 10 (FIGHTER, d=27.8km, v=300m/s) -> threat=150.74
  track 2 (ASM, d=2.6km, v=0m/s) -> threat=101.38
  track 4 (ASM, d=3.6km, v=0m/s) -> threat=101.28

[DECISION] t=237.9s | tracks=4 | weapons=0 available
  track 12 (FIGHTER, d=18.8km, v=300m/s) -> threat=150.75
  track 10 (FIGHTER, d=28.0km, v=300m/s) -> threat=150.74
  track 2 (ASM, d=2.6km, v=0m/s) -> threat=101.38
  track 4 (ASM, d=3.6km, v=0m/s) -> threat=101.28

[DECISION] t=238.1s | tracks=4 | weapons=0 available
  track 12 (FIGHTER, d=19.0km, v=300m/s) -> threat=150.75
  track 10 (FIGHTER, d=28.0km, v=300m/s) -> threat=150.74
  track 2 (ASM, d=2.6km, v=0m/s) -> threat=101.38
  track 4 (ASM, d=3.6km, v=0m/s) -> threat=101.28

[DECISION] t=238.3s | tracks=4 | weapons=0 available
  track 12 (FIGHTER, d=19.1km, v=300m/s) -> threat=150.75
  track 10 (FIGHTER, d=28.0km, v=300m/s) -> threat=150.74
  track 2 (ASM, d=2.6km, v=0m/s) -> threat=101.38
  track 4 (ASM, d=3.6km, v=0m/s) -> threat=101.28

[DECISION] t=238.5s | tracks=4 | weapons=0 available
  track 12 (FIGHTER, d=19.1km, v=300m/s) -> threat=150.75
  track 10 (FIGHTER, d=28.0km, v=300m/s) -> threat=150.74
  track 2 (ASM, d=2.6km, v=0m/s) -> threat=101.38
  track 4 (ASM, d=3.6km, v=0m/s) -> threat=101.28

[DECISION] t=0.0s | tracks=4 | weapons=0 available
  track 12 (FIGHTER, d=19.1km, v=300m/s) -> threat=150.75
  track 10 (FIGHTER, d=28.2km, v=300m/s) -> threat=150.74
  track 2 (ASM, d=2.6km, v=0m/s) -> threat=101.38
  track 4 (ASM, d=3.6km, v=0m/s) -> threat=101.28

[DECISION] t=239.1s | tracks=4 | weapons=0 available
  track 12 (FIGHTER, d=19.2km, v=300m/s) -> threat=150.75
  track 10 (FIGHTER, d=28.2km, v=300m/s) -> threat=150.74
  track 2 (ASM, d=2.6km, v=0m/s) -> threat=101.38
  track 4 (ASM, d=3.6km, v=0m/s) -> threat=101.28

[DECISION] t=239.1s | tracks=4 | weapons=0 available
  track 12 (FIGHTER, d=19.2km, v=300m/s) -> threat=150.75
  track 10 (FIGHTER, d=28.2km, v=300m/s) -> threat=150.74
  track 2 (ASM, d=2.6km, v=0m/s) -> threat=101.38
  track 4 (ASM, d=3.6km, v=0m/s) -> threat=101.28

[DECISION] t=239.3s | tracks=4 | weapons=0 available
  track 12 (FIGHTER, d=19.4km, v=300m/s) -> threat=150.75
  track 10 (FIGHTER, d=28.4km, v=300m/s) -> threat=150.74
  track 2 (ASM, d=2.6km, v=0m/s) -> threat=101.38
  track 4 (ASM, d=3.6km, v=0m/s) -> threat=101.28

[DECISION] t=239.7s | tracks=4 | weapons=0 available
  track 12 (FIGHTER, d=19.4km, v=300m/s) -> threat=150.75
  track 10 (FIGHTER, d=28.4km, v=300m/s) -> threat=150.74
  track 2 (ASM, d=2.6km, v=0m/s) -> threat=101.38
  track 4 (ASM, d=3.6km, v=0m/s) -> threat=101.28

[DECISION] t=239.7s | tracks=4 | weapons=0 available
  track 12 (FIGHTER, d=19.4km, v=300m/s) -> threat=150.75
  track 10 (FIGHTER, d=28.5km, v=300m/s) -> threat=150.74
  track 2 (ASM, d=2.6km, v=0m/s) -> threat=101.38
  track 4 (ASM, d=3.6km, v=0m/s) -> threat=101.28

[DECISION] t=239.9s | tracks=4 | weapons=0 available
  track 12 (FIGHTER, d=19.6km, v=300m/s) -> threat=150.75
  track 10 (FIGHTER, d=28.5km, v=300m/s) -> threat=150.74
  track 2 (ASM, d=2.6km, v=0m/s) -> threat=101.38
  track 4 (ASM, d=3.6km, v=0m/s) -> threat=101.28

[DECISION] t=240.3s | tracks=4 | weapons=0 available
  track 12 (FIGHTER, d=19.6km, v=300m/s) -> threat=150.75
  track 10 (FIGHTER, d=28.5km, v=300m/s) -> threat=150.74
  track 2 (ASM, d=2.6km, v=0m/s) -> threat=101.38
  track 4 (ASM, d=3.6km, v=0m/s) -> threat=101.28

[DECISION] t=240.3s | tracks=4 | weapons=0 available
  track 12 (FIGHTER, d=19.8km, v=300m/s) -> threat=150.75
  track 10 (FIGHTER, d=28.7km, v=300m/s) -> threat=150.73
  track 2 (ASM, d=2.6km, v=0m/s) -> threat=101.38
  track 4 (ASM, d=3.6km, v=0m/s) -> threat=101.28

[DECISION] t=240.5s | tracks=4 | weapons=0 available
  track 12 (FIGHTER, d=19.8km, v=300m/s) -> threat=150.75
  track 10 (FIGHTER, d=28.7km, v=300m/s) -> threat=150.73
  track 2 (ASM, d=2.6km, v=0m/s) -> threat=101.38
  track 4 (ASM, d=3.6km, v=0m/s) -> threat=101.28

[DECISION] t=240.7s | tracks=4 | weapons=0 available
  track 12 (FIGHTER, d=19.8km, v=300m/s) -> threat=150.75
  track 10 (FIGHTER, d=28.8km, v=300m/s) -> threat=150.73
  track 2 (ASM, d=2.6km, v=0m/s) -> threat=101.38
  track 4 (ASM, d=3.6km, v=0m/s) -> threat=101.28

[DECISION] t=240.9s | tracks=4 | weapons=0 available
  track 12 (FIGHTER, d=19.8km, v=300m/s) -> threat=150.75
  track 10 (FIGHTER, d=28.8km, v=300m/s) -> threat=150.73
  track 2 (ASM, d=2.6km, v=0m/s) -> threat=101.38
  track 4 (ASM, d=3.6km, v=0m/s) -> threat=101.28

[DECISION] t=241.1s | tracks=4 | weapons=0 available
  track 12 (FIGHTER, d=19.8km, v=300m/s) -> threat=150.75
  track 10 (FIGHTER, d=28.8km, v=300m/s) -> threat=150.73
  track 2 (ASM, d=2.6km, v=0m/s) -> threat=101.38
  track 4 (ASM, d=3.6km, v=0m/s) -> threat=101.28

[DECISION] t=241.3s | tracks=4 | weapons=0 available
  track 12 (FIGHTER, d=20.0km, v=300m/s) -> threat=150.75
  track 10 (FIGHTER, d=29.0km, v=300m/s) -> threat=150.73
  track 2 (ASM, d=2.6km, v=0m/s) -> threat=101.38
  track 4 (ASM, d=3.6km, v=0m/s) -> threat=101.28

[DECISION] t=241.5s | tracks=4 | weapons=0 available
  track 12 (FIGHTER, d=20.0km, v=300m/s) -> threat=150.75
  track 10 (FIGHTER, d=29.0km, v=300m/s) -> threat=150.73
  track 2 (ASM, d=2.6km, v=0m/s) -> threat=101.38
  track 4 (ASM, d=3.6km, v=0m/s) -> threat=101.28

[DECISION] t=241.7s | tracks=4 | weapons=0 available
  track 12 (FIGHTER, d=20.0km, v=300m/s) -> threat=150.75
  track 10 (FIGHTER, d=29.1km, v=300m/s) -> threat=150.73
  track 2 (ASM, d=2.6km, v=0m/s) -> threat=101.38
  track 4 (ASM, d=3.6km, v=0m/s) -> threat=101.28

[DECISION] t=242.1s | tracks=4 | weapons=0 available
  track 12 (FIGHTER, d=20.2km, v=300m/s) -> threat=150.75
  track 10 (FIGHTER, d=29.1km, v=300m/s) -> threat=150.73
  track 2 (ASM, d=2.6km, v=0m/s) -> threat=101.38
  track 4 (ASM, d=3.6km, v=0m/s) -> threat=101.28

[DECISION] t=242.5s | tracks=4 | weapons=0 available
  track 12 (FIGHTER, d=20.3km, v=300m/s) -> threat=150.75
  track 10 (FIGHTER, d=29.3km, v=300m/s) -> threat=150.73
  track 2 (ASM, d=2.6km, v=0m/s) -> threat=101.38
  track 4 (ASM, d=3.6km, v=0m/s) -> threat=101.28

[DECISION] t=242.7s | tracks=4 | weapons=0 available
  track 12 (FIGHTER, d=20.3km, v=300m/s) -> threat=150.75
  track 10 (FIGHTER, d=29.4km, v=300m/s) -> threat=150.73
  track 2 (ASM, d=2.6km, v=0m/s) -> threat=101.38
  track 4 (ASM, d=3.6km, v=0m/s) -> threat=101.28

[DECISION] t=0.0s | tracks=4 | weapons=0 available
  track 12 (FIGHTER, d=20.5km, v=300m/s) -> threat=150.75
  track 10 (FIGHTER, d=29.4km, v=300m/s) -> threat=150.73
  track 2 (ASM, d=2.6km, v=0m/s) -> threat=101.38
  track 4 (ASM, d=3.6km, v=0m/s) -> threat=101.28

[DECISION] t=243.1s | tracks=4 | weapons=0 available
  track 12 (FIGHTER, d=20.5km, v=300m/s) -> threat=150.75
  track 10 (FIGHTER, d=29.4km, v=300m/s) -> threat=150.73
  track 2 (ASM, d=2.6km, v=0m/s) -> threat=101.38
  track 4 (ASM, d=3.6km, v=0m/s) -> threat=101.28

[DECISION] t=243.3s | tracks=4 | weapons=0 available
  track 12 (FIGHTER, d=20.6km, v=300m/s) -> threat=150.75
  track 10 (FIGHTER, d=29.5km, v=300m/s) -> threat=150.73
  track 2 (ASM, d=2.6km, v=0m/s) -> threat=101.38
  track 4 (ASM, d=3.6km, v=0m/s) -> threat=101.28

[DECISION] t=243.9s | tracks=4 | weapons=0 available
  track 12 (FIGHTER, d=20.6km, v=300m/s) -> threat=150.75
  track 10 (FIGHTER, d=29.5km, v=300m/s) -> threat=150.73
  track 2 (ASM, d=2.6km, v=0m/s) -> threat=101.38
  track 4 (ASM, d=3.6km, v=0m/s) -> threat=101.28

[DECISION] t=243.9s | tracks=4 | weapons=0 available
  track 12 (FIGHTER, d=20.7km, v=300m/s) -> threat=150.75
  track 10 (FIGHTER, d=29.7km, v=300m/s) -> threat=150.73
  track 2 (ASM, d=2.6km, v=0m/s) -> threat=101.38
  track 4 (ASM, d=3.6km, v=0m/s) -> threat=101.28

[DECISION] t=244.1s | tracks=4 | weapons=0 available
  track 12 (FIGHTER, d=20.7km, v=300m/s) -> threat=150.75
  track 10 (FIGHTER, d=29.7km, v=300m/s) -> threat=150.73
  track 2 (ASM, d=2.6km, v=0m/s) -> threat=101.38
  track 4 (ASM, d=3.6km, v=0m/s) -> threat=101.28

[DECISION] t=244.3s | tracks=4 | weapons=0 available
  track 12 (FIGHTER, d=20.9km, v=300m/s) -> threat=150.75
  track 10 (FIGHTER, d=29.9km, v=300m/s) -> threat=150.73
  track 2 (ASM, d=2.6km, v=0m/s) -> threat=101.38
  track 4 (ASM, d=3.6km, v=0m/s) -> threat=101.28

[DECISION] t=244.5s | tracks=4 | weapons=0 available
  track 12 (FIGHTER, d=20.9km, v=300m/s) -> threat=150.75
  track 10 (FIGHTER, d=29.9km, v=300m/s) -> threat=150.73
  track 2 (ASM, d=2.6km, v=0m/s) -> threat=101.38
  track 4 (ASM, d=3.6km, v=0m/s) -> threat=101.28

[DECISION] t=244.7s | tracks=4 | weapons=0 available
  track 12 (FIGHTER, d=20.9km, v=300m/s) -> threat=150.75
  track 10 (FIGHTER, d=30.0km, v=300m/s) -> threat=150.73
  track 2 (ASM, d=2.6km, v=0m/s) -> threat=101.38
  track 4 (ASM, d=3.6km, v=0m/s) -> threat=101.28

[DECISION] t=244.9s | tracks=4 | weapons=0 available
  track 12 (FIGHTER, d=21.1km, v=300m/s) -> threat=150.75
  track 10 (FIGHTER, d=30.0km, v=300m/s) -> threat=150.73
  track 2 (ASM, d=2.6km, v=0m/s) -> threat=101.38
  track 4 (ASM, d=3.6km, v=0m/s) -> threat=101.28

[DECISION] t=245.1s | tracks=4 | weapons=0 available
  track 12 (FIGHTER, d=21.1km, v=300m/s) -> threat=150.75
  track 10 (FIGHTER, d=30.0km, v=300m/s) -> threat=150.73
  track 2 (ASM, d=2.6km, v=0m/s) -> threat=101.38
  track 4 (ASM, d=3.6km, v=0m/s) -> threat=101.28

[DECISION] t=0.0s | tracks=3 | weapons=0 available
  track 12 (FIGHTER, d=21.2km, v=300m/s) -> threat=150.75
  track 2 (ASM, d=2.6km, v=0m/s) -> threat=101.38
  track 4 (ASM, d=3.6km, v=0m/s) -> threat=101.28

[DECISION] t=245.7s | tracks=3 | weapons=0 available
  track 12 (FIGHTER, d=21.2km, v=300m/s) -> threat=150.75
  track 2 (ASM, d=2.6km, v=0m/s) -> threat=101.38
  track 4 (ASM, d=3.6km, v=0m/s) -> threat=101.28

[DECISION] t=245.7s | tracks=3 | weapons=0 available
  track 12 (FIGHTER, d=21.2km, v=300m/s) -> threat=150.75
  track 2 (ASM, d=2.6km, v=0m/s) -> threat=101.38
  track 4 (ASM, d=3.6km, v=0m/s) -> threat=101.28

[DECISION] t=245.9s | tracks=3 | weapons=0 available
  track 12 (FIGHTER, d=21.3km, v=300m/s) -> threat=150.75
  track 2 (ASM, d=2.6km, v=0m/s) -> threat=101.38
  track 4 (ASM, d=3.6km, v=0m/s) -> threat=101.28

[DECISION] t=246.1s | tracks=3 | weapons=0 available
  track 12 (FIGHTER, d=21.3km, v=300m/s) -> threat=150.75
  track 2 (ASM, d=2.6km, v=0m/s) -> threat=101.38
  track 4 (ASM, d=3.6km, v=0m/s) -> threat=101.28

[DECISION] t=246.3s | tracks=3 | weapons=0 available
  track 12 (FIGHTER, d=21.5km, v=300m/s) -> threat=150.75
  track 2 (ASM, d=2.6km, v=0m/s) -> threat=101.38
  track 4 (ASM, d=3.6km, v=0m/s) -> threat=101.28

[DECISION] t=246.5s | tracks=3 | weapons=0 available
  track 12 (FIGHTER, d=21.5km, v=300m/s) -> threat=150.75
  track 2 (ASM, d=2.6km, v=0m/s) -> threat=101.38
  track 4 (ASM, d=3.6km, v=0m/s) -> threat=101.28

[DECISION] t=246.7s | tracks=3 | weapons=0 available
  track 12 (FIGHTER, d=21.5km, v=300m/s) -> threat=150.75
  track 2 (ASM, d=2.6km, v=0m/s) -> threat=101.38
  track 4 (ASM, d=3.6km, v=0m/s) -> threat=101.28

[DECISION] t=247.1s | tracks=3 | weapons=0 available
  track 12 (FIGHTER, d=21.7km, v=300m/s) -> threat=150.75
  track 2 (ASM, d=2.6km, v=0m/s) -> threat=101.38
  track 4 (ASM, d=3.6km, v=0m/s) -> threat=101.28

[DECISION] t=247.3s | tracks=3 | weapons=0 available
  track 12 (FIGHTER, d=21.8km, v=300m/s) -> threat=150.75
  track 2 (ASM, d=2.6km, v=0m/s) -> threat=101.38
  track 4 (ASM, d=3.6km, v=0m/s) -> threat=101.28

[DECISION] t=247.7s | tracks=3 | weapons=0 available
  track 12 (FIGHTER, d=21.8km, v=300m/s) -> threat=150.75
  track 2 (ASM, d=2.6km, v=0m/s) -> threat=101.38
  track 4 (ASM, d=3.6km, v=0m/s) -> threat=101.28

[DECISION] t=247.7s | tracks=3 | weapons=0 available
  track 12 (FIGHTER, d=21.8km, v=300m/s) -> threat=150.75
  track 2 (ASM, d=2.6km, v=0m/s) -> threat=101.38
  track 4 (ASM, d=3.6km, v=0m/s) -> threat=101.28

[DECISION] t=247.9s | tracks=3 | weapons=0 available
  track 12 (FIGHTER, d=21.9km, v=300m/s) -> threat=150.75
  track 2 (ASM, d=2.6km, v=0m/s) -> threat=101.38
  track 4 (ASM, d=3.6km, v=0m/s) -> threat=101.28

[DECISION] t=248.1s | tracks=3 | weapons=0 available
  track 12 (FIGHTER, d=21.9km, v=300m/s) -> threat=150.75
  track 2 (ASM, d=2.6km, v=0m/s) -> threat=101.38
  track 4 (ASM, d=3.6km, v=0m/s) -> threat=101.28

[DECISION] t=0.0s | tracks=3 | weapons=0 available
  track 12 (FIGHTER, d=22.1km, v=300m/s) -> threat=150.75
  track 2 (ASM, d=2.6km, v=0m/s) -> threat=101.38
  track 4 (ASM, d=3.6km, v=0m/s) -> threat=101.28

[DECISION] t=248.9s | tracks=3 | weapons=0 available
  track 12 (FIGHTER, d=22.1km, v=300m/s) -> threat=150.75
  track 2 (ASM, d=2.6km, v=0m/s) -> threat=101.38
  track 4 (ASM, d=3.6km, v=0m/s) -> threat=101.28

[DECISION] t=249.1s | tracks=3 | weapons=0 available
  track 12 (FIGHTER, d=22.3km, v=300m/s) -> threat=150.74
  track 2 (ASM, d=2.6km, v=0m/s) -> threat=101.38
  track 4 (ASM, d=3.6km, v=0m/s) -> threat=101.28

[DECISION] t=249.3s | tracks=3 | weapons=0 available
  track 12 (FIGHTER, d=22.4km, v=300m/s) -> threat=150.74
  track 2 (ASM, d=2.6km, v=0m/s) -> threat=101.38
  track 4 (ASM, d=3.6km, v=0m/s) -> threat=101.28

[DECISION] t=249.5s | tracks=3 | weapons=0 available
  track 12 (FIGHTER, d=22.4km, v=300m/s) -> threat=150.74
  track 2 (ASM, d=2.6km, v=0m/s) -> threat=101.38
  track 4 (ASM, d=3.6km, v=0m/s) -> threat=101.28

[DECISION] t=249.7s | tracks=3 | weapons=0 available
  track 12 (FIGHTER, d=22.4km, v=300m/s) -> threat=150.74
  track 2 (ASM, d=2.6km, v=0m/s) -> threat=101.38
  track 4 (ASM, d=3.6km, v=0m/s) -> threat=101.28

[DECISION] t=249.9s | tracks=3 | weapons=0 available
  track 12 (FIGHTER, d=22.6km, v=300m/s) -> threat=150.74
  track 2 (ASM, d=2.6km, v=0m/s) -> threat=101.38
  track 4 (ASM, d=3.6km, v=0m/s) -> threat=101.28

[DECISION] t=250.1s | tracks=3 | weapons=0 available
  track 12 (FIGHTER, d=22.6km, v=300m/s) -> threat=150.74
  track 2 (ASM, d=2.6km, v=0m/s) -> threat=101.38
  track 4 (ASM, d=3.6km, v=0m/s) -> threat=101.28

[DECISION] t=250.5s | tracks=3 | weapons=0 available
  track 12 (FIGHTER, d=22.7km, v=300m/s) -> threat=150.74
  track 2 (ASM, d=2.6km, v=0m/s) -> threat=101.38
  track 4 (ASM, d=3.6km, v=0m/s) -> threat=101.28

[DECISION] t=250.5s | tracks=3 | weapons=0 available
  track 12 (FIGHTER, d=22.7km, v=300m/s) -> threat=150.74
  track 2 (ASM, d=2.6km, v=0m/s) -> threat=101.38
  track 4 (ASM, d=3.6km, v=0m/s) -> threat=101.28

[DECISION] t=250.7s | tracks=3 | weapons=0 available
  track 12 (FIGHTER, d=22.7km, v=300m/s) -> threat=150.74
  track 2 (ASM, d=2.6km, v=0m/s) -> threat=101.38
  track 4 (ASM, d=3.6km, v=0m/s) -> threat=101.28

[DECISION] t=251.1s | tracks=3 | weapons=0 available
  track 12 (FIGHTER, d=22.8km, v=300m/s) -> threat=150.74
  track 2 (ASM, d=2.6km, v=0m/s) -> threat=101.38
  track 4 (ASM, d=3.6km, v=0m/s) -> threat=101.28

[DECISION] t=251.1s | tracks=3 | weapons=0 available
  track 12 (FIGHTER, d=22.8km, v=300m/s) -> threat=150.74
  track 2 (ASM, d=2.6km, v=0m/s) -> threat=101.38
  track 4 (ASM, d=3.6km, v=0m/s) -> threat=101.28

[DECISION] t=251.5s | tracks=3 | weapons=0 available
  track 12 (FIGHTER, d=23.0km, v=300m/s) -> threat=150.74
  track 2 (ASM, d=2.6km, v=0m/s) -> threat=101.38
  track 4 (ASM, d=3.6km, v=0m/s) -> threat=101.28

[DECISION] t=251.7s | tracks=3 | weapons=0 available
  track 12 (FIGHTER, d=23.0km, v=300m/s) -> threat=150.74
  track 2 (ASM, d=2.6km, v=0m/s) -> threat=101.38
  track 4 (ASM, d=3.6km, v=0m/s) -> threat=101.28

[DECISION] t=251.9s | tracks=3 | weapons=0 available
  track 12 (FIGHTER, d=23.2km, v=300m/s) -> threat=150.74
  track 2 (ASM, d=2.6km, v=0m/s) -> threat=101.38
  track 4 (ASM, d=3.6km, v=0m/s) -> threat=101.28

[DECISION] t=252.1s | tracks=3 | weapons=0 available
  track 12 (FIGHTER, d=23.2km, v=300m/s) -> threat=150.74
  track 2 (ASM, d=2.6km, v=0m/s) -> threat=101.38
  track 4 (ASM, d=3.6km, v=0m/s) -> threat=101.28

[DECISION] t=252.7s | tracks=3 | weapons=0 available
  track 12 (FIGHTER, d=23.3km, v=300m/s) -> threat=150.74
  track 2 (ASM, d=2.6km, v=0m/s) -> threat=101.38
  track 4 (ASM, d=3.6km, v=0m/s) -> threat=101.28

[DECISION] t=252.9s | tracks=3 | weapons=0 available
  track 12 (FIGHTER, d=23.4km, v=300m/s) -> threat=150.74
  track 2 (ASM, d=2.6km, v=0m/s) -> threat=101.38
  track 4 (ASM, d=3.6km, v=0m/s) -> threat=101.28

[DECISION] t=253.1s | tracks=3 | weapons=0 available
  track 12 (FIGHTER, d=23.4km, v=300m/s) -> threat=150.74
  track 2 (ASM, d=2.6km, v=0m/s) -> threat=101.38
  track 4 (ASM, d=3.6km, v=0m/s) -> threat=101.28

[DECISION] t=253.3s | tracks=3 | weapons=0 available
  track 12 (FIGHTER, d=23.6km, v=300m/s) -> threat=150.74
  track 2 (ASM, d=2.6km, v=0m/s) -> threat=101.38
  track 4 (ASM, d=3.6km, v=0m/s) -> threat=101.28

[DECISION] t=253.5s | tracks=3 | weapons=0 available
  track 12 (FIGHTER, d=23.6km, v=300m/s) -> threat=150.74
  track 2 (ASM, d=2.6km, v=0m/s) -> threat=101.38
  track 4 (ASM, d=3.6km, v=0m/s) -> threat=101.28

[DECISION] t=253.7s | tracks=3 | weapons=0 available
  track 12 (FIGHTER, d=23.6km, v=300m/s) -> threat=150.74
  track 2 (ASM, d=2.6km, v=0m/s) -> threat=101.38
  track 4 (ASM, d=3.6km, v=0m/s) -> threat=101.28

[DECISION] t=253.9s | tracks=3 | weapons=0 available
  track 12 (FIGHTER, d=23.8km, v=300m/s) -> threat=150.74
  track 2 (ASM, d=2.6km, v=0m/s) -> threat=101.38
  track 4 (ASM, d=3.6km, v=0m/s) -> threat=101.28

[DECISION] t=254.3s | tracks=3 | weapons=0 available
  track 12 (FIGHTER, d=23.8km, v=300m/s) -> threat=150.74
  track 2 (ASM, d=2.6km, v=0m/s) -> threat=101.38
  track 4 (ASM, d=3.6km, v=0m/s) -> threat=101.28

[DECISION] t=254.5s | tracks=3 | weapons=0 available
  track 12 (FIGHTER, d=23.9km, v=300m/s) -> threat=150.74
  track 2 (ASM, d=2.6km, v=0m/s) -> threat=101.38
  track 4 (ASM, d=3.6km, v=0m/s) -> threat=101.28

[DECISION] t=254.7s | tracks=3 | weapons=0 available
  track 12 (FIGHTER, d=23.9km, v=300m/s) -> threat=150.74
  track 2 (ASM, d=2.6km, v=0m/s) -> threat=101.38
  track 4 (ASM, d=3.6km, v=0m/s) -> threat=101.28

[DECISION] t=254.9s | tracks=3 | weapons=0 available
  track 12 (FIGHTER, d=24.0km, v=300m/s) -> threat=150.74
  track 2 (ASM, d=2.6km, v=0m/s) -> threat=101.38
  track 4 (ASM, d=3.6km, v=0m/s) -> threat=101.28

[DECISION] t=255.1s | tracks=3 | weapons=0 available
  track 12 (FIGHTER, d=24.0km, v=300m/s) -> threat=150.74
  track 2 (ASM, d=2.6km, v=0m/s) -> threat=101.38
  track 4 (ASM, d=3.6km, v=0m/s) -> threat=101.28

[DECISION] t=255.3s | tracks=3 | weapons=0 available
  track 12 (FIGHTER, d=24.2km, v=300m/s) -> threat=150.74
  track 2 (ASM, d=2.6km, v=0m/s) -> threat=101.38
  track 4 (ASM, d=3.6km, v=0m/s) -> threat=101.28

[DECISION] t=255.5s | tracks=3 | weapons=0 available
  track 12 (FIGHTER, d=24.2km, v=300m/s) -> threat=150.74
  track 2 (ASM, d=2.6km, v=0m/s) -> threat=101.38
  track 4 (ASM, d=3.6km, v=0m/s) -> threat=101.28

[DECISION] t=255.7s | tracks=3 | weapons=0 available
  track 12 (FIGHTER, d=24.2km, v=300m/s) -> threat=150.74
  track 2 (ASM, d=2.6km, v=0m/s) -> threat=101.38
  track 4 (ASM, d=3.6km, v=0m/s) -> threat=101.28

[DECISION] t=256.1s | tracks=3 | weapons=0 available
  track 12 (FIGHTER, d=24.3km, v=300m/s) -> threat=150.74
  track 2 (ASM, d=2.6km, v=0m/s) -> threat=101.38
  track 4 (ASM, d=3.6km, v=0m/s) -> threat=101.28

[DECISION] t=256.3s | tracks=3 | weapons=0 available
  track 12 (FIGHTER, d=24.3km, v=300m/s) -> threat=150.74
  track 2 (ASM, d=2.6km, v=0m/s) -> threat=101.38
  track 4 (ASM, d=3.6km, v=0m/s) -> threat=101.28

[DECISION] t=256.6s | tracks=3 | weapons=0 available
  track 12 (FIGHTER, d=24.5km, v=300m/s) -> threat=150.74
  track 2 (ASM, d=2.6km, v=0m/s) -> threat=101.38
  track 4 (ASM, d=3.6km, v=0m/s) -> threat=101.28

[DECISION] t=256.8s | tracks=3 | weapons=0 available
  track 12 (FIGHTER, d=24.5km, v=300m/s) -> threat=150.74
  track 2 (ASM, d=2.6km, v=0m/s) -> threat=101.38
  track 4 (ASM, d=3.6km, v=0m/s) -> threat=101.28

[DECISION] t=257.0s | tracks=3 | weapons=0 available
  track 12 (FIGHTER, d=24.5km, v=300m/s) -> threat=150.74
  track 2 (ASM, d=2.6km, v=0m/s) -> threat=101.38
  track 4 (ASM, d=3.6km, v=0m/s) -> threat=101.28

[DECISION] t=257.3s | tracks=3 | weapons=0 available
  track 12 (FIGHTER, d=24.7km, v=300m/s) -> threat=150.74
  track 2 (ASM, d=2.6km, v=0m/s) -> threat=101.38
  track 4 (ASM, d=3.6km, v=0m/s) -> threat=101.28

[DECISION] t=257.9s | tracks=3 | weapons=0 available
  track 12 (FIGHTER, d=24.9km, v=300m/s) -> threat=150.74
  track 2 (ASM, d=2.6km, v=0m/s) -> threat=101.38
  track 4 (ASM, d=3.6km, v=0m/s) -> threat=101.28

[DECISION] t=258.1s | tracks=3 | weapons=0 available
  track 12 (FIGHTER, d=24.9km, v=300m/s) -> threat=150.74
  track 2 (ASM, d=2.6km, v=0m/s) -> threat=101.38
  track 4 (ASM, d=3.6km, v=0m/s) -> threat=101.28

[DECISION] t=258.4s | tracks=3 | weapons=0 available
  track 12 (FIGHTER, d=24.9km, v=300m/s) -> threat=150.74
  track 2 (ASM, d=2.6km, v=0m/s) -> threat=101.38
  track 4 (ASM, d=3.6km, v=0m/s) -> threat=101.28

[DECISION] t=258.7s | tracks=3 | weapons=0 available
  track 12 (FIGHTER, d=25.1km, v=300m/s) -> threat=150.74
  track 2 (ASM, d=2.6km, v=0m/s) -> threat=101.38
  track 4 (ASM, d=3.6km, v=0m/s) -> threat=101.28

[DECISION] t=258.9s | tracks=3 | weapons=0 available
  track 12 (FIGHTER, d=25.3km, v=300m/s) -> threat=150.74
  track 2 (ASM, d=2.6km, v=0m/s) -> threat=101.38
  track 4 (ASM, d=3.6km, v=0m/s) -> threat=101.28

[DECISION] t=0.0s | tracks=3 | weapons=0 available
  track 12 (FIGHTER, d=25.3km, v=300m/s) -> threat=150.74
  track 2 (ASM, d=2.6km, v=0m/s) -> threat=101.38
  track 4 (ASM, d=3.6km, v=0m/s) -> threat=101.28

[DECISION] t=259.4s | tracks=3 | weapons=0 available
  track 12 (FIGHTER, d=25.4km, v=300m/s) -> threat=150.74
  track 2 (ASM, d=2.6km, v=0m/s) -> threat=101.38
  track 4 (ASM, d=3.6km, v=0m/s) -> threat=101.28

[DECISION] t=259.6s | tracks=3 | weapons=0 available
  track 12 (FIGHTER, d=25.4km, v=300m/s) -> threat=150.74
  track 2 (ASM, d=2.6km, v=0m/s) -> threat=101.38
  track 4 (ASM, d=3.6km, v=0m/s) -> threat=101.28

[DECISION] t=259.9s | tracks=3 | weapons=0 available
  track 12 (FIGHTER, d=25.5km, v=300m/s) -> threat=150.74
  track 2 (ASM, d=2.6km, v=0m/s) -> threat=101.38
  track 4 (ASM, d=3.6km, v=0m/s) -> threat=101.28

[DECISION] t=260.2s | tracks=3 | weapons=0 available
  track 12 (FIGHTER, d=25.5km, v=300m/s) -> threat=150.74
  track 2 (ASM, d=2.6km, v=0m/s) -> threat=101.38
  track 4 (ASM, d=3.6km, v=0m/s) -> threat=101.28

[DECISION] t=260.3s | tracks=3 | weapons=0 available
  track 12 (FIGHTER, d=25.5km, v=300m/s) -> threat=150.74
  track 2 (ASM, d=2.6km, v=0m/s) -> threat=101.38
  track 4 (ASM, d=3.6km, v=0m/s) -> threat=101.28

[DECISION] t=260.4s | tracks=3 | weapons=0 available
  track 12 (FIGHTER, d=25.7km, v=300m/s) -> threat=150.74
  track 2 (ASM, d=2.6km, v=0m/s) -> threat=101.38
  track 4 (ASM, d=3.6km, v=0m/s) -> threat=101.28

[DECISION] t=260.8s | tracks=3 | weapons=0 available
  track 12 (FIGHTER, d=25.7km, v=300m/s) -> threat=150.74
  track 2 (ASM, d=2.6km, v=0m/s) -> threat=101.38
  track 4 (ASM, d=3.6km, v=0m/s) -> threat=101.28

[DECISION] t=261.0s | tracks=3 | weapons=0 available
  track 12 (FIGHTER, d=25.7km, v=300m/s) -> threat=150.74
  track 2 (ASM, d=2.6km, v=0m/s) -> threat=101.38
  track 4 (ASM, d=3.6km, v=0m/s) -> threat=101.28

[DECISION] t=261.3s | tracks=3 | weapons=0 available
  track 12 (FIGHTER, d=25.9km, v=300m/s) -> threat=150.74
  track 2 (ASM, d=2.6km, v=0m/s) -> threat=101.38
  track 4 (ASM, d=3.6km, v=0m/s) -> threat=101.28

[DECISION] t=0.0s | tracks=3 | weapons=0 available
  track 12 (FIGHTER, d=25.9km, v=300m/s) -> threat=150.74
  track 2 (ASM, d=2.6km, v=0m/s) -> threat=101.38
  track 4 (ASM, d=3.6km, v=0m/s) -> threat=101.28

[DECISION] t=262.0s | tracks=3 | weapons=0 available
  track 12 (FIGHTER, d=25.9km, v=300m/s) -> threat=150.74
  track 2 (ASM, d=2.6km, v=0m/s) -> threat=101.38
  track 4 (ASM, d=3.6km, v=0m/s) -> threat=101.28

[DECISION] t=262.3s | tracks=3 | weapons=0 available
  track 12 (FIGHTER, d=26.1km, v=300m/s) -> threat=150.74
  track 2 (ASM, d=2.6km, v=0m/s) -> threat=101.38
  track 4 (ASM, d=3.6km, v=0m/s) -> threat=101.28

[DECISION] t=262.4s | tracks=3 | weapons=0 available
  track 12 (FIGHTER, d=26.1km, v=300m/s) -> threat=150.74
  track 2 (ASM, d=2.6km, v=0m/s) -> threat=101.38
  track 4 (ASM, d=3.6km, v=0m/s) -> threat=101.28

[DECISION] t=262.6s | tracks=3 | weapons=0 available
  track 12 (FIGHTER, d=26.3km, v=300m/s) -> threat=150.74
  track 2 (ASM, d=2.6km, v=0m/s) -> threat=101.38
  track 4 (ASM, d=3.6km, v=0m/s) -> threat=101.28

[DECISION] t=262.8s | tracks=3 | weapons=0 available
  track 12 (FIGHTER, d=26.3km, v=300m/s) -> threat=150.74
  track 2 (ASM, d=2.6km, v=0m/s) -> threat=101.38
  track 4 (ASM, d=3.6km, v=0m/s) -> threat=101.28

[DECISION] t=262.9s | tracks=3 | weapons=0 available
  track 12 (FIGHTER, d=26.4km, v=300m/s) -> threat=150.74
  track 2 (ASM, d=2.6km, v=0m/s) -> threat=101.38
  track 4 (ASM, d=3.6km, v=0m/s) -> threat=101.28

[DECISION] t=263.1s | tracks=3 | weapons=0 available
  track 12 (FIGHTER, d=26.4km, v=300m/s) -> threat=150.74
  track 2 (ASM, d=2.6km, v=0m/s) -> threat=101.38
  track 4 (ASM, d=3.6km, v=0m/s) -> threat=101.28

[DECISION] t=263.2s | tracks=3 | weapons=0 available
  track 12 (FIGHTER, d=26.4km, v=300m/s) -> threat=150.74
  track 2 (ASM, d=2.6km, v=0m/s) -> threat=101.38
  track 4 (ASM, d=3.6km, v=0m/s) -> threat=101.28

[DECISION] t=263.6s | tracks=3 | weapons=0 available
  track 12 (FIGHTER, d=26.6km, v=300m/s) -> threat=150.74
  track 2 (ASM, d=2.6km, v=0m/s) -> threat=101.38
  track 4 (ASM, d=3.6km, v=0m/s) -> threat=101.28

[DECISION] t=264.1s | tracks=3 | weapons=0 available
  track 12 (FIGHTER, d=26.8km, v=300m/s) -> threat=150.74
  track 2 (ASM, d=2.6km, v=0m/s) -> threat=101.38
  track 4 (ASM, d=3.6km, v=0m/s) -> threat=101.28

[DECISION] t=264.3s | tracks=3 | weapons=0 available
  track 12 (FIGHTER, d=26.8km, v=300m/s) -> threat=150.74
  track 2 (ASM, d=2.6km, v=0m/s) -> threat=101.38
  track 4 (ASM, d=3.6km, v=0m/s) -> threat=101.28

[DECISION] t=264.5s | tracks=3 | weapons=0 available
  track 12 (FIGHTER, d=26.9km, v=300m/s) -> threat=150.74
  track 2 (ASM, d=2.6km, v=0m/s) -> threat=101.38
  track 4 (ASM, d=3.6km, v=0m/s) -> threat=101.28

[DECISION] t=265.1s | tracks=3 | weapons=0 available
  track 12 (FIGHTER, d=26.9km, v=300m/s) -> threat=150.74
  track 2 (ASM, d=2.6km, v=0m/s) -> threat=101.38
  track 4 (ASM, d=3.6km, v=0m/s) -> threat=101.28

[DECISION] t=265.2s | tracks=3 | weapons=0 available
  track 12 (FIGHTER, d=27.0km, v=300m/s) -> threat=150.74
  track 2 (ASM, d=2.6km, v=0m/s) -> threat=101.38
  track 4 (ASM, d=3.6km, v=0m/s) -> threat=101.28

[DECISION] t=0.0s | tracks=3 | weapons=0 available
  track 12 (FIGHTER, d=27.2km, v=300m/s) -> threat=150.74
  track 2 (ASM, d=2.6km, v=0m/s) -> threat=101.38
  track 4 (ASM, d=3.6km, v=0m/s) -> threat=101.28

[DECISION] t=0.0s | tracks=3 | weapons=0 available
  track 12 (FIGHTER, d=27.2km, v=300m/s) -> threat=150.74
  track 2 (ASM, d=2.6km, v=0m/s) -> threat=101.38
  track 4 (ASM, d=3.6km, v=0m/s) -> threat=101.28

[DECISION] t=266.1s | tracks=3 | weapons=0 available
  track 12 (FIGHTER, d=27.4km, v=300m/s) -> threat=150.74
  track 2 (ASM, d=2.6km, v=0m/s) -> threat=101.38
  track 4 (ASM, d=3.6km, v=0m/s) -> threat=101.28

[DECISION] t=0.0s | tracks=3 | weapons=0 available
  track 12 (FIGHTER, d=27.4km, v=300m/s) -> threat=150.74
  track 2 (ASM, d=2.6km, v=0m/s) -> threat=101.38
  track 4 (ASM, d=3.6km, v=0m/s) -> threat=101.28

[DECISION] t=266.5s | tracks=3 | weapons=0 available
  track 12 (FIGHTER, d=27.5km, v=300m/s) -> threat=150.74
  track 2 (ASM, d=2.6km, v=0m/s) -> threat=101.38
  track 4 (ASM, d=3.6km, v=0m/s) -> threat=101.28

[DECISION] t=266.7s | tracks=3 | weapons=0 available
  track 12 (FIGHTER, d=27.5km, v=300m/s) -> threat=150.74
  track 2 (ASM, d=2.6km, v=0m/s) -> threat=101.38
  track 4 (ASM, d=3.6km, v=0m/s) -> threat=101.28

[DECISION] t=266.9s | tracks=3 | weapons=0 available
  track 12 (FIGHTER, d=27.5km, v=300m/s) -> threat=150.74
  track 2 (ASM, d=2.6km, v=0m/s) -> threat=101.38
  track 4 (ASM, d=3.6km, v=0m/s) -> threat=101.28

[DECISION] t=267.2s | tracks=3 | weapons=0 available
  track 12 (FIGHTER, d=27.5km, v=300m/s) -> threat=150.74
  track 2 (ASM, d=2.6km, v=0m/s) -> threat=101.38
  track 4 (ASM, d=3.6km, v=0m/s) -> threat=101.28

[DECISION] t=267.5s | tracks=3 | weapons=0 available
  track 12 (FIGHTER, d=27.5km, v=300m/s) -> threat=150.74
  track 2 (ASM, d=2.6km, v=0m/s) -> threat=101.38
  track 4 (ASM, d=3.6km, v=0m/s) -> threat=101.28

[DECISION] t=0.0s | tracks=3 | weapons=0 available
  track 12 (FIGHTER, d=27.8km, v=300m/s) -> threat=150.74
  track 2 (ASM, d=2.6km, v=0m/s) -> threat=101.38
  track 4 (ASM, d=3.6km, v=0m/s) -> threat=101.28

[DECISION] t=267.7s | tracks=3 | weapons=0 available
  track 12 (FIGHTER, d=27.8km, v=300m/s) -> threat=150.74
  track 2 (ASM, d=2.6km, v=0m/s) -> threat=101.38
  track 4 (ASM, d=3.6km, v=0m/s) -> threat=101.28

[DECISION] t=267.9s | tracks=3 | weapons=0 available
  track 12 (FIGHTER, d=28.0km, v=300m/s) -> threat=150.74
  track 2 (ASM, d=2.6km, v=0m/s) -> threat=101.38
  track 4 (ASM, d=3.6km, v=0m/s) -> threat=101.28

[DECISION] t=268.1s | tracks=3 | weapons=0 available
  track 12 (FIGHTER, d=28.0km, v=300m/s) -> threat=150.74
  track 2 (ASM, d=2.6km, v=0m/s) -> threat=101.38
  track 4 (ASM, d=3.6km, v=0m/s) -> threat=101.28

[DECISION] t=268.3s | tracks=3 | weapons=0 available
  track 12 (FIGHTER, d=28.0km, v=300m/s) -> threat=150.74
  track 2 (ASM, d=2.6km, v=0m/s) -> threat=101.38
  track 4 (ASM, d=3.6km, v=0m/s) -> threat=101.28

[DECISION] t=268.5s | tracks=3 | weapons=0 available
  track 12 (FIGHTER, d=28.1km, v=300m/s) -> threat=150.74
  track 2 (ASM, d=2.6km, v=0m/s) -> threat=101.38
  track 4 (ASM, d=3.6km, v=0m/s) -> threat=101.28

[DECISION] t=268.8s | tracks=3 | weapons=0 available
  track 12 (FIGHTER, d=28.1km, v=300m/s) -> threat=150.74
  track 2 (ASM, d=2.6km, v=0m/s) -> threat=101.38
  track 4 (ASM, d=3.6km, v=0m/s) -> threat=101.28

[DECISION] t=269.2s | tracks=3 | weapons=0 available
  track 12 (FIGHTER, d=28.2km, v=300m/s) -> threat=150.74
  track 2 (ASM, d=2.6km, v=0m/s) -> threat=101.38
  track 4 (ASM, d=3.6km, v=0m/s) -> threat=101.28

[DECISION] t=269.3s | tracks=3 | weapons=0 available
  track 12 (FIGHTER, d=28.2km, v=300m/s) -> threat=150.74
  track 2 (ASM, d=2.6km, v=0m/s) -> threat=101.38
  track 4 (ASM, d=3.6km, v=0m/s) -> threat=101.28

[DECISION] t=269.6s | tracks=3 | weapons=0 available
  track 12 (FIGHTER, d=28.2km, v=300m/s) -> threat=150.74
  track 2 (ASM, d=2.6km, v=0m/s) -> threat=101.38
  track 4 (ASM, d=3.6km, v=0m/s) -> threat=101.28

[DECISION] t=269.8s | tracks=3 | weapons=0 available
  track 12 (FIGHTER, d=28.2km, v=300m/s) -> threat=150.74
  track 2 (ASM, d=2.6km, v=0m/s) -> threat=101.38
  track 4 (ASM, d=3.6km, v=0m/s) -> threat=101.28

[DECISION] t=270.1s | tracks=3 | weapons=0 available
  track 12 (FIGHTER, d=28.5km, v=300m/s) -> threat=150.74
  track 2 (ASM, d=2.6km, v=0m/s) -> threat=101.38
  track 4 (ASM, d=3.6km, v=0m/s) -> threat=101.28

[DECISION] t=270.3s | tracks=3 | weapons=0 available
  track 12 (FIGHTER, d=28.5km, v=300m/s) -> threat=150.74
  track 2 (ASM, d=2.6km, v=0m/s) -> threat=101.38
  track 4 (ASM, d=3.6km, v=0m/s) -> threat=101.28

[DECISION] t=270.4s | tracks=3 | weapons=0 available
  track 12 (FIGHTER, d=28.7km, v=300m/s) -> threat=150.73
  track 2 (ASM, d=2.6km, v=0m/s) -> threat=101.38
  track 4 (ASM, d=3.6km, v=0m/s) -> threat=101.28

[DECISION] t=270.7s | tracks=3 | weapons=0 available
  track 12 (FIGHTER, d=28.7km, v=300m/s) -> threat=150.73
  track 2 (ASM, d=2.6km, v=0m/s) -> threat=101.38
  track 4 (ASM, d=3.6km, v=0m/s) -> threat=101.28

[DECISION] t=271.0s | tracks=3 | weapons=0 available
  track 12 (FIGHTER, d=28.7km, v=300m/s) -> threat=150.73
  track 2 (ASM, d=2.6km, v=0m/s) -> threat=101.38
  track 4 (ASM, d=3.6km, v=0m/s) -> threat=101.28

[DECISION] t=271.3s | tracks=3 | weapons=0 available
  track 12 (FIGHTER, d=28.9km, v=300m/s) -> threat=150.73
  track 2 (ASM, d=2.6km, v=0m/s) -> threat=101.38
  track 4 (ASM, d=3.6km, v=0m/s) -> threat=101.28

[DECISION] t=271.5s | tracks=3 | weapons=0 available
  track 12 (FIGHTER, d=28.9km, v=300m/s) -> threat=150.73
  track 2 (ASM, d=2.6km, v=0m/s) -> threat=101.38
  track 4 (ASM, d=3.6km, v=0m/s) -> threat=101.28

[DECISION] t=271.9s | tracks=3 | weapons=0 available
  track 12 (FIGHTER, d=29.1km, v=300m/s) -> threat=150.73
  track 2 (ASM, d=2.6km, v=0m/s) -> threat=101.38
  track 4 (ASM, d=3.6km, v=0m/s) -> threat=101.28

[DECISION] t=272.1s | tracks=3 | weapons=0 available
  track 12 (FIGHTER, d=29.1km, v=300m/s) -> threat=150.73
  track 2 (ASM, d=2.6km, v=0m/s) -> threat=101.38
  track 4 (ASM, d=3.6km, v=0m/s) -> threat=101.28

[DECISION] t=272.3s | tracks=3 | weapons=0 available
  track 12 (FIGHTER, d=29.1km, v=300m/s) -> threat=150.73
  track 2 (ASM, d=2.6km, v=0m/s) -> threat=101.38
  track 4 (ASM, d=3.6km, v=0m/s) -> threat=101.28

[DECISION] t=272.4s | tracks=3 | weapons=0 available
  track 12 (FIGHTER, d=29.3km, v=300m/s) -> threat=150.73
  track 2 (ASM, d=2.6km, v=0m/s) -> threat=101.38
  track 4 (ASM, d=3.6km, v=0m/s) -> threat=101.28

[DECISION] t=272.5s | tracks=3 | weapons=0 available
  track 12 (FIGHTER, d=29.3km, v=300m/s) -> threat=150.73
  track 2 (ASM, d=2.6km, v=0m/s) -> threat=101.38
  track 4 (ASM, d=3.6km, v=0m/s) -> threat=101.28

[DECISION] t=272.8s | tracks=3 | weapons=0 available
  track 12 (FIGHTER, d=29.3km, v=300m/s) -> threat=150.73
  track 2 (ASM, d=2.6km, v=0m/s) -> threat=101.38
  track 4 (ASM, d=3.6km, v=0m/s) -> threat=101.28

[DECISION] t=273.0s | tracks=3 | weapons=0 available
  track 12 (FIGHTER, d=29.5km, v=300m/s) -> threat=150.73
  track 2 (ASM, d=2.6km, v=0m/s) -> threat=101.38
  track 4 (ASM, d=3.6km, v=0m/s) -> threat=101.28

[DECISION] t=273.1s | tracks=3 | weapons=0 available
  track 12 (FIGHTER, d=29.5km, v=300m/s) -> threat=150.73
  track 2 (ASM, d=2.6km, v=0m/s) -> threat=101.38
  track 4 (ASM, d=3.6km, v=0m/s) -> threat=101.28

[DECISION] t=0.0s | tracks=3 | weapons=0 available
  track 12 (FIGHTER, d=29.6km, v=300m/s) -> threat=150.73
  track 2 (ASM, d=2.6km, v=0m/s) -> threat=101.38
  track 4 (ASM, d=3.6km, v=0m/s) -> threat=101.28

[DECISION] t=273.5s | tracks=3 | weapons=0 available
  track 12 (FIGHTER, d=29.6km, v=300m/s) -> threat=150.73
  track 2 (ASM, d=2.6km, v=0m/s) -> threat=101.38
  track 4 (ASM, d=3.6km, v=0m/s) -> threat=101.28

[DECISION] t=273.8s | tracks=3 | weapons=0 available
  track 12 (FIGHTER, d=29.6km, v=300m/s) -> threat=150.73
  track 2 (ASM, d=2.6km, v=0m/s) -> threat=101.38
  track 4 (ASM, d=3.6km, v=0m/s) -> threat=101.28

[DECISION] t=274.0s | tracks=3 | weapons=0 available
  track 12 (FIGHTER, d=29.7km, v=300m/s) -> threat=150.73
  track 2 (ASM, d=2.6km, v=0m/s) -> threat=101.38
  track 4 (ASM, d=3.6km, v=0m/s) -> threat=101.28

[DECISION] t=274.0s | tracks=3 | weapons=0 available
  track 12 (FIGHTER, d=29.7km, v=300m/s) -> threat=150.73
  track 2 (ASM, d=2.6km, v=0m/s) -> threat=101.38
  track 4 (ASM, d=3.6km, v=0m/s) -> threat=101.28

[DECISION] t=0.0s | tracks=3 | weapons=0 available
  track 12 (FIGHTER, d=29.7km, v=300m/s) -> threat=150.73
  track 2 (ASM, d=2.6km, v=0m/s) -> threat=101.38
  track 4 (ASM, d=3.6km, v=0m/s) -> threat=101.28

[DECISION] t=274.4s | tracks=3 | weapons=0 available
  track 12 (FIGHTER, d=29.9km, v=300m/s) -> threat=150.73
  track 2 (ASM, d=2.6km, v=0m/s) -> threat=101.38
  track 4 (ASM, d=3.6km, v=0m/s) -> threat=101.28

[DECISION] t=274.7s | tracks=3 | weapons=0 available
  track 12 (FIGHTER, d=29.9km, v=300m/s) -> threat=150.73
  track 2 (ASM, d=2.6km, v=0m/s) -> threat=101.38
  track 4 (ASM, d=3.6km, v=0m/s) -> threat=101.28

[DECISION] t=274.8s | tracks=3 | weapons=0 available
  track 12 (FIGHTER, d=30.0km, v=300m/s) -> threat=150.73
  track 2 (ASM, d=2.6km, v=0m/s) -> threat=101.38
  track 4 (ASM, d=3.6km, v=0m/s) -> threat=101.28

[DECISION] t=275.1s | tracks=3 | weapons=0 available
  track 12 (FIGHTER, d=30.0km, v=300m/s) -> threat=150.73
  track 2 (ASM, d=2.6km, v=0m/s) -> threat=101.38
  track 4 (ASM, d=3.6km, v=0m/s) -> threat=101.28

[DECISION] t=275.4s | tracks=2 | weapons=0 available
  track 2 (ASM, d=2.6km, v=0m/s) -> threat=101.38
  track 4 (ASM, d=3.6km, v=0m/s) -> threat=101.28

[DECISION] t=275.7s | tracks=2 | weapons=0 available
  track 2 (ASM, d=2.6km, v=0m/s) -> threat=101.38
  track 4 (ASM, d=3.6km, v=0m/s) -> threat=101.28

[DECISION] t=0.0s | tracks=2 | weapons=0 available
  track 2 (ASM, d=2.6km, v=0m/s) -> threat=101.38
  track 4 (ASM, d=3.6km, v=0m/s) -> threat=101.28

[DECISION] t=0.0s | tracks=2 | weapons=0 available
  track 2 (ASM, d=2.6km, v=0m/s) -> threat=101.38
  track 4 (ASM, d=3.6km, v=0m/s) -> threat=101.28

[DECISION] t=0.0s | tracks=2 | weapons=0 available
  track 2 (ASM, d=2.6km, v=0m/s) -> threat=101.38
  track 4 (ASM, d=3.6km, v=0m/s) -> threat=101.28

[DECISION] t=0.0s | tracks=2 | weapons=0 available
  track 2 (ASM, d=2.6km, v=0m/s) -> threat=101.38
  track 4 (ASM, d=3.6km, v=0m/s) -> threat=101.28

[DECISION] t=276.4s | tracks=2 | weapons=0 available
  track 2 (ASM, d=2.6km, v=0m/s) -> threat=101.38
  track 4 (ASM, d=3.6km, v=0m/s) -> threat=101.28

[DECISION] t=0.0s | tracks=2 | weapons=0 available
  track 2 (ASM, d=2.6km, v=0m/s) -> threat=101.38
  track 4 (ASM, d=3.6km, v=0m/s) -> threat=101.28

[DECISION] t=276.9s | tracks=2 | weapons=0 available
  track 2 (ASM, d=2.6km, v=0m/s) -> threat=101.38
  track 4 (ASM, d=3.6km, v=0m/s) -> threat=101.28

[DECISION] t=277.3s | tracks=2 | weapons=0 available
  track 2 (ASM, d=2.6km, v=0m/s) -> threat=101.38
  track 4 (ASM, d=3.6km, v=0m/s) -> threat=101.28

[DECISION] t=277.4s | tracks=2 | weapons=0 available
  track 2 (ASM, d=2.6km, v=0m/s) -> threat=101.38
  track 4 (ASM, d=3.6km, v=0m/s) -> threat=101.28

[DECISION] t=277.6s | tracks=2 | weapons=0 available
  track 2 (ASM, d=2.6km, v=0m/s) -> threat=101.38
  track 4 (ASM, d=3.6km, v=0m/s) -> threat=101.28

[DECISION] t=277.7s | tracks=2 | weapons=0 available
  track 2 (ASM, d=2.6km, v=0m/s) -> threat=101.38
  track 4 (ASM, d=3.6km, v=0m/s) -> threat=101.28

[DECISION] t=277.8s | tracks=2 | weapons=0 available
  track 2 (ASM, d=2.6km, v=0m/s) -> threat=101.38
  track 4 (ASM, d=3.6km, v=0m/s) -> threat=101.28

[DECISION] t=0.0s | tracks=2 | weapons=0 available
  track 2 (ASM, d=2.6km, v=0m/s) -> threat=101.38
  track 4 (ASM, d=3.6km, v=0m/s) -> threat=101.28

[DECISION] t=278.4s | tracks=2 | weapons=0 available
  track 2 (ASM, d=2.6km, v=0m/s) -> threat=101.38
  track 4 (ASM, d=3.6km, v=0m/s) -> threat=101.28

[DECISION] t=278.6s | tracks=2 | weapons=0 available
  track 2 (ASM, d=2.6km, v=0m/s) -> threat=101.38
  track 4 (ASM, d=3.6km, v=0m/s) -> threat=101.28

[DECISION] t=278.8s | tracks=2 | weapons=0 available
  track 2 (ASM, d=2.6km, v=0m/s) -> threat=101.38
  track 4 (ASM, d=3.6km, v=0m/s) -> threat=101.28

[DECISION] t=0.0s | tracks=2 | weapons=0 available
  track 2 (ASM, d=2.6km, v=0m/s) -> threat=101.38
  track 4 (ASM, d=3.6km, v=0m/s) -> threat=101.28

[DECISION] t=279.3s | tracks=2 | weapons=0 available
  track 2 (ASM, d=2.6km, v=0m/s) -> threat=101.38
  track 4 (ASM, d=3.6km, v=0m/s) -> threat=101.28

[DECISION] t=279.5s | tracks=2 | weapons=0 available
  track 2 (ASM, d=2.6km, v=0m/s) -> threat=101.38
  track 4 (ASM, d=3.6km, v=0m/s) -> threat=101.28

[DECISION] t=279.7s | tracks=2 | weapons=0 available
  track 2 (ASM, d=2.6km, v=0m/s) -> threat=101.38
  track 4 (ASM, d=3.6km, v=0m/s) -> threat=101.28

[DECISION] t=0.0s | tracks=2 | weapons=0 available
  track 2 (ASM, d=2.6km, v=0m/s) -> threat=101.38
  track 4 (ASM, d=3.6km, v=0m/s) -> threat=101.28

[DECISION] t=0.0s | tracks=2 | weapons=0 available
  track 2 (ASM, d=2.6km, v=0m/s) -> threat=101.38
  track 4 (ASM, d=3.6km, v=0m/s) -> threat=101.28

[DECISION] t=280.2s | tracks=2 | weapons=0 available
  track 2 (ASM, d=2.6km, v=0m/s) -> threat=101.38
  track 4 (ASM, d=3.6km, v=0m/s) -> threat=101.28

[DECISION] t=280.4s | tracks=2 | weapons=0 available
  track 2 (ASM, d=2.6km, v=0m/s) -> threat=101.38
  track 4 (ASM, d=3.6km, v=0m/s) -> threat=101.28

[DECISION] t=280.5s | tracks=2 | weapons=0 available
  track 2 (ASM, d=2.6km, v=0m/s) -> threat=101.38
  track 4 (ASM, d=3.6km, v=0m/s) -> threat=101.28

[DECISION] t=280.8s | tracks=2 | weapons=0 available
  track 2 (ASM, d=2.6km, v=0m/s) -> threat=101.38
  track 4 (ASM, d=3.6km, v=0m/s) -> threat=101.28

[DECISION] t=281.0s | tracks=2 | weapons=0 available
  track 2 (ASM, d=2.6km, v=0m/s) -> threat=101.38
  track 4 (ASM, d=3.6km, v=0m/s) -> threat=101.28

[DECISION] t=281.2s | tracks=2 | weapons=0 available
  track 2 (ASM, d=2.6km, v=0m/s) -> threat=101.38
  track 4 (ASM, d=3.6km, v=0m/s) -> threat=101.28

[DECISION] t=281.5s | tracks=2 | weapons=0 available
  track 2 (ASM, d=2.6km, v=0m/s) -> threat=101.38
  track 4 (ASM, d=3.6km, v=0m/s) -> threat=101.28

[DECISION] t=281.8s | tracks=2 | weapons=0 available
  track 2 (ASM, d=2.6km, v=0m/s) -> threat=101.38
  track 4 (ASM, d=3.6km, v=0m/s) -> threat=101.28

[DECISION] t=282.0s | tracks=2 | weapons=0 available
  track 2 (ASM, d=2.6km, v=0m/s) -> threat=101.38
  track 4 (ASM, d=3.6km, v=0m/s) -> threat=101.28

[DECISION] t=282.1s | tracks=2 | weapons=0 available
  track 2 (ASM, d=2.6km, v=0m/s) -> threat=101.38
  track 4 (ASM, d=3.6km, v=0m/s) -> threat=101.28

[DECISION] t=282.5s | tracks=2 | weapons=0 available
  track 2 (ASM, d=2.6km, v=0m/s) -> threat=101.38
  track 4 (ASM, d=3.6km, v=0m/s) -> threat=101.28

[DECISION] t=282.6s | tracks=2 | weapons=0 available
  track 2 (ASM, d=2.6km, v=0m/s) -> threat=101.38
  track 4 (ASM, d=3.6km, v=0m/s) -> threat=101.28

[DECISION] t=282.7s | tracks=2 | weapons=0 available
  track 2 (ASM, d=2.6km, v=0m/s) -> threat=101.38
  track 4 (ASM, d=3.6km, v=0m/s) -> threat=101.28

[DECISION] t=282.9s | tracks=2 | weapons=0 available
  track 2 (ASM, d=2.6km, v=0m/s) -> threat=101.38
  track 4 (ASM, d=3.6km, v=0m/s) -> threat=101.28

[DECISION] t=0.0s | tracks=2 | weapons=0 available
  track 2 (ASM, d=2.6km, v=0m/s) -> threat=101.38
  track 4 (ASM, d=3.6km, v=0m/s) -> threat=101.28

[DECISION] t=0.0s | tracks=2 | weapons=0 available
  track 2 (ASM, d=2.6km, v=0m/s) -> threat=101.38
  track 4 (ASM, d=3.6km, v=0m/s) -> threat=101.28

[DECISION] t=0.0s | tracks=2 | weapons=0 available
  track 2 (ASM, d=2.6km, v=0m/s) -> threat=101.38
  track 4 (ASM, d=3.6km, v=0m/s) -> threat=101.28

[DECISION] t=283.8s | tracks=2 | weapons=0 available
  track 2 (ASM, d=2.6km, v=0m/s) -> threat=101.38
  track 4 (ASM, d=3.6km, v=0m/s) -> threat=101.28

[DECISION] t=0.0s | tracks=2 | weapons=0 available
  track 2 (ASM, d=2.6km, v=0m/s) -> threat=101.38
  track 4 (ASM, d=3.6km, v=0m/s) -> threat=101.28

[DECISION] t=0.0s | tracks=2 | weapons=0 available
  track 2 (ASM, d=2.6km, v=0m/s) -> threat=101.38
  track 4 (ASM, d=3.6km, v=0m/s) -> threat=101.28

[DECISION] t=284.2s | tracks=2 | weapons=0 available
  track 2 (ASM, d=2.6km, v=0m/s) -> threat=101.38
  track 4 (ASM, d=3.6km, v=0m/s) -> threat=101.28

[DECISION] t=284.4s | tracks=2 | weapons=0 available
  track 2 (ASM, d=2.6km, v=0m/s) -> threat=101.38
  track 4 (ASM, d=3.6km, v=0m/s) -> threat=101.28

[DECISION] t=284.7s | tracks=2 | weapons=0 available
  track 2 (ASM, d=2.6km, v=0m/s) -> threat=101.38
  track 4 (ASM, d=3.6km, v=0m/s) -> threat=101.28

[DECISION] t=284.9s | tracks=2 | weapons=0 available
  track 2 (ASM, d=2.6km, v=0m/s) -> threat=101.38
  track 4 (ASM, d=3.6km, v=0m/s) -> threat=101.28

[DECISION] t=285.2s | tracks=2 | weapons=0 available
  track 2 (ASM, d=2.6km, v=0m/s) -> threat=101.38
  track 4 (ASM, d=3.6km, v=0m/s) -> threat=101.28

[DECISION] t=285.5s | tracks=2 | weapons=0 available
  track 2 (ASM, d=2.6km, v=0m/s) -> threat=101.38
  track 4 (ASM, d=3.6km, v=0m/s) -> threat=101.28

[DECISION] t=285.6s | tracks=2 | weapons=0 available
  track 2 (ASM, d=2.6km, v=0m/s) -> threat=101.38
  track 4 (ASM, d=3.6km, v=0m/s) -> threat=101.28

[DECISION] t=285.8s | tracks=2 | weapons=0 available
  track 2 (ASM, d=2.6km, v=0m/s) -> threat=101.38
  track 4 (ASM, d=3.6km, v=0m/s) -> threat=101.28

[DECISION] t=286.0s | tracks=2 | weapons=0 available
  track 2 (ASM, d=2.6km, v=0m/s) -> threat=101.38
  track 4 (ASM, d=3.6km, v=0m/s) -> threat=101.28

[DECISION] t=0.0s | tracks=2 | weapons=0 available
  track 2 (ASM, d=2.6km, v=0m/s) -> threat=101.38
  track 4 (ASM, d=3.6km, v=0m/s) -> threat=101.28

[DECISION] t=286.4s | tracks=2 | weapons=0 available
  track 2 (ASM, d=2.6km, v=0m/s) -> threat=101.38
  track 4 (ASM, d=3.6km, v=0m/s) -> threat=101.28

[DECISION] t=286.6s | tracks=2 | weapons=0 available
  track 2 (ASM, d=2.6km, v=0m/s) -> threat=101.38
  track 4 (ASM, d=3.6km, v=0m/s) -> threat=101.28

[DECISION] t=286.9s | tracks=2 | weapons=0 available
  track 2 (ASM, d=2.6km, v=0m/s) -> threat=101.38
  track 4 (ASM, d=3.6km, v=0m/s) -> threat=101.28

[DECISION] t=287.3s | tracks=2 | weapons=0 available
  track 2 (ASM, d=2.6km, v=0m/s) -> threat=101.38
  track 4 (ASM, d=3.6km, v=0m/s) -> threat=101.28

[DECISION] t=287.6s | tracks=2 | weapons=0 available
  track 2 (ASM, d=2.6km, v=0m/s) -> threat=101.38
  track 4 (ASM, d=3.6km, v=0m/s) -> threat=101.28

[DECISION] t=0.0s | tracks=2 | weapons=0 available
  track 2 (ASM, d=2.6km, v=0m/s) -> threat=101.38
  track 4 (ASM, d=3.6km, v=0m/s) -> threat=101.28

[DECISION] t=287.9s | tracks=2 | weapons=0 available
  track 2 (ASM, d=2.6km, v=0m/s) -> threat=101.38
  track 4 (ASM, d=3.6km, v=0m/s) -> threat=101.28

[DECISION] t=0.0s | tracks=2 | weapons=0 available
  track 2 (ASM, d=2.6km, v=0m/s) -> threat=101.38
  track 4 (ASM, d=3.6km, v=0m/s) -> threat=101.28

[DECISION] t=288.2s | tracks=2 | weapons=0 available
  track 2 (ASM, d=2.6km, v=0m/s) -> threat=101.38
  track 4 (ASM, d=3.6km, v=0m/s) -> threat=101.28

[DECISION] t=288.4s | tracks=2 | weapons=0 available
  track 2 (ASM, d=2.6km, v=0m/s) -> threat=101.38
  track 4 (ASM, d=3.6km, v=0m/s) -> threat=101.28

[DECISION] t=288.6s | tracks=2 | weapons=0 available
  track 2 (ASM, d=2.6km, v=0m/s) -> threat=101.38
  track 4 (ASM, d=3.6km, v=0m/s) -> threat=101.28

[DECISION] t=288.9s | tracks=2 | weapons=0 available
  track 2 (ASM, d=2.6km, v=0m/s) -> threat=101.38
  track 4 (ASM, d=3.6km, v=0m/s) -> threat=101.28

[DECISION] t=289.2s | tracks=2 | weapons=0 available
  track 2 (ASM, d=2.6km, v=0m/s) -> threat=101.38
  track 4 (ASM, d=3.6km, v=0m/s) -> threat=101.28

[DECISION] t=289.3s | tracks=2 | weapons=0 available
  track 2 (ASM, d=2.6km, v=0m/s) -> threat=101.38
  track 4 (ASM, d=3.6km, v=0m/s) -> threat=101.28

[DECISION] t=289.7s | tracks=2 | weapons=0 available
  track 2 (ASM, d=2.6km, v=0m/s) -> threat=101.38
  track 4 (ASM, d=3.6km, v=0m/s) -> threat=101.28

[DECISION] t=290.1s | tracks=2 | weapons=0 available
  track 2 (ASM, d=2.6km, v=0m/s) -> threat=101.38
  track 4 (ASM, d=3.6km, v=0m/s) -> threat=101.28

[DECISION] t=290.4s | tracks=2 | weapons=0 available
  track 2 (ASM, d=2.6km, v=0m/s) -> threat=101.38
  track 4 (ASM, d=3.6km, v=0m/s) -> threat=101.28

[DECISION] t=0.0s | tracks=2 | weapons=0 available
  track 2 (ASM, d=2.6km, v=0m/s) -> threat=101.38
  track 4 (ASM, d=3.6km, v=0m/s) -> threat=101.28

[DECISION] t=290.9s | tracks=2 | weapons=0 available
  track 2 (ASM, d=2.6km, v=0m/s) -> threat=101.38
  track 4 (ASM, d=3.6km, v=0m/s) -> threat=101.28

[DECISION] t=291.1s | tracks=2 | weapons=0 available
  track 2 (ASM, d=2.6km, v=0m/s) -> threat=101.38
  track 4 (ASM, d=3.6km, v=0m/s) -> threat=101.28

[DECISION] t=291.4s | tracks=2 | weapons=0 available
  track 2 (ASM, d=2.6km, v=0m/s) -> threat=101.38
  track 4 (ASM, d=3.6km, v=0m/s) -> threat=101.28

[DECISION] t=291.5s | tracks=2 | weapons=0 available
  track 2 (ASM, d=2.6km, v=0m/s) -> threat=101.38
  track 4 (ASM, d=3.6km, v=0m/s) -> threat=101.28

[DECISION] t=291.8s | tracks=2 | weapons=0 available
  track 2 (ASM, d=2.6km, v=0m/s) -> threat=101.38
  track 4 (ASM, d=3.6km, v=0m/s) -> threat=101.28

[DECISION] t=292.1s | tracks=2 | weapons=0 available
  track 2 (ASM, d=2.6km, v=0m/s) -> threat=101.38
  track 4 (ASM, d=3.6km, v=0m/s) -> threat=101.28

[DECISION] t=292.3s | tracks=2 | weapons=0 available
  track 2 (ASM, d=2.6km, v=0m/s) -> threat=101.38
  track 4 (ASM, d=3.6km, v=0m/s) -> threat=101.28

[DECISION] t=292.5s | tracks=2 | weapons=0 available
  track 2 (ASM, d=2.6km, v=0m/s) -> threat=101.38
  track 4 (ASM, d=3.6km, v=0m/s) -> threat=101.28

[DECISION] t=292.9s | tracks=2 | weapons=0 available
  track 2 (ASM, d=2.6km, v=0m/s) -> threat=101.38
  track 4 (ASM, d=3.6km, v=0m/s) -> threat=101.28

[DECISION] t=293.0s | tracks=2 | weapons=0 available
  track 2 (ASM, d=2.6km, v=0m/s) -> threat=101.38
  track 4 (ASM, d=3.6km, v=0m/s) -> threat=101.28

[DECISION] t=0.0s | tracks=2 | weapons=0 available
  track 2 (ASM, d=2.6km, v=0m/s) -> threat=101.38
  track 4 (ASM, d=3.6km, v=0m/s) -> threat=101.28

[DECISION] t=293.2s | tracks=2 | weapons=0 available
  track 2 (ASM, d=2.6km, v=0m/s) -> threat=101.38
  track 4 (ASM, d=3.6km, v=0m/s) -> threat=101.28

[DECISION] t=0.0s | tracks=2 | weapons=0 available
  track 2 (ASM, d=2.6km, v=0m/s) -> threat=101.38
  track 4 (ASM, d=3.6km, v=0m/s) -> threat=101.28

[DECISION] t=293.8s | tracks=2 | weapons=0 available
  track 2 (ASM, d=2.6km, v=0m/s) -> threat=101.38
  track 4 (ASM, d=3.6km, v=0m/s) -> threat=101.28

[DECISION] t=293.9s | tracks=2 | weapons=0 available
  track 2 (ASM, d=2.6km, v=0m/s) -> threat=101.38
  track 4 (ASM, d=3.6km, v=0m/s) -> threat=101.28

[DECISION] t=294.1s | tracks=2 | weapons=0 available
  track 2 (ASM, d=2.6km, v=0m/s) -> threat=101.38
  track 4 (ASM, d=3.6km, v=0m/s) -> threat=101.28

[DECISION] t=294.3s | tracks=2 | weapons=0 available
  track 2 (ASM, d=2.6km, v=0m/s) -> threat=101.38
  track 4 (ASM, d=3.6km, v=0m/s) -> threat=101.28

[DECISION] t=0.0s | tracks=2 | weapons=0 available
  track 2 (ASM, d=2.6km, v=0m/s) -> threat=101.38
  track 4 (ASM, d=3.6km, v=0m/s) -> threat=101.28

[DECISION] t=295.0s | tracks=2 | weapons=0 available
  track 2 (ASM, d=2.6km, v=0m/s) -> threat=101.38
  track 4 (ASM, d=3.6km, v=0m/s) -> threat=101.28

[DECISION] t=295.6s | tracks=2 | weapons=0 available
  track 2 (ASM, d=2.6km, v=0m/s) -> threat=101.38
  track 4 (ASM, d=3.6km, v=0m/s) -> threat=101.28

[DECISION] t=295.8s | tracks=2 | weapons=0 available
  track 2 (ASM, d=2.6km, v=0m/s) -> threat=101.38
  track 4 (ASM, d=3.6km, v=0m/s) -> threat=101.28

[DECISION] t=295.9s | tracks=2 | weapons=0 available
  track 2 (ASM, d=2.6km, v=0m/s) -> threat=101.38
  track 4 (ASM, d=3.6km, v=0m/s) -> threat=101.28

[DECISION] t=296.1s | tracks=2 | weapons=0 available
  track 2 (ASM, d=2.6km, v=0m/s) -> threat=101.38
  track 4 (ASM, d=3.6km, v=0m/s) -> threat=101.28

[DECISION] t=296.7s | tracks=2 | weapons=0 available
  track 2 (ASM, d=2.6km, v=0m/s) -> threat=101.38
  track 4 (ASM, d=3.6km, v=0m/s) -> threat=101.28

[DECISION] t=296.9s | tracks=2 | weapons=0 available
  track 2 (ASM, d=2.6km, v=0m/s) -> threat=101.38
  track 4 (ASM, d=3.6km, v=0m/s) -> threat=101.28

[DECISION] t=297.0s | tracks=2 | weapons=0 available
  track 2 (ASM, d=2.6km, v=0m/s) -> threat=101.38
  track 4 (ASM, d=3.6km, v=0m/s) -> threat=101.28

[DECISION] t=0.0s | tracks=2 | weapons=0 available
  track 2 (ASM, d=2.6km, v=0m/s) -> threat=101.38
  track 4 (ASM, d=3.6km, v=0m/s) -> threat=101.28

[DECISION] t=297.4s | tracks=2 | weapons=0 available
  track 2 (ASM, d=2.6km, v=0m/s) -> threat=101.38
  track 4 (ASM, d=3.6km, v=0m/s) -> threat=101.28

[DECISION] t=297.6s | tracks=2 | weapons=0 available
  track 2 (ASM, d=2.6km, v=0m/s) -> threat=101.38
  track 4 (ASM, d=3.6km, v=0m/s) -> threat=101.28

[DECISION] t=297.8s | tracks=2 | weapons=0 available
  track 2 (ASM, d=2.6km, v=0m/s) -> threat=101.38
  track 4 (ASM, d=3.6km, v=0m/s) -> threat=101.28

[DECISION] t=298.0s | tracks=2 | weapons=0 available
  track 2 (ASM, d=2.6km, v=0m/s) -> threat=101.38
  track 4 (ASM, d=3.6km, v=0m/s) -> threat=101.28

[DECISION] t=298.2s | tracks=2 | weapons=0 available
  track 2 (ASM, d=2.6km, v=0m/s) -> threat=101.38
  track 4 (ASM, d=3.6km, v=0m/s) -> threat=101.28

[DECISION] t=298.3s | tracks=2 | weapons=0 available
  track 2 (ASM, d=2.6km, v=0m/s) -> threat=101.38
  track 4 (ASM, d=3.6km, v=0m/s) -> threat=101.28

[DECISION] t=298.6s | tracks=2 | weapons=0 available
  track 2 (ASM, d=2.6km, v=0m/s) -> threat=101.38
  track 4 (ASM, d=3.6km, v=0m/s) -> threat=101.28

[DECISION] t=298.8s | tracks=2 | weapons=0 available
  track 2 (ASM, d=2.6km, v=0m/s) -> threat=101.38
  track 4 (ASM, d=3.6km, v=0m/s) -> threat=101.28

[DECISION] t=298.9s | tracks=2 | weapons=0 available
  track 2 (ASM, d=2.6km, v=0m/s) -> threat=101.38
  track 4 (ASM, d=3.6km, v=0m/s) -> threat=101.28

[DECISION] t=299.0s | tracks=2 | weapons=0 available
  track 2 (ASM, d=2.6km, v=0m/s) -> threat=101.38
  track 4 (ASM, d=3.6km, v=0m/s) -> threat=101.28

[DECISION] t=0.0s | tracks=2 | weapons=0 available
  track 2 (ASM, d=2.6km, v=0m/s) -> threat=101.38
  track 4 (ASM, d=3.6km, v=0m/s) -> threat=101.28

[DECISION] t=299.5s | tracks=2 | weapons=0 available
  track 2 (ASM, d=2.6km, v=0m/s) -> threat=101.38
  track 4 (ASM, d=3.6km, v=0m/s) -> threat=101.28

[DECISION] t=0.0s | tracks=2 | weapons=0 available
  track 2 (ASM, d=2.6km, v=0m/s) -> threat=101.38
  track 4 (ASM, d=3.6km, v=0m/s) -> threat=101.28

[DECISION] t=300.0s | tracks=2 | weapons=0 available
  track 2 (ASM, d=2.6km, v=0m/s) -> threat=101.38
  track 4 (ASM, d=3.6km, v=0m/s) -> threat=101.28

[DECISION] t=300.0s | tracks=2 | weapons=0 available
  track 2 (ASM, d=2.6km, v=0m/s) -> threat=101.38
  track 4 (ASM, d=3.6km, v=0m/s) -> threat=101.28

[DECISION] t=300.0s | tracks=2 | weapons=0 available
  track 2 (ASM, d=2.6km, v=0m/s) -> threat=101.38
  track 4 (ASM, d=3.6km, v=0m/s) -> threat=101.28

[DECISION] t=300.0s | tracks=2 | weapons=0 available
  track 2 (ASM, d=2.6km, v=0m/s) -> threat=101.38
  track 4 (ASM, d=3.6km, v=0m/s) -> threat=101.28

[DECISION] t=300.0s | tracks=2 | weapons=0 available
  track 2 (ASM, d=2.6km, v=0m/s) -> threat=101.38
  track 4 (ASM, d=3.6km, v=0m/s) -> threat=101.28

[DECISION] t=300.0s | tracks=2 | weapons=0 available
  track 2 (ASM, d=2.6km, v=0m/s) -> threat=101.38
  track 4 (ASM, d=3.6km, v=0m/s) -> threat=101.28

[DECISION] t=300.0s | tracks=2 | weapons=0 available
  track 2 (ASM, d=2.6km, v=0m/s) -> threat=101.38
  track 4 (ASM, d=3.6km, v=0m/s) -> threat=101.28

[DECISION] t=300.0s | tracks=2 | weapons=0 available
  track 2 (ASM, d=2.6km, v=0m/s) -> threat=101.38
  track 4 (ASM, d=3.6km, v=0m/s) -> threat=101.28

[DECISION] t=300.0s | tracks=2 | weapons=0 available
  track 2 (ASM, d=2.6km, v=0m/s) -> threat=101.38
  track 4 (ASM, d=3.6km, v=0m/s) -> threat=101.28

[DECISION] t=300.0s | tracks=2 | weapons=0 available
  track 2 (ASM, d=2.6km, v=0m/s) -> threat=101.38
  track 4 (ASM, d=3.6km, v=0m/s) -> threat=101.28

[DECISION] t=300.0s | tracks=2 | weapons=0 available
  track 2 (ASM, d=2.6km, v=0m/s) -> threat=101.38
  track 4 (ASM, d=3.6km, v=0m/s) -> threat=101.28

[DECISION] t=300.0s | tracks=2 | weapons=0 available
  track 2 (ASM, d=2.6km, v=0m/s) -> threat=101.38
  track 4 (ASM, d=3.6km, v=0m/s) -> threat=101.28

[DECISION] t=300.0s | tracks=2 | weapons=0 available
  track 2 (ASM, d=2.6km, v=0m/s) -> threat=101.38
  track 4 (ASM, d=3.6km, v=0m/s) -> threat=101.28

[DECISION] t=300.0s | tracks=2 | weapons=0 available
  track 2 (ASM, d=2.6km, v=0m/s) -> threat=101.38
  track 4 (ASM, d=3.6km, v=0m/s) -> threat=101.28

[DECISION] t=300.0s | tracks=2 | weapons=0 available
  track 2 (ASM, d=2.6km, v=0m/s) -> threat=101.38
  track 4 (ASM, d=3.6km, v=0m/s) -> threat=101.28

[DECISION] t=300.0s | tracks=2 | weapons=0 available
  track 2 (ASM, d=2.6km, v=0m/s) -> threat=101.38
  track 4 (ASM, d=3.6km, v=0m/s) -> threat=101.28

[DECISION] t=300.0s | tracks=2 | weapons=0 available
  track 2 (ASM, d=2.6km, v=0m/s) -> threat=101.38
  track 4 (ASM, d=3.6km, v=0m/s) -> threat=101.28

[DECISION] t=300.0s | tracks=2 | weapons=0 available
  track 2 (ASM, d=2.6km, v=0m/s) -> threat=101.38
  track 4 (ASM, d=3.6km, v=0m/s) -> threat=101.28

[DECISION] t=300.0s | tracks=2 | weapons=0 available
  track 2 (ASM, d=2.6km, v=0m/s) -> threat=101.38
  track 4 (ASM, d=3.6km, v=0m/s) -> threat=101.28

[DECISION] t=300.0s | tracks=2 | weapons=0 available
  track 2 (ASM, d=2.6km, v=0m/s) -> threat=101.38
  track 4 (ASM, d=3.6km, v=0m/s) -> threat=101.28

[DECISION] t=300.0s | tracks=2 | weapons=0 available
  track 2 (ASM, d=2.6km, v=0m/s) -> threat=101.38
  track 4 (ASM, d=3.6km, v=0m/s) -> threat=101.28

[DECISION] t=300.0s | tracks=2 | weapons=0 available
  track 2 (ASM, d=2.6km, v=0m/s) -> threat=101.38
  track 4 (ASM, d=3.6km, v=0m/s) -> threat=101.28

[DECISION] t=300.0s | tracks=2 | weapons=0 available
  track 2 (ASM, d=2.6km, v=0m/s) -> threat=101.38
  track 4 (ASM, d=3.6km, v=0m/s) -> threat=101.28

[DECISION] t=300.0s | tracks=2 | weapons=0 available
  track 2 (ASM, d=2.6km, v=0m/s) -> threat=101.38
  track 4 (ASM, d=3.6km, v=0m/s) -> threat=101.28

[DECISION] t=300.0s | tracks=2 | weapons=0 available
  track 2 (ASM, d=2.6km, v=0m/s) -> threat=101.38
  track 4 (ASM, d=3.6km, v=0m/s) -> threat=101.28

[DECISION] t=300.0s | tracks=2 | weapons=0 available
  track 2 (ASM, d=2.6km, v=0m/s) -> threat=101.38
  track 4 (ASM, d=3.6km, v=0m/s) -> threat=101.28

[DECISION] t=300.0s | tracks=2 | weapons=0 available
  track 2 (ASM, d=2.6km, v=0m/s) -> threat=101.38
  track 4 (ASM, d=3.6km, v=0m/s) -> threat=101.28

[DECISION] t=300.0s | tracks=2 | weapons=0 available
  track 2 (ASM, d=2.6km, v=0m/s) -> threat=101.38
  track 4 (ASM, d=3.6km, v=0m/s) -> threat=101.28

[DECISION] t=300.0s | tracks=2 | weapons=0 available
  track 2 (ASM, d=2.6km, v=0m/s) -> threat=101.38
  track 4 (ASM, d=3.6km, v=0m/s) -> threat=101.28

[DECISION] t=300.0s | tracks=2 | weapons=0 available
  track 2 (ASM, d=2.6km, v=0m/s) -> threat=101.38
  track 4 (ASM, d=3.6km, v=0m/s) -> threat=101.28

[DECISION] t=300.0s | tracks=2 | weapons=0 available
  track 2 (ASM, d=2.6km, v=0m/s) -> threat=101.38
  track 4 (ASM, d=3.6km, v=0m/s) -> threat=101.28

[DECISION] t=300.0s | tracks=2 | weapons=0 available
  track 2 (ASM, d=2.6km, v=0m/s) -> threat=101.38
  track 4 (ASM, d=3.6km, v=0m/s) -> threat=101.28

[DECISION] t=300.0s | tracks=2 | weapons=0 available
  track 2 (ASM, d=2.6km, v=0m/s) -> threat=101.38
  track 4 (ASM, d=3.6km, v=0m/s) -> threat=101.28

[DECISION] t=300.0s | tracks=2 | weapons=0 available
  track 2 (ASM, d=2.6km, v=0m/s) -> threat=101.38
  track 4 (ASM, d=3.6km, v=0m/s) -> threat=101.28

[DECISION] t=300.0s | tracks=2 | weapons=0 available
  track 2 (ASM, d=2.6km, v=0m/s) -> threat=101.38
  track 4 (ASM, d=3.6km, v=0m/s) -> threat=101.28

[DECISION] t=300.0s | tracks=2 | weapons=0 available
  track 2 (ASM, d=2.6km, v=0m/s) -> threat=101.38
  track 4 (ASM, d=3.6km, v=0m/s) -> threat=101.28

[DECISION] t=300.0s | tracks=2 | weapons=0 available
  track 2 (ASM, d=2.6km, v=0m/s) -> threat=101.38
  track 4 (ASM, d=3.6km, v=0m/s) -> threat=101.28

[DECISION] t=300.0s | tracks=2 | weapons=0 available
  track 2 (ASM, d=2.6km, v=0m/s) -> threat=101.38
  track 4 (ASM, d=3.6km, v=0m/s) -> threat=101.28

[DECISION] t=300.0s | tracks=2 | weapons=0 available
  track 2 (ASM, d=2.6km, v=0m/s) -> threat=101.38
  track 4 (ASM, d=3.6km, v=0m/s) -> threat=101.28

[DECISION] t=300.0s | tracks=2 | weapons=0 available
  track 2 (ASM, d=2.6km, v=0m/s) -> threat=101.38
  track 4 (ASM, d=3.6km, v=0m/s) -> threat=101.28

[DECISION] t=300.0s | tracks=2 | weapons=0 available
  track 2 (ASM, d=2.6km, v=0m/s) -> threat=101.38
  track 4 (ASM, d=3.6km, v=0m/s) -> threat=101.28

[DECISION] t=300.0s | tracks=2 | weapons=0 available
  track 2 (ASM, d=2.6km, v=0m/s) -> threat=101.38
  track 4 (ASM, d=3.6km, v=0m/s) -> threat=101.28

[DECISION] t=300.0s | tracks=2 | weapons=0 available
  track 2 (ASM, d=2.6km, v=0m/s) -> threat=101.38
  track 4 (ASM, d=3.6km, v=0m/s) -> threat=101.28

[DECISION] t=300.0s | tracks=2 | weapons=0 available
  track 2 (ASM, d=2.6km, v=0m/s) -> threat=101.38
  track 4 (ASM, d=3.6km, v=0m/s) -> threat=101.28

[DECISION] t=300.0s | tracks=2 | weapons=0 available
  track 2 (ASM, d=2.6km, v=0m/s) -> threat=101.38
  track 4 (ASM, d=3.6km, v=0m/s) -> threat=101.28

[DECISION] t=300.0s | tracks=2 | weapons=0 available
  track 2 (ASM, d=2.6km, v=0m/s) -> threat=101.38
  track 4 (ASM, d=3.6km, v=0m/s) -> threat=101.28

[DECISION] t=300.0s | tracks=2 | weapons=0 available
  track 2 (ASM, d=2.6km, v=0m/s) -> threat=101.38
  track 4 (ASM, d=3.6km, v=0m/s) -> threat=101.28

[DECISION] t=300.0s | tracks=2 | weapons=0 available
  track 2 (ASM, d=2.6km, v=0m/s) -> threat=101.38
  track 4 (ASM, d=3.6km, v=0m/s) -> threat=101.28

[DECISION] t=300.0s | tracks=2 | weapons=0 available
  track 2 (ASM, d=2.6km, v=0m/s) -> threat=101.38
  track 4 (ASM, d=3.6km, v=0m/s) -> threat=101.28

[DECISION] t=300.0s | tracks=2 | weapons=0 available
  track 2 (ASM, d=2.6km, v=0m/s) -> threat=101.38
  track 4 (ASM, d=3.6km, v=0m/s) -> threat=101.28

[DECISION] t=300.0s | tracks=2 | weapons=0 available
  track 2 (ASM, d=2.6km, v=0m/s) -> threat=101.38
  track 4 (ASM, d=3.6km, v=0m/s) -> threat=101.28

[DECISION] t=300.0s | tracks=2 | weapons=0 available
  track 2 (ASM, d=2.6km, v=0m/s) -> threat=101.38
  track 4 (ASM, d=3.6km, v=0m/s) -> threat=101.28

[DECISION] t=300.0s | tracks=2 | weapons=0 available
  track 2 (ASM, d=2.6km, v=0m/s) -> threat=101.38
  track 4 (ASM, d=3.6km, v=0m/s) -> threat=101.28

[DECISION] t=300.0s | tracks=2 | weapons=0 available
  track 2 (ASM, d=2.6km, v=0m/s) -> threat=101.38
  track 4 (ASM, d=3.6km, v=0m/s) -> threat=101.28

[DECISION] t=300.0s | tracks=2 | weapons=0 available
  track 2 (ASM, d=2.6km, v=0m/s) -> threat=101.38
  track 4 (ASM, d=3.6km, v=0m/s) -> threat=101.28

[DECISION] t=300.0s | tracks=2 | weapons=0 available
  track 2 (ASM, d=2.6km, v=0m/s) -> threat=101.38
  track 4 (ASM, d=3.6km, v=0m/s) -> threat=101.28

[DECISION] t=300.0s | tracks=2 | weapons=0 available
  track 2 (ASM, d=2.6km, v=0m/s) -> threat=101.38
  track 4 (ASM, d=3.6km, v=0m/s) -> threat=101.28

[DECISION] t=300.0s | tracks=2 | weapons=0 available
  track 2 (ASM, d=2.6km, v=0m/s) -> threat=101.38
  track 4 (ASM, d=3.6km, v=0m/s) -> threat=101.28

[DECISION] t=300.0s | tracks=2 | weapons=0 available
  track 2 (ASM, d=2.6km, v=0m/s) -> threat=101.38
  track 4 (ASM, d=3.6km, v=0m/s) -> threat=101.28

[DECISION] t=300.0s | tracks=2 | weapons=0 available
  track 2 (ASM, d=2.6km, v=0m/s) -> threat=101.38
  track 4 (ASM, d=3.6km, v=0m/s) -> threat=101.28

[DECISION] t=300.0s | tracks=2 | weapons=0 available
  track 2 (ASM, d=2.6km, v=0m/s) -> threat=101.38
  track 4 (ASM, d=3.6km, v=0m/s) -> threat=101.28

[DECISION] t=300.0s | tracks=2 | weapons=0 available
  track 2 (ASM, d=2.6km, v=0m/s) -> threat=101.38
  track 4 (ASM, d=3.6km, v=0m/s) -> threat=101.28

[DECISION] t=300.0s | tracks=2 | weapons=0 available
  track 2 (ASM, d=2.6km, v=0m/s) -> threat=101.38
  track 4 (ASM, d=3.6km, v=0m/s) -> threat=101.28

[DECISION] t=300.0s | tracks=2 | weapons=0 available
  track 2 (ASM, d=2.6km, v=0m/s) -> threat=101.38
  track 4 (ASM, d=3.6km, v=0m/s) -> threat=101.28

[DECISION] t=300.0s | tracks=2 | weapons=0 available
  track 2 (ASM, d=2.6km, v=0m/s) -> threat=101.38
  track 4 (ASM, d=3.6km, v=0m/s) -> threat=101.28

[DECISION] t=300.0s | tracks=2 | weapons=0 available
  track 2 (ASM, d=2.6km, v=0m/s) -> threat=101.38
  track 4 (ASM, d=3.6km, v=0m/s) -> threat=101.28

[DECISION] t=300.0s | tracks=2 | weapons=0 available
  track 2 (ASM, d=2.6km, v=0m/s) -> threat=101.38
  track 4 (ASM, d=3.6km, v=0m/s) -> threat=101.28

[DECISION] t=300.0s | tracks=2 | weapons=0 available
  track 2 (ASM, d=2.6km, v=0m/s) -> threat=101.38
  track 4 (ASM, d=3.6km, v=0m/s) -> threat=101.28

[DECISION] t=300.0s | tracks=2 | weapons=0 available
  track 2 (ASM, d=2.6km, v=0m/s) -> threat=101.38
  track 4 (ASM, d=3.6km, v=0m/s) -> threat=101.28

[DECISION] t=300.0s | tracks=2 | weapons=0 available
  track 2 (ASM, d=2.6km, v=0m/s) -> threat=101.38
  track 4 (ASM, d=3.6km, v=0m/s) -> threat=101.28

[DECISION] t=300.0s | tracks=2 | weapons=0 available
  track 2 (ASM, d=2.6km, v=0m/s) -> threat=101.38
  track 4 (ASM, d=3.6km, v=0m/s) -> threat=101.28

[DECISION] t=300.0s | tracks=2 | weapons=0 available
  track 2 (ASM, d=2.6km, v=0m/s) -> threat=101.38
  track 4 (ASM, d=3.6km, v=0m/s) -> threat=101.28

[DECISION] t=300.0s | tracks=2 | weapons=0 available
  track 2 (ASM, d=2.6km, v=0m/s) -> threat=101.38
  track 4 (ASM, d=3.6km, v=0m/s) -> threat=101.28

[DECISION] t=300.0s | tracks=2 | weapons=0 available
  track 2 (ASM, d=2.6km, v=0m/s) -> threat=101.38
  track 4 (ASM, d=3.6km, v=0m/s) -> threat=101.28

[DECISION] t=300.0s | tracks=2 | weapons=0 available
  track 2 (ASM, d=2.6km, v=0m/s) -> threat=101.38
  track 4 (ASM, d=3.6km, v=0m/s) -> threat=101.28

[DECISION] t=300.0s | tracks=2 | weapons=0 available
  track 2 (ASM, d=2.6km, v=0m/s) -> threat=101.38
  track 4 (ASM, d=3.6km, v=0m/s) -> threat=101.28

[DECISION] t=300.0s | tracks=2 | weapons=0 available
  track 2 (ASM, d=2.6km, v=0m/s) -> threat=101.38
  track 4 (ASM, d=3.6km, v=0m/s) -> threat=101.28

[DECISION] t=300.0s | tracks=2 | weapons=0 available
  track 2 (ASM, d=2.6km, v=0m/s) -> threat=101.38
  track 4 (ASM, d=3.6km, v=0m/s) -> threat=101.28

[DECISION] t=300.0s | tracks=2 | weapons=0 available
  track 2 (ASM, d=2.6km, v=0m/s) -> threat=101.38
  track 4 (ASM, d=3.6km, v=0m/s) -> threat=101.28

[DECISION] t=300.0s | tracks=2 | weapons=0 available
  track 2 (ASM, d=2.6km, v=0m/s) -> threat=101.38
  track 4 (ASM, d=3.6km, v=0m/s) -> threat=101.28

[DECISION] t=300.0s | tracks=2 | weapons=0 available
  track 2 (ASM, d=2.6km, v=0m/s) -> threat=101.38
  track 4 (ASM, d=3.6km, v=0m/s) -> threat=101.28

[DECISION] t=300.0s | tracks=2 | weapons=0 available
  track 2 (ASM, d=2.6km, v=0m/s) -> threat=101.38
  track 4 (ASM, d=3.6km, v=0m/s) -> threat=101.28

[DECISION] t=300.0s | tracks=2 | weapons=0 available
  track 2 (ASM, d=2.6km, v=0m/s) -> threat=101.38
  track 4 (ASM, d=3.6km, v=0m/s) -> threat=101.28

[DECISION] t=300.0s | tracks=2 | weapons=0 available
  track 2 (ASM, d=2.6km, v=0m/s) -> threat=101.38
  track 4 (ASM, d=3.6km, v=0m/s) -> threat=101.28

[DECISION] t=300.0s | tracks=2 | weapons=0 available
  track 2 (ASM, d=2.6km, v=0m/s) -> threat=101.38
  track 4 (ASM, d=3.6km, v=0m/s) -> threat=101.28

[DECISION] t=300.0s | tracks=2 | weapons=0 available
  track 2 (ASM, d=2.6km, v=0m/s) -> threat=101.38
  track 4 (ASM, d=3.6km, v=0m/s) -> threat=101.28

[DECISION] t=300.0s | tracks=2 | weapons=0 available
  track 2 (ASM, d=2.6km, v=0m/s) -> threat=101.38
  track 4 (ASM, d=3.6km, v=0m/s) -> threat=101.28

[DECISION] t=300.0s | tracks=2 | weapons=0 available
  track 2 (ASM, d=2.6km, v=0m/s) -> threat=101.38
  track 4 (ASM, d=3.6km, v=0m/s) -> threat=101.28

[DECISION] t=300.0s | tracks=2 | weapons=0 available
  track 2 (ASM, d=2.6km, v=0m/s) -> threat=101.38
  track 4 (ASM, d=3.6km, v=0m/s) -> threat=101.28

[DECISION] t=300.0s | tracks=2 | weapons=0 available
  track 2 (ASM, d=2.6km, v=0m/s) -> threat=101.38
  track 4 (ASM, d=3.6km, v=0m/s) -> threat=101.28

[DECISION] t=300.0s | tracks=2 | weapons=0 available
  track 2 (ASM, d=2.6km, v=0m/s) -> threat=101.38
  track 4 (ASM, d=3.6km, v=0m/s) -> threat=101.28

[KC] AFSIM exited: 0

============================================================
  杀伤链统计摘要
============================================================
  目标总数: 6
  拦截弹发射: 7
  命中: 0
  漏网(已判定): 0
  漏网(未判定): 6
  拦截率: 0%
  决策耗时: min=0.0ms max=85.6ms avg=8.2ms
  OODA延迟: min=1ms max=9885ms avg=3736ms
============================================================
