! BM_AI_ADD_BEHAVIOR,time<time>,event<string>,asset_name<string>,asset_ID<int>,asset_side<string>,asset_lat<lat>,asset_lon<lon>,asset_alt<double>,target_truth_name<string>,target_truth_ID<int>,target_truth_side<string>,target_lat<lat>,target_lon<lon>,target_alt<double>,range<double>,range_to_zone<double>,local_track_ID<int>
! BM_AI_EGRESS,time<time>,event<string>,asset_name<string>,asset_ID<string>,asset_side<string>,asset_lat<lat>,asset_lon<lon>,asset_alt<double>,egress_method<string>,corridor_name<string>
! BM_AI_TAKE_ACTION,time<time>,event<string>,action_type<string>,asset_name<string>,asset_ID<string>,asset_side<string>,asset_lat<lat>,asset_lon<lon>,asset_alt<double>,target_truth_name<string>,target_truth_ID<string>,target_truth_side<string>,target_lat<lat>,target_lon<lon>,target_alt<double>,action_end_time<time>,range<double>,range_to_zone<double>,local_track_ID<int>
! BM_ALLOCATE,time<time>,event<string>,allocating_platform<string>,allocating_platform_side<string>,target_platform<string>,target_platform_side<string>,zone_types<string>,assessed_threat_track_ID<int>
! BM_ASSIGNMENT_CANCEL,time<time>,event<string>,assigned_platform<string>,target_platform<string>,target_platform_side<string>,assigning_platform<string>,assigning_platform_side<string>,assigned_weapon<string>,canceling_platform<string>,canceling_platform_side<string>,cancel_reason<string>,assignment_time<time>,reference_track_ID<int>,local_track_ID<int>
! BM_ASSIGNMENT_CREATION,time<time>,event<string>,assigned_platform<string>,target_platform<string>,target_platform_side<string>,assigning_platform<string>,assigning_platform_side<string>,assigned_weapon<string>,shot_doctrine<string>,reporting_sensor_type<string>,delegate_or_commanded<string>,target_lat<lat>,target_lon<lon>,target_alt<double>,assignment_time<time>,reference_track_ID<int>,local_track_ID<int>
! BM_ASSIGNMENT_STATUS,time<time>,event<string>,status_type<string>,assigned_platform<string>,target_platform<string>,target_platform_side<string>,assigning_platform<string>,assigning_platform_side<string>,local_track_ID<int>,assignment_time<time>,assigned_weapon<string>,ack_time<time>,systemic_CANTCO?<string>,systemic_scope<string>,assignment_reference_track_ID<int>,shot_doctrine<string>,old_shot_doctrine<string>,old_assigned_weapon<string>,old_assigned_platform<string>
! BM_CANTCO_ASSIGNMENT,time<time>,event<string>,assignment_platform<string>,target_platform<string>,target_platform_side<string>,assigning_platform<string>,assigning_platform_side<string>,assigned_weapon<string>,reporting_platform<string>,reporting_platform_side<string>,reason<string>,assignment_time<time>,reference_track_ID<int>,local_track_ID<int>
! BM_SENSOR_CUE,time<time>,event<string>,sensor_type<string>,sensor_parent_asset<string>,parent_asset_side<string>,target_platform<string>,target_platform_side<string>,current_unit<string>,current_unit_side<string>,sensor_to_assign<string>,master_track_ID<int>,target_truth_ID<int>
! BM_SENSOR_DROP_CUE,time<time>,event<string>,sensor_type<string>,sensor_parent_asset<string>,parent_asset_side<string>,target_platform<string>,target_platform_side<string>,current_unit<string>,current_unit_side<string>,sensor_to_assign<string>,master_track_ID<int>,target_truth_ID<int>
! BM_SENSOR_TRACKING,time<time>,event<string>,sensor_type<string>,asset_name<string>,asset_side<string>,target_name<string>,target_side<string>,asset_ID<int>,sensor_ID<int>,tracking_loc_lat<lat>,tracking_loc_lon<lon>,tracking_loc-alt<double>,target_lat<lat>,target_lon<lon>,target_alt<double>,local_track_ID<int>,target_truth_ID<int>
! BTREE_NODE_CHILDREN,time<time>,event<string>,file_path<string>,platform<string>,node_id<string>,node_type<string>,children_count<int>,child_id_#<int>
! BTREE_NODE_EXEC,time<time>,event<string>,platform<string>,side<string>,node_id<string>,node_type<string>,exec_state<bool>,failure_reason<string>
! COMMENT,time<time>,event<string>,platform<string>,comment<string>
! COMM_ADDED_TO_LOCAL,local_platform<string>,local_router<string>,protocol_type<string>,address<string>
! COMM_ADDED_TO_MANAGER,platform<string>,comm<string>
! COMM_BROKEN,time<time>,event<string>,platform<string>,side<string>,type<string>,system<string>,system_type<string>,lat<lat>,lon<lon>,alt<double>,x<double>,y<double>,z<double>,heading<double>,pitch<double>,roll<double>,ned_speed<double>,ned_velocity_n<double>,ned_velocity_e<double>,ned_velocity_d<double>,eci_speed<double>,eci_velocity_x<double>,eci_velocity_y<double>,eci_velocity_z<double>,ned_acceleration<double>,ned_acceleration_n<double>,ned_acceleration_e<double>,ned_acceleration_d<double>,eci_acceleration<double>,eci_acceleration_x<double>,eci_acceleration_y<double>,eci_acceleration_z<double>
! COMM_FREQUENCY_CHANGED,time<time>,event<string>,platform<string>,side<string>,comm_network<string>,lat<lat>,lon<lon>,alt<double>,x<double>,y<double>,z<double>,frequency_id<int>,frequency<double>
! COMM_NON_OPERATIONAL,time<time>,event<string>,platform<string>,side<string>,type<string>,system<string>,system_type<string>,lat<lat>,lon<lon>,alt<double>,x<double>,y<double>,z<double>,heading<double>,pitch<double>,roll<double>,ned_speed<double>,ned_velocity_n<double>,ned_velocity_e<double>,ned_velocity_d<double>,eci_speed<double>,eci_velocity_x<double>,eci_velocity_y<double>,eci_velocity_z<double>,ned_acceleration<double>,ned_acceleration_n<double>,ned_acceleration_e<double>,ned_acceleration_d<double>,eci_acceleration<double>,eci_acceleration_x<double>,eci_acceleration_y<double>,eci_acceleration_z<double>
! COMM_OPERATIONAL,time<time>,event<string>,platform<string>,side<string>,type<string>,system<string>,system_type<string>,lat<lat>,lon<lon>,alt<double>,x<double>,y<double>,z<double>,heading<double>,pitch<double>,roll<double>,ned_speed<double>,ned_velocity_n<double>,ned_velocity_e<double>,ned_velocity_d<double>,eci_speed<double>,eci_velocity_x<double>,eci_velocity_y<double>,eci_velocity_z<double>,ned_acceleration<double>,ned_acceleration_n<double>,ned_acceleration_e<double>,ned_acceleration_d<double>,eci_acceleration<double>,eci_acceleration_x<double>,eci_acceleration_y<double>,eci_acceleration_z<double>
! COMM_REMOVED_FROM_LOCAL,local_platform<string>,local_router<string>,protocol_type<string>,address<string>
! COMM_REMOVED_FROM_MANAGER,platform<string>,comm<string>
! COMM_TURNED_OFF,time<time>,event<string>,platform<string>,side<string>,type<string>,system<string>,system_type<string>,lat<lat>,lon<lon>,alt<double>,x<double>,y<double>,z<double>,heading<double>,pitch<double>,roll<double>,ned_speed<double>,ned_velocity_n<double>,ned_velocity_e<double>,ned_velocity_d<double>,eci_speed<double>,eci_velocity_x<double>,eci_velocity_y<double>,eci_velocity_z<double>,ned_acceleration<double>,ned_acceleration_n<double>,ned_acceleration_e<double>,ned_acceleration_d<double>,eci_acceleration<double>,eci_acceleration_x<double>,eci_acceleration_y<double>,eci_acceleration_z<double>
! COMM_TURNED_ON,time<time>,event<string>,platform<string>,side<string>,type<string>,system<string>,system_type<string>,lat<lat>,lon<lon>,alt<double>,x<double>,y<double>,z<double>,heading<double>,pitch<double>,roll<double>,ned_speed<double>,ned_velocity_n<double>,ned_velocity_e<double>,ned_velocity_d<double>,eci_speed<double>,eci_velocity_x<double>,eci_velocity_y<double>,eci_velocity_z<double>,ned_acceleration<double>,ned_acceleration_n<double>,ned_acceleration_e<double>,ned_acceleration_d<double>,eci_acceleration<double>,eci_acceleration_x<double>,eci_acceleration_y<double>,eci_acceleration_z<double>
! CRASHED_INTO_GROUND,time<time>,event<string>,platform<string>,side<string>
! CYBER_ATTACK_ATTRIBUTED,time<time>,event<string>,platform<string>,victim_platform<string>,attack_type<string>
! CYBER_ATTACK_DETECTED,time<time>,event<string>,platform<string>,victim_platform<string>,attack_type<string>
! CYBER_ATTACK_FAILED,time<time>,event<string>,platform<string>,victim_platform<string>,attack_type<string>,reason<string>,success_threshold<double>,success_draw<double>,report_status<string>,report_threshold<double>,report_draw<double>
! CYBER_ATTACK_INITIATED,time<time>,event<string>,platform<string>,victim_platform<string>,attack_type<string>
! CYBER_ATTACK_RECOVERY,time<time>,event<string>,platform<string>,victim_platform<string>,attack_type<string>,immunity_status<string>,immunity_threshold<double>,immunity_draw<double>
! CYBER_ATTACK_SUCCEEDED,time<time>,event<string>,platform<string>,victim_platform<string>,attack_type<string>,success_threshold<double>,success_draw<double>,report_status<string>,report_threshold<double>,report_draw<double>,detect_threshold<double>,detect_draw<double>
! CYBER_SCAN_ATTRIBUTED,time<time>,event<string>,victim_platform<string>,attack_type<string>
! CYBER_SCAN_DETECTED,time<time>,event<string>,victim_platform<string>,attack_type<string>
! CYBER_SCAN_FAILED,time<time>,event<string>,platform<string>,victim_platform<string>,attack_type<string>,reason<string>,detect_threshold<double>,detect_draw<double>
! CYBER_SCAN_INITIATED,time<time>,event<string>,platform<string>,victim_platform<string>,attack_type<string>
! CYBER_SCAN_SUCCEEDED,time<time>,event<string>,platform<string>,victim_platform<string>,attack_type<string>,detect_threshold<double>,detect_draw<double>
! CYBER_TRIGGER_EVALUATION,time<time>,event<string>,trigger_scope<string>,trigger_name<string>,platform<string>,evaluation_result<bool>
! CYBER_TRIGGER_EXECUTION,time<time>,event<string>,trigger_scope<string>,trigger_name<string>,platform<string>
! DIRECTED_ENERGY_WEAPON_ABORT_SHOT,time<time>,event<string>,platform<string>,target_platform<string>,weapon<string>,weapon_type<string>,target_type<string>,target_relative_N<double>,target_relative_E<double>,target_relative_D<double>,target_range<double>,target_bearing<angle>,target_elevation<angle>,power<double>,peak_irradiance<double>,edge_irradiance<double>,damage_radius<double>,energy_density<double>,energy<double>,beam_semi_major_axis<double>,beam_semi_minor_axis<double>,incidence_angle<double>
! DIRECTED_ENERGY_WEAPON_BEGIN_SHOT,time<time>,event<string>,platform<string>,target_platform<string>,weapon<string>,weapon_type<string>,target_type<string>,target_relative_N<double>,target_relative_E<double>,target_relative_D<double>,target_range<double>,target_bearing<angle>,target_elevation<angle>,power<double>,peak_irradiance<double>,edge_irradiance<double>,damage_radius<double>,energy_density<double>,energy<double>,beam_semi_major_axis<double>,beam_semi_minor_axis<double>,incidence_angle<double>
! DIRECTED_ENERGY_WEAPON_COOLDOWN_COMPLETE,time<time>,event<string>,platform<string>,weapon<string>
! DIRECTED_ENERGY_WEAPON_END_SHOT,time<time>,event<string>,platform<string>,target_platform<string>,weapon<string>,weapon_type<string>,target_type<string>,target_relative_N<double>,target_relative_E<double>,target_relative_D<double>,target_range<double>,target_bearing<angle>,target_elevation<angle>,power<double>,peak_irradiance<double>,edge_irradiance<double>,damage_radius<double>,energy_density<double>,energy<double>,beam_semi_major_axis<double>,beam_semi_minor_axis<double>,incidence_angle<double>
! DIRECTED_ENERGY_WEAPON_UPDATE_SHOT,time<time>,event<string>,platform<string>,target_platform<string>,weapon<string>,weapon_type<string>,target_type<string>,target_relative_N<double>,target_relative_E<double>,target_relative_D<double>,target_range<double>,target_bearing<angle>,target_elevation<angle>,power<double>,peak_irradiance<double>,edge_irradiance<double>,damage_radius<double>,energy_density<double>,energy<double>,beam_semi_major_axis<double>,beam_semi_minor_axis<double>,incidence_angle<double>
! ECLIPSE_ENTRY,time<time>,event<string>,platform<string>,semi_major_axis<double>,eccentricity<double>,inclination<double>,raan<double>,argument_of_periapsis<double>,mean_anomaly<double>,true_anomaly<double>,truth_lat<lat>,truth_lon<lon>,truth_alt<double>,truth_x<double>,truth_y<double>,truth_z<double>
! ECLIPSE_EXIT,time<time>,event<string>,platform<string>,semi_major_axis<double>,eccentricity<double>,inclination<double>,raan<double>,argument_of_periapsis<double>,mean_anomaly<double>,true_anomaly<double>,truth_lat<lat>,truth_lon<lon>,truth_alt<double>,truth_x<double>,truth_y<double>,truth_z<double>
! EXCHANGE_COMPLETED,time<time>,event<string>,event_id<string>,caller<string>,requester<string>,responder<double>,request_id<string>,item_id<string>,desired_amount<double>,offered_amount<double>,transferred_amount<double>,container<string>,qty_amount<double>
! EXCHANGE_NEGOTIATED,time<time>,event<string>,negotiation_type<string>,caller<string>,requester<string>,responder<double>,serial_request_id<string>,item_id<string>,desired_amount<double>, offered_amount<double>,negotiated_amount<double>
! EXCHANGE_QUERIED,time<time>,event<string>,query_type<string>,caller<string>,requester<string>,responder<double>,serial_request_id<string>,item_id<string>,desired_amount<double>,offered_amount<double>,negotiated_amount<double>
! EXCHANGE_REQUEST_FAILED,time<time>,event<string>,event_id<string>,requester<double>,responder<double>,request_id<string>,item_id<string>,desired_qty<double>
! EXECUTE_CALLBACK,time<time>,event<string>,platform<string>,side<string>,callback<string>
! FUEL_EVENT,time<time>,event<string>,platform<string>,side<string>,event_type<string>
! IMAGE_CREATED,time<time>,event<string>,platform<string>,sensor<double>,sensor_mode<double>,creation_time<time>,image_number<double>,size_(bits)<double>,originator_lat<lat>,originator_lon<lon>,originator_alt<double>,center_lat<lat>,center_lon<lon>,center_alt<double>,image_width<double>,image_height<double>,width_resolution<double>,height_resolution<double>,collection_factor<double>,noise_level<double>,background_level<double>,min_level<double>,max_level<double>,object_count<double>,truth_name<string>,truth_type<string>,truth_side<string>,pixel_count<double>,signal_level<double>,pixel_intensity<double>,rel_lat<lat>,rel_lon<lon>,rel_alt<double>,em_range<double>,azimuth<angle>,elevation<angle>
! IMPLICIT_WEAPON_BEGIN_ENGAGEMENT,time<time>,event<string>,platform<string>,target_platform<string>,weapon_name<string>,weapon_type<string>,target_type<string>,target_relative_N<double>,target_relative_E<double>,target_relative_D<double>,target_range<double>,target_bearing<angle>,target_elevation<angle>
! IMPLICIT_WEAPON_END_ENGAGEMENT,time<time>,event<string>,platform<string>,target_platform<string>,weapon_name<string>,weapon_type<string>,target_type<string>,target_relative_N<double>,target_relative_E<double>,target_relative_D<double>,target_range<double>,target_bearing<angle>,target_elevation<angle>
! JAMMING_ATTEMPT,time<time>,event<string>,platform<string>,receiver_platform<string>,transmitter<string>,beam_number<int>,receiver<string>,xmtr_type<string>,xmtr_lat<lat>,xmtr_lon<lon>,xmtr_alt<double>,xmtr_x<double>,xmtr_y<double>,xmtr_z<double>,xmtr_heading<angle>,xmtr_pitch<angle>,xmtr_roll<angle>,xmtr_speed<double>,rcvr_type<string>,rcvr_lat<lat>,rcvr_lon<lon>,rcvr_alt<double>,rcvr_x<double>,rcvr_y<double>,rcvr_z<double>,rcvr_heading<angle>,rcvr_pitch<angle>,rcvr_roll<angle>,rcvr_speed<double>,target_type<string>,target_lat<lat>,target_lon<lon>,target_alt<double>,target_x<double>,target_y<double>,target_z<double>,target_heading<angle>,target_pitch<angle>,target_roll<angle>,target_speed<double>,xmtr->rcvr_range<double>,xmtr->rcvr_bearing<angle>,xmtr->rcvr_elev<angle>,xmtr->rcvr_apparent_bearing<angle>,xmtr->rcvr_apparent_elev<angle>,rcvr->xmtr_range<double>,rcvr->xmtr_bearing<angle>,rcvr->xmtr_elev<angle>,rcvr->xmtr_apparent_bearing<angle>,rcvr->Xmtr_apparent_elev<angle>,xmtr->tgt_range<double>,xmtr->tgt_bearing<angle>,xmtr->tgt_elev<angle>,xmtr->tgt_apparent_bearing<angle>,xmtr->tgt_apparent_elev<angle>,tgt->xmtr_range<double>,tgt->xmtr_bearing<angle>,tgt->xmtr_elev<angle>,tgt->xmtr_apparent_bearing<angle>,tgt->xmtr_apparent_elev<angle>,rcvr->tgt_range<double>,rcvr->tgt_bearing<angle>,rcvr->tgt_elev<angle>,rcvr->tgt_apparent_bearing<angle>,rcvr->tgt_apparent_elev<angle>,tgt->rcvr_range<double>,tgt->rcvr_bearing<angle>,tgt->rcvr_elev<angle>,tgt->rcvr_apparent_bearing<angle>,tgt->rcvr_apparent_elev<angle>,xmtr_beam_bearing<angle>,xmtr_beam_elevation<angle>,xmtr_rel_az<angle>,xmtr_rel_el<angle>,xmtr_EBS_Az<angle>,xmtr_EBS_El<angle>,xmtr_Omega<angle>,xmtr_gain<double>,rcvr_beam_bearing<angle>,rcvr_beam_elevation<angle>,rcvr_rel_az<angle>,rcvr_rel_el<angle>,rcvr_EBS_Az<angle>,rcvr_EBS_El<angle>,rcvr_Omega<angle>,rcvr_gain<double>,RCS<double>,RCS_(linear)<double>,RCS_azimuth<angle>,RCS_elev<angle>,Optical_Sig<double>,Optical_Sig_(linear)<double>,Optical_Sig_azimuth<angle>,Optical_Sig_elev<angle>,Optical_Sig_Reflectivity<double>,IR_Sig<double>,IR_Sig_azimuth<angle>,IR_Sig_elev<angle>,BackgroundRadiantIntensity<double>,ContrastRadiantIntensity<double>,Transmittance<double>,AbsorptionFactor<double>,AbsorptionFactor_(linear)<double>,PropagationFactor_F^4<double>,PropagationFactor_(linear)<double>,PropagationFactor_^0.25<double>,masking_factor<double>,TransmittedPower<double>,ReceivedPower<double>,ReceiverNoisePower<double>,ClutterPower<double>,InterferencePower<double>,NoiseJammerPower<double>,PulseJammerPower<double>,CoherentJammerPower<double>,PixelCount<double>,SignalToNoise<double>,DetectionThreshold<double>,SignalPower/noisePower<double>,SignalPower/(noisePower+clutterPower)<double>,SignalPower/(noisePower+clutterPower+jammerPower)<double>,EW_Effects<string>,failure_reason<string>,(receiver_power/receiver_noise_power)<double>,(coherent_jammer_power/receiver_noise_power)<double>
! JAMMING_REQUEST_CANCELED,time<time>,event<string>,platform<string>,weapon<string>,current_mode<string>,active_requests_(eM_Xmtrs)<int>,frequency<double>,bandwidth<double>,target_platform<string>
! JAMMING_REQUEST_INITIATED,time<time>,event<string>,platform<string>,weapon<string>,current_mode<string>,active_requests_(eM_Xmtrs)<int>,frequency<double>,bandwidth<double>,target_platform<string>
! JAMMING_REQUEST_UPDATED,time<time>,event<string>,platform<string>,weapon<string>,current_mode<string>,active_requests_(eM_Xmtrs)<int>,frequency<double>,bandwidth<double>,target_platform<string>
! LINK_ADDED_TO_LOCAL,local_platform<string>,local_router<string>,protocol_type<string>,source_address<string>,destination_address<string>
! LINK_ADDED_TO_MANAGER,source_platform<string>,source_comm<string>,source_address<string>,destination_platform<string>,destination_comm<string>,destination_address<string>
! LINK_DISABLED_ON_LOCAL,local_platform<string>,local_router<string>,protocol_type<string>,source_address<string>,destination_address<string>
! LINK_DISABLED_ON_MANAGER,source_platform<string>,source_comm<string>,source_address<string>,destination_platform<string>,destination_comm<string>,destination_address<string>
! LINK_ENABLED_ON_LOCAL,local_platform<string>,local_router<string>,protocol_type<string>,source_address<string>,destination_address<string>
! LINK_ENABLED_ON_MANAGER,source_platform<string>,source_comm<string>,source_address<string>,destination_platform<string>,destination_comm<string>,destination_address<string>
! LINK_REMOVED_FROM_LOCAL,local_platform<string>,local_router<string>,protocol_type<string>,source_address<string>,destination_address<string>
! LINK_REMOVED_FROM_MANAGER,source_platform<string>,source_comm<string>,source_address<string>,destination_platform<string>,destination_comm<string>,destination_address<string>
! LOCAL_TRACK_CORRELATION,time<time>,event<string>,platform<string>,side<string>,local_track_id<string>,non_local_track_id<string>
! LOCAL_TRACK_DECORRELATION,time<time>,event<string>,platform<string>,side<string>,local_track_id<string>,non_local_track_id<string>
! LOCAL_TRACK_DROPPED,time<time>,event<string>,platform<string>,side<string>,track_id<string>,target_platform<string>,target_type<string>
! LOCAL_TRACK_INITIATED,time<time>,event<string>,platform<string>,side<string>,track_id<string>,start_time<time>,update_time<time>,update_count<int>,quality<double>,domain<string>,track_type<string>,is_candidate<string>,is_false_target<string>,target_platform<string>,target_type<string>,target_side<string>,originator_lat<lat>,originator_lon<lon>,originator_alt<double>,originator_x<double>,originator_y<double>,originator_z<double>,track_lat<lat>,track_lon<lon>,track_alt<double>,track_x<double>,track_y<double>,track_z<double>,location_valid<string>,is_3D<double>,range_valid<string>,bearing_valid<string>,elevation_valid<string>,truth_lat<lat>,truth_lon<lon>,truth_alt<double>,truth_x<double>,truth_y<double>,truth_z<double>,difference_distance<double>,track_speed<double>,track_heading<angle>,track_truth_speed<double>,track_truth_heading<angle>,track_range<double>,track_bearing<angle>,track_elevation<angle>,track_truth_range<double>,track_truth_bearing<angle>,track_truth_elevation<angle>,range_error<double>,bearing_error<double>,elevation_error<double>,track_type_id<string>,track_side<string>,signal_to_noise<double>,pixel_count<int>,frequency_count<int>,frequency_low_#<double>,frequency_high_#<double>,aux_data<string>,sensor_track_id<string>,sensor<string>,sensor_type<string>,sensor_mode<string>
! LOCAL_TRACK_UPDATED,time<time>,event<string>,platform<string>,side<string>,track_id<string>,start_time<time>,update_time<time>,update_count<int>,quality<double>,domain<string>,track_type<string>,is_candidate<string>,is_false_target<string>,target_platform<string>,target_type<string>,target_side<string>,originator_lat<lat>,originator_lon<lon>,originator_alt<double>,originator_x<double>,originator_y<double>,originator_z<double>,track_lat<lat>,track_lon<lon>,track_alt<double>,track_x<double>,track_y<double>,track_z<double>,location_valid<string>,is_3D<double>,range_valid<string>,bearing_valid<string>,elevation_valid<string>,truth_lat<lat>,truth_lon<lon>,truth_alt<double>,truth_x<double>,truth_y<double>,truth_z<double>,difference_distance<double>,track_speed<double>,track_heading<angle>,track_truth_speed<double>,track_truth_heading<angle>,track_range<double>,track_bearing<angle>,track_elevation<angle>,track_truth_range<double>,track_truth_bearing<angle>,track_truth_elevation<angle>,range_error<double>,bearing_error<double>,elevation_error<double>,track_type_id<string>,track_side<string>,signal_to_noise<double>,pixel_count<int>,frequency_count<int>,frequency_low_#<double>,frequency_high_#<double>,aux_data<string>,sensor_track_id<string>,sensor<string>,sensor_type<string>,sensor_mode<string>
! MESSAGE_DELIVERY_ATTEMPT,time<time>,event<string>,transmitter<string>,transmitter_side<string>,receiver<string>,receiver_system<string>,message_serial_number<int>,data_tag<double>,message_type<string>,message_size<int>,data_rate<double>,noise_density<double>,bit_error_rate<double>,xmtr_type<string>,xmtr_lat<lat>,xmtr_lon<lon>,xmtr_alt<double>,xmtr_x<double>,xmtr_y<double>,xmtr_z<double>,xmtr_heading<angle>,xmtr_pitch<angle>,xmtr_roll<angle>,xmtr_speed<double>,rcvr_type<string>,rcvr_lat<lat>,rcvr_lon<lon>,rcvr_alt<double>,rcvr_x<double>,rcvr_y<double>,rcvr_z<double>,rcvr_heading<angle>,rcvr_pitch<angle>,rcvr_roll<angle>,rcvr_speed<double>,target_type<string>,target_lat<lat>,target_lon<lon>,target_alt<double>,target_x<double>,target_y<double>,target_z<double>,target_heading<angle>,target_pitch<angle>,target_roll<angle>,target_speed<double>,xmtr->rcvr_range<double>,xmtr->rcvr_bearing<angle>,xmtr->rcvr_elev<angle>,xmtr->rcvr_apparent_bearing<angle>,xmtr->rcvr_apparent_elev<angle>,rcvr->xmtr_range<double>,rcvr->xmtr_bearing<angle>,rcvr->xmtr_elev<angle>,rcvr->xmtr_apparent_bearing<angle>,rcvr->Xmtr_apparent_elev<angle>,xmtr->tgt_range<double>,xmtr->tgt_bearing<angle>,xmtr->tgt_elev<angle>,xmtr->tgt_apparent_bearing<angle>,xmtr->tgt_apparent_elev<angle>,tgt->xmtr_range<double>,tgt->xmtr_bearing<angle>,tgt->xmtr_elev<angle>,tgt->xmtr_apparent_bearing<angle>,tgt->xmtr_apparent_elev<angle>,rcvr->tgt_range<double>,rcvr->tgt_bearing<angle>,rcvr->tgt_elev<angle>,rcvr->tgt_apparent_bearing<angle>,rcvr->tgt_apparent_elev<angle>,tgt->rcvr_range<double>,tgt->rcvr_bearing<angle>,tgt->rcvr_elev<angle>,tgt->rcvr_apparent_bearing<angle>,tgt->rcvr_apparent_elev<angle>,xmtr_beam_bearing<angle>,xmtr_beam_elevation<angle>,xmtr_rel_az<angle>,xmtr_rel_el<angle>,xmtr_EBS_Az<angle>,xmtr_EBS_El<angle>,xmtr_Omega<angle>,xmtr_gain<double>,rcvr_beam_bearing<angle>,rcvr_beam_elevation<angle>,rcvr_rel_az<angle>,rcvr_rel_el<angle>,rcvr_EBS_Az<angle>,rcvr_EBS_El<angle>,rcvr_Omega<angle>,rcvr_gain<double>,RCS<double>,RCS_(linear)<double>,RCS_azimuth<angle>,RCS_elev<angle>,Optical_Sig<double>,Optical_Sig_(linear)<double>,Optical_Sig_azimuth<angle>,Optical_Sig_elev<angle>,Optical_Sig_Reflectivity<double>,IR_Sig<double>,IR_Sig_azimuth<angle>,IR_Sig_elev<angle>,BackgroundRadiantIntensity<double>,ContrastRadiantIntensity<double>,Transmittance<double>,AbsorptionFactor<double>,AbsorptionFactor_(linear)<double>,PropagationFactor_F^4<double>,PropagationFactor_(linear)<double>,PropagationFactor_^0.25<double>,masking_factor<double>,TransmittedPower<double>,ReceivedPower<double>,ReceiverNoisePower<double>,ClutterPower<double>,InterferencePower<double>,NoiseJammerPower<double>,PulseJammerPower<double>,CoherentJammerPower<double>,PixelCount<double>,SignalToNoise<double>,DetectionThreshold<double>,SignalPower/noisePower<double>,SignalPower/(noisePower+clutterPower)<double>,SignalPower/(noisePower+clutterPower+jammerPower)<double>,EW_Effects<string>,failure_reason<string>,success_failure<bool>
! MESSAGE_DISCARDED,time<time>,event<string>,platform<string>,side<string>,comm<string>,message_serial_number<int>,data_tag<double>,message_type<string>,message_size<int>,queue_size<int>,comment<string>,message_status<string>,request_id<string>,system<string>,message_platform<string>,track_id<string>,start_time<time>,update_time<time>,update_count<int>,quality<double>,domain<string>,track_type<string>,is_candidate<string>,is_false_target<string>,target_platform<string>,target_type<string>,target_side<string>,originator_lat<lat>,originator_lon<lon>,originator_alt<double>,originator_x<double>,originator_y<double>,originator_z<double>,track_lat<lat>,track_lon<lon>,track_alt<double>,track_x<double>,track_y<double>,track_z<double>,location_valid<string>,is_3D<double>,range_valid<string>,bearing_valid<string>,elevation_valid<string>,truth_lat<lat>,truth_lon<lon>,truth_alt<double>,truth_x<double>,truth_y<double>,truth_z<double>,difference_distance<double>,track_speed<double>,track_heading<angle>,track_truth_speed<double>,track_truth_heading<angle>,track_range<double>,track_bearing<angle>,track_elevation<angle>,track_truth_range<double>,track_truth_bearing<angle>,track_truth_elevation<angle>,range_error<double>,bearing_error<double>,elevation_error<double>,track_type_id<string>,track_side<string>,signal_to_noise<double>,pixel_count<int>,frequency_count<int>,frequency_low_#<double>,frequency_high_#<double>,aux_data<string>
! MESSAGE_FAILED_ROUTING,time<time>,event<string>,transmitter<string>,transmitter_side<string>,comm<string>,message_serial_number<int>,data_tag<double>,message_type<string>,message_size<double>,receiver<string>,comment<string>,message_status<string>,request_id<string>,system<string>,message_platform<string>,track_id<string>,update_time<time>,update_count<int>,track_quality<double>,track_type<string>
! MESSAGE_HOP,time<time>,event<string>,receiver<string>,receiver_side<string>,receiver_system<string>,message_serial_number<int>,data_tag<double>,message_type<string>,message_size<int>,destination<string>,destination_system<string>,time<time>,event<string>,platform<string>,side<string>,comm<string>,message_serial_number<int>,data_tag<double>,message_type<string>,message_size<int>,queue_size<int>,comment<string>,message_status<string>,request_id<string>,system<string>,message_platform<string>,track_id<string>
! MESSAGE_QUEUED,time<time>,event<string>,platform<string>,side<string>,comm<string>,message_serial_number<int>,data_tag<double>,message_type<string>,message_size<int>,queue_size<int>,comment<string>,message_status<string>,request_id<string>,system<string>,message_platform<string>,track_id<string>,start_time<time>,update_time<time>,update_count<int>,quality<double>,domain<string>,track_type<string>,is_candidate<string>,is_false_target<string>,target_platform<string>,target_type<string>,target_side<string>,originator_lat<lat>,originator_lon<lon>,originator_alt<double>,originator_x<double>,originator_y<double>,originator_z<double>,track_lat<lat>,track_lon<lon>,track_alt<double>,track_x<double>,track_y<double>,track_z<double>,location_valid<string>,is_3D<double>,range_valid<string>,bearing_valid<string>,elevation_valid<string>,truth_lat<lat>,truth_lon<lon>,truth_alt<double>,truth_x<double>,truth_y<double>,truth_z<double>,difference_distance<double>,track_speed<double>,track_heading<angle>,track_truth_speed<double>,track_truth_heading<angle>,track_range<double>,track_bearing<angle>,track_elevation<angle>,track_truth_range<double>,track_truth_bearing<angle>,track_truth_elevation<angle>,range_error<double>,bearing_error<double>,elevation_error<double>,track_type_id<string>,track_side<string>,signal_to_noise<double>,pixel_count<int>,frequency_count<int>,frequency_low_#<double>,frequency_high_#<double>,aux_data<string>
! MESSAGE_RECEIVED,time<time>,event<string>,platform<string>,side<string>,comm<string>,message_serial_number<int>,data_tag<double>,message_type<string>,message_size<int>,queue_size<int>,comment<string>,message_status<string>,request_id<string>,system<string>,message_platform<string>,track_id<string>,start_time<time>,update_time<time>,update_count<int>,quality<double>,domain<string>,track_type<string>,is_candidate<string>,is_false_target<string>,target_platform<string>,target_type<string>,target_side<string>,originator_lat<lat>,originator_lon<lon>,originator_alt<double>,originator_x<double>,originator_y<double>,originator_z<double>,track_lat<lat>,track_lon<lon>,track_alt<double>,track_x<double>,track_y<double>,track_z<double>,location_valid<string>,is_3D<double>,range_valid<string>,bearing_valid<string>,elevation_valid<string>,truth_lat<lat>,truth_lon<lon>,truth_alt<double>,truth_x<double>,truth_y<double>,truth_z<double>,difference_distance<double>,track_speed<double>,track_heading<angle>,track_truth_speed<double>,track_truth_heading<angle>,track_range<double>,track_bearing<angle>,track_elevation<angle>,track_truth_range<double>,track_truth_bearing<angle>,track_truth_elevation<angle>,range_error<double>,bearing_error<double>,elevation_error<double>,track_type_id<string>,track_side<string>,signal_to_noise<double>,pixel_count<int>,frequency_count<int>,frequency_low_#<double>,frequency_high_#<double>,aux_data<string>
! MESSAGE_TRANSMITTED,time<time>,event<string>,platform<string>,side<string>,comm<string>,message_serial_number<int>,data_tag<double>,message_type<string>,message_size<int>,queue_size<int>,comment<string>,message_status<string>,request_id<string>,system<string>,message_platform<string>,track_id<string>,start_time<time>,update_time<time>,update_count<int>,quality<double>,domain<string>,track_type<string>,is_candidate<string>,is_false_target<string>,target_platform<string>,target_type<string>,target_side<string>,originator_lat<lat>,originator_lon<lon>,originator_alt<double>,originator_x<double>,originator_y<double>,originator_z<double>,track_lat<lat>,track_lon<lon>,track_alt<double>,track_x<double>,track_y<double>,track_z<double>,location_valid<string>,is_3D<double>,range_valid<string>,bearing_valid<string>,elevation_valid<string>,truth_lat<lat>,truth_lon<lon>,truth_alt<double>,truth_x<double>,truth_y<double>,truth_z<double>,difference_distance<double>,track_speed<double>,track_heading<angle>,track_truth_speed<double>,track_truth_heading<angle>,track_range<double>,track_bearing<angle>,track_elevation<angle>,track_truth_range<double>,track_truth_bearing<angle>,track_truth_elevation<angle>,range_error<double>,bearing_error<double>,elevation_error<double>,track_type_id<string>,track_side<string>,signal_to_noise<double>,pixel_count<int>,frequency_count<int>,frequency_low_#<double>,frequency_high_#<double>,aux_data<string>
! MESSAGE_TRANSMITTED_HEARTBEAT,time<time>,event<string>,platform<string>,side<string>,comm<string>,message_serial_number<int>,data_tag<double>,message_type<string>,message_size<int>,queue_size<int>,comment<string>,message_status<string>,request_id<string>,system<string>,message_platform<string>,track_id<string>,start_time<time>,update_time<time>,update_count<int>,quality<double>,domain<string>,track_type<string>,is_candidate<string>,is_false_target<string>,target_platform<string>,target_type<string>,target_side<string>,originator_lat<lat>,originator_lon<lon>,originator_alt<double>,originator_x<double>,originator_y<double>,originator_z<double>,track_lat<lat>,track_lon<lon>,track_alt<double>,track_x<double>,track_y<double>,track_z<double>,location_valid<string>,is_3D<double>,range_valid<string>,bearing_valid<string>,elevation_valid<string>,truth_lat<lat>,truth_lon<lon>,truth_alt<double>,truth_x<double>,truth_y<double>,truth_z<double>,difference_distance<double>,track_speed<double>,track_heading<angle>,track_truth_speed<double>,track_truth_heading<angle>,track_range<double>,track_bearing<angle>,track_elevation<angle>,track_truth_range<double>,track_truth_bearing<angle>,track_truth_elevation<angle>,range_error<double>,bearing_error<double>,elevation_error<double>,track_type_id<string>,track_side<string>,signal_to_noise<double>,pixel_count<int>,frequency_count<int>,frequency_low_#<double>,frequency_high_#<double>,aux_data<string>
! MESSAGE_TRANSMIT_ENDED,time<time>,event<string>,platform<string>,side<string>,comm<string>,message_serial_number<int>,data_tag<double>,message_type<string>,message_size<int>,queue_size<int>,comment<string>,message_status<string>,request_id<string>,system<string>,message_platform<string>,track_id<string>,start_time<time>,update_time<time>,update_count<int>,quality<double>,domain<string>,track_type<string>,is_candidate<string>,is_false_target<string>,target_platform<string>,target_type<string>,target_side<string>,originator_lat<lat>,originator_lon<lon>,originator_alt<double>,originator_x<double>,originator_y<double>,originator_z<double>,track_lat<lat>,track_lon<lon>,track_alt<double>,track_x<double>,track_y<double>,track_z<double>,location_valid<string>,is_3D<double>,range_valid<string>,bearing_valid<string>,elevation_valid<string>,truth_lat<lat>,truth_lon<lon>,truth_alt<double>,truth_x<double>,truth_y<double>,truth_z<double>,difference_distance<double>,track_speed<double>,track_heading<angle>,track_truth_speed<double>,track_truth_heading<angle>,track_range<double>,track_bearing<angle>,track_elevation<angle>,track_truth_range<double>,track_truth_bearing<angle>,track_truth_elevation<angle>,range_error<double>,bearing_error<double>,elevation_error<double>,track_type_id<string>,track_side<string>,signal_to_noise<double>,pixel_count<int>,frequency_count<int>,frequency_low_#<double>,frequency_high_#<double>,aux_data<string>
! MESSAGE_UPDATED,time<time>,event<string>,platform<string>,side<string>,comm<string>,message_serial_number<int>,data_tag<double>,message_type<string>,message_size<int>,queue_size<int>,comment<string>,message_status<string>,request_id<string>,system<string>,message_platform<string>,track_id<string>,start_time<time>,update_time<time>,update_count<int>,quality<double>,domain<string>,track_type<string>,is_candidate<string>,is_false_target<string>,new_serial_number<int>,new_data_tag<double>,new_message_type<string>,new_message_size<int>,new_queue_size<int>,new_comment<string>,new_message_status<string>,new_request_id<string>,new_system<string>,new_message_platform<string>,new_start_time<time>,new_update_time<time>,new_update_count<int>,new_quality<double>,new_domain<string>,new_track_type<string>,new_is_candidate<string>,new_is_false_target<string>
! MOVER_BROKEN,time<time>,event<string>,platform<string>,side<string>,type<string>,system<string>,system_type<string>,lat<lat>,lon<lon>,alt<double>,x<double>,y<double>,z<double>,heading<double>,pitch<double>,roll<double>,ned_speed<double>,ned_velocity_n<double>,ned_velocity_e<double>,ned_velocity_d<double>,eci_speed<double>,eci_velocity_x<double>,eci_velocity_y<double>,eci_velocity_z<double>,ned_acceleration<double>,ned_acceleration_n<double>,ned_acceleration_e<double>,ned_acceleration_d<double>,eci_acceleration<double>,eci_acceleration_x<double>,eci_acceleration_y<double>,eci_acceleration_z<double>
! MOVER_BURNED_OUT,time<time>,event<string>,platform<string>,side<string>,type<string>,system<string>,system_type<string>,lat<lat>,lon<lon>,alt<double>,x<double>,y<double>,z<double>,heading<double>,pitch<double>,roll<double>,ned_speed<double>,ned_velocity_n<double>,ned_velocity_e<double>,ned_velocity_d<double>,eci_speed<double>,eci_velocity_x<double>,eci_velocity_y<double>,eci_velocity_z<double>,ned_acceleration<double>,ned_acceleration_n<double>,ned_acceleration_e<double>,ned_acceleration_d<double>,eci_acceleration<double>,eci_acceleration_x<double>,eci_acceleration_y<double>,eci_acceleration_z<double>
! MOVER_GUIDANCE_PHASE_CHANGED,time<time>,event<string>,platform<string>,phase<string>
! MOVER_NON_OPERATIONAL,time<time>,event<string>,platform<string>,side<string>,type<string>,system<string>,system_type<string>,lat<lat>,lon<lon>,alt<double>,x<double>,y<double>,z<double>,heading<double>,pitch<double>,roll<double>,ned_speed<double>,ned_velocity_n<double>,ned_velocity_e<double>,ned_velocity_d<double>,eci_speed<double>,eci_velocity_x<double>,eci_velocity_y<double>,eci_velocity_z<double>,ned_acceleration<double>,ned_acceleration_n<double>,ned_acceleration_e<double>,ned_acceleration_d<double>,eci_acceleration<double>,eci_acceleration_x<double>,eci_acceleration_y<double>,eci_acceleration_z<double>
! MOVER_OPERATIONAL,time<time>,event<string>,platform<string>,side<string>,type<string>,system<string>,system_type<string>,lat<lat>,lon<lon>,alt<double>,x<double>,y<double>,z<double>,heading<double>,pitch<double>,roll<double>,ned_speed<double>,ned_velocity_n<double>,ned_velocity_e<double>,ned_velocity_d<double>,eci_speed<double>,eci_velocity_x<double>,eci_velocity_y<double>,eci_velocity_z<double>,ned_acceleration<double>,ned_acceleration_n<double>,ned_acceleration_e<double>,ned_acceleration_d<double>,eci_acceleration<double>,eci_acceleration_x<double>,eci_acceleration_y<double>,eci_acceleration_z<double>
! MOVER_STAGED,time<time>,event<string>,platform<string>,side<string>,type<string>,system<string>,system_type<string>,lat<lat>,lon<lon>,alt<double>,x<double>,y<double>,z<double>,heading<double>,pitch<double>,roll<double>,ned_speed<double>,ned_velocity_n<double>,ned_velocity_e<double>,ned_velocity_d<double>,eci_speed<double>,eci_velocity_x<double>,eci_velocity_y<double>,eci_velocity_z<double>,ned_acceleration<double>,ned_acceleration_n<double>,ned_acceleration_e<double>,ned_acceleration_d<double>,eci_acceleration<double>,eci_acceleration_x<double>,eci_acceleration_y<double>,eci_acceleration_z<double>
! MOVER_TURNED_OFF,time<time>,event<string>,platform<string>,side<string>,type<string>,system<string>,system_type<string>,lat<lat>,lon<lon>,alt<double>,x<double>,y<double>,z<double>,heading<double>,pitch<double>,roll<double>,ned_speed<double>,ned_velocity_n<double>,ned_velocity_e<double>,ned_velocity_d<double>,eci_speed<double>,eci_velocity_x<double>,eci_velocity_y<double>,eci_velocity_z<double>,ned_acceleration<double>,ned_acceleration_n<double>,ned_acceleration_e<double>,ned_acceleration_d<double>,eci_acceleration<double>,eci_acceleration_x<double>,eci_acceleration_y<double>,eci_acceleration_z<double>
! MOVER_TURNED_ON,time<time>,event<string>,platform<string>,side<string>,type<string>,system<string>,system_type<string>,lat<lat>,lon<lon>,alt<double>,x<double>,y<double>,z<double>,heading<double>,pitch<double>,roll<double>,ned_speed<double>,ned_velocity_n<double>,ned_velocity_e<double>,ned_velocity_d<double>,eci_speed<double>,eci_velocity_x<double>,eci_velocity_y<double>,eci_velocity_z<double>,ned_acceleration<double>,ned_acceleration_n<double>,ned_acceleration_e<double>,ned_acceleration_d<double>,eci_acceleration<double>,eci_acceleration_x<double>,eci_acceleration_y<double>,eci_acceleration_z<double>
! MTT_ACTIVE_TRACK_DROPPED,time<time>,event<string>,platform<string>,track_id<int>
! MTT_ACTIVE_TRACK_INITIATED,time<time>,event<string>,platform<string>,track_id<int>,candidate_track_id<int>
! MTT_CANDIDATE_TRACK_DROPPED,time<time>,event<string>,platform<string>,track_id<int>
! MTT_CANDIDATE_TRACK_INITIATED,time<time>,event<string>,platform<string>,track_id<int>,embryonic_track_id<int>
! MTT_EMBRYONIC_TRACK_DROPPED,time<time>,event<string>,platform<string>,track_id<int>
! MTT_EMBRYONIC_TRACK_INITIATED,time<time>,event<string>,platform<string>,track_id<int>
! NAVIGATION_STATUS_CHANGED,time<time>,event<string>,platform<string>,side<string>,status<string>
! NETWORK_ADDED,time<time>,event<string>,network<string>,address<string>
! NETWORK_REMOVED,time<time>,event<string>,network<string>,address<string>
! OPERATING_LEVEL_CHANGED,time<time>,event<string>,platform<string>,side<string>,processor<string>,processor_name<string>,level<int>
! ORBITAL_MANEUVER_CANCELED,time<time>,event<string>,platform<string>,id<int>,maneuver_type<string>,maneuver_constraint<string>,maneuver_constratint_value<double>,duration<double>,intercept_time<double>,semi_major_axis<double>,eccentricity<double>,inclination<double>,raan<double>,argument_of_periapsis<double>,mean_anomaly<double>,true_anomaly<double>,special_orbit_type<string>,delta_v<double>
! ORBITAL_MANEUVER_COMPLETED,time<time>,event<string>,platform<string>,id<int>,maneuver_type<string>,maneuver_constraint<string>,maneuver_constratint_value<double>,duration<double>,intercept_time<double>,semi_major_axis<double>,eccentricity<double>,inclination<double>,raan<double>,argument_of_periapsis<double>,mean_anomaly<double>,true_anomaly<double>,special_orbit_type<string>,delta_v<double>
! ORBITAL_MANEUVER_INITIATED,time<time>,event<string>,platform<string>,id<int>,maneuver_type<string>,maneuver_constraint<string>,maneuver_constratint_value<double>,duration<double>,intercept_time<double>,semi_major_axis<double>,eccentricity<double>,inclination<double>,raan<double>,argument_of_periapsis<double>,mean_anomaly<double>,true_anomaly<double>,special_orbit_type<string>
! ORBITAL_MANEUVER_UPDATED,time<time>,event<string>,platform<string>,id<int>,maneuver_type<string>,maneuver_constraint<string>,maneuver_constratint_value<double>,duration<double>,intercept_time<double>,semi_major_axis<double>,eccentricity<double>,inclination<double>,raan<double>,argument_of_periapsis<double>,mean_anomaly<double>,true_anomaly<double>,special_orbit_type<string>,delta_v<double>
! ORBIT_DETERMINATION_INITIATED,time<time>,event<string>,platform<string>,target_platform<string>,semi_major_axis<double>,eccentricity<double>,inclination<double>,raan<double>,argument_of_periapsis<double>,mean_anomaly<double>,true_anomaly<double>
! ORBIT_DETERMINATION_UPDATED,time<time>,event<string>,platform<string>,target_platform<string>,semi_major_axis<double>,eccentricity<double>,inclination<double>,raan<double>,argument_of_periapsis<double>,mean_anomaly<double>,true_anomaly<double>
! PLATFORM_ADDED,time<time>,event<string>,platform<string>,side<string>,type<string>,ps<double>,lat<lat>,lon<lon>,alt<double>,x<double>,y<double>,z<double>,heading<angle>,pitch<angle>,roll<angle>,ned_speed<double>,ned_velocity_n<double>,ned_velocity_e<double>,ned_velocity_d<double>,eci_speed<double>,eci_velocity_x<double>,eci_velocity_y<double>,eci_velocity_z<double>,ned_acceleration<double>,ned_acceleration_n<double>,ned_acceleration_e<double>,ned_acceleration_d<double>,eci_acceleration<double>,eci_acceleration_x<double>,eci_acceleration_y<double>,eci_acceleration_z<double>
! PLATFORM_APPEARANCE_CHANGED,time<time>,event<string>,platform<string>,side<string>,item_type<string>,concealment_factor<double>,class_name<string>,signature_state<string>,scale_factor<double>
! PLATFORM_BROKEN,time<time>,event<string>,platform<string>,side<string>,type<string>,ps<double>,lat<lat>,lon<lon>,alt<double>,x<double>,y<double>,z<double>,heading<angle>,pitch<angle>,roll<angle>,ned_speed<double>,ned_velocity_n<double>,ned_velocity_e<double>,ned_velocity_d<double>,eci_speed<double>,eci_velocity_x<double>,eci_velocity_y<double>,eci_velocity_z<double>,ned_acceleration<double>,ned_acceleration_n<double>,ned_acceleration_e<double>,ned_acceleration_d<double>,eci_acceleration<double>,eci_acceleration_x<double>,eci_acceleration_y<double>,eci_acceleration_z<double>
! PLATFORM_CAPABILITY_CHANGED,time<time>,event<string>,platform<string>,side<string>,item_type<string>,toggle<bool>
! PLATFORM_DELETED,time<time>,event<string>,platform<string>,side<string>,type<string>,ps<double>,lat<lat>,lon<lon>,alt<double>,x<double>,y<double>,z<double>,heading<angle>,pitch<angle>,roll<angle>,ned_speed<double>,ned_velocity_n<double>,ned_velocity_e<double>,ned_velocity_d<double>,eci_speed<double>,eci_velocity_x<double>,eci_velocity_y<double>,eci_velocity_z<double>,ned_acceleration<double>,ned_acceleration_n<double>,ned_acceleration_e<double>,ned_acceleration_d<double>,eci_acceleration<double>,eci_acceleration_x<double>,eci_acceleration_y<double>,eci_acceleration_z<double>
! PLATFORM_INITIALIZED,time<time>,event<string>,platform<string>,side<string>,type<string>,ps<double>,lat<lat>,lon<lon>,alt<double>,x<double>,y<double>,z<double>,heading<angle>,pitch<angle>,roll<angle>,ned_speed<double>,ned_velocity_n<double>,ned_velocity_e<double>,ned_velocity_d<double>,eci_speed<double>,eci_velocity_x<double>,eci_velocity_y<double>,eci_velocity_z<double>,ned_acceleration<double>,ned_acceleration_n<double>,ned_acceleration_e<double>,ned_acceleration_d<double>,eci_acceleration<double>,eci_acceleration_x<double>,eci_acceleration_y<double>,eci_acceleration_z<double>
! PLATFORM_OMITTED,time<time>,event<string>,platform<string>,side<string>,type<string>,ps<double>,lat<lat>,lon<lon>,alt<double>,x<double>,y<double>,z<double>,heading<angle>,pitch<angle>,roll<angle>,ned_speed<double>,ned_velocity_n<double>,ned_velocity_e<double>,ned_velocity_d<double>,eci_speed<double>,eci_velocity_x<double>,eci_velocity_y<double>,eci_velocity_z<double>,ned_acceleration<double>,ned_acceleration_n<double>,ned_acceleration_e<double>,ned_acceleration_d<double>,eci_acceleration<double>,eci_acceleration_x<double>,eci_acceleration_y<double>,eci_acceleration_z<double>
! PROCESSOR_BROKEN,time<time>,event<string>,platform<string>,side<string>,type<string>,system<string>,system_type<string>,lat<lat>,lon<lon>,alt<double>,x<double>,y<double>,z<double>,heading<double>,pitch<double>,roll<double>,ned_speed<double>,ned_velocity_n<double>,ned_velocity_e<double>,ned_velocity_d<double>,eci_speed<double>,eci_velocity_x<double>,eci_velocity_y<double>,eci_velocity_z<double>,ned_acceleration<double>,ned_acceleration_n<double>,ned_acceleration_e<double>,ned_acceleration_d<double>,eci_acceleration<double>,eci_acceleration_x<double>,eci_acceleration_y<double>,eci_acceleration_z<double>
! PROCESSOR_NON_OPERATIONAL,time<time>,event<string>,platform<string>,side<string>,type<string>,system<string>,system_type<string>,lat<lat>,lon<lon>,alt<double>,x<double>,y<double>,z<double>,heading<double>,pitch<double>,roll<double>,ned_speed<double>,ned_velocity_n<double>,ned_velocity_e<double>,ned_velocity_d<double>,eci_speed<double>,eci_velocity_x<double>,eci_velocity_y<double>,eci_velocity_z<double>,ned_acceleration<double>,ned_acceleration_n<double>,ned_acceleration_e<double>,ned_acceleration_d<double>,eci_acceleration<double>,eci_acceleration_x<double>,eci_acceleration_y<double>,eci_acceleration_z<double>
! PROCESSOR_OPERATIONAL,time<time>,event<string>,platform<string>,side<string>,type<string>,system<string>,system_type<string>,lat<lat>,lon<lon>,alt<double>,x<double>,y<double>,z<double>,heading<double>,pitch<double>,roll<double>,ned_speed<double>,ned_velocity_n<double>,ned_velocity_e<double>,ned_velocity_d<double>,eci_speed<double>,eci_velocity_x<double>,eci_velocity_y<double>,eci_velocity_z<double>,ned_acceleration<double>,ned_acceleration_n<double>,ned_acceleration_e<double>,ned_acceleration_d<double>,eci_acceleration<double>,eci_acceleration_x<double>,eci_acceleration_y<double>,eci_acceleration_z<double>
! PROCESSOR_TURNED_OFF,time<time>,event<string>,platform<string>,side<string>,type<string>,system<string>,system_type<string>,lat<lat>,lon<lon>,alt<double>,x<double>,y<double>,z<double>,heading<double>,pitch<double>,roll<double>,ned_speed<double>,ned_velocity_n<double>,ned_velocity_e<double>,ned_velocity_d<double>,eci_speed<double>,eci_velocity_x<double>,eci_velocity_y<double>,eci_velocity_z<double>,ned_acceleration<double>,ned_acceleration_n<double>,ned_acceleration_e<double>,ned_acceleration_d<double>,eci_acceleration<double>,eci_acceleration_x<double>,eci_acceleration_y<double>,eci_acceleration_z<double>
! PROCESSOR_TURNED_ON,time<time>,event<string>,platform<string>,side<string>,type<string>,system<string>,system_type<string>,lat<lat>,lon<lon>,alt<double>,x<double>,y<double>,z<double>,heading<double>,pitch<double>,roll<double>,ned_speed<double>,ned_velocity_n<double>,ned_velocity_e<double>,ned_velocity_d<double>,eci_speed<double>,eci_velocity_x<double>,eci_velocity_y<double>,eci_velocity_z<double>,ned_acceleration<double>,ned_acceleration_n<double>,ned_acceleration_e<double>,ned_acceleration_d<double>,eci_acceleration<double>,eci_acceleration_x<double>,eci_acceleration_y<double>,eci_acceleration_z<double>
! ROUTER_BROKEN,time<time>,event<string>,platform<string>,side<string>,type<string>,system<string>,system_type<string>,lat<lat>,lon<lon>,alt<double>,x<double>,y<double>,z<double>,heading<double>,pitch<double>,roll<double>,ned_speed<double>,ned_velocity_n<double>,ned_velocity_e<double>,ned_velocity_d<double>,eci_speed<double>,eci_velocity_x<double>,eci_velocity_y<double>,eci_velocity_z<double>,ned_acceleration<double>,ned_acceleration_n<double>,ned_acceleration_e<double>,ned_acceleration_d<double>,eci_acceleration<double>,eci_acceleration_x<double>,eci_acceleration_y<double>,eci_acceleration_z<double>
! ROUTER_NON_OPERATIONAL,time<time>,event<string>,platform<string>,side<string>,type<string>,system<string>,system_type<string>,lat<lat>,lon<lon>,alt<double>,x<double>,y<double>,z<double>,heading<double>,pitch<double>,roll<double>,ned_speed<double>,ned_velocity_n<double>,ned_velocity_e<double>,ned_velocity_d<double>,eci_speed<double>,eci_velocity_x<double>,eci_velocity_y<double>,eci_velocity_z<double>,ned_acceleration<double>,ned_acceleration_n<double>,ned_acceleration_e<double>,ned_acceleration_d<double>,eci_acceleration<double>,eci_acceleration_x<double>,eci_acceleration_y<double>,eci_acceleration_z<double>
! ROUTER_OPERATIONAL,time<time>,event<string>,platform<string>,side<string>,type<string>,system<string>,system_type<string>,lat<lat>,lon<lon>,alt<double>,x<double>,y<double>,z<double>,heading<double>,pitch<double>,roll<double>,ned_speed<double>,ned_velocity_n<double>,ned_velocity_e<double>,ned_velocity_d<double>,eci_speed<double>,eci_velocity_x<double>,eci_velocity_y<double>,eci_velocity_z<double>,ned_acceleration<double>,ned_acceleration_n<double>,ned_acceleration_e<double>,ned_acceleration_d<double>,eci_acceleration<double>,eci_acceleration_x<double>,eci_acceleration_y<double>,eci_acceleration_z<double>
! ROUTER_TURNED_OFF,time<time>,event<string>,platform<string>,side<string>,type<string>,system<string>,system_type<string>,lat<lat>,lon<lon>,alt<double>,x<double>,y<double>,z<double>,heading<double>,pitch<double>,roll<double>,ned_speed<double>,ned_velocity_n<double>,ned_velocity_e<double>,ned_velocity_d<double>,eci_speed<double>,eci_velocity_x<double>,eci_velocity_y<double>,eci_velocity_z<double>,ned_acceleration<double>,ned_acceleration_n<double>,ned_acceleration_e<double>,ned_acceleration_d<double>,eci_acceleration<double>,eci_acceleration_x<double>,eci_acceleration_y<double>,eci_acceleration_z<double>
! ROUTER_TURNED_ON,time<time>,event<string>,platform<string>,side<string>,type<string>,system<string>,system_type<string>,lat<lat>,lon<lon>,alt<double>,x<double>,y<double>,z<double>,heading<double>,pitch<double>,roll<double>,ned_speed<double>,ned_velocity_n<double>,ned_velocity_e<double>,ned_velocity_d<double>,eci_speed<double>,eci_velocity_x<double>,eci_velocity_y<double>,eci_velocity_z<double>,ned_acceleration<double>,ned_acceleration_n<double>,ned_acceleration_e<double>,ned_acceleration_d<double>,eci_acceleration<double>,eci_acceleration_x<double>,eci_acceleration_y<double>,eci_acceleration_z<double>
! SENSOR_BROKEN,time<time>,event<string>,platform<string>,side<string>,type<string>,system<string>,system_type<string>,lat<lat>,lon<lon>,alt<double>,x<double>,y<double>,z<double>,heading<double>,pitch<double>,roll<double>,ned_speed<double>,ned_velocity_n<double>,ned_velocity_e<double>,ned_velocity_d<double>,eci_speed<double>,eci_velocity_x<double>,eci_velocity_y<double>,eci_velocity_z<double>,ned_acceleration<double>,ned_acceleration_n<double>,ned_acceleration_e<double>,ned_acceleration_d<double>,eci_acceleration<double>,eci_acceleration_x<double>,eci_acceleration_y<double>,eci_acceleration_z<double>
! SENSOR_DETECTION_ATTEMPT,time<time>,event<string>,platform<string>,side<string>,target_platform<string>,sensor<string>,mode<string>,beam_index<int>,xmtr_type<string>,xmtr_lat<lat>,xmtr_lon<lon>,xmtr_alt<double>,xmtr_x<double>,xmtr_y<double>,xmtr_z<double>,xmtr_heading<angle>,xmtr_pitch<angle>,xmtr_roll<angle>,xmtr_speed<double>,rcvr_type<string>,rcvr_lat<lat>,rcvr_lon<lon>,rcvr_alt<double>,rcvr_x<double>,rcvr_y<double>,rcvr_z<double>,rcvr_heading<angle>,rcvr_pitch<angle>,rcvr_roll<angle>,rcvr_speed<double>,target_type<string>,target_lat<lat>,target_lon<lon>,target_alt<double>,target_x<double>,target_y<double>,target_z<double>,target_heading<angle>,target_pitch<angle>,target_roll<angle>,target_speed<double>,xmtr->rcvr_range<double>,xmtr->rcvr_bearing<angle>,xmtr->rcvr_elev<angle>,xmtr->rcvr_apparent_bearing<angle>,xmtr->rcvr_apparent_elev<angle>,rcvr->xmtr_range<double>,rcvr->xmtr_bearing<angle>,rcvr->xmtr_elev<angle>,rcvr->xmtr_apparent_bearing<angle>,rcvr->Xmtr_apparent_elev<angle>,xmtr->tgt_range<double>,xmtr->tgt_bearing<angle>,xmtr->tgt_elev<angle>,xmtr->tgt_apparent_bearing<angle>,xmtr->tgt_apparent_elev<angle>,tgt->xmtr_range<double>,tgt->xmtr_bearing<angle>,tgt->xmtr_elev<angle>,tgt->xmtr_apparent_bearing<angle>,tgt->xmtr_apparent_elev<angle>,rcvr->tgt_range<double>,rcvr->tgt_bearing<angle>,rcvr->tgt_elev<angle>,rcvr->tgt_apparent_bearing<angle>,rcvr->tgt_apparent_elev<angle>,tgt->rcvr_range<double>,tgt->rcvr_bearing<angle>,tgt->rcvr_elev<angle>,tgt->rcvr_apparent_bearing<angle>,tgt->rcvr_apparent_elev<angle>,xmtr_beam_bearing<angle>,xmtr_beam_elevation<angle>,xmtr_rel_az<angle>,xmtr_rel_el<angle>,xmtr_EBS_Az<angle>,xmtr_EBS_El<angle>,xmtr_Omega<angle>,xmtr_gain<double>,rcvr_beam_bearing<angle>,rcvr_beam_elevation<angle>,rcvr_rel_az<angle>,rcvr_rel_el<angle>,rcvr_EBS_Az<angle>,rcvr_EBS_El<angle>,rcvr_Omega<angle>,rcvr_gain<double>,RCS<double>,RCS_(linear)<double>,RCS_azimuth<angle>,RCS_elev<angle>,Optical_Sig<double>,Optical_Sig_(linear)<double>,Optical_Sig_azimuth<angle>,Optical_Sig_elev<angle>,Optical_Sig_Reflectivity<double>,IR_Sig<double>,IR_Sig_azimuth<angle>,IR_Sig_elev<angle>,BackgroundRadiantIntensity<double>,ContrastRadiantIntensity<double>,Transmittance<double>,AbsorptionFactor<double>,AbsorptionFactor_(linear)<double>,PropagationFactor_F^4<double>,PropagationFactor_(linear)<double>,PropagationFactor_^0.25<double>,masking_factor<double>,TransmittedPower<double>,ReceivedPower<double>,ReceiverNoisePower<double>,ClutterPower<double>,InterferencePower<double>,NoiseJammerPower<double>,PulseJammerPower<double>,CoherentJammerPower<double>,PixelCount<double>,SignalToNoise<double>,DetectionThreshold<double>,SignalPower/noisePower<double>,SignalPower/(noisePower+clutterPower)<double>,SignalPower/(noisePower+clutterPower+jammerPower)<double>,EW_Effects<string>,failure_reason<string>,sensor_warning<string>,Pd<double>,required_Pd<double>,detected<bool>
! SENSOR_DETECTION_CHANGED,time<time>,event<string>,platform<string>,side<string>,target_platform<string>,sensor<string>,mode<string>,beam_index<double>,xmtr_type<string>,xmtr_lat<lat>,xmtr_lon<lon>,xmtr_alt<double>,xmtr_x<double>,xmtr_y<double>,xmtr_z<double>,xmtr_heading<angle>,xmtr_pitch<angle>,xmtr_roll<angle>,xmtr_speed<double>,rcvr_type<string>,rcvr_lat<lat>,rcvr_lon<lon>,rcvr_alt<double>,rcvr_x<double>,rcvr_y<double>,rcvr_z<double>,rcvr_heading<angle>,rcvr_pitch<angle>,rcvr_roll<angle>,rcvr_speed<double>,target_type<string>,target_lat<lat>,target_lon_loc<lon>,target_alt<double>,target_x<double>,target_y<double>,target_z<double>,target_heading<angle>,target_pitch<angle>,target_roll<angle>,target_speed<double>,xmtr->rcvr_range<double>,xmtr->rcvr_bearing<angle>,xmtr->rcvr_elev<angle>,xmtr->rcvr_apparent_bearing<angle>,xmtr->rcvr_apparent_elev<angle>,rcvr->xmtr_range<double>,rcvr->xmtr_bearing<angle>,rcvr->xmtr_elev<angle>,rcvr->xmtr_apparent_bearing<angle>,rcvr->Xmtr_apparent_elev<angle>,xmtr->tgt_range<double>,xmtr->tgt_bearing<angle>,xmtr->tgt_elev<angle>,xmtr->tgt_apparent_bearing<angle>,xmtr->tgt_apparent_elev<angle>,tgt->xmtr_range<double>,tgt->xmtr_bearing<angle>,tgt->xmtr_elev<angle>,tgt->xmtr_apparent_bearing<angle>,tgt->xmtr_apparent_elev<angle>,rcvr->tgt_range<double>,rcvr->tgt_bearing<angle>,rcvr->tgt_elev<angle>,rcvr->tgt_apparent_bearing<angle>,rcvr->tgt_apparent_elev<angle>,tgt->rcvr_range<double>,tgt->rcvr_bearing<angle>,tgt->rcvr_elev<angle>,tgt->rcvr_apparent_bearing<angle>,tgt->rcvr_apparent_elev<angle>,xmtr_beam_bearing<angle>,xmtr_beam_elevation<angle>,xmtr_rel_az<angle>,xmtr_rel_el<angle>,xmtr_EBS_Az<angle>,xmtr_EBS_El<angle>,xmtr_Omega<angle>,xmtr_gain<double>,rcvr_beam_bearing<angle>,rcvr_beam_elevation<angle>,rcvr_rel_az<angle>,rcvr_rel_el<angle>,rcvr_EBS_Az<angle>,rcvr_EBS_El<angle>,rcvr_Omega<angle>,rcvr_gain<double>,RCS<double>,RCS_(linear)<double>,RCS_azimuth<angle>,RCS_elev<angle>,Optical_Sig<double>,Optical_Sig_(linear)<double>,Optical_Sig_azimuth<angle>,Optical_Sig_elev<angle>,Optical_Sig_Reflectivity<double>,IR_Sig<double>,IR_Sig_azimuth<angle>,IR_Sig_elev<angle>,BackgroundRadiantIntensity<double>,ContrastRadiantIntensity<double>,Transmittance<double>,AbsorptionFactor<double>,AbsorptionFactor(linear)<double>,PropagationFactor_F^4<double>,PropagationFactor(linear)<double>,PropagationFactor^0.25<double>,masking_factor<double>,TransmittedPower<double>,ReceivedPower<double>,ReceiverNoisePower<double>,ClutterPower<double>,InterferencePower(linear)<double>,empty_1<string>,empty_2<string>,empty_3<string>,pixel_count<int>,SignalToNoise<double>,DetectionThreshold<double>,SignalPower/noisePower<double>,SignalPower/(noisePower+clutterPower)<double>,SignalPower/(noisePower+clutterPower+interferencePower)<double>,empty_4<string>,failure_reason<string>,failures<string>,Pd<double>,required_Pd<double>,detected<bool>
! SENSOR_FREQUENCY_CHANGED,time<time>,event<string>,platform<string>,side<string>,sensor<string>,mode<string>,lat<lat>,lon<lon>,alt<double>,x<double>,y<double>,z<double>,transmitter_count<int>,beam_number_#<int>,frequency_id_#<int>,frequency_#<double>
! SENSOR_MODE_ACTIVATED,time<time>,event<string>,platform<string>,side<string>,name<string>,mode<string>,lat<lat>,lon<lon>,alt<double>,x<double>,y<double>,z<double>
! SENSOR_MODE_DEACTIVATED,time<time>,event<string>,platform<string>,side<string>,name<string>,mode<string>,lat<lat>,lon<lon>,alt<double>,x<double>,y<double>,z<double>
! SENSOR_NON_OPERATIONAL,time<time>,event<string>,platform<string>,side<string>,type<string>,system<string>,system_type<string>,lat<lat>,lon<lon>,alt<double>,x<double>,y<double>,z<double>,heading<double>,pitch<double>,roll<double>,ned_speed<double>,ned_velocity_n<double>,ned_velocity_e<double>,ned_velocity_d<double>,eci_speed<double>,eci_velocity_x<double>,eci_velocity_y<double>,eci_velocity_z<double>,ned_acceleration<double>,ned_acceleration_n<double>,ned_acceleration_e<double>,ned_acceleration_d<double>,eci_acceleration<double>,eci_acceleration_x<double>,eci_acceleration_y<double>,eci_acceleration_z<double>
! SENSOR_OPERATIONAL,time<time>,event<string>,platform<string>,side<string>,type<string>,system<string>,system_type<string>,lat<lat>,lon<lon>,alt<double>,x<double>,y<double>,z<double>,heading<double>,pitch<double>,roll<double>,ned_speed<double>,ned_velocity_n<double>,ned_velocity_e<double>,ned_velocity_d<double>,eci_speed<double>,eci_velocity_x<double>,eci_velocity_y<double>,eci_velocity_z<double>,ned_acceleration<double>,ned_acceleration_n<double>,ned_acceleration_e<double>,ned_acceleration_d<double>,eci_acceleration<double>,eci_acceleration_x<double>,eci_acceleration_y<double>,eci_acceleration_z<double>
! SENSOR_REQUEST_CANCELED,time<time>,event<string>,platform<string>,side<string>,sensor<string>,mode<string>,track_id<string>,start_time<time>,update_time<time>,update_count<int>,quality<double>,domain<string>,track_type<string>,is_candidate<string>,is_false_target<string>,target_platform<string>,target_type<string>,target_side<string>,originator_lat<lat>,originator_lon<lon>,originator_alt<double>,originator_x<double>,originator_y<double>,originator_z<double>,track_lat<lat>,track_lon<lon>,track_alt<double>,track_x<double>,track_y<double>,track_z<double>,location_valid<string>,is_3D<double>,range_valid<string>,bearing_valid<string>,elevation_valid<string>,truth_lat<lat>,truth_lon<lon>,truth_alt<double>,truth_x<double>,truth_y<double>,truth_z<double>,difference_distance<double>,track_speed<double>,track_heading<angle>,track_truth_speed<double>,track_truth_heading<angle>,track_range<double>,track_bearing<angle>,track_elevation<angle>,track_truth_range<double>,track_truth_bearing<angle>,track_truth_elevation<angle>,range_error<double>,bearing_error<double>,elevation_error<double>,track_type_id<string>,track_side<string>,signal_to_noise<double>,pixel_count<int>,frequency_count<int>,frequency_low_#<double>,frequency_high_#<double>,aux_data<string>
! SENSOR_REQUEST_INITIATED,time<time>,event<string>,platform<string>,side<string>,sensor<string>,mode<string>,track_id<string>,start_time<time>,update_time<time>,update_count<int>,quality<double>,domain<string>,track_type<string>,is_candidate<string>,is_false_target<string>,target_platform<string>,target_type<string>,target_side<string>,originator_lat<lat>,originator_lon<lon>,originator_alt<double>,originator_x<double>,originator_y<double>,originator_z<double>,track_lat<lat>,track_lon<lon>,track_alt<double>,track_x<double>,track_y<double>,track_z<double>,location_valid<string>,is_3D<double>,range_valid<string>,bearing_valid<string>,elevation_valid<string>,truth_lat<lat>,truth_lon<lon>,truth_alt<double>,truth_x<double>,truth_y<double>,truth_z<double>,difference_distance<double>,track_speed<double>,track_heading<angle>,track_truth_speed<double>,track_truth_heading<angle>,track_range<double>,track_bearing<angle>,track_elevation<angle>,track_truth_range<double>,track_truth_bearing<angle>,track_truth_elevation<angle>,range_error<double>,bearing_error<double>,elevation_error<double>,track_type_id<string>,track_side<string>,signal_to_noise<double>,pixel_count<int>,frequency_count<int>,frequency_low_#<double>,frequency_high_#<double>,aux_data<string>
! SENSOR_REQUEST_UPDATED,time<time>,event<string>,platform<string>,side<string>,sensor<string>,mode<string>,track_id<string>,start_time<time>,update_time<time>,update_count<int>,quality<double>,domain<string>,track_type<string>,is_candidate<string>,is_false_target<string>,target_platform<string>,target_type<string>,target_side<string>,originator_lat<lat>,originator_lon<lon>,originator_alt<double>,originator_x<double>,originator_y<double>,originator_z<double>,track_lat<lat>,track_lon<lon>,track_alt<double>,track_x<double>,track_y<double>,track_z<double>,location_valid<string>,is_3D<double>,range_valid<string>,bearing_valid<string>,elevation_valid<string>,truth_lat<lat>,truth_lon<lon>,truth_alt<double>,truth_x<double>,truth_y<double>,truth_z<double>,difference_distance<double>,track_speed<double>,track_heading<angle>,track_truth_speed<double>,track_truth_heading<angle>,track_range<double>,track_bearing<angle>,track_elevation<angle>,track_truth_range<double>,track_truth_bearing<angle>,track_truth_elevation<angle>,range_error<double>,bearing_error<double>,elevation_error<double>,track_type_id<string>,track_side<string>,signal_to_noise<double>,pixel_count<int>,frequency_count<int>,frequency_low_#<double>,frequency_high_#<double>,aux_data<string>
! SENSOR_TRACK_COASTED,time<time>,event<string>,platform<string>,side<string>,sensor<string>,track_id<string>,start_time<time>,update_time<time>,update_count<int>,quality<double>,domain<string>,track_type<string>,is_candidate<string>,is_false_target<string>,target_platform<string>,target_type<string>,target_side<string>,originator_lat<lat>,originator_lon<lon>,originator_alt<double>,originator_x<double>,originator_y<double>,originator_z<double>,track_lat<lat>,track_lon<lon>,track_alt<double>,track_x<double>,track_y<double>,track_z<double>,location_valid<string>,is_3D<double>,range_valid<string>,bearing_valid<string>,elevation_valid<string>,truth_lat<lat>,truth_lon<lon>,truth_alt<double>,truth_x<double>,truth_y<double>,truth_z<double>,difference_distance<double>,track_speed<double>,track_heading<angle>,track_truth_speed<double>,track_truth_heading<angle>,track_range<double>,track_bearing<angle>,track_elevation<angle>,track_truth_range<double>,track_truth_bearing<angle>,track_truth_elevation<angle>,range_error<double>,bearing_error<double>,elevation_error<double>,track_type_id<string>,track_side<string>,signal_to_noise<double>,pixel_count<int>,frequency_count<int>,frequency_low_#<double>,frequency_high_#<double>,aux_data<string>
! SENSOR_TRACK_DROPPED,time<time>,event<string>,platform<string>,side<string>,sensor<string>,track_id<string>,target_platform<string>,target_type<string>
! SENSOR_TRACK_INITIATED,time<time>,event<string>,platform<string>,side<string>,sensor<string>,track_id<string>,start_time<time>,update_time<time>,update_count<int>,quality<double>,domain<string>,track_type<string>,is_candidate<string>,is_false_target<string>,target_platform<string>,target_type<string>,target_side<string>,originator_lat<lat>,originator_lon<lon>,originator_alt<double>,originator_x<double>,originator_y<double>,originator_z<double>,track_lat<lat>,track_lon<lon>,track_alt<double>,track_x<double>,track_y<double>,track_z<double>,location_valid<string>,is_3D<double>,range_valid<string>,bearing_valid<string>,elevation_valid<string>,truth_lat<lat>,truth_lon<lon>,truth_alt<double>,truth_x<double>,truth_y<double>,truth_z<double>,difference_distance<double>,track_speed<double>,track_heading<angle>,track_truth_speed<double>,track_truth_heading<angle>,track_range<double>,track_bearing<angle>,track_elevation<angle>,track_truth_range<double>,track_truth_bearing<angle>,track_truth_elevation<angle>,range_error<double>,bearing_error<double>,elevation_error<double>,track_type_id<string>,track_side<string>,signal_to_noise<double>,pixel_count<int>,frequency_count<int>,frequency_low_#<double>,frequency_high_#<double>,aux_data<string>
! SENSOR_TRACK_UPDATED,time<time>,event<string>,platform<string>,side<string>,sensor<string>,track_id<string>,start_time<time>,update_time<time>,update_count<int>,quality<double>,domain<string>,track_type<string>,is_candidate<string>,is_false_target<string>,target_platform<string>,target_type<string>,target_side<string>,originator_lat<lat>,originator_lon<lon>,originator_alt<double>,originator_x<double>,originator_y<double>,originator_z<double>,track_lat<lat>,track_lon<lon>,track_alt<double>,track_x<double>,track_y<double>,track_z<double>,location_valid<string>,is_3D<double>,range_valid<string>,bearing_valid<string>,elevation_valid<string>,truth_lat<lat>,truth_lon<lon>,truth_alt<double>,truth_x<double>,truth_y<double>,truth_z<double>,difference_distance<double>,track_speed<double>,track_heading<angle>,track_truth_speed<double>,track_truth_heading<angle>,track_range<double>,track_bearing<angle>,track_elevation<angle>,track_truth_range<double>,track_truth_bearing<angle>,track_truth_elevation<angle>,range_error<double>,bearing_error<double>,elevation_error<double>,track_type_id<string>,track_side<string>,signal_to_noise<double>,pixel_count<int>,frequency_count<int>,frequency_low_#<double>,frequency_high_#<double>,aux_data<string>
! SENSOR_TURNED_OFF,time<time>,event<string>,platform<string>,side<string>,type<string>,system<string>,system_type<string>,lat<lat>,lon<lon>,alt<double>,x<double>,y<double>,z<double>,heading<double>,pitch<double>,roll<double>,ned_speed<double>,ned_velocity_n<double>,ned_velocity_e<double>,ned_velocity_d<double>,eci_speed<double>,eci_velocity_x<double>,eci_velocity_y<double>,eci_velocity_z<double>,ned_acceleration<double>,ned_acceleration_n<double>,ned_acceleration_e<double>,ned_acceleration_d<double>,eci_acceleration<double>,eci_acceleration_x<double>,eci_acceleration_y<double>,eci_acceleration_z<double>
! SENSOR_TURNED_ON,time<time>,event<string>,platform<string>,side<string>,type<string>,system<string>,system_type<string>,lat<lat>,lon<lon>,alt<double>,x<double>,y<double>,z<double>,heading<double>,pitch<double>,roll<double>,ned_speed<double>,ned_velocity_n<double>,ned_velocity_e<double>,ned_velocity_d<double>,eci_speed<double>,eci_velocity_x<double>,eci_velocity_y<double>,eci_velocity_z<double>,ned_acceleration<double>,ned_acceleration_n<double>,ned_acceleration_e<double>,ned_acceleration_d<double>,eci_acceleration<double>,eci_acceleration_x<double>,eci_acceleration_y<double>,eci_acceleration_z<double>
! SIMULATION_COMPLETE,time<time>,event<string>,year<int>,month<int>,day<int>,hour<int>,minute<int>,second<int>
! SIMULATION_STARTING,time<time>,event<string>,year<int>,month<int>,day<int>,hour<int>,minute<int>,second<int>
! STATE_ENTRY,time<time>,event<string>,platform<string>,side<string>,target_platform<string>,state<string>,processor<string>,lat<lat>,lon<lon>,alt<double>,x<double>,y<double>,z<double>
! STATE_EXIT,time<time>,event<string>,platform<string>,side<string>,target_platform<string>,state<string>,processor<string>,lat<lat>,lon<lon>,alt<double>,x<double>,y<double>,z<double>
! TANKING_EVENT,time<time>,event<string>,tanker<string>,tanker_side<string>,receiver<string>,event_type<string>
! TASK_ASSIGNED,time<time>,event<string>,platform<string>,assigner_platform<string>,task_type<string>,task_status<string>,task_assign_time<time>,task_update_time<time>,resource_name<string>,task_target<string>,track_id<string>,start_time<time>,update_time<time>,update_count<int>,quality<double>,domain<string>,track_type<string>,is_candidate<string>,is_false_target<string>,target_platform<string>,target_type<string>,target_side<string>,originator_lat<lat>,originator_lon<lon>,originator_alt<double>,originator_x<double>,originator_y<double>,originator_z<double>,track_lat<lat>,track_lon<lon>,track_alt<double>,track_x<double>,track_y<double>,track_z<double>,location_valid<string>,is_3D<double>,range_valid<string>,bearing_valid<string>,elevation_valid<string>,truth_lat<lat>,truth_lon<lon>,truth_alt<double>,truth_x<double>,truth_y<double>,truth_z<double>,difference_distance<double>,track_speed<double>,track_heading<angle>,track_truth_speed<double>,track_truth_heading<angle>,track_range<double>,track_bearing<angle>,track_elevation<angle>,track_truth_range<double>,track_truth_bearing<angle>,track_truth_elevation<angle>,range_error<double>,bearing_error<double>,elevation_error<double>,track_type_id<string>,track_side<string>,signal_to_noise<double>,pixel_count<int>,frequency_count<int>,frequency_low_#<double>,frequency_high_#<double>,aux_data<string>,assignee_speed<double>,assignee_bearing<double>
! TASK_CANCELED,time<time>,event<string>,platform<string>,assigner_platform<string>,task_type<string>,task_status<string>,task_assign_time<time>,task_update_time<time>,resource_name<string>,task_target<string>,track_id<string>,start_time<time>,update_time<time>,update_count<int>,quality<double>,domain<string>,track_type<string>,is_candidate<string>,is_false_target<string>,target_platform<string>,target_type<string>,target_side<string>,originator_lat<lat>,originator_lon<lon>,originator_alt<double>,originator_x<double>,originator_y<double>,originator_z<double>,track_lat<lat>,track_lon<lon>,track_alt<double>,track_x<double>,track_y<double>,track_z<double>,location_valid<string>,is_3D<double>,range_valid<string>,bearing_valid<string>,elevation_valid<string>,truth_lat<lat>,truth_lon<lon>,truth_alt<double>,truth_x<double>,truth_y<double>,truth_z<double>,difference_distance<double>,track_speed<double>,track_heading<angle>,track_truth_speed<double>,track_truth_heading<angle>,track_range<double>,track_bearing<angle>,track_elevation<angle>,track_truth_range<double>,track_truth_bearing<angle>,track_truth_elevation<angle>,range_error<double>,bearing_error<double>,elevation_error<double>,track_type_id<string>,track_side<string>,signal_to_noise<double>,pixel_count<int>,frequency_count<int>,frequency_low_#<double>,frequency_high_#<double>,aux_data<string>,assignee_speed<double>,assignee_bearing<double>
! TASK_COMPLETED,time<time>,event<string>,platform<string>,assigner_platform<string>,task_type<string>,task_status<string>,task_assign_time<time>,task_update_time<time>,resource_name<string>,task_target<string>,track_id<string>,start_time<time>,update_time<time>,update_count<int>,quality<double>,domain<string>,track_type<string>,is_candidate<string>,is_false_target<string>,target_platform<string>,target_type<string>,target_side<string>,originator_lat<lat>,originator_lon<lon>,originator_alt<double>,originator_x<double>,originator_y<double>,originator_z<double>,track_lat<lat>,track_lon<lon>,track_alt<double>,track_x<double>,track_y<double>,track_z<double>,location_valid<string>,is_3D<double>,range_valid<string>,bearing_valid<string>,elevation_valid<string>,truth_lat<lat>,truth_lon<lon>,truth_alt<double>,truth_x<double>,truth_y<double>,truth_z<double>,difference_distance<double>,track_speed<double>,track_heading<angle>,track_truth_speed<double>,track_truth_heading<angle>,track_range<double>,track_bearing<angle>,track_elevation<angle>,track_truth_range<double>,track_truth_bearing<angle>,track_truth_elevation<angle>,range_error<double>,bearing_error<double>,elevation_error<double>,track_type_id<string>,track_side<string>,signal_to_noise<double>,pixel_count<int>,frequency_count<int>,frequency_low_#<double>,frequency_high_#<double>,aux_data<string>,assignee_speed<double>,assignee_bearing<double>
! TEAM_NAME_DEFINITION,time<time>,event<string>,platform<string>,side<string>
! WEAPON_FIRED,time<time>,event<string>,platform<string>,target<string>,weapon_platform<string>,engagement_serial_number<int>,firing_lat<lat>,firing_lon<lon>,firing_alt<double>,firing_x<double>,firing_y<double>,firing_z<double>,firing_heading<angle>,firing_pitch<angle>,firing_roll<angle>,ned_firing_speed<double>,firing_velocity_n<double>,firing_velocity_e<double>,firing_velocity_d<double>,eci_firing_speed<double>,firing_velocity_x<double>,firing_velocity_y<double>,firing_velocity_z<double>,ned_firing_acceleration<double>,firing_acceleration_n<double>,firing_acceleration_e<double>,firing_acceleration_d<double>,eci_firing_acceleration<double>,firing_acceleration_x<double>,firing_acceleration_y<double>,firing_acceleration_z<double>,target_lat<lat>,target_lon<lon>,target_alt<double>,target_x<double>,target_y<double>,target_z<double>,target_heading<angle>,target_pitch<angle>,target_roll<angle>,ned_target_speed<double>,target_velocity_n<double>,target_velocity_e<double>,target_velocity_d<double>,eci_target_speed<double>,target_velocity_x<double>,target_velocity_y<double>,target_velocity_z<double>,ned_target_acceleration<double>,target_acceleration_n<double>,target_acceleration_e<double>,target_acceleration_d<double>,eci_target_acceleration<double>,target_acceleration_x<double>,target_acceleration_y<double>,target_acceleration_z<double>,slant_range<double>,ground_range<double>,down_range<double>,cross_range<double>,relative_altitude<double>,track_id<string>,start_time<time>,update_time<time>,update_count<int>,quality<double>,domain<string>,track_type<string>,is_candidate<string>,is_false_target<string>,target_platform<string>,target_type<string>,target_side<string>,originator_lat<lat>,originator_lon<lon>,originator_alt<double>,originator_x<double>,originator_y<double>,originator_z<double>,track_lat<lat>,track_lon<lon>,track_alt<double>,track_x<double>,track_y<double>,track_z<double>,location_valid<string>,is_3D<double>,range_valid<string>,bearing_valid<string>,elevation_valid<string>,truth_lat<lat>,truth_lon<lon>,truth_alt<double>,truth_x<double>,truth_y<double>,truth_z<double>,difference_distance<double>,track_speed<double>,track_heading<angle>,track_truth_speed<double>,track_truth_heading<angle>,track_range<double>,track_bearing<angle>,track_elevation<angle>,track_truth_range<double>,track_truth_bearing<angle>,track_truth_elevation<angle>,range_error<double>,bearing_error<double>,elevation_error<double>,track_type_id<string>,track_side<string>,signal_to_noise<double>,pixel_count<int>,frequency_count<int>,frequency_low_#<double>,frequency_high_#<double>,aux_data<string>
! WEAPON_FIRE_ABORTED,time<time>,event<string>,platform<string>,target_platform<string>,weapon<string>,weapon_track_id<string>,weapon_qty<int>,weapon_lat<lat>,weapon_lon<lon>,weapon_alt<double>,weapon_x<double>,weapon_y<double>,weapon_z<double>
! WEAPON_FIRE_REQUESTED,time<time>,event<string>,platform<string>,target_platform<string>,weapon<string>,weapon_track_id<string>,weapon_qty<int>,weapon_lat<lat>,weapon_lon<lon>,weapon_alt<double>,weapon_x<double>,weapon_y<double>,weapon_z<double>
! WEAPON_HIT,time<time>,event<string>,platform<string>,target_platform<string>,weapon_platform<string>,engagement_serial_number<int>,start_time<time>,launch_Pk<bool>,intercept_Pk<bool>,PK<double>,Pk_degrade<double>,Pk_constraint<double>,Pk_drawn<double>,CEP<double>,damage_factor_type<string>,damage_factor<double>,result<string>,extended_result<string>,weapon_lat<lat>,weapon_lon<lon>,weapon_alt<double>,weapon_eci_x<double>,weapon_eci_y<double>,weapon_eci_z<double>,weapon_heading<angle>,weapon_pitch<angle>,weapon_roll<angle>,weapon_speed_ned<double>,weapon_velocity_n<double>,weapon_velocity_e<double>,weapon_velocity_d<double>,weapon_speed_eci<double>,weapon_velocity_x<double>,weapon_velocity_y<double>,weapon_velocity_z<double>,weapon_acceleration_ned<double>,weapon_acceleration_n<double>,weapon_acceleration_e<double>,weapon_acceleration_d<double>,weapon_acceleration_eci<double>,weapon_acceleration_x<double>,weapon_acceleration_y<double>,weapon_acceleration_z<double>,target_lat<lat>,target_lon<lon>,target_alt<double>,target_x<lat>,target_y<lon>,target_z<double>,target_heading<angle>,target_pitch<angle>,target_roll<angle>,target_speed_ned<double>,target_velocity_n<double>,target_velocity_e<double>,target_velocity_d<double>,target_speed_eci<double>,target_velocity_x<double>,target_velocity_y<double>,target_velocity_z<double>,target_acceleration_ned<double>,target_acceleration_n<double>,target_acceleration_e<double>,target_acceleration_d<double>,target_acceleration_eci<double>,target_acceleration_x<double>,target_acceleration_y<double>,target_acceleration_z<double>,slant_range<double>,ground_range<double>,down_range<double>,cross_range<double>,relative_alt_offset<double>,miss_distance<double>,weapon_ecs_x<double>,weapon_ecs_y<double>,weapon_ecs_z<double>,impact_speed<double>,ecs_weapon_velocity_x<double>,ecs_weapon_velocity_y<double>,ecs_weapon_velocity_z<double>
! WEAPON_KILLED,time<time>,event<string>,platform<string>,target_platform<string>,weapon_platform<string>,engagement_serial_number<int>,start_time<time>,launch_Pk<bool>,intercept_Pk<bool>,PK<double>,Pk_degrade<double>,Pk_constraint<double>,Pk_drawn<double>,CEP<double>,damage_factor_type<string>,damage_factor<double>,result<string>,extended_result<string>,weapon_lat<lat>,weapon_lon<lon>,weapon_alt<double>,weapon_eci_x<double>,weapon_eci_y<double>,weapon_eci_z<double>,weapon_heading<angle>,weapon_pitch<angle>,weapon_roll<angle>,weapon_speed_ned<double>,weapon_velocity_n<double>,weapon_velocity_e<double>,weapon_velocity_d<double>,weapon_speed_eci<double>,weapon_velocity_x<double>,weapon_velocity_y<double>,weapon_velocity_z<double>,weapon_acceleration_ned<double>,weapon_acceleration_n<double>,weapon_acceleration_e<double>,weapon_acceleration_d<double>,weapon_acceleration_eci<double>,weapon_acceleration_x<double>,weapon_acceleration_y<double>,weapon_acceleration_z<double>,target_lat<lat>,target_lon<lon>,target_alt<double>,target_x<lat>,target_y<lon>,target_z<double>,target_heading<angle>,target_pitch<angle>,target_roll<angle>,target_speed_ned<double>,target_velocity_n<double>,target_velocity_e<double>,target_velocity_d<double>,target_speed_eci<double>,target_velocity_x<double>,target_velocity_y<double>,target_velocity_z<double>,target_acceleration_ned<double>,target_acceleration_n<double>,target_acceleration_e<double>,target_acceleration_d<double>,target_acceleration_eci<double>,target_acceleration_x<double>,target_acceleration_y<double>,target_acceleration_z<double>,slant_range<double>,ground_range<double>,down_range<double>,cross_range<double>,relative_alt_offset<double>,miss_distance<double>,weapon_ecs_x<double>,weapon_ecs_y<double>,weapon_ecs_z<double>,impact_speed<double>,ecs_weapon_velocity_x<double>,ecs_weapon_velocity_y<double>,ecs_weapon_velocity_z<double>
! WEAPON_MISSED,time<time>,event<string>,platform<string>,target_platform<string>,weapon_platform<string>,engagement_serial_number<int>,start_time<time>,launch_Pk<bool>,intercept_Pk<bool>,PK<double>,Pk_degrade<double>,Pk_constraint<double>,Pk_drawn<double>,CEP<double>,damage_factor_type<string>,damage_factor<double>,result<string>,extended_result<string>,weapon_lat<lat>,weapon_lon<lon>,weapon_alt<double>,weapon_eci_x<double>,weapon_eci_y<double>,weapon_eci_z<double>,weapon_heading<angle>,weapon_pitch<angle>,weapon_roll<angle>,weapon_speed_ned<double>,weapon_velocity_n<double>,weapon_velocity_e<double>,weapon_velocity_d<double>,weapon_speed_eci<double>,weapon_velocity_x<double>,weapon_velocity_y<double>,weapon_velocity_z<double>,weapon_acceleration_ned<double>,weapon_acceleration_n<double>,weapon_acceleration_e<double>,weapon_acceleration_d<double>,weapon_acceleration_eci<double>,weapon_acceleration_x<double>,weapon_acceleration_y<double>,weapon_acceleration_z<double>,target_lat<lat>,target_lon<lon>,target_alt<double>,target_x<lat>,target_y<lon>,target_z<double>,target_heading<angle>,target_pitch<angle>,target_roll<angle>,target_speed_ned<double>,target_velocity_n<double>,target_velocity_e<double>,target_velocity_d<double>,target_speed_eci<double>,target_velocity_x<double>,target_velocity_y<double>,target_velocity_z<double>,target_acceleration_ned<double>,target_acceleration_n<double>,target_acceleration_e<double>,target_acceleration_d<double>,target_acceleration_eci<double>,target_acceleration_x<double>,target_acceleration_y<double>,target_acceleration_z<double>,slant_range<double>,ground_range<double>,down_range<double>,cross_range<double>,relative_alt_offset<double>,miss_distance<double>,weapon_ecs_x<double>,weapon_ecs_y<double>,weapon_ecs_z<double>,impact_speed<double>,ecs_weapon_velocity_x<double>,ecs_weapon_velocity_y<double>,ecs_weapon_velocity_z<double>
! WEAPON_MODE_ACTIVATED,time<time>,event<string>,platform<string>,weapon<string>,mode<string>
! WEAPON_MODE_DEACTIVATED,time<time>,event<string>,platform<string>,weapon<string>,mode<string>
! WEAPON_NON_OPERATIONAL,time<time>,event<string>,platform<string>,side<string>,type<string>,system_platform<string>,system_type<string>,lat<lat>,lon<lon>,alt<double>,heading<angle>,pitch<angle>,roll<angle>,speed<double>,velocity_x<double>,velocity_y<double>,velocity_z<double>,acceleration<double>,acceleration_x<double>,acceleration_y<double>,acceleration_z<double>
! WEAPON_OPERATIONAL,time<time>,event<string>,platform<string>,side<string>,type<string>,system_platform<string>,system_type<string>,lat<lat>,lon<lon>,alt<double>,heading<angle>,pitch<angle>,roll<angle>,speed<double>,velocity_x<double>,velocity_y<double>,velocity_z<double>,acceleration<double>,acceleration_x<double>,acceleration_y<double>,acceleration_z<double>
! WEAPON_RELOAD_ENDED,time<time>,event<string>,platform<string>,weapon<string>,weapon_qty<int>
! WEAPON_RELOAD_STARTED,time<time>,event<string>,platform<string>,weapon<string>,weapon_qty<int>
! WEAPON_SELECTED,time<time>,event<string>,platform<string>,weapon<string>,lat<lat>, lon<lon>, alt<double>
! WEAPON_TERMINATED,time<time>,event<string>,platform<string>,target_platform<string>,weapon_platform<string>,engagement_serial_number<int>,start_time<time>,launch_Pk<bool>,intercept_Pk<bool>,PK<double>,Pk_degrade<double>,Pk_constraint<double>,Pk_drawn<double>,CEP<double>,damage_factor_type<string>,damage_factor<double>,result<string>,extended_result<string>,weapon_lat<lat>,weapon_lon<lon>,weapon_alt<double>,weapon_eci_x<double>,weapon_eci_y<double>,weapon_eci_z<double>,weapon_heading<angle>,weapon_pitch<angle>,weapon_roll<angle>,weapon_speed_ned<double>,weapon_velocity_n<double>,weapon_velocity_e<double>,weapon_velocity_d<double>,weapon_speed_eci<double>,weapon_velocity_x<double>,weapon_velocity_y<double>,weapon_velocity_z<double>,weapon_acceleration_ned<double>,weapon_acceleration_n<double>,weapon_acceleration_e<double>,weapon_acceleration_d<double>,weapon_acceleration_eci<double>,weapon_acceleration_x<double>,weapon_acceleration_y<double>,weapon_acceleration_z<double>,target_lat<lat>,target_lon<lon>,target_alt<double>,target_x<lat>,target_y<lon>,target_z<double>,target_heading<angle>,target_pitch<angle>,target_roll<angle>,target_speed_ned<double>,target_velocity_n<double>,target_velocity_e<double>,target_velocity_d<double>,target_speed_eci<double>,target_velocity_x<double>,target_velocity_y<double>,target_velocity_z<double>,target_acceleration_ned<double>,target_acceleration_n<double>,target_acceleration_e<double>,target_acceleration_d<double>,target_acceleration_eci<double>,target_acceleration_x<double>,target_acceleration_y<double>,target_acceleration_z<double>,slant_range<double>,ground_range<double>,down_range<double>,cross_range<double>,relative_alt_offset<double>,miss_distance<double>,weapon_ecs_x<double>,weapon_ecs_y<double>,weapon_ecs_z<double>,impact_speed<double>,ecs_weapon_velocity_x<double>,ecs_weapon_velocity_y<double>,ecs_weapon_velocity_z<double>
! WEAPON_TURNED_OFF,time<time>,event<string>,platform<string>,side<string>,type<string>,system_platform<string>,system_type<string>,lat<lat>,lon<lon>,alt<double>,heading<angle>,pitch<angle>,roll<angle>,speed<double>,velocity_x<double>,velocity_y<double>,velocity_z<double>,acceleration<double>,acceleration_x<double>,acceleration_y<double>,acceleration_z<double>
! WEAPON_TURNED_ON,time<time>,event<string>,platform<string>,side<string>,type<string>,system_platform<string>,system_type<string>,lat<lat>,lon<lon>,alt<double>,heading<angle>,pitch<angle>,roll<angle>,speed<double>,velocity_x<double>,velocity_y<double>,velocity_z<double>,acceleration<double>,acceleration_x<double>,acceleration_y<double>,acceleration_z<double>
0,PLATFORM_ADDED,radar1,red,RADAR_WITH_TRACKER,
0,TEAM_NAME_DEFINITION,radar1,red
0,PLATFORM_ADDED,target1,blue,TARGET,
0,TEAM_NAME_DEFINITION,target1,blue
0,ROUTER_TURNED_ON,radar1,red, Router,default,WSF_COMM_ROUTER,38.0683,-117.233,0,3.38400262e+06,-3.71944295e+06,3.91047224e+06,0.000,0.000,0.000,0.000,0.000,0.000,0.000,366.630,0.740,0.673,-0.000,0.000,0.000,0.000,0.000,0.027,-0.673,0.740,0.000
0.000000e+00,ROUTER_TURNED_ON,target1,blue, Router,default,WSF_COMM_ROUTER,3.806944e+01,-1.172333e+02,1.52400000e+03,3.38475902e+06,-3.72027427e+06,3.91150884e+06,0.000,0.000,0.000,0.000,0.000,0.000,0.000,366.712,0.740,0.673,-0.000,0.000,0.000,0.000,0.000,0.027,-0.673,0.740,0.000
0.000000e+00,PLATFORM_INITIALIZED,radar1,red,RADAR_WITH_TRACKER,1.000000e+00,3.806833e+01,-1.172333e+02,0.00000000e+00,3.38400262e+06,-3.71944295e+06,3.91047224e+06,0.000,0.000,0.000,0.000,0.000,0.000,0.000,366.630,0.740,0.673,-0.000,0.000,0.000,0.000,0.000,0.027,-0.673,0.740,0.000
0.000000e+00,SENSOR_OPERATIONAL,radar1,red,Sensor,simple_radar,WSF_GEOMETRIC_SENSOR,3.806833e+01,-1.172333e+02,0.00000000e+00,3.38400262e+06,-3.71944295e+06,3.91047224e+06,0.000,0.000,0.000,0.000,0.000,0.000,0.000,366.630,0.740,0.673,-0.000,0.000,0.000,0.000,0.000,0.027,-0.673,0.740,0.000
0.000000e+00,SENSOR_TURNED_ON,radar1,red,Sensor,simple_radar,WSF_GEOMETRIC_SENSOR,3.806833e+01,-1.172333e+02,0.00000000e+00,3.38400262e+06,-3.71944295e+06,3.91047224e+06,0.000,0.000,0.000,0.000,0.000,0.000,0.000,366.630,0.740,0.673,-0.000,0.000,0.000,0.000,0.000,0.027,-0.673,0.740,0.000
0.000000e+00,PROCESSOR_OPERATIONAL,radar1,red,Processor,data_mgr,WSF_TRACK_PROCESSOR,3.806833e+01,-1.172333e+02,0.00000000e+00,3.38400262e+06,-3.71944295e+06,3.91047224e+06,0.000,0.000,0.000,0.000,0.000,0.000,0.000,366.630,0.740,0.673,-0.000,0.000,0.000,0.000,0.000,0.027,-0.673,0.740,0.000
0.000000e+00,PROCESSOR_TURNED_ON,radar1,red,Processor,data_mgr,WSF_TRACK_PROCESSOR,3.806833e+01,-1.172333e+02,0.00000000e+00,3.38400262e+06,-3.71944295e+06,3.91047224e+06,0.000,0.000,0.000,0.000,0.000,0.000,0.000,366.630,0.740,0.673,-0.000,0.000,0.000,0.000,0.000,0.027,-0.673,0.740,0.000
0.000000e+00,PROCESSOR_OPERATIONAL,radar1,red,Processor,track_writer,WSF_SCRIPT_PROCESSOR,3.806833e+01,-1.172333e+02,0.00000000e+00,3.38400262e+06,-3.71944295e+06,3.91047224e+06,0.000,0.000,0.000,0.000,0.000,0.000,0.000,366.630,0.740,0.673,-0.000,0.000,0.000,0.000,0.000,0.027,-0.673,0.740,0.000
0.000000e+00,PROCESSOR_TURNED_ON,radar1,red,Processor,track_writer,WSF_SCRIPT_PROCESSOR,3.806833e+01,-1.172333e+02,0.00000000e+00,3.38400262e+06,-3.71944295e+06,3.91047224e+06,0.000,0.000,0.000,0.000,0.000,0.000,0.000,366.630,0.740,0.673,-0.000,0.000,0.000,0.000,0.000,0.027,-0.673,0.740,0.000
0.000000e+00,ROUTER_OPERATIONAL,radar1,red, Router,default,WSF_COMM_ROUTER,3.806833e+01,-1.172333e+02,0.00000000e+00,3.38400262e+06,-3.71944295e+06,3.91047224e+06,0.000,0.000,0.000,0.000,0.000,0.000,0.000,366.630,0.740,0.673,-0.000,0.000,0.000,0.000,0.000,0.027,-0.673,0.740,0.000
0.000000e+00,PLATFORM_INITIALIZED,target1,blue,TARGET,1.000000e+00,3.806944e+01,-1.172333e+02,1.52400000e+03,3.38475902e+06,-3.72027427e+06,3.91150884e+06,0.000,0.000,0.000,0.000,0.000,0.000,0.000,366.712,0.740,0.673,-0.000,0.000,0.000,0.000,0.000,0.027,-0.673,0.740,0.000
0.000000e+00,ROUTER_OPERATIONAL,target1,blue, Router,default,WSF_COMM_ROUTER,3.806944e+01,-1.172333e+02,1.52400000e+03,3.38475902e+06,-3.72027427e+06,3.91150884e+06,0.000,0.000,0.000,0.000,0.000,0.000,0.000,366.712,0.740,0.673,-0.000,0.000,0.000,0.000,0.000,0.027,-0.673,0.740,0.000
0.000000e+00,SIMULATION_STARTING,2003,6,1,12,0,0.000000e+00
0.000000e+00,SENSOR_DETECTION_ATTEMPT,radar1,red,target1,simple_radar,default,1,,,,,,,,,,,,WSF_GEOMETRIC_SENSOR,3.806833e+01,-1.172333e+02,-4.00468707e-08,3.38400262e+06,-3.71944295e+06,3.91047224e+06,0.000000e+00,0.000000e+00,0.000000e+00,0.000000e+00,TARGET,3.806944e+01,-1.172333e+02,1.52400000e+03,3.38475902e+06,-3.72027427e+06,3.91150884e+06,0.000000e+00,0.000000e+00,0.000000e+00,0.000000e+00,,,,,,,,,,,,,,,,,,,,,1.528983e+03,4.265784e-13,1.490027e+00,,,1.528983e+03,3.141593e+00,-1.490047e+00,,,,,,,,,,,,,,,,,,,,,,,,,,,,,,,,,,,,,,,,,,,,,,,,,,,,,,,,,1.000000e+00,9.765755e-01,1
0.000000e+00,SENSOR_DETECTION_CHANGED,radar1,red,target1,simple_radar,default,1,,,,,,,,,,,,WSF_GEOMETRIC_SENSOR,3.806833e+01,-1.172333e+02,-4.00468707e-08,3.38400262e+06,-3.71944295e+06,3.91047224e+06,0.000000e+00,0.000000e+00,0.000000e+00,0.000000e+00,TARGET,3.806944e+01,-1.172333e+02,1.52400000e+03,3.38475902e+06,-3.72027427e+06,3.91150884e+06,0.000000e+00,0.000000e+00,0.000000e+00,0.000000e+00,,,,,,,,,,,,,,,,,,,,,1.528983e+03,4.265784e-13,1.490027e+00,,,1.528983e+03,3.141593e+00,-1.490047e+00,,,,,,,,,,,,,,,,,,,,,,,,,,,,,,,,,,,,,,,,,,,,,,,,,,,,,,,,,1.000000e+00,9.765755e-01,1
0.000000e+00,SENSOR_TRACK_INITIATED,radar1,red,simple_radar,radar1.1,0.000000e+00,0.000000e+00,0,5.000000e-01,land,M,,,target1,TARGET,blue,3.806833e+01,-1.172333e+02,-4.00468707e-08,3.38400262e+06,-3.71944295e+06,3.91047224e+06,3.806944e+01,-1.172333e+02,1.52400000e+03,3.38475902e+06,-3.72027427e+06,3.91150884e+06,L,3,,B,,3.806944e+01,-1.172333e+02,1.52400000e+03,3.38475902e+06,-3.72027427e+06,3.91150884e+06,0.000000e+00,0.000000e+00,0.000000e+00,0.000000e+00,0.000000e+00,1.528983e+03,4.257712e-13,1.490027e+00,1.528983e+03,4.257712e-13,1.490027e+00,,,,,,,,0,,,
0.000000e+00,LOCAL_TRACK_CORRELATION,radar1,red,radar1.2,radar1.1
0.000000e+00,LOCAL_TRACK_INITIATED,radar1,red,radar1.2,0.000000e+00,0.000000e+00,0,5.000000e-01,land,P,,,target1,TARGET,blue,3.806833e+01,-1.172333e+02,-4.00468707e-08,3.38400262e+06,-3.71944295e+06,3.91047224e+06,3.806944e+01,-1.172333e+02,1.52400000e+03,3.38475902e+06,-3.72027427e+06,3.91150884e+06,L,3,,B,,3.806944e+01,-1.172333e+02,1.52400000e+03,3.38475902e+06,-3.72027427e+06,3.91150884e+06,0.000000e+00,0.000000e+00,0.000000e+00,0.000000e+00,0.000000e+00,1.528983e+03,4.257712e-13,1.490027e+00,1.528983e+03,4.257712e-13,1.490027e+00,,,,,,,,0,,,,radar1.1,simple_radar,WSF_GEOMETRIC_SENSOR,default
5.000000e-01,SENSOR_DETECTION_ATTEMPT,radar1,red,target1,simple_radar,default,1,,,,,,,,,,,,WSF_GEOMETRIC_SENSOR,3.806833e+01,-1.172333e+02,-4.00468707e-08,3.38413824e+06,-3.71931961e+06,3.91047219e+06,0.000000e+00,0.000000e+00,0.000000e+00,0.000000e+00,TARGET,3.806944e+01,-1.172333e+02,1.52400000e+03,3.38489467e+06,-3.72015091e+06,3.91150880e+06,0.000000e+00,0.000000e+00,0.000000e+00,0.000000e+00,,,,,,,,,,,,,,,,,,,,,1.528983e+03,4.265784e-13,1.490027e+00,,,1.528983e+03,3.141593e+00,-1.490047e+00,,,,,,,,,,,,,,,,,,,,,,,,,,,,,,,,,,,,,,,,,,,,,,,,,,,,,,,,,1.000000e+00,2.052035e-01,1
5.000000e-01,SENSOR_TRACK_UPDATED,radar1,red,simple_radar,radar1.1,0.000000e+00,5.000000e-01,1,5.000000e-01,land,M,,,target1,TARGET,blue,3.806833e+01,-1.172333e+02,-4.00468707e-08,3.38413824e+06,-3.71931961e+06,3.91047219e+06,3.806944e+01,-1.172333e+02,1.52400000e+03,3.38489467e+06,-3.72015091e+06,3.91150880e+06,L,3,,B,,3.806944e+01,-1.172333e+02,1.52400000e+03,3.38489467e+06,-3.72015091e+06,3.91150880e+06,0.000000e+00,0.000000e+00,0.000000e+00,0.000000e+00,0.000000e+00,1.528983e+03,4.257712e-13,1.490027e+00,1.528983e+03,4.257712e-13,1.490027e+00,,,,,,,,0,,,
5.000000e-01,LOCAL_TRACK_UPDATED,radar1,red,radar1.2,0.000000e+00,5.000000e-01,1,5.000000e-01,land,P,,,target1,TARGET,blue,3.806833e+01,-1.172333e+02,-4.00468707e-08,3.38413824e+06,-3.71931961e+06,3.91047219e+06,3.806944e+01,-1.172333e+02,1.52400000e+03,3.38489467e+06,-3.72015091e+06,3.91150880e+06,L,3,,B,,3.806944e+01,-1.172333e+02,1.52400000e+03,3.38489467e+06,-3.72015091e+06,3.91150880e+06,0.000000e+00,0.000000e+00,0.000000e+00,0.000000e+00,0.000000e+00,1.528983e+03,4.257712e-13,1.490027e+00,1.528983e+03,4.257712e-13,1.490027e+00,,,,,,,,0,,,,radar1.1,simple_radar,WSF_GEOMETRIC_SENSOR,default
1.000000e+00,SENSOR_DETECTION_ATTEMPT,radar1,red,target1,simple_radar,default,1,,,,,,,,,,,,WSF_GEOMETRIC_SENSOR,3.806833e+01,-1.172333e+02,-4.00468707e-08,3.38427385e+06,-3.71919626e+06,3.91047215e+06,0.000000e+00,0.000000e+00,0.000000e+00,0.000000e+00,TARGET,3.806944e+01,-1.172333e+02,1.52400000e+03,3.38503031e+06,-3.72002753e+06,3.91150876e+06,0.000000e+00,0.000000e+00,0.000000e+00,0.000000e+00,,,,,,,,,,,,,,,,,,,,,1.528983e+03,4.265784e-13,1.490027e+00,,,1.528983e+03,3.141593e+00,-1.490047e+00,,,,,,,,,,,,,,,,,,,,,,,,,,,,,,,,,,,,,,,,,,,,,,,,,,,,,,,,,1.000000e+00,9.182428e-01,1
1.000000e+00,SENSOR_TRACK_UPDATED,radar1,red,simple_radar,radar1.1,0.000000e+00,1.000000e+00,2,5.000000e-01,land,M,,,target1,TARGET,blue,3.806833e+01,-1.172333e+02,-4.00468707e-08,3.38427385e+06,-3.71919626e+06,3.91047215e+06,3.806944e+01,-1.172333e+02,1.52400000e+03,3.38503031e+06,-3.72002753e+06,3.91150876e+06,L,3,,B,,3.806944e+01,-1.172333e+02,1.52400000e+03,3.38503031e+06,-3.72002753e+06,3.91150876e+06,0.000000e+00,0.000000e+00,0.000000e+00,0.000000e+00,0.000000e+00,1.528983e+03,4.257712e-13,1.490027e+00,1.528983e+03,4.257712e-13,1.490027e+00,,,,,,,,0,,,
1.000000e+00,LOCAL_TRACK_UPDATED,radar1,red,radar1.2,0.000000e+00,1.000000e+00,2,5.000000e-01,land,P,,,target1,TARGET,blue,3.806833e+01,-1.172333e+02,-4.00468707e-08,3.38427385e+06,-3.71919626e+06,3.91047215e+06,3.806944e+01,-1.172333e+02,1.52400000e+03,3.38503031e+06,-3.72002753e+06,3.91150876e+06,L,3,,B,,3.806944e+01,-1.172333e+02,1.52400000e+03,3.38503031e+06,-3.72002753e+06,3.91150876e+06,0.000000e+00,0.000000e+00,0.000000e+00,0.000000e+00,0.000000e+00,1.528983e+03,4.257712e-13,1.490027e+00,1.528983e+03,4.257712e-13,1.490027e+00,,,,,,,,0,,,,radar1.1,simple_radar,WSF_GEOMETRIC_SENSOR,default
1.500000e+00,SENSOR_DETECTION_ATTEMPT,radar1,red,target1,simple_radar,default,1,,,,,,,,,,,,WSF_GEOMETRIC_SENSOR,3.806833e+01,-1.172333e+02,-4.00468707e-08,3.38440945e+06,-3.71907291e+06,3.91047211e+06,0.000000e+00,0.000000e+00,0.000000e+00,0.000000e+00,TARGET,3.806944e+01,-1.172333e+02,1.52400000e+03,3.38516594e+06,-3.71990415e+06,3.91150871e+06,0.000000e+00,0.000000e+00,0.000000e+00,0.000000e+00,,,,,,,,,,,,,,,,,,,,,1.528983e+03,4.265784e-13,1.490027e+00,,,1.528983e+03,3.141593e+00,-1.490047e+00,,,,,,,,,,,,,,,,,,,,,,,,,,,,,,,,,,,,,,,,,,,,,,,,,,,,,,,,,1.000000e+00,5.540192e-01,1
1.500000e+00,SENSOR_TRACK_UPDATED,radar1,red,simple_radar,radar1.1,0.000000e+00,1.500000e+00,3,5.000000e-01,land,M,,,target1,TARGET,blue,3.806833e+01,-1.172333e+02,-4.00468707e-08,3.38440945e+06,-3.71907291e+06,3.91047211e+06,3.806944e+01,-1.172333e+02,1.52400000e+03,3.38516594e+06,-3.71990415e+06,3.91150871e+06,L,3,,B,,3.806944e+01,-1.172333e+02,1.52400000e+03,3.38516594e+06,-3.71990415e+06,3.91150871e+06,0.000000e+00,0.000000e+00,0.000000e+00,0.000000e+00,0.000000e+00,1.528983e+03,4.257712e-13,1.490027e+00,1.528983e+03,4.257712e-13,1.490027e+00,,,,,,,,0,,,
1.500000e+00,LOCAL_TRACK_UPDATED,radar1,red,radar1.2,0.000000e+00,1.500000e+00,3,5.000000e-01,land,P,,,target1,TARGET,blue,3.806833e+01,-1.172333e+02,-4.00468707e-08,3.38440945e+06,-3.71907291e+06,3.91047211e+06,3.806944e+01,-1.172333e+02,1.52400000e+03,3.38516594e+06,-3.71990415e+06,3.91150871e+06,L,3,,B,,3.806944e+01,-1.172333e+02,1.52400000e+03,3.38516594e+06,-3.71990415e+06,3.91150871e+06,0.000000e+00,0.000000e+00,0.000000e+00,0.000000e+00,0.000000e+00,1.528983e+03,4.257712e-13,1.490027e+00,1.528983e+03,4.257712e-13,1.490027e+00,,,,,,,,0,,,,radar1.1,simple_radar,WSF_GEOMETRIC_SENSOR,default
2.000000e+00,SENSOR_DETECTION_ATTEMPT,radar1,red,target1,simple_radar,default,1,,,,,,,,,,,,WSF_GEOMETRIC_SENSOR,3.806833e+01,-1.172333e+02,-4.00468707e-08,3.38454505e+06,-3.71894956e+06,3.91047206e+06,0.000000e+00,0.000000e+00,0.000000e+00,0.000000e+00,TARGET,3.806944e+01,-1.172333e+02,1.52400000e+03,3.38530157e+06,-3.71978077e+06,3.91150867e+06,0.000000e+00,0.000000e+00,0.000000e+00,0.000000e+00,,,,,,,,,,,,,,,,,,,,,1.528983e+03,4.265784e-13,1.490027e+00,,,1.528983e+03,3.141593e+00,-1.490047e+00,,,,,,,,,,,,,,,,,,,,,,,,,,,,,,,,,,,,,,,,,,,,,,,,,,,,,,,,,1.000000e+00,5.215744e-01,1
2.000000e+00,SENSOR_TRACK_UPDATED,radar1,red,simple_radar,radar1.1,0.000000e+00,2.000000e+00,4,5.000000e-01,land,M,,,target1,TARGET,blue,3.806833e+01,-1.172333e+02,-4.00468707e-08,3.38454505e+06,-3.71894956e+06,3.91047206e+06,3.806944e+01,-1.172333e+02,1.52400000e+03,3.38530157e+06,-3.71978077e+06,3.91150867e+06,L,3,,B,,3.806944e+01,-1.172333e+02,1.52400000e+03,3.38530157e+06,-3.71978077e+06,3.91150867e+06,0.000000e+00,0.000000e+00,0.000000e+00,0.000000e+00,0.000000e+00,1.528983e+03,4.257712e-13,1.490027e+00,1.528983e+03,4.257712e-13,1.490027e+00,,,,,,,,0,,,
2.000000e+00,LOCAL_TRACK_UPDATED,radar1,red,radar1.2,0.000000e+00,2.000000e+00,4,5.000000e-01,land,P,,,target1,TARGET,blue,3.806833e+01,-1.172333e+02,-4.00468707e-08,3.38454505e+06,-3.71894956e+06,3.91047206e+06,3.806944e+01,-1.172333e+02,1.52400000e+03,3.38530157e+06,-3.71978077e+06,3.91150867e+06,L,3,,B,,3.806944e+01,-1.172333e+02,1.52400000e+03,3.38530157e+06,-3.71978077e+06,3.91150867e+06,0.000000e+00,0.000000e+00,0.000000e+00,0.000000e+00,0.000000e+00,1.528983e+03,4.257712e-13,1.490027e+00,1.528983e+03,4.257712e-13,1.490027e+00,,,,,,,,0,,,,radar1.1,simple_radar,WSF_GEOMETRIC_SENSOR,default
2.500000e+00,SENSOR_DETECTION_ATTEMPT,radar1,red,target1,simple_radar,default,1,,,,,,,,,,,,WSF_GEOMETRIC_SENSOR,3.806833e+01,-1.172333e+02,-4.00468707e-08,3.38468065e+06,-3.71882619e+06,3.91047202e+06,0.000000e+00,0.000000e+00,0.000000e+00,0.000000e+00,TARGET,3.806944e+01,-1.172333e+02,1.52400000e+03,3.38543720e+06,-3.71965738e+06,3.91150862e+06,0.000000e+00,0.000000e+00,0.000000e+00,0.000000e+00,,,,,,,,,,,,,,,,,,,,,1.528983e+03,4.265784e-13,1.490027e+00,,,1.528983e+03,3.141593e+00,-1.490047e+00,,,,,,,,,,,,,,,,,,,,,,,,,,,,,,,,,,,,,,,,,,,,,,,,,,,,,,,,,1.000000e+00,5.974523e-01,1
2.500000e+00,SENSOR_TRACK_UPDATED,radar1,red,simple_radar,radar1.1,0.000000e+00,2.500000e+00,5,5.000000e-01,land,M,,,target1,TARGET,blue,3.806833e+01,-1.172333e+02,-4.00468707e-08,3.38468065e+06,-3.71882619e+06,3.91047202e+06,3.806944e+01,-1.172333e+02,1.52400000e+03,3.38543720e+06,-3.71965738e+06,3.91150862e+06,L,3,,B,,3.806944e+01,-1.172333e+02,1.52400000e+03,3.38543720e+06,-3.71965738e+06,3.91150862e+06,0.000000e+00,0.000000e+00,0.000000e+00,0.000000e+00,0.000000e+00,1.528983e+03,4.257712e-13,1.490027e+00,1.528983e+03,4.257712e-13,1.490027e+00,,,,,,,,0,,,
2.500000e+00,LOCAL_TRACK_UPDATED,radar1,red,radar1.2,0.000000e+00,2.500000e+00,5,5.000000e-01,land,P,,,target1,TARGET,blue,3.806833e+01,-1.172333e+02,-4.00468707e-08,3.38468065e+06,-3.71882619e+06,3.91047202e+06,3.806944e+01,-1.172333e+02,1.52400000e+03,3.38543720e+06,-3.71965738e+06,3.91150862e+06,L,3,,B,,3.806944e+01,-1.172333e+02,1.52400000e+03,3.38543720e+06,-3.71965738e+06,3.91150862e+06,0.000000e+00,0.000000e+00,0.000000e+00,0.000000e+00,0.000000e+00,1.528983e+03,4.257712e-13,1.490027e+00,1.528983e+03,4.257712e-13,1.490027e+00,,,,,,,,0,,,,radar1.1,simple_radar,WSF_GEOMETRIC_SENSOR,default
3.000000e+00,SENSOR_DETECTION_ATTEMPT,radar1,red,target1,simple_radar,default,1,,,,,,,,,,,,WSF_GEOMETRIC_SENSOR,3.806833e+01,-1.172333e+02,-4.00468707e-08,3.38481624e+06,-3.71870283e+06,3.91047198e+06,0.000000e+00,0.000000e+00,0.000000e+00,0.000000e+00,TARGET,3.806944e+01,-1.172333e+02,1.52400000e+03,3.38557282e+06,-3.71953398e+06,3.91150858e+06,0.000000e+00,0.000000e+00,0.000000e+00,0.000000e+00,,,,,,,,,,,,,,,,,,,,,1.528983e+03,4.265784e-13,1.490027e+00,,,1.528983e+03,3.141593e+00,-1.490047e+00,,,,,,,,,,,,,,,,,,,,,,,,,,,,,,,,,,,,,,,,,,,,,,,,,,,,,,,,,1.000000e+00,6.548881e-01,1
3.000000e+00,SENSOR_TRACK_UPDATED,radar1,red,simple_radar,radar1.1,0.000000e+00,3.000000e+00,6,5.000000e-01,land,M,,,target1,TARGET,blue,3.806833e+01,-1.172333e+02,-4.00468707e-08,3.38481624e+06,-3.71870283e+06,3.91047198e+06,3.806944e+01,-1.172333e+02,1.52400000e+03,3.38557282e+06,-3.71953398e+06,3.91150858e+06,L,3,,B,,3.806944e+01,-1.172333e+02,1.52400000e+03,3.38557282e+06,-3.71953398e+06,3.91150858e+06,0.000000e+00,0.000000e+00,0.000000e+00,0.000000e+00,0.000000e+00,1.528983e+03,4.257712e-13,1.490027e+00,1.528983e+03,4.257712e-13,1.490027e+00,,,,,,,,0,,,
3.000000e+00,LOCAL_TRACK_UPDATED,radar1,red,radar1.2,0.000000e+00,3.000000e+00,6,5.000000e-01,land,P,,,target1,TARGET,blue,3.806833e+01,-1.172333e+02,-4.00468707e-08,3.38481624e+06,-3.71870283e+06,3.91047198e+06,3.806944e+01,-1.172333e+02,1.52400000e+03,3.38557282e+06,-3.71953398e+06,3.91150858e+06,L,3,,B,,3.806944e+01,-1.172333e+02,1.52400000e+03,3.38557282e+06,-3.71953398e+06,3.91150858e+06,0.000000e+00,0.000000e+00,0.000000e+00,0.000000e+00,0.000000e+00,1.528983e+03,4.257712e-13,1.490027e+00,1.528983e+03,4.257712e-13,1.490027e+00,,,,,,,,0,,,,radar1.1,simple_radar,WSF_GEOMETRIC_SENSOR,default
3.500000e+00,SENSOR_DETECTION_ATTEMPT,radar1,red,target1,simple_radar,default,1,,,,,,,,,,,,WSF_GEOMETRIC_SENSOR,3.806833e+01,-1.172333e+02,-4.00468707e-08,3.38495182e+06,-3.71857945e+06,3.91047193e+06,0.000000e+00,0.000000e+00,0.000000e+00,0.000000e+00,TARGET,3.806944e+01,-1.172333e+02,1.52400000e+03,3.38570844e+06,-3.71941058e+06,3.91150854e+06,0.000000e+00,0.000000e+00,0.000000e+00,0.000000e+00,,,,,,,,,,,,,,,,,,,,,1.528983e+03,4.265784e-13,1.490027e+00,,,1.528983e+03,3.141593e+00,-1.490047e+00,,,,,,,,,,,,,,,,,,,,,,,,,,,,,,,,,,,,,,,,,,,,,,,,,,,,,,,,,1.000000e+00,7.928411e-01,1
3.500000e+00,SENSOR_TRACK_UPDATED,radar1,red,simple_radar,radar1.1,0.000000e+00,3.500000e+00,7,5.000000e-01,land,M,,,target1,TARGET,blue,3.806833e+01,-1.172333e+02,-4.00468707e-08,3.38495182e+06,-3.71857945e+06,3.91047193e+06,3.806944e+01,-1.172333e+02,1.52400000e+03,3.38570844e+06,-3.71941058e+06,3.91150854e+06,L,3,,B,,3.806944e+01,-1.172333e+02,1.52400000e+03,3.38570844e+06,-3.71941058e+06,3.91150854e+06,0.000000e+00,0.000000e+00,0.000000e+00,0.000000e+00,0.000000e+00,1.528983e+03,4.257712e-13,1.490027e+00,1.528983e+03,4.257712e-13,1.490027e+00,,,,,,,,0,,,
3.500000e+00,LOCAL_TRACK_UPDATED,radar1,red,radar1.2,0.000000e+00,3.500000e+00,7,5.000000e-01,land,P,,,target1,TARGET,blue,3.806833e+01,-1.172333e+02,-4.00468707e-08,3.38495182e+06,-3.71857945e+06,3.91047193e+06,3.806944e+01,-1.172333e+02,1.52400000e+03,3.38570844e+06,-3.71941058e+06,3.91150854e+06,L,3,,B,,3.806944e+01,-1.172333e+02,1.52400000e+03,3.38570844e+06,-3.71941058e+06,3.91150854e+06,0.000000e+00,0.000000e+00,0.000000e+00,0.000000e+00,0.000000e+00,1.528983e+03,4.257712e-13,1.490027e+00,1.528983e+03,4.257712e-13,1.490027e+00,,,,,,,,0,,,,radar1.1,simple_radar,WSF_GEOMETRIC_SENSOR,default
4.000000e+00,SENSOR_DETECTION_ATTEMPT,radar1,red,target1,simple_radar,default,1,,,,,,,,,,,,WSF_GEOMETRIC_SENSOR,3.806833e+01,-1.172333e+02,-4.00468707e-08,3.38508741e+06,-3.71845608e+06,3.91047189e+06,0.000000e+00,0.000000e+00,0.000000e+00,0.000000e+00,TARGET,3.806944e+01,-1.172333e+02,1.52400000e+03,3.38584405e+06,-3.71928718e+06,3.91150849e+06,0.000000e+00,0.000000e+00,0.000000e+00,0.000000e+00,,,,,,,,,,,,,,,,,,,,,1.528983e+03,4.265784e-13,1.490027e+00,,,1.528983e+03,3.141593e+00,-1.490047e+00,,,,,,,,,,,,,,,,,,,,,,,,,,,,,,,,,,,,,,,,,,,,,,,,,,,,,,,,,1.000000e+00,6.498904e-01,1
4.000000e+00,SENSOR_TRACK_UPDATED,radar1,red,simple_radar,radar1.1,0.000000e+00,4.000000e+00,8,5.000000e-01,land,M,,,target1,TARGET,blue,3.806833e+01,-1.172333e+02,-4.00468707e-08,3.38508741e+06,-3.71845608e+06,3.91047189e+06,3.806944e+01,-1.172333e+02,1.52400000e+03,3.38584405e+06,-3.71928718e+06,3.91150849e+06,L,3,,B,,3.806944e+01,-1.172333e+02,1.52400000e+03,3.38584405e+06,-3.71928718e+06,3.91150849e+06,0.000000e+00,0.000000e+00,0.000000e+00,0.000000e+00,0.000000e+00,1.528983e+03,4.257712e-13,1.490027e+00,1.528983e+03,4.257712e-13,1.490027e+00,,,,,,,,0,,,
4.000000e+00,LOCAL_TRACK_UPDATED,radar1,red,radar1.2,0.000000e+00,4.000000e+00,8,5.000000e-01,land,P,,,target1,TARGET,blue,3.806833e+01,-1.172333e+02,-4.00468707e-08,3.38508741e+06,-3.71845608e+06,3.91047189e+06,3.806944e+01,-1.172333e+02,1.52400000e+03,3.38584405e+06,-3.71928718e+06,3.91150849e+06,L,3,,B,,3.806944e+01,-1.172333e+02,1.52400000e+03,3.38584405e+06,-3.71928718e+06,3.91150849e+06,0.000000e+00,0.000000e+00,0.000000e+00,0.000000e+00,0.000000e+00,1.528983e+03,4.257712e-13,1.490027e+00,1.528983e+03,4.257712e-13,1.490027e+00,,,,,,,,0,,,,radar1.1,simple_radar,WSF_GEOMETRIC_SENSOR,default
4.500000e+00,SENSOR_DETECTION_ATTEMPT,radar1,red,target1,simple_radar,default,1,,,,,,,,,,,,WSF_GEOMETRIC_SENSOR,3.806833e+01,-1.172333e+02,-4.00468707e-08,3.38522298e+06,-3.71833270e+06,3.91047184e+06,0.000000e+00,0.000000e+00,0.000000e+00,0.000000e+00,TARGET,3.806944e+01,-1.172333e+02,1.52400000e+03,3.38597966e+06,-3.71916377e+06,3.91150845e+06,0.000000e+00,0.000000e+00,0.000000e+00,0.000000e+00,,,,,,,,,,,,,,,,,,,,,1.528983e+03,4.265784e-13,1.490027e+00,,,1.528983e+03,3.141593e+00,-1.490047e+00,,,,,,,,,,,,,,,,,,,,,,,,,,,,,,,,,,,,,,,,,,,,,,,,,,,,,,,,,1.000000e+00,6.139738e-01,1
4.500000e+00,SENSOR_TRACK_UPDATED,radar1,red,simple_radar,radar1.1,0.000000e+00,4.500000e+00,9,5.000000e-01,land,M,,,target1,TARGET,blue,3.806833e+01,-1.172333e+02,-4.00468707e-08,3.38522298e+06,-3.71833270e+06,3.91047184e+06,3.806944e+01,-1.172333e+02,1.52400000e+03,3.38597966e+06,-3.71916377e+06,3.91150845e+06,L,3,,B,,3.806944e+01,-1.172333e+02,1.52400000e+03,3.38597966e+06,-3.71916377e+06,3.91150845e+06,0.000000e+00,0.000000e+00,0.000000e+00,0.000000e+00,0.000000e+00,1.528983e+03,4.257712e-13,1.490027e+00,1.528983e+03,4.257712e-13,1.490027e+00,,,,,,,,0,,,
4.500000e+00,LOCAL_TRACK_UPDATED,radar1,red,radar1.2,0.000000e+00,4.500000e+00,9,5.000000e-01,land,P,,,target1,TARGET,blue,3.806833e+01,-1.172333e+02,-4.00468707e-08,3.38522298e+06,-3.71833270e+06,3.91047184e+06,3.806944e+01,-1.172333e+02,1.52400000e+03,3.38597966e+06,-3.71916377e+06,3.91150845e+06,L,3,,B,,3.806944e+01,-1.172333e+02,1.52400000e+03,3.38597966e+06,-3.71916377e+06,3.91150845e+06,0.000000e+00,0.000000e+00,0.000000e+00,0.000000e+00,0.000000e+00,1.528983e+03,4.257712e-13,1.490027e+00,1.528983e+03,4.257712e-13,1.490027e+00,,,,,,,,0,,,,radar1.1,simple_radar,WSF_GEOMETRIC_SENSOR,default
5.000000e+00,SENSOR_DETECTION_ATTEMPT,radar1,red,target1,simple_radar,default,1,,,,,,,,,,,,WSF_GEOMETRIC_SENSOR,3.806833e+01,-1.172333e+02,-4.00468707e-08,3.38535856e+06,-3.71820931e+06,3.91047180e+06,0.000000e+00,0.000000e+00,0.000000e+00,0.000000e+00,TARGET,3.806944e+01,-1.172333e+02,1.52400000e+03,3.38611526e+06,-3.71904036e+06,3.91150841e+06,0.000000e+00,0.000000e+00,0.000000e+00,0.000000e+00,,,,,,,,,,,,,,,,,,,,,1.528983e+03,4.265784e-13,1.490027e+00,,,1.528983e+03,3.141593e+00,-1.490047e+00,,,,,,,,,,,,,,,,,,,,,,,,,,,,,,,,,,,,,,,,,,,,,,,,,,,,,,,,,1.000000e+00,7.173047e-01,1
5.000000e+00,SENSOR_TRACK_UPDATED,radar1,red,simple_radar,radar1.1,0.000000e+00,5.000000e+00,10,5.000000e-01,land,M,,,target1,TARGET,blue,3.806833e+01,-1.172333e+02,-4.00468707e-08,3.38535856e+06,-3.71820931e+06,3.91047180e+06,3.806944e+01,-1.172333e+02,1.52400000e+03,3.38611526e+06,-3.71904036e+06,3.91150841e+06,L,3,,B,,3.806944e+01,-1.172333e+02,1.52400000e+03,3.38611526e+06,-3.71904036e+06,3.91150841e+06,0.000000e+00,0.000000e+00,0.000000e+00,0.000000e+00,0.000000e+00,1.528983e+03,4.257712e-13,1.490027e+00,1.528983e+03,4.257712e-13,1.490027e+00,,,,,,,,0,,,
5.000000e+00,LOCAL_TRACK_UPDATED,radar1,red,radar1.2,0.000000e+00,5.000000e+00,10,5.000000e-01,land,P,,,target1,TARGET,blue,3.806833e+01,-1.172333e+02,-4.00468707e-08,3.38535856e+06,-3.71820931e+06,3.91047180e+06,3.806944e+01,-1.172333e+02,1.52400000e+03,3.38611526e+06,-3.71904036e+06,3.91150841e+06,L,3,,B,,3.806944e+01,-1.172333e+02,1.52400000e+03,3.38611526e+06,-3.71904036e+06,3.91150841e+06,0.000000e+00,0.000000e+00,0.000000e+00,0.000000e+00,0.000000e+00,1.528983e+03,4.257712e-13,1.490027e+00,1.528983e+03,4.257712e-13,1.490027e+00,,,,,,,,0,,,,radar1.1,simple_radar,WSF_GEOMETRIC_SENSOR,default
5.500000e+00,SENSOR_DETECTION_ATTEMPT,radar1,red,target1,simple_radar,default,1,,,,,,,,,,,,WSF_GEOMETRIC_SENSOR,3.806833e+01,-1.172333e+02,-4.00468707e-08,3.38549413e+06,-3.71808592e+06,3.91047176e+06,0.000000e+00,0.000000e+00,0.000000e+00,0.000000e+00,TARGET,3.806944e+01,-1.172333e+02,1.52400000e+03,3.38625086e+06,-3.71891694e+06,3.91150836e+06,0.000000e+00,0.000000e+00,0.000000e+00,0.000000e+00,,,,,,,,,,,,,,,,,,,,,1.528983e+03,4.265784e-13,1.490027e+00,,,1.528983e+03,3.141593e+00,-1.490047e+00,,,,,,,,,,,,,,,,,,,,,,,,,,,,,,,,,,,,,,,,,,,,,,,,,,,,,,,,,1.000000e+00,5.480259e-02,1
5.500000e+00,SENSOR_TRACK_UPDATED,radar1,red,simple_radar,radar1.1,0.000000e+00,5.500000e+00,11,5.000000e-01,land,M,,,target1,TARGET,blue,3.806833e+01,-1.172333e+02,-4.00468707e-08,3.38549413e+06,-3.71808592e+06,3.91047176e+06,3.806944e+01,-1.172333e+02,1.52400000e+03,3.38625086e+06,-3.71891694e+06,3.91150836e+06,L,3,,B,,3.806944e+01,-1.172333e+02,1.52400000e+03,3.38625086e+06,-3.71891694e+06,3.91150836e+06,0.000000e+00,0.000000e+00,0.000000e+00,0.000000e+00,0.000000e+00,1.528983e+03,4.257712e-13,1.490027e+00,1.528983e+03,4.257712e-13,1.490027e+00,,,,,,,,0,,,
5.500000e+00,LOCAL_TRACK_UPDATED,radar1,red,radar1.2,0.000000e+00,5.500000e+00,11,5.000000e-01,land,P,,,target1,TARGET,blue,3.806833e+01,-1.172333e+02,-4.00468707e-08,3.38549413e+06,-3.71808592e+06,3.91047176e+06,3.806944e+01,-1.172333e+02,1.52400000e+03,3.38625086e+06,-3.71891694e+06,3.91150836e+06,L,3,,B,,3.806944e+01,-1.172333e+02,1.52400000e+03,3.38625086e+06,-3.71891694e+06,3.91150836e+06,0.000000e+00,0.000000e+00,0.000000e+00,0.000000e+00,0.000000e+00,1.528983e+03,4.257712e-13,1.490027e+00,1.528983e+03,4.257712e-13,1.490027e+00,,,,,,,,0,,,,radar1.1,simple_radar,WSF_GEOMETRIC_SENSOR,default
6.000000e+00,SENSOR_DETECTION_ATTEMPT,radar1,red,target1,simple_radar,default,1,,,,,,,,,,,,WSF_GEOMETRIC_SENSOR,3.806833e+01,-1.172333e+02,-4.00468707e-08,3.38562969e+06,-3.71796252e+06,3.91047171e+06,0.000000e+00,0.000000e+00,0.000000e+00,0.000000e+00,TARGET,3.806944e+01,-1.172333e+02,1.52400000e+03,3.38638645e+06,-3.71879351e+06,3.91150832e+06,0.000000e+00,0.000000e+00,0.000000e+00,0.000000e+00,,,,,,,,,,,,,,,,,,,,,1.528983e+03,4.265784e-13,1.490027e+00,,,1.528983e+03,3.141593e+00,-1.490047e+00,,,,,,,,,,,,,,,,,,,,,,,,,,,,,,,,,,,,,,,,,,,,,,,,,,,,,,,,,1.000000e+00,6.580895e-01,1
6.000000e+00,SENSOR_TRACK_UPDATED,radar1,red,simple_radar,radar1.1,0.000000e+00,6.000000e+00,12,5.000000e-01,land,M,,,target1,TARGET,blue,3.806833e+01,-1.172333e+02,-4.00468707e-08,3.38562969e+06,-3.71796252e+06,3.91047171e+06,3.806944e+01,-1.172333e+02,1.52400000e+03,3.38638645e+06,-3.71879351e+06,3.91150832e+06,L,3,,B,,3.806944e+01,-1.172333e+02,1.52400000e+03,3.38638645e+06,-3.71879351e+06,3.91150832e+06,0.000000e+00,0.000000e+00,0.000000e+00,0.000000e+00,0.000000e+00,1.528983e+03,4.257712e-13,1.490027e+00,1.528983e+03,4.257712e-13,1.490027e+00,,,,,,,,0,,,
6.000000e+00,LOCAL_TRACK_UPDATED,radar1,red,radar1.2,0.000000e+00,6.000000e+00,12,5.000000e-01,land,P,,,target1,TARGET,blue,3.806833e+01,-1.172333e+02,-4.00468707e-08,3.38562969e+06,-3.71796252e+06,3.91047171e+06,3.806944e+01,-1.172333e+02,1.52400000e+03,3.38638645e+06,-3.71879351e+06,3.91150832e+06,L,3,,B,,3.806944e+01,-1.172333e+02,1.52400000e+03,3.38638645e+06,-3.71879351e+06,3.91150832e+06,0.000000e+00,0.000000e+00,0.000000e+00,0.000000e+00,0.000000e+00,1.528983e+03,4.257712e-13,1.490027e+00,1.528983e+03,4.257712e-13,1.490027e+00,,,,,,,,0,,,,radar1.1,simple_radar,WSF_GEOMETRIC_SENSOR,default
6.500000e+00,SENSOR_DETECTION_ATTEMPT,radar1,red,target1,simple_radar,default,1,,,,,,,,,,,,WSF_GEOMETRIC_SENSOR,3.806833e+01,-1.172333e+02,-4.00468707e-08,3.38576525e+06,-3.71783912e+06,3.91047167e+06,0.000000e+00,0.000000e+00,0.000000e+00,0.000000e+00,TARGET,3.806944e+01,-1.172333e+02,1.52400000e+03,3.38652204e+06,-3.71867008e+06,3.91150828e+06,0.000000e+00,0.000000e+00,0.000000e+00,0.000000e+00,,,,,,,,,,,,,,,,,,,,,1.528983e+03,4.265784e-13,1.490027e+00,,,1.528983e+03,3.141593e+00,-1.490047e+00,,,,,,,,,,,,,,,,,,,,,,,,,,,,,,,,,,,,,,,,,,,,,,,,,,,,,,,,,1.000000e+00,9.681913e-01,1
6.500000e+00,SENSOR_TRACK_UPDATED,radar1,red,simple_radar,radar1.1,0.000000e+00,6.500000e+00,13,5.000000e-01,land,M,,,target1,TARGET,blue,3.806833e+01,-1.172333e+02,-4.00468707e-08,3.38576525e+06,-3.71783912e+06,3.91047167e+06,3.806944e+01,-1.172333e+02,1.52400000e+03,3.38652204e+06,-3.71867008e+06,3.91150828e+06,L,3,,B,,3.806944e+01,-1.172333e+02,1.52400000e+03,3.38652204e+06,-3.71867008e+06,3.91150828e+06,0.000000e+00,0.000000e+00,0.000000e+00,0.000000e+00,0.000000e+00,1.528983e+03,4.257712e-13,1.490027e+00,1.528983e+03,4.257712e-13,1.490027e+00,,,,,,,,0,,,
6.500000e+00,LOCAL_TRACK_UPDATED,radar1,red,radar1.2,0.000000e+00,6.500000e+00,13,5.000000e-01,land,P,,,target1,TARGET,blue,3.806833e+01,-1.172333e+02,-4.00468707e-08,3.38576525e+06,-3.71783912e+06,3.91047167e+06,3.806944e+01,-1.172333e+02,1.52400000e+03,3.38652204e+06,-3.71867008e+06,3.91150828e+06,L,3,,B,,3.806944e+01,-1.172333e+02,1.52400000e+03,3.38652204e+06,-3.71867008e+06,3.91150828e+06,0.000000e+00,0.000000e+00,0.000000e+00,0.000000e+00,0.000000e+00,1.528983e+03,4.257712e-13,1.490027e+00,1.528983e+03,4.257712e-13,1.490027e+00,,,,,,,,0,,,,radar1.1,simple_radar,WSF_GEOMETRIC_SENSOR,default
7.000000e+00,SENSOR_DETECTION_ATTEMPT,radar1,red,target1,simple_radar,default,1,,,,,,,,,,,,WSF_GEOMETRIC_SENSOR,3.806833e+01,-1.172333e+02,-4.00468707e-08,3.38590080e+06,-3.71771571e+06,3.91047163e+06,0.000000e+00,0.000000e+00,0.000000e+00,0.000000e+00,TARGET,3.806944e+01,-1.172333e+02,1.52400000e+03,3.38665763e+06,-3.71854665e+06,3.91150823e+06,0.000000e+00,0.000000e+00,0.000000e+00,0.000000e+00,,,,,,,,,,,,,,,,,,,,,1.528983e+03,4.265784e-13,1.490027e+00,,,1.528983e+03,3.141593e+00,-1.490047e+00,,,,,,,,,,,,,,,,,,,,,,,,,,,,,,,,,,,,,,,,,,,,,,,,,,,,,,,,,1.000000e+00,4.126053e-01,1
7.000000e+00,SENSOR_TRACK_UPDATED,radar1,red,simple_radar,radar1.1,0.000000e+00,7.000000e+00,14,5.000000e-01,land,M,,,target1,TARGET,blue,3.806833e+01,-1.172333e+02,-4.00468707e-08,3.38590080e+06,-3.71771571e+06,3.91047163e+06,3.806944e+01,-1.172333e+02,1.52400000e+03,3.38665763e+06,-3.71854665e+06,3.91150823e+06,L,3,,B,,3.806944e+01,-1.172333e+02,1.52400000e+03,3.38665763e+06,-3.71854665e+06,3.91150823e+06,0.000000e+00,0.000000e+00,0.000000e+00,0.000000e+00,0.000000e+00,1.528983e+03,4.257712e-13,1.490027e+00,1.528983e+03,4.257712e-13,1.490027e+00,,,,,,,,0,,,
7.000000e+00,LOCAL_TRACK_UPDATED,radar1,red,radar1.2,0.000000e+00,7.000000e+00,14,5.000000e-01,land,P,,,target1,TARGET,blue,3.806833e+01,-1.172333e+02,-4.00468707e-08,3.38590080e+06,-3.71771571e+06,3.91047163e+06,3.806944e+01,-1.172333e+02,1.52400000e+03,3.38665763e+06,-3.71854665e+06,3.91150823e+06,L,3,,B,,3.806944e+01,-1.172333e+02,1.52400000e+03,3.38665763e+06,-3.71854665e+06,3.91150823e+06,0.000000e+00,0.000000e+00,0.000000e+00,0.000000e+00,0.000000e+00,1.528983e+03,4.257712e-13,1.490027e+00,1.528983e+03,4.257712e-13,1.490027e+00,,,,,,,,0,,,,radar1.1,simple_radar,WSF_GEOMETRIC_SENSOR,default
7.500000e+00,SENSOR_DETECTION_ATTEMPT,radar1,red,target1,simple_radar,default,1,,,,,,,,,,,,WSF_GEOMETRIC_SENSOR,3.806833e+01,-1.172333e+02,-4.00468707e-08,3.38603636e+06,-3.71759230e+06,3.91047158e+06,0.000000e+00,0.000000e+00,0.000000e+00,0.000000e+00,TARGET,3.806944e+01,-1.172333e+02,1.52400000e+03,3.38679321e+06,-3.71842321e+06,3.91150819e+06,0.000000e+00,0.000000e+00,0.000000e+00,0.000000e+00,,,,,,,,,,,,,,,,,,,,,1.528983e+03,4.265784e-13,1.490027e+00,,,1.528983e+03,3.141593e+00,-1.490047e+00,,,,,,,,,,,,,,,,,,,,,,,,,,,,,,,,,,,,,,,,,,,,,,,,,,,,,,,,,1.000000e+00,9.649939e-01,1
7.500000e+00,SENSOR_TRACK_UPDATED,radar1,red,simple_radar,radar1.1,0.000000e+00,7.500000e+00,15,5.000000e-01,land,M,,,target1,TARGET,blue,3.806833e+01,-1.172333e+02,-4.00468707e-08,3.38603636e+06,-3.71759230e+06,3.91047158e+06,3.806944e+01,-1.172333e+02,1.52400000e+03,3.38679321e+06,-3.71842321e+06,3.91150819e+06,L,3,,B,,3.806944e+01,-1.172333e+02,1.52400000e+03,3.38679321e+06,-3.71842321e+06,3.91150819e+06,0.000000e+00,0.000000e+00,0.000000e+00,0.000000e+00,0.000000e+00,1.528983e+03,4.257712e-13,1.490027e+00,1.528983e+03,4.257712e-13,1.490027e+00,,,,,,,,0,,,
7.500000e+00,LOCAL_TRACK_UPDATED,radar1,red,radar1.2,0.000000e+00,7.500000e+00,15,5.000000e-01,land,P,,,target1,TARGET,blue,3.806833e+01,-1.172333e+02,-4.00468707e-08,3.38603636e+06,-3.71759230e+06,3.91047158e+06,3.806944e+01,-1.172333e+02,1.52400000e+03,3.38679321e+06,-3.71842321e+06,3.91150819e+06,L,3,,B,,3.806944e+01,-1.172333e+02,1.52400000e+03,3.38679321e+06,-3.71842321e+06,3.91150819e+06,0.000000e+00,0.000000e+00,0.000000e+00,0.000000e+00,0.000000e+00,1.528983e+03,4.257712e-13,1.490027e+00,1.528983e+03,4.257712e-13,1.490027e+00,,,,,,,,0,,,,radar1.1,simple_radar,WSF_GEOMETRIC_SENSOR,default
8.000000e+00,SENSOR_DETECTION_ATTEMPT,radar1,red,target1,simple_radar,default,1,,,,,,,,,,,,WSF_GEOMETRIC_SENSOR,3.806833e+01,-1.172333e+02,-4.00468707e-08,3.38617190e+06,-3.71746889e+06,3.91047154e+06,0.000000e+00,0.000000e+00,0.000000e+00,0.000000e+00,TARGET,3.806944e+01,-1.172333e+02,1.52400000e+03,3.38692879e+06,-3.71829977e+06,3.91150815e+06,0.000000e+00,0.000000e+00,0.000000e+00,0.000000e+00,,,,,,,,,,,,,,,,,,,,,1.528983e+03,4.265784e-13,1.490027e+00,,,1.528983e+03,3.141593e+00,-1.490047e+00,,,,,,,,,,,,,,,,,,,,,,,,,,,,,,,,,,,,,,,,,,,,,,,,,,,,,,,,,1.000000e+00,2.892573e-01,1
8.000000e+00,SENSOR_TRACK_UPDATED,radar1,red,simple_radar,radar1.1,0.000000e+00,8.000000e+00,16,5.000000e-01,land,M,,,target1,TARGET,blue,3.806833e+01,-1.172333e+02,-4.00468707e-08,3.38617190e+06,-3.71746889e+06,3.91047154e+06,3.806944e+01,-1.172333e+02,1.52400000e+03,3.38692879e+06,-3.71829977e+06,3.91150815e+06,L,3,,B,,3.806944e+01,-1.172333e+02,1.52400000e+03,3.38692879e+06,-3.71829977e+06,3.91150815e+06,0.000000e+00,0.000000e+00,0.000000e+00,0.000000e+00,0.000000e+00,1.528983e+03,4.257712e-13,1.490027e+00,1.528983e+03,4.257712e-13,1.490027e+00,,,,,,,,0,,,
8.000000e+00,LOCAL_TRACK_UPDATED,radar1,red,radar1.2,0.000000e+00,8.000000e+00,16,5.000000e-01,land,P,,,target1,TARGET,blue,3.806833e+01,-1.172333e+02,-4.00468707e-08,3.38617190e+06,-3.71746889e+06,3.91047154e+06,3.806944e+01,-1.172333e+02,1.52400000e+03,3.38692879e+06,-3.71829977e+06,3.91150815e+06,L,3,,B,,3.806944e+01,-1.172333e+02,1.52400000e+03,3.38692879e+06,-3.71829977e+06,3.91150815e+06,0.000000e+00,0.000000e+00,0.000000e+00,0.000000e+00,0.000000e+00,1.528983e+03,4.257712e-13,1.490027e+00,1.528983e+03,4.257712e-13,1.490027e+00,,,,,,,,0,,,,radar1.1,simple_radar,WSF_GEOMETRIC_SENSOR,default
8.500000e+00,SENSOR_DETECTION_ATTEMPT,radar1,red,target1,simple_radar,default,1,,,,,,,,,,,,WSF_GEOMETRIC_SENSOR,3.806833e+01,-1.172333e+02,-4.00468707e-08,3.38630744e+06,-3.71734547e+06,3.91047150e+06,0.000000e+00,0.000000e+00,0.000000e+00,0.000000e+00,TARGET,3.806944e+01,-1.172333e+02,1.52400000e+03,3.38706436e+06,-3.71817632e+06,3.91150810e+06,0.000000e+00,0.000000e+00,0.000000e+00,0.000000e+00,,,,,,,,,,,,,,,,,,,,,1.528983e+03,4.265784e-13,1.490027e+00,,,1.528983e+03,3.141593e+00,-1.490047e+00,,,,,,,,,,,,,,,,,,,,,,,,,,,,,,,,,,,,,,,,,,,,,,,,,,,,,,,,,1.000000e+00,7.619230e-01,1
8.500000e+00,SENSOR_TRACK_UPDATED,radar1,red,simple_radar,radar1.1,0.000000e+00,8.500000e+00,17,5.000000e-01,land,M,,,target1,TARGET,blue,3.806833e+01,-1.172333e+02,-4.00468707e-08,3.38630744e+06,-3.71734547e+06,3.91047150e+06,3.806944e+01,-1.172333e+02,1.52400000e+03,3.38706436e+06,-3.71817632e+06,3.91150810e+06,L,3,,B,,3.806944e+01,-1.172333e+02,1.52400000e+03,3.38706436e+06,-3.71817632e+06,3.91150810e+06,0.000000e+00,0.000000e+00,0.000000e+00,0.000000e+00,0.000000e+00,1.528983e+03,4.257712e-13,1.490027e+00,1.528983e+03,4.257712e-13,1.490027e+00,,,,,,,,0,,,
8.500000e+00,LOCAL_TRACK_UPDATED,radar1,red,radar1.2,0.000000e+00,8.500000e+00,17,5.000000e-01,land,P,,,target1,TARGET,blue,3.806833e+01,-1.172333e+02,-4.00468707e-08,3.38630744e+06,-3.71734547e+06,3.91047150e+06,3.806944e+01,-1.172333e+02,1.52400000e+03,3.38706436e+06,-3.71817632e+06,3.91150810e+06,L,3,,B,,3.806944e+01,-1.172333e+02,1.52400000e+03,3.38706436e+06,-3.71817632e+06,3.91150810e+06,0.000000e+00,0.000000e+00,0.000000e+00,0.000000e+00,0.000000e+00,1.528983e+03,4.257712e-13,1.490027e+00,1.528983e+03,4.257712e-13,1.490027e+00,,,,,,,,0,,,,radar1.1,simple_radar,WSF_GEOMETRIC_SENSOR,default
9.000000e+00,SENSOR_DETECTION_ATTEMPT,radar1,red,target1,simple_radar,default,1,,,,,,,,,,,,WSF_GEOMETRIC_SENSOR,3.806833e+01,-1.172333e+02,-4.00468707e-08,3.38644298e+06,-3.71722204e+06,3.91047145e+06,0.000000e+00,0.000000e+00,0.000000e+00,0.000000e+00,TARGET,3.806944e+01,-1.172333e+02,1.52400000e+03,3.38719993e+06,-3.71805286e+06,3.91150806e+06,0.000000e+00,0.000000e+00,0.000000e+00,0.000000e+00,,,,,,,,,,,,,,,,,,,,,1.528983e+03,4.265784e-13,1.490027e+00,,,1.528983e+03,3.141593e+00,-1.490047e+00,,,,,,,,,,,,,,,,,,,,,,,,,,,,,,,,,,,,,,,,,,,,,,,,,,,,,,,,,1.000000e+00,2.696155e-01,1
9.000000e+00,SENSOR_TRACK_UPDATED,radar1,red,simple_radar,radar1.1,0.000000e+00,9.000000e+00,18,5.000000e-01,land,M,,,target1,TARGET,blue,3.806833e+01,-1.172333e+02,-4.00468707e-08,3.38644298e+06,-3.71722204e+06,3.91047145e+06,3.806944e+01,-1.172333e+02,1.52400000e+03,3.38719993e+06,-3.71805286e+06,3.91150806e+06,L,3,,B,,3.806944e+01,-1.172333e+02,1.52400000e+03,3.38719993e+06,-3.71805286e+06,3.91150806e+06,0.000000e+00,0.000000e+00,0.000000e+00,0.000000e+00,0.000000e+00,1.528983e+03,4.257712e-13,1.490027e+00,1.528983e+03,4.257712e-13,1.490027e+00,,,,,,,,0,,,
9.000000e+00,LOCAL_TRACK_UPDATED,radar1,red,radar1.2,0.000000e+00,9.000000e+00,18,5.000000e-01,land,P,,,target1,TARGET,blue,3.806833e+01,-1.172333e+02,-4.00468707e-08,3.38644298e+06,-3.71722204e+06,3.91047145e+06,3.806944e+01,-1.172333e+02,1.52400000e+03,3.38719993e+06,-3.71805286e+06,3.91150806e+06,L,3,,B,,3.806944e+01,-1.172333e+02,1.52400000e+03,3.38719993e+06,-3.71805286e+06,3.91150806e+06,0.000000e+00,0.000000e+00,0.000000e+00,0.000000e+00,0.000000e+00,1.528983e+03,4.257712e-13,1.490027e+00,1.528983e+03,4.257712e-13,1.490027e+00,,,,,,,,0,,,,radar1.1,simple_radar,WSF_GEOMETRIC_SENSOR,default
9.500000e+00,SENSOR_DETECTION_ATTEMPT,radar1,red,target1,simple_radar,default,1,,,,,,,,,,,,WSF_GEOMETRIC_SENSOR,3.806833e+01,-1.172333e+02,-4.00468707e-08,3.38657851e+06,-3.71709861e+06,3.91047141e+06,0.000000e+00,0.000000e+00,0.000000e+00,0.000000e+00,TARGET,3.806944e+01,-1.172333e+02,1.52400000e+03,3.38733549e+06,-3.71792941e+06,3.91150802e+06,0.000000e+00,0.000000e+00,0.000000e+00,0.000000e+00,,,,,,,,,,,,,,,,,,,,,1.528983e+03,4.265784e-13,1.490027e+00,,,1.528983e+03,3.141593e+00,-1.490047e+00,,,,,,,,,,,,,,,,,,,,,,,,,,,,,,,,,,,,,,,,,,,,,,,,,,,,,,,,,1.000000e+00,7.637203e-01,1
9.500000e+00,SENSOR_TRACK_UPDATED,radar1,red,simple_radar,radar1.1,0.000000e+00,9.500000e+00,19,5.000000e-01,land,M,,,target1,TARGET,blue,3.806833e+01,-1.172333e+02,-4.00468707e-08,3.38657851e+06,-3.71709861e+06,3.91047141e+06,3.806944e+01,-1.172333e+02,1.52400000e+03,3.38733549e+06,-3.71792941e+06,3.91150802e+06,L,3,,B,,3.806944e+01,-1.172333e+02,1.52400000e+03,3.38733549e+06,-3.71792941e+06,3.91150802e+06,0.000000e+00,0.000000e+00,0.000000e+00,0.000000e+00,0.000000e+00,1.528983e+03,4.257712e-13,1.490027e+00,1.528983e+03,4.257712e-13,1.490027e+00,,,,,,,,0,,,
9.500000e+00,LOCAL_TRACK_UPDATED,radar1,red,radar1.2,0.000000e+00,9.500000e+00,19,5.000000e-01,land,P,,,target1,TARGET,blue,3.806833e+01,-1.172333e+02,-4.00468707e-08,3.38657851e+06,-3.71709861e+06,3.91047141e+06,3.806944e+01,-1.172333e+02,1.52400000e+03,3.38733549e+06,-3.71792941e+06,3.91150802e+06,L,3,,B,,3.806944e+01,-1.172333e+02,1.52400000e+03,3.38733549e+06,-3.71792941e+06,3.91150802e+06,0.000000e+00,0.000000e+00,0.000000e+00,0.000000e+00,0.000000e+00,1.528983e+03,4.257712e-13,1.490027e+00,1.528983e+03,4.257712e-13,1.490027e+00,,,,,,,,0,,,,radar1.1,simple_radar,WSF_GEOMETRIC_SENSOR,default
1.000000e+01,SENSOR_DETECTION_ATTEMPT,radar1,red,target1,simple_radar,default,1,,,,,,,,,,,,WSF_GEOMETRIC_SENSOR,3.806833e+01,-1.172333e+02,-4.00468707e-08,3.38671404e+06,-3.71697517e+06,3.91047137e+06,0.000000e+00,0.000000e+00,0.000000e+00,0.000000e+00,TARGET,3.806944e+01,-1.172333e+02,1.52400000e+03,3.38747105e+06,-3.71780594e+06,3.91150797e+06,0.000000e+00,0.000000e+00,0.000000e+00,0.000000e+00,,,,,,,,,,,,,,,,,,,,,1.528983e+03,4.265784e-13,1.490027e+00,,,1.528983e+03,3.141593e+00,-1.490047e+00,,,,,,,,,,,,,,,,,,,,,,,,,,,,,,,,,,,,,,,,,,,,,,,,,,,,,,,,,1.000000e+00,3.255153e-01,1
1.000000e+01,SENSOR_TRACK_UPDATED,radar1,red,simple_radar,radar1.1,0.000000e+00,1.000000e+01,20,5.000000e-01,land,M,,,target1,TARGET,blue,3.806833e+01,-1.172333e+02,-4.00468707e-08,3.38671404e+06,-3.71697517e+06,3.91047137e+06,3.806944e+01,-1.172333e+02,1.52400000e+03,3.38747105e+06,-3.71780594e+06,3.91150797e+06,L,3,,B,,3.806944e+01,-1.172333e+02,1.52400000e+03,3.38747105e+06,-3.71780594e+06,3.91150797e+06,0.000000e+00,0.000000e+00,0.000000e+00,0.000000e+00,0.000000e+00,1.528983e+03,4.257712e-13,1.490027e+00,1.528983e+03,4.257712e-13,1.490027e+00,,,,,,,,0,,,
1.000000e+01,LOCAL_TRACK_UPDATED,radar1,red,radar1.2,0.000000e+00,1.000000e+01,20,5.000000e-01,land,P,,,target1,TARGET,blue,3.806833e+01,-1.172333e+02,-4.00468707e-08,3.38671404e+06,-3.71697517e+06,3.91047137e+06,3.806944e+01,-1.172333e+02,1.52400000e+03,3.38747105e+06,-3.71780594e+06,3.91150797e+06,L,3,,B,,3.806944e+01,-1.172333e+02,1.52400000e+03,3.38747105e+06,-3.71780594e+06,3.91150797e+06,0.000000e+00,0.000000e+00,0.000000e+00,0.000000e+00,0.000000e+00,1.528983e+03,4.257712e-13,1.490027e+00,1.528983e+03,4.257712e-13,1.490027e+00,,,,,,,,0,,,,radar1.1,simple_radar,WSF_GEOMETRIC_SENSOR,default
1.050000e+01,SENSOR_DETECTION_ATTEMPT,radar1,red,target1,simple_radar,default,1,,,,,,,,,,,,WSF_GEOMETRIC_SENSOR,3.806833e+01,-1.172333e+02,-4.00468707e-08,3.38684957e+06,-3.71685173e+06,3.91047132e+06,0.000000e+00,0.000000e+00,0.000000e+00,0.000000e+00,TARGET,3.806944e+01,-1.172333e+02,1.52400000e+03,3.38760660e+06,-3.71768247e+06,3.91150793e+06,0.000000e+00,0.000000e+00,0.000000e+00,0.000000e+00,,,,,,,,,,,,,,,,,,,,,1.528983e+03,4.265784e-13,1.490027e+00,,,1.528983e+03,3.141593e+00,-1.490047e+00,,,,,,,,,,,,,,,,,,,,,,,,,,,,,,,,,,,,,,,,,,,,,,,,,,,,,,,,,1.000000e+00,2.264369e-01,1
1.050000e+01,SENSOR_TRACK_UPDATED,radar1,red,simple_radar,radar1.1,0.000000e+00,1.050000e+01,21,5.000000e-01,land,M,,,target1,TARGET,blue,3.806833e+01,-1.172333e+02,-4.00468707e-08,3.38684957e+06,-3.71685173e+06,3.91047132e+06,3.806944e+01,-1.172333e+02,1.52400000e+03,3.38760660e+06,-3.71768247e+06,3.91150793e+06,L,3,,B,,3.806944e+01,-1.172333e+02,1.52400000e+03,3.38760660e+06,-3.71768247e+06,3.91150793e+06,0.000000e+00,0.000000e+00,0.000000e+00,0.000000e+00,0.000000e+00,1.528983e+03,4.257712e-13,1.490027e+00,1.528983e+03,4.257712e-13,1.490027e+00,,,,,,,,0,,,
1.050000e+01,LOCAL_TRACK_UPDATED,radar1,red,radar1.2,0.000000e+00,1.050000e+01,21,5.000000e-01,land,P,,,target1,TARGET,blue,3.806833e+01,-1.172333e+02,-4.00468707e-08,3.38684957e+06,-3.71685173e+06,3.91047132e+06,3.806944e+01,-1.172333e+02,1.52400000e+03,3.38760660e+06,-3.71768247e+06,3.91150793e+06,L,3,,B,,3.806944e+01,-1.172333e+02,1.52400000e+03,3.38760660e+06,-3.71768247e+06,3.91150793e+06,0.000000e+00,0.000000e+00,0.000000e+00,0.000000e+00,0.000000e+00,1.528983e+03,4.257712e-13,1.490027e+00,1.528983e+03,4.257712e-13,1.490027e+00,,,,,,,,0,,,,radar1.1,simple_radar,WSF_GEOMETRIC_SENSOR,default
1.100000e+01,SENSOR_DETECTION_ATTEMPT,radar1,red,target1,simple_radar,default,1,,,,,,,,,,,,WSF_GEOMETRIC_SENSOR,3.806833e+01,-1.172333e+02,-4.00468707e-08,3.38698508e+06,-3.71672829e+06,3.91047128e+06,0.000000e+00,0.000000e+00,0.000000e+00,0.000000e+00,TARGET,3.806944e+01,-1.172333e+02,1.52400000e+03,3.38774215e+06,-3.71755900e+06,3.91150789e+06,0.000000e+00,0.000000e+00,0.000000e+00,0.000000e+00,,,,,,,,,,,,,,,,,,,,,1.528983e+03,4.265784e-13,1.490027e+00,,,1.528983e+03,3.141593e+00,-1.490047e+00,,,,,,,,,,,,,,,,,,,,,,,,,,,,,,,,,,,,,,,,,,,,,,,,,,,,,,,,,1.000000e+00,6.460594e-01,1
1.100000e+01,SENSOR_TRACK_UPDATED,radar1,red,simple_radar,radar1.1,0.000000e+00,1.100000e+01,22,5.000000e-01,land,M,,,target1,TARGET,blue,3.806833e+01,-1.172333e+02,-4.00468707e-08,3.38698508e+06,-3.71672829e+06,3.91047128e+06,3.806944e+01,-1.172333e+02,1.52400000e+03,3.38774215e+06,-3.71755900e+06,3.91150789e+06,L,3,,B,,3.806944e+01,-1.172333e+02,1.52400000e+03,3.38774215e+06,-3.71755900e+06,3.91150789e+06,0.000000e+00,0.000000e+00,0.000000e+00,0.000000e+00,0.000000e+00,1.528983e+03,4.257712e-13,1.490027e+00,1.528983e+03,4.257712e-13,1.490027e+00,,,,,,,,0,,,
1.100000e+01,LOCAL_TRACK_UPDATED,radar1,red,radar1.2,0.000000e+00,1.100000e+01,22,5.000000e-01,land,P,,,target1,TARGET,blue,3.806833e+01,-1.172333e+02,-4.00468707e-08,3.38698508e+06,-3.71672829e+06,3.91047128e+06,3.806944e+01,-1.172333e+02,1.52400000e+03,3.38774215e+06,-3.71755900e+06,3.91150789e+06,L,3,,B,,3.806944e+01,-1.172333e+02,1.52400000e+03,3.38774215e+06,-3.71755900e+06,3.91150789e+06,0.000000e+00,0.000000e+00,0.000000e+00,0.000000e+00,0.000000e+00,1.528983e+03,4.257712e-13,1.490027e+00,1.528983e+03,4.257712e-13,1.490027e+00,,,,,,,,0,,,,radar1.1,simple_radar,WSF_GEOMETRIC_SENSOR,default
1.150000e+01,SENSOR_DETECTION_ATTEMPT,radar1,red,target1,simple_radar,default,1,,,,,,,,,,,,WSF_GEOMETRIC_SENSOR,3.806833e+01,-1.172333e+02,-4.00468707e-08,3.38712060e+06,-3.71660483e+06,3.91047124e+06,0.000000e+00,0.000000e+00,0.000000e+00,0.000000e+00,TARGET,3.806944e+01,-1.172333e+02,1.52400000e+03,3.38787770e+06,-3.71743552e+06,3.91150784e+06,0.000000e+00,0.000000e+00,0.000000e+00,0.000000e+00,,,,,,,,,,,,,,,,,,,,,1.528983e+03,4.265784e-13,1.490027e+00,,,1.528983e+03,3.141593e+00,-1.490047e+00,,,,,,,,,,,,,,,,,,,,,,,,,,,,,,,,,,,,,,,,,,,,,,,,,,,,,,,,,1.000000e+00,1.763570e-01,1
1.150000e+01,SENSOR_TRACK_UPDATED,radar1,red,simple_radar,radar1.1,0.000000e+00,1.150000e+01,23,5.000000e-01,land,M,,,target1,TARGET,blue,3.806833e+01,-1.172333e+02,-4.00468707e-08,3.38712060e+06,-3.71660483e+06,3.91047124e+06,3.806944e+01,-1.172333e+02,1.52400000e+03,3.38787770e+06,-3.71743552e+06,3.91150784e+06,L,3,,B,,3.806944e+01,-1.172333e+02,1.52400000e+03,3.38787770e+06,-3.71743552e+06,3.91150784e+06,0.000000e+00,0.000000e+00,0.000000e+00,0.000000e+00,0.000000e+00,1.528983e+03,4.257712e-13,1.490027e+00,1.528983e+03,4.257712e-13,1.490027e+00,,,,,,,,0,,,
1.150000e+01,LOCAL_TRACK_UPDATED,radar1,red,radar1.2,0.000000e+00,1.150000e+01,23,5.000000e-01,land,P,,,target1,TARGET,blue,3.806833e+01,-1.172333e+02,-4.00468707e-08,3.38712060e+06,-3.71660483e+06,3.91047124e+06,3.806944e+01,-1.172333e+02,1.52400000e+03,3.38787770e+06,-3.71743552e+06,3.91150784e+06,L,3,,B,,3.806944e+01,-1.172333e+02,1.52400000e+03,3.38787770e+06,-3.71743552e+06,3.91150784e+06,0.000000e+00,0.000000e+00,0.000000e+00,0.000000e+00,0.000000e+00,1.528983e+03,4.257712e-13,1.490027e+00,1.528983e+03,4.257712e-13,1.490027e+00,,,,,,,,0,,,,radar1.1,simple_radar,WSF_GEOMETRIC_SENSOR,default
1.200000e+01,SENSOR_DETECTION_ATTEMPT,radar1,red,target1,simple_radar,default,1,,,,,,,,,,,,WSF_GEOMETRIC_SENSOR,3.806833e+01,-1.172333e+02,-4.00468707e-08,3.38725611e+06,-3.71648138e+06,3.91047119e+06,0.000000e+00,0.000000e+00,0.000000e+00,0.000000e+00,TARGET,3.806944e+01,-1.172333e+02,1.52400000e+03,3.38801324e+06,-3.71731204e+06,3.91150780e+06,0.000000e+00,0.000000e+00,0.000000e+00,0.000000e+00,,,,,,,,,,,,,,,,,,,,,1.528983e+03,4.265784e-13,1.490027e+00,,,1.528983e+03,3.141593e+00,-1.490047e+00,,,,,,,,,,,,,,,,,,,,,,,,,,,,,,,,,,,,,,,,,,,,,,,,,,,,,,,,,1.000000e+00,3.664924e-01,1
1.200000e+01,SENSOR_TRACK_UPDATED,radar1,red,simple_radar,radar1.1,0.000000e+00,1.200000e+01,24,5.000000e-01,land,M,,,target1,TARGET,blue,3.806833e+01,-1.172333e+02,-4.00468707e-08,3.38725611e+06,-3.71648138e+06,3.91047119e+06,3.806944e+01,-1.172333e+02,1.52400000e+03,3.38801324e+06,-3.71731204e+06,3.91150780e+06,L,3,,B,,3.806944e+01,-1.172333e+02,1.52400000e+03,3.38801324e+06,-3.71731204e+06,3.91150780e+06,0.000000e+00,0.000000e+00,0.000000e+00,0.000000e+00,0.000000e+00,1.528983e+03,4.257712e-13,1.490027e+00,1.528983e+03,4.257712e-13,1.490027e+00,,,,,,,,0,,,
1.200000e+01,LOCAL_TRACK_UPDATED,radar1,red,radar1.2,0.000000e+00,1.200000e+01,24,5.000000e-01,land,P,,,target1,TARGET,blue,3.806833e+01,-1.172333e+02,-4.00468707e-08,3.38725611e+06,-3.71648138e+06,3.91047119e+06,3.806944e+01,-1.172333e+02,1.52400000e+03,3.38801324e+06,-3.71731204e+06,3.91150780e+06,L,3,,B,,3.806944e+01,-1.172333e+02,1.52400000e+03,3.38801324e+06,-3.71731204e+06,3.91150780e+06,0.000000e+00,0.000000e+00,0.000000e+00,0.000000e+00,0.000000e+00,1.528983e+03,4.257712e-13,1.490027e+00,1.528983e+03,4.257712e-13,1.490027e+00,,,,,,,,0,,,,radar1.1,simple_radar,WSF_GEOMETRIC_SENSOR,default
1.250000e+01,SENSOR_DETECTION_ATTEMPT,radar1,red,target1,simple_radar,default,1,,,,,,,,,,,,WSF_GEOMETRIC_SENSOR,3.806833e+01,-1.172333e+02,-4.00468707e-08,3.38739162e+06,-3.71635792e+06,3.91047115e+06,0.000000e+00,0.000000e+00,0.000000e+00,0.000000e+00,TARGET,3.806944e+01,-1.172333e+02,1.52400000e+03,3.38814877e+06,-3.71718855e+06,3.91150776e+06,0.000000e+00,0.000000e+00,0.000000e+00,0.000000e+00,,,,,,,,,,,,,,,,,,,,,1.528983e+03,4.265784e-13,1.490027e+00,,,1.528983e+03,3.141593e+00,-1.490047e+00,,,,,,,,,,,,,,,,,,,,,,,,,,,,,,,,,,,,,,,,,,,,,,,,,,,,,,,,,1.000000e+00,2.954276e-02,1
1.250000e+01,SENSOR_TRACK_UPDATED,radar1,red,simple_radar,radar1.1,0.000000e+00,1.250000e+01,25,5.000000e-01,land,M,,,target1,TARGET,blue,3.806833e+01,-1.172333e+02,-4.00468707e-08,3.38739162e+06,-3.71635792e+06,3.91047115e+06,3.806944e+01,-1.172333e+02,1.52400000e+03,3.38814877e+06,-3.71718855e+06,3.91150776e+06,L,3,,B,,3.806944e+01,-1.172333e+02,1.52400000e+03,3.38814877e+06,-3.71718855e+06,3.91150776e+06,0.000000e+00,0.000000e+00,0.000000e+00,0.000000e+00,0.000000e+00,1.528983e+03,4.257712e-13,1.490027e+00,1.528983e+03,4.257712e-13,1.490027e+00,,,,,,,,0,,,
1.250000e+01,LOCAL_TRACK_UPDATED,radar1,red,radar1.2,0.000000e+00,1.250000e+01,25,5.000000e-01,land,P,,,target1,TARGET,blue,3.806833e+01,-1.172333e+02,-4.00468707e-08,3.38739162e+06,-3.71635792e+06,3.91047115e+06,3.806944e+01,-1.172333e+02,1.52400000e+03,3.38814877e+06,-3.71718855e+06,3.91150776e+06,L,3,,B,,3.806944e+01,-1.172333e+02,1.52400000e+03,3.38814877e+06,-3.71718855e+06,3.91150776e+06,0.000000e+00,0.000000e+00,0.000000e+00,0.000000e+00,0.000000e+00,1.528983e+03,4.257712e-13,1.490027e+00,1.528983e+03,4.257712e-13,1.490027e+00,,,,,,,,0,,,,radar1.1,simple_radar,WSF_GEOMETRIC_SENSOR,default
1.300000e+01,SENSOR_DETECTION_ATTEMPT,radar1,red,target1,simple_radar,default,1,,,,,,,,,,,,WSF_GEOMETRIC_SENSOR,3.806833e+01,-1.172333e+02,-4.00468707e-08,3.38752712e+06,-3.71623445e+06,3.91047111e+06,0.000000e+00,0.000000e+00,0.000000e+00,0.000000e+00,TARGET,3.806944e+01,-1.172333e+02,1.52400000e+03,3.38828430e+06,-3.71706506e+06,3.91150771e+06,0.000000e+00,0.000000e+00,0.000000e+00,0.000000e+00,,,,,,,,,,,,,,,,,,,,,1.528983e+03,4.265784e-13,1.490027e+00,,,1.528983e+03,3.141593e+00,-1.490047e+00,,,,,,,,,,,,,,,,,,,,,,,,,,,,,,,,,,,,,,,,,,,,,,,,,,,,,,,,,1.000000e+00,2.504943e-01,1
1.300000e+01,SENSOR_TRACK_UPDATED,radar1,red,simple_radar,radar1.1,0.000000e+00,1.300000e+01,26,5.000000e-01,land,M,,,target1,TARGET,blue,3.806833e+01,-1.172333e+02,-4.00468707e-08,3.38752712e+06,-3.71623445e+06,3.91047111e+06,3.806944e+01,-1.172333e+02,1.52400000e+03,3.38828430e+06,-3.71706506e+06,3.91150771e+06,L,3,,B,,3.806944e+01,-1.172333e+02,1.52400000e+03,3.38828430e+06,-3.71706506e+06,3.91150771e+06,0.000000e+00,0.000000e+00,0.000000e+00,0.000000e+00,0.000000e+00,1.528983e+03,4.257712e-13,1.490027e+00,1.528983e+03,4.257712e-13,1.490027e+00,,,,,,,,0,,,
1.300000e+01,LOCAL_TRACK_UPDATED,radar1,red,radar1.2,0.000000e+00,1.300000e+01,26,5.000000e-01,land,P,,,target1,TARGET,blue,3.806833e+01,-1.172333e+02,-4.00468707e-08,3.38752712e+06,-3.71623445e+06,3.91047111e+06,3.806944e+01,-1.172333e+02,1.52400000e+03,3.38828430e+06,-3.71706506e+06,3.91150771e+06,L,3,,B,,3.806944e+01,-1.172333e+02,1.52400000e+03,3.38828430e+06,-3.71706506e+06,3.91150771e+06,0.000000e+00,0.000000e+00,0.000000e+00,0.000000e+00,0.000000e+00,1.528983e+03,4.257712e-13,1.490027e+00,1.528983e+03,4.257712e-13,1.490027e+00,,,,,,,,0,,,,radar1.1,simple_radar,WSF_GEOMETRIC_SENSOR,default
1.350000e+01,SENSOR_DETECTION_ATTEMPT,radar1,red,target1,simple_radar,default,1,,,,,,,,,,,,WSF_GEOMETRIC_SENSOR,3.806833e+01,-1.172333e+02,-4.00468707e-08,3.38766261e+06,-3.71611098e+06,3.91047106e+06,0.000000e+00,0.000000e+00,0.000000e+00,0.000000e+00,TARGET,3.806944e+01,-1.172333e+02,1.52400000e+03,3.38841983e+06,-3.71694156e+06,3.91150767e+06,0.000000e+00,0.000000e+00,0.000000e+00,0.000000e+00,,,,,,,,,,,,,,,,,,,,,1.528983e+03,4.265784e-13,1.490027e+00,,,1.528983e+03,3.141593e+00,-1.490047e+00,,,,,,,,,,,,,,,,,,,,,,,,,,,,,,,,,,,,,,,,,,,,,,,,,,,,,,,,,1.000000e+00,1.425933e-02,1
1.350000e+01,SENSOR_TRACK_UPDATED,radar1,red,simple_radar,radar1.1,0.000000e+00,1.350000e+01,27,5.000000e-01,land,M,,,target1,TARGET,blue,3.806833e+01,-1.172333e+02,-4.00468707e-08,3.38766261e+06,-3.71611098e+06,3.91047106e+06,3.806944e+01,-1.172333e+02,1.52400000e+03,3.38841983e+06,-3.71694156e+06,3.91150767e+06,L,3,,B,,3.806944e+01,-1.172333e+02,1.52400000e+03,3.38841983e+06,-3.71694156e+06,3.91150767e+06,0.000000e+00,0.000000e+00,0.000000e+00,0.000000e+00,0.000000e+00,1.528983e+03,4.257712e-13,1.490027e+00,1.528983e+03,4.257712e-13,1.490027e+00,,,,,,,,0,,,
1.350000e+01,LOCAL_TRACK_UPDATED,radar1,red,radar1.2,0.000000e+00,1.350000e+01,27,5.000000e-01,land,P,,,target1,TARGET,blue,3.806833e+01,-1.172333e+02,-4.00468707e-08,3.38766261e+06,-3.71611098e+06,3.91047106e+06,3.806944e+01,-1.172333e+02,1.52400000e+03,3.38841983e+06,-3.71694156e+06,3.91150767e+06,L,3,,B,,3.806944e+01,-1.172333e+02,1.52400000e+03,3.38841983e+06,-3.71694156e+06,3.91150767e+06,0.000000e+00,0.000000e+00,0.000000e+00,0.000000e+00,0.000000e+00,1.528983e+03,4.257712e-13,1.490027e+00,1.528983e+03,4.257712e-13,1.490027e+00,,,,,,,,0,,,,radar1.1,simple_radar,WSF_GEOMETRIC_SENSOR,default
1.400000e+01,SENSOR_DETECTION_ATTEMPT,radar1,red,target1,simple_radar,default,1,,,,,,,,,,,,WSF_GEOMETRIC_SENSOR,3.806833e+01,-1.172333e+02,-4.00468707e-08,3.38779811e+06,-3.71598751e+06,3.91047102e+06,0.000000e+00,0.000000e+00,0.000000e+00,0.000000e+00,TARGET,3.806944e+01,-1.172333e+02,1.52400000e+03,3.38855535e+06,-3.71681806e+06,3.91150763e+06,0.000000e+00,0.000000e+00,0.000000e+00,0.000000e+00,,,,,,,,,,,,,,,,,,,,,1.528983e+03,4.265784e-13,1.490027e+00,,,1.528983e+03,3.141593e+00,-1.490047e+00,,,,,,,,,,,,,,,,,,,,,,,,,,,,,,,,,,,,,,,,,,,,,,,,,,,,,,,,,1.000000e+00,3.178768e-01,1
1.400000e+01,SENSOR_TRACK_UPDATED,radar1,red,simple_radar,radar1.1,0.000000e+00,1.400000e+01,28,5.000000e-01,land,M,,,target1,TARGET,blue,3.806833e+01,-1.172333e+02,-4.00468707e-08,3.38779811e+06,-3.71598751e+06,3.91047102e+06,3.806944e+01,-1.172333e+02,1.52400000e+03,3.38855535e+06,-3.71681806e+06,3.91150763e+06,L,3,,B,,3.806944e+01,-1.172333e+02,1.52400000e+03,3.38855535e+06,-3.71681806e+06,3.91150763e+06,0.000000e+00,0.000000e+00,0.000000e+00,0.000000e+00,0.000000e+00,1.528983e+03,4.257712e-13,1.490027e+00,1.528983e+03,4.257712e-13,1.490027e+00,,,,,,,,0,,,
1.400000e+01,LOCAL_TRACK_UPDATED,radar1,red,radar1.2,0.000000e+00,1.400000e+01,28,5.000000e-01,land,P,,,target1,TARGET,blue,3.806833e+01,-1.172333e+02,-4.00468707e-08,3.38779811e+06,-3.71598751e+06,3.91047102e+06,3.806944e+01,-1.172333e+02,1.52400000e+03,3.38855535e+06,-3.71681806e+06,3.91150763e+06,L,3,,B,,3.806944e+01,-1.172333e+02,1.52400000e+03,3.38855535e+06,-3.71681806e+06,3.91150763e+06,0.000000e+00,0.000000e+00,0.000000e+00,0.000000e+00,0.000000e+00,1.528983e+03,4.257712e-13,1.490027e+00,1.528983e+03,4.257712e-13,1.490027e+00,,,,,,,,0,,,,radar1.1,simple_radar,WSF_GEOMETRIC_SENSOR,default
1.450000e+01,SENSOR_DETECTION_ATTEMPT,radar1,red,target1,simple_radar,default,1,,,,,,,,,,,,WSF_GEOMETRIC_SENSOR,3.806833e+01,-1.172333e+02,-4.00468707e-08,3.38793359e+06,-3.71586403e+06,3.91047098e+06,0.000000e+00,0.000000e+00,0.000000e+00,0.000000e+00,TARGET,3.806944e+01,-1.172333e+02,1.52400000e+03,3.38869087e+06,-3.71669455e+06,3.91150758e+06,0.000000e+00,0.000000e+00,0.000000e+00,0.000000e+00,,,,,,,,,,,,,,,,,,,,,1.528983e+03,4.265784e-13,1.490027e+00,,,1.528983e+03,3.141593e+00,-1.490047e+00,,,,,,,,,,,,,,,,,,,,,,,,,,,,,,,,,,,,,,,,,,,,,,,,,,,,,,,,,1.000000e+00,2.033410e-02,1
1.450000e+01,SENSOR_TRACK_UPDATED,radar1,red,simple_radar,radar1.1,0.000000e+00,1.450000e+01,29,5.000000e-01,land,M,,,target1,TARGET,blue,3.806833e+01,-1.172333e+02,-4.00468707e-08,3.38793359e+06,-3.71586403e+06,3.91047098e+06,3.806944e+01,-1.172333e+02,1.52400000e+03,3.38869087e+06,-3.71669455e+06,3.91150758e+06,L,3,,B,,3.806944e+01,-1.172333e+02,1.52400000e+03,3.38869087e+06,-3.71669455e+06,3.91150758e+06,0.000000e+00,0.000000e+00,0.000000e+00,0.000000e+00,0.000000e+00,1.528983e+03,4.257712e-13,1.490027e+00,1.528983e+03,4.257712e-13,1.490027e+00,,,,,,,,0,,,
1.450000e+01,LOCAL_TRACK_UPDATED,radar1,red,radar1.2,0.000000e+00,1.450000e+01,29,5.000000e-01,land,P,,,target1,TARGET,blue,3.806833e+01,-1.172333e+02,-4.00468707e-08,3.38793359e+06,-3.71586403e+06,3.91047098e+06,3.806944e+01,-1.172333e+02,1.52400000e+03,3.38869087e+06,-3.71669455e+06,3.91150758e+06,L,3,,B,,3.806944e+01,-1.172333e+02,1.52400000e+03,3.38869087e+06,-3.71669455e+06,3.91150758e+06,0.000000e+00,0.000000e+00,0.000000e+00,0.000000e+00,0.000000e+00,1.528983e+03,4.257712e-13,1.490027e+00,1.528983e+03,4.257712e-13,1.490027e+00,,,,,,,,0,,,,radar1.1,simple_radar,WSF_GEOMETRIC_SENSOR,default
1.500000e+01,SENSOR_DETECTION_ATTEMPT,radar1,red,target1,simple_radar,default,1,,,,,,,,,,,,WSF_GEOMETRIC_SENSOR,3.806833e+01,-1.172333e+02,-4.00468707e-08,3.38806908e+06,-3.71574054e+06,3.91047093e+06,0.000000e+00,0.000000e+00,0.000000e+00,0.000000e+00,TARGET,3.806944e+01,-1.172333e+02,1.52400000e+03,3.38882639e+06,-3.71657103e+06,3.91150754e+06,0.000000e+00,0.000000e+00,0.000000e+00,0.000000e+00,,,,,,,,,,,,,,,,,,,,,1.528983e+03,4.265784e-13,1.490027e+00,,,1.528983e+03,3.141593e+00,-1.490047e+00,,,,,,,,,,,,,,,,,,,,,,,,,,,,,,,,,,,,,,,,,,,,,,,,,,,,,,,,,1.000000e+00,4.088252e-01,1
1.500000e+01,SENSOR_TRACK_UPDATED,radar1,red,simple_radar,radar1.1,0.000000e+00,1.500000e+01,30,5.000000e-01,land,M,,,target1,TARGET,blue,3.806833e+01,-1.172333e+02,-4.00468707e-08,3.38806908e+06,-3.71574054e+06,3.91047093e+06,3.806944e+01,-1.172333e+02,1.52400000e+03,3.38882639e+06,-3.71657103e+06,3.91150754e+06,L,3,,B,,3.806944e+01,-1.172333e+02,1.52400000e+03,3.38882639e+06,-3.71657103e+06,3.91150754e+06,0.000000e+00,0.000000e+00,0.000000e+00,0.000000e+00,0.000000e+00,1.528983e+03,4.257712e-13,1.490027e+00,1.528983e+03,4.257712e-13,1.490027e+00,,,,,,,,0,,,
1.500000e+01,LOCAL_TRACK_UPDATED,radar1,red,radar1.2,0.000000e+00,1.500000e+01,30,5.000000e-01,land,P,,,target1,TARGET,blue,3.806833e+01,-1.172333e+02,-4.00468707e-08,3.38806908e+06,-3.71574054e+06,3.91047093e+06,3.806944e+01,-1.172333e+02,1.52400000e+03,3.38882639e+06,-3.71657103e+06,3.91150754e+06,L,3,,B,,3.806944e+01,-1.172333e+02,1.52400000e+03,3.38882639e+06,-3.71657103e+06,3.91150754e+06,0.000000e+00,0.000000e+00,0.000000e+00,0.000000e+00,0.000000e+00,1.528983e+03,4.257712e-13,1.490027e+00,1.528983e+03,4.257712e-13,1.490027e+00,,,,,,,,0,,,,radar1.1,simple_radar,WSF_GEOMETRIC_SENSOR,default
1.550000e+01,SENSOR_DETECTION_ATTEMPT,radar1,red,target1,simple_radar,default,1,,,,,,,,,,,,WSF_GEOMETRIC_SENSOR,3.806833e+01,-1.172333e+02,-4.00468707e-08,3.38820455e+06,-3.71561705e+06,3.91047089e+06,0.000000e+00,0.000000e+00,0.000000e+00,0.000000e+00,TARGET,3.806944e+01,-1.172333e+02,1.52400000e+03,3.38896189e+06,-3.71644752e+06,3.91150749e+06,0.000000e+00,0.000000e+00,0.000000e+00,0.000000e+00,,,,,,,,,,,,,,,,,,,,,1.528983e+03,4.265784e-13,1.490027e+00,,,1.528983e+03,3.141593e+00,-1.490047e+00,,,,,,,,,,,,,,,,,,,,,,,,,,,,,,,,,,,,,,,,,,,,,,,,,,,,,,,,,1.000000e+00,8.391863e-01,1
1.550000e+01,SENSOR_TRACK_UPDATED,radar1,red,simple_radar,radar1.1,0.000000e+00,1.550000e+01,31,5.000000e-01,land,M,,,target1,TARGET,blue,3.806833e+01,-1.172333e+02,-4.00468707e-08,3.38820456e+06,-3.71561705e+06,3.91047089e+06,3.806944e+01,-1.172333e+02,1.52400000e+03,3.38896189e+06,-3.71644752e+06,3.91150749e+06,L,3,,B,,3.806944e+01,-1.172333e+02,1.52400000e+03,3.38896189e+06,-3.71644752e+06,3.91150749e+06,0.000000e+00,0.000000e+00,0.000000e+00,0.000000e+00,0.000000e+00,1.528983e+03,4.257712e-13,1.490027e+00,1.528983e+03,4.257712e-13,1.490027e+00,,,,,,,,0,,,
1.550000e+01,LOCAL_TRACK_UPDATED,radar1,red,radar1.2,0.000000e+00,1.550000e+01,31,5.000000e-01,land,P,,,target1,TARGET,blue,3.806833e+01,-1.172333e+02,-4.00468707e-08,3.38820456e+06,-3.71561705e+06,3.91047089e+06,3.806944e+01,-1.172333e+02,1.52400000e+03,3.38896189e+06,-3.71644752e+06,3.91150749e+06,L,3,,B,,3.806944e+01,-1.172333e+02,1.52400000e+03,3.38896189e+06,-3.71644752e+06,3.91150749e+06,0.000000e+00,0.000000e+00,0.000000e+00,0.000000e+00,0.000000e+00,1.528983e+03,4.257712e-13,1.490027e+00,1.528983e+03,4.257712e-13,1.490027e+00,,,,,,,,0,,,,radar1.1,simple_radar,WSF_GEOMETRIC_SENSOR,default
1.600000e+01,SENSOR_DETECTION_ATTEMPT,radar1,red,target1,simple_radar,default,1,,,,,,,,,,,,WSF_GEOMETRIC_SENSOR,3.806833e+01,-1.172333e+02,-4.00468707e-08,3.38834003e+06,-3.71549355e+06,3.91047085e+06,0.000000e+00,0.000000e+00,0.000000e+00,0.000000e+00,TARGET,3.806944e+01,-1.172333e+02,1.52400000e+03,3.38909740e+06,-3.71632399e+06,3.91150745e+06,0.000000e+00,0.000000e+00,0.000000e+00,0.000000e+00,,,,,,,,,,,,,,,,,,,,,1.528983e+03,4.265784e-13,1.490027e+00,,,1.528983e+03,3.141593e+00,-1.490047e+00,,,,,,,,,,,,,,,,,,,,,,,,,,,,,,,,,,,,,,,,,,,,,,,,,,,,,,,,,1.000000e+00,1.566441e-01,1
1.600000e+01,SENSOR_TRACK_UPDATED,radar1,red,simple_radar,radar1.1,0.000000e+00,1.600000e+01,32,5.000000e-01,land,M,,,target1,TARGET,blue,3.806833e+01,-1.172333e+02,-4.00468707e-08,3.38834003e+06,-3.71549355e+06,3.91047085e+06,3.806944e+01,-1.172333e+02,1.52400000e+03,3.38909740e+06,-3.71632399e+06,3.91150745e+06,L,3,,B,,3.806944e+01,-1.172333e+02,1.52400000e+03,3.38909740e+06,-3.71632399e+06,3.91150745e+06,0.000000e+00,0.000000e+00,0.000000e+00,0.000000e+00,0.000000e+00,1.528983e+03,4.257712e-13,1.490027e+00,1.528983e+03,4.257712e-13,1.490027e+00,,,,,,,,0,,,
1.600000e+01,LOCAL_TRACK_UPDATED,radar1,red,radar1.2,0.000000e+00,1.600000e+01,32,5.000000e-01,land,P,,,target1,TARGET,blue,3.806833e+01,-1.172333e+02,-4.00468707e-08,3.38834003e+06,-3.71549355e+06,3.91047085e+06,3.806944e+01,-1.172333e+02,1.52400000e+03,3.38909740e+06,-3.71632399e+06,3.91150745e+06,L,3,,B,,3.806944e+01,-1.172333e+02,1.52400000e+03,3.38909740e+06,-3.71632399e+06,3.91150745e+06,0.000000e+00,0.000000e+00,0.000000e+00,0.000000e+00,0.000000e+00,1.528983e+03,4.257712e-13,1.490027e+00,1.528983e+03,4.257712e-13,1.490027e+00,,,,,,,,0,,,,radar1.1,simple_radar,WSF_GEOMETRIC_SENSOR,default
1.650000e+01,SENSOR_DETECTION_ATTEMPT,radar1,red,target1,simple_radar,default,1,,,,,,,,,,,,WSF_GEOMETRIC_SENSOR,3.806833e+01,-1.172333e+02,-4.00468707e-08,3.38847550e+06,-3.71537005e+06,3.91047080e+06,0.000000e+00,0.000000e+00,0.000000e+00,0.000000e+00,TARGET,3.806944e+01,-1.172333e+02,1.52400000e+03,3.38923290e+06,-3.71620047e+06,3.91150741e+06,0.000000e+00,0.000000e+00,0.000000e+00,0.000000e+00,,,,,,,,,,,,,,,,,,,,,1.528983e+03,4.265784e-13,1.490027e+00,,,1.528983e+03,3.141593e+00,-1.490047e+00,,,,,,,,,,,,,,,,,,,,,,,,,,,,,,,,,,,,,,,,,,,,,,,,,,,,,,,,,1.000000e+00,6.042953e-01,1
1.650000e+01,SENSOR_TRACK_UPDATED,radar1,red,simple_radar,radar1.1,0.000000e+00,1.650000e+01,33,5.000000e-01,land,M,,,target1,TARGET,blue,3.806833e+01,-1.172333e+02,-4.00468707e-08,3.38847550e+06,-3.71537005e+06,3.91047080e+06,3.806944e+01,-1.172333e+02,1.52400000e+03,3.38923290e+06,-3.71620047e+06,3.91150741e+06,L,3,,B,,3.806944e+01,-1.172333e+02,1.52400000e+03,3.38923290e+06,-3.71620047e+06,3.91150741e+06,0.000000e+00,0.000000e+00,0.000000e+00,0.000000e+00,0.000000e+00,1.528983e+03,4.257712e-13,1.490027e+00,1.528983e+03,4.257712e-13,1.490027e+00,,,,,,,,0,,,
1.650000e+01,LOCAL_TRACK_UPDATED,radar1,red,radar1.2,0.000000e+00,1.650000e+01,33,5.000000e-01,land,P,,,target1,TARGET,blue,3.806833e+01,-1.172333e+02,-4.00468707e-08,3.38847550e+06,-3.71537005e+06,3.91047080e+06,3.806944e+01,-1.172333e+02,1.52400000e+03,3.38923290e+06,-3.71620047e+06,3.91150741e+06,L,3,,B,,3.806944e+01,-1.172333e+02,1.52400000e+03,3.38923290e+06,-3.71620047e+06,3.91150741e+06,0.000000e+00,0.000000e+00,0.000000e+00,0.000000e+00,0.000000e+00,1.528983e+03,4.257712e-13,1.490027e+00,1.528983e+03,4.257712e-13,1.490027e+00,,,,,,,,0,,,,radar1.1,simple_radar,WSF_GEOMETRIC_SENSOR,default
1.700000e+01,SENSOR_DETECTION_ATTEMPT,radar1,red,target1,simple_radar,default,1,,,,,,,,,,,,WSF_GEOMETRIC_SENSOR,3.806833e+01,-1.172333e+02,-4.00468707e-08,3.38861096e+06,-3.71524655e+06,3.91047076e+06,0.000000e+00,0.000000e+00,0.000000e+00,0.000000e+00,TARGET,3.806944e+01,-1.172333e+02,1.52400000e+03,3.38936839e+06,-3.71607693e+06,3.91150736e+06,0.000000e+00,0.000000e+00,0.000000e+00,0.000000e+00,,,,,,,,,,,,,,,,,,,,,1.528983e+03,4.265784e-13,1.490027e+00,,,1.528983e+03,3.141593e+00,-1.490047e+00,,,,,,,,,,,,,,,,,,,,,,,,,,,,,,,,,,,,,,,,,,,,,,,,,,,,,,,,,1.000000e+00,2.024980e-02,1
1.700000e+01,SENSOR_TRACK_UPDATED,radar1,red,simple_radar,radar1.1,0.000000e+00,1.700000e+01,34,5.000000e-01,land,M,,,target1,TARGET,blue,3.806833e+01,-1.172333e+02,-4.00468707e-08,3.38861096e+06,-3.71524655e+06,3.91047076e+06,3.806944e+01,-1.172333e+02,1.52400000e+03,3.38936839e+06,-3.71607693e+06,3.91150736e+06,L,3,,B,,3.806944e+01,-1.172333e+02,1.52400000e+03,3.38936839e+06,-3.71607693e+06,3.91150736e+06,0.000000e+00,0.000000e+00,0.000000e+00,0.000000e+00,0.000000e+00,1.528983e+03,4.257712e-13,1.490027e+00,1.528983e+03,4.257712e-13,1.490027e+00,,,,,,,,0,,,
1.700000e+01,LOCAL_TRACK_UPDATED,radar1,red,radar1.2,0.000000e+00,1.700000e+01,34,5.000000e-01,land,P,,,target1,TARGET,blue,3.806833e+01,-1.172333e+02,-4.00468707e-08,3.38861096e+06,-3.71524655e+06,3.91047076e+06,3.806944e+01,-1.172333e+02,1.52400000e+03,3.38936839e+06,-3.71607693e+06,3.91150736e+06,L,3,,B,,3.806944e+01,-1.172333e+02,1.52400000e+03,3.38936839e+06,-3.71607693e+06,3.91150736e+06,0.000000e+00,0.000000e+00,0.000000e+00,0.000000e+00,0.000000e+00,1.528983e+03,4.257712e-13,1.490027e+00,1.528983e+03,4.257712e-13,1.490027e+00,,,,,,,,0,,,,radar1.1,simple_radar,WSF_GEOMETRIC_SENSOR,default
1.750000e+01,SENSOR_DETECTION_ATTEMPT,radar1,red,target1,simple_radar,default,1,,,,,,,,,,,,WSF_GEOMETRIC_SENSOR,3.806833e+01,-1.172333e+02,-4.00468707e-08,3.38874642e+06,-3.71512304e+06,3.91047072e+06,0.000000e+00,0.000000e+00,0.000000e+00,0.000000e+00,TARGET,3.806944e+01,-1.172333e+02,1.52400000e+03,3.38950389e+06,-3.71595340e+06,3.91150732e+06,0.000000e+00,0.000000e+00,0.000000e+00,0.000000e+00,,,,,,,,,,,,,,,,,,,,,1.528983e+03,4.265784e-13,1.490027e+00,,,1.528983e+03,3.141593e+00,-1.490047e+00,,,,,,,,,,,,,,,,,,,,,,,,,,,,,,,,,,,,,,,,,,,,,,,,,,,,,,,,,1.000000e+00,7.759810e-01,1
1.750000e+01,SENSOR_TRACK_UPDATED,radar1,red,simple_radar,radar1.1,0.000000e+00,1.750000e+01,35,5.000000e-01,land,M,,,target1,TARGET,blue,3.806833e+01,-1.172333e+02,-4.00468707e-08,3.38874642e+06,-3.71512304e+06,3.91047071e+06,3.806944e+01,-1.172333e+02,1.52400000e+03,3.38950389e+06,-3.71595340e+06,3.91150732e+06,L,3,,B,,3.806944e+01,-1.172333e+02,1.52400000e+03,3.38950389e+06,-3.71595340e+06,3.91150732e+06,0.000000e+00,0.000000e+00,0.000000e+00,0.000000e+00,0.000000e+00,1.528983e+03,4.257712e-13,1.490027e+00,1.528983e+03,4.257712e-13,1.490027e+00,,,,,,,,0,,,
1.750000e+01,LOCAL_TRACK_UPDATED,radar1,red,radar1.2,0.000000e+00,1.750000e+01,35,5.000000e-01,land,P,,,target1,TARGET,blue,3.806833e+01,-1.172333e+02,-4.00468707e-08,3.38874642e+06,-3.71512304e+06,3.91047071e+06,3.806944e+01,-1.172333e+02,1.52400000e+03,3.38950389e+06,-3.71595340e+06,3.91150732e+06,L,3,,B,,3.806944e+01,-1.172333e+02,1.52400000e+03,3.38950389e+06,-3.71595340e+06,3.91150732e+06,0.000000e+00,0.000000e+00,0.000000e+00,0.000000e+00,0.000000e+00,1.528983e+03,4.257712e-13,1.490027e+00,1.528983e+03,4.257712e-13,1.490027e+00,,,,,,,,0,,,,radar1.1,simple_radar,WSF_GEOMETRIC_SENSOR,default
1.800000e+01,SENSOR_DETECTION_ATTEMPT,radar1,red,target1,simple_radar,default,1,,,,,,,,,,,,WSF_GEOMETRIC_SENSOR,3.806833e+01,-1.172333e+02,-4.00468707e-08,3.38888188e+06,-3.71499952e+06,3.91047067e+06,0.000000e+00,0.000000e+00,0.000000e+00,0.000000e+00,TARGET,3.806944e+01,-1.172333e+02,1.52400000e+03,3.38963937e+06,-3.71582985e+06,3.91150728e+06,0.000000e+00,0.000000e+00,0.000000e+00,0.000000e+00,,,,,,,,,,,,,,,,,,,,,1.528983e+03,4.265784e-13,1.490027e+00,,,1.528983e+03,3.141593e+00,-1.490047e+00,,,,,,,,,,,,,,,,,,,,,,,,,,,,,,,,,,,,,,,,,,,,,,,,,,,,,,,,,1.000000e+00,4.709179e-01,1
1.800000e+01,SENSOR_TRACK_UPDATED,radar1,red,simple_radar,radar1.1,0.000000e+00,1.800000e+01,36,5.000000e-01,land,M,,,target1,TARGET,blue,3.806833e+01,-1.172333e+02,-4.00468707e-08,3.38888188e+06,-3.71499952e+06,3.91047067e+06,3.806944e+01,-1.172333e+02,1.52400000e+03,3.38963937e+06,-3.71582985e+06,3.91150728e+06,L,3,,B,,3.806944e+01,-1.172333e+02,1.52400000e+03,3.38963937e+06,-3.71582985e+06,3.91150728e+06,0.000000e+00,0.000000e+00,0.000000e+00,0.000000e+00,0.000000e+00,1.528983e+03,4.257712e-13,1.490027e+00,1.528983e+03,4.257712e-13,1.490027e+00,,,,,,,,0,,,
1.800000e+01,LOCAL_TRACK_UPDATED,radar1,red,radar1.2,0.000000e+00,1.800000e+01,36,5.000000e-01,land,P,,,target1,TARGET,blue,3.806833e+01,-1.172333e+02,-4.00468707e-08,3.38888188e+06,-3.71499952e+06,3.91047067e+06,3.806944e+01,-1.172333e+02,1.52400000e+03,3.38963937e+06,-3.71582985e+06,3.91150728e+06,L,3,,B,,3.806944e+01,-1.172333e+02,1.52400000e+03,3.38963937e+06,-3.71582985e+06,3.91150728e+06,0.000000e+00,0.000000e+00,0.000000e+00,0.000000e+00,0.000000e+00,1.528983e+03,4.257712e-13,1.490027e+00,1.528983e+03,4.257712e-13,1.490027e+00,,,,,,,,0,,,,radar1.1,simple_radar,WSF_GEOMETRIC_SENSOR,default
1.850000e+01,SENSOR_DETECTION_ATTEMPT,radar1,red,target1,simple_radar,default,1,,,,,,,,,,,,WSF_GEOMETRIC_SENSOR,3.806833e+01,-1.172333e+02,-4.00468707e-08,3.38901733e+06,-3.71487600e+06,3.91047063e+06,0.000000e+00,0.000000e+00,0.000000e+00,0.000000e+00,TARGET,3.806944e+01,-1.172333e+02,1.52400000e+03,3.38977485e+06,-3.71570630e+06,3.91150723e+06,0.000000e+00,0.000000e+00,0.000000e+00,0.000000e+00,,,,,,,,,,,,,,,,,,,,,1.528983e+03,4.265784e-13,1.490027e+00,,,1.528983e+03,3.141593e+00,-1.490047e+00,,,,,,,,,,,,,,,,,,,,,,,,,,,,,,,,,,,,,,,,,,,,,,,,,,,,,,,,,1.000000e+00,1.708406e-01,1
1.850000e+01,SENSOR_TRACK_UPDATED,radar1,red,simple_radar,radar1.1,0.000000e+00,1.850000e+01,37,5.000000e-01,land,M,,,target1,TARGET,blue,3.806833e+01,-1.172333e+02,-4.00468707e-08,3.38901733e+06,-3.71487600e+06,3.91047063e+06,3.806944e+01,-1.172333e+02,1.52400000e+03,3.38977485e+06,-3.71570630e+06,3.91150723e+06,L,3,,B,,3.806944e+01,-1.172333e+02,1.52400000e+03,3.38977485e+06,-3.71570630e+06,3.91150723e+06,0.000000e+00,0.000000e+00,0.000000e+00,0.000000e+00,0.000000e+00,1.528983e+03,4.257712e-13,1.490027e+00,1.528983e+03,4.257712e-13,1.490027e+00,,,,,,,,0,,,
1.850000e+01,LOCAL_TRACK_UPDATED,radar1,red,radar1.2,0.000000e+00,1.850000e+01,37,5.000000e-01,land,P,,,target1,TARGET,blue,3.806833e+01,-1.172333e+02,-4.00468707e-08,3.38901733e+06,-3.71487600e+06,3.91047063e+06,3.806944e+01,-1.172333e+02,1.52400000e+03,3.38977485e+06,-3.71570630e+06,3.91150723e+06,L,3,,B,,3.806944e+01,-1.172333e+02,1.52400000e+03,3.38977485e+06,-3.71570630e+06,3.91150723e+06,0.000000e+00,0.000000e+00,0.000000e+00,0.000000e+00,0.000000e+00,1.528983e+03,4.257712e-13,1.490027e+00,1.528983e+03,4.257712e-13,1.490027e+00,,,,,,,,0,,,,radar1.1,simple_radar,WSF_GEOMETRIC_SENSOR,default
1.900000e+01,SENSOR_DETECTION_ATTEMPT,radar1,red,target1,simple_radar,default,1,,,,,,,,,,,,WSF_GEOMETRIC_SENSOR,3.806833e+01,-1.172333e+02,-4.00468707e-08,3.38915278e+06,-3.71475248e+06,3.91047058e+06,0.000000e+00,0.000000e+00,0.000000e+00,0.000000e+00,TARGET,3.806944e+01,-1.172333e+02,1.52400000e+03,3.38991033e+06,-3.71558275e+06,3.91150719e+06,0.000000e+00,0.000000e+00,0.000000e+00,0.000000e+00,,,,,,,,,,,,,,,,,,,,,1.528983e+03,4.265784e-13,1.490027e+00,,,1.528983e+03,3.141593e+00,-1.490047e+00,,,,,,,,,,,,,,,,,,,,,,,,,,,,,,,,,,,,,,,,,,,,,,,,,,,,,,,,,1.000000e+00,4.083597e-01,1
1.900000e+01,SENSOR_TRACK_UPDATED,radar1,red,simple_radar,radar1.1,0.000000e+00,1.900000e+01,38,5.000000e-01,land,M,,,target1,TARGET,blue,3.806833e+01,-1.172333e+02,-4.00468707e-08,3.38915278e+06,-3.71475248e+06,3.91047058e+06,3.806944e+01,-1.172333e+02,1.52400000e+03,3.38991033e+06,-3.71558275e+06,3.91150719e+06,L,3,,B,,3.806944e+01,-1.172333e+02,1.52400000e+03,3.38991033e+06,-3.71558275e+06,3.91150719e+06,0.000000e+00,0.000000e+00,0.000000e+00,0.000000e+00,0.000000e+00,1.528983e+03,4.257712e-13,1.490027e+00,1.528983e+03,4.257712e-13,1.490027e+00,,,,,,,,0,,,
1.900000e+01,LOCAL_TRACK_UPDATED,radar1,red,radar1.2,0.000000e+00,1.900000e+01,38,5.000000e-01,land,P,,,target1,TARGET,blue,3.806833e+01,-1.172333e+02,-4.00468707e-08,3.38915278e+06,-3.71475248e+06,3.91047058e+06,3.806944e+01,-1.172333e+02,1.52400000e+03,3.38991033e+06,-3.71558275e+06,3.91150719e+06,L,3,,B,,3.806944e+01,-1.172333e+02,1.52400000e+03,3.38991033e+06,-3.71558275e+06,3.91150719e+06,0.000000e+00,0.000000e+00,0.000000e+00,0.000000e+00,0.000000e+00,1.528983e+03,4.257712e-13,1.490027e+00,1.528983e+03,4.257712e-13,1.490027e+00,,,,,,,,0,,,,radar1.1,simple_radar,WSF_GEOMETRIC_SENSOR,default
1.950000e+01,SENSOR_DETECTION_ATTEMPT,radar1,red,target1,simple_radar,default,1,,,,,,,,,,,,WSF_GEOMETRIC_SENSOR,3.806833e+01,-1.172333e+02,-4.00468707e-08,3.38928822e+06,-3.71462895e+06,3.91047054e+06,0.000000e+00,0.000000e+00,0.000000e+00,0.000000e+00,TARGET,3.806944e+01,-1.172333e+02,1.52400000e+03,3.39004580e+06,-3.71545919e+06,3.91150715e+06,0.000000e+00,0.000000e+00,0.000000e+00,0.000000e+00,,,,,,,,,,,,,,,,,,,,,1.528983e+03,4.265784e-13,1.490027e+00,,,1.528983e+03,3.141593e+00,-1.490047e+00,,,,,,,,,,,,,,,,,,,,,,,,,,,,,,,,,,,,,,,,,,,,,,,,,,,,,,,,,1.000000e+00,1.053577e-01,1
1.950000e+01,SENSOR_TRACK_UPDATED,radar1,red,simple_radar,radar1.1,0.000000e+00,1.950000e+01,39,5.000000e-01,land,M,,,target1,TARGET,blue,3.806833e+01,-1.172333e+02,-4.00468707e-08,3.38928822e+06,-3.71462895e+06,3.91047054e+06,3.806944e+01,-1.172333e+02,1.52400000e+03,3.39004580e+06,-3.71545919e+06,3.91150715e+06,L,3,,B,,3.806944e+01,-1.172333e+02,1.52400000e+03,3.39004580e+06,-3.71545919e+06,3.91150715e+06,0.000000e+00,0.000000e+00,0.000000e+00,0.000000e+00,0.000000e+00,1.528983e+03,4.257712e-13,1.490027e+00,1.528983e+03,4.257712e-13,1.490027e+00,,,,,,,,0,,,
1.950000e+01,LOCAL_TRACK_UPDATED,radar1,red,radar1.2,0.000000e+00,1.950000e+01,39,5.000000e-01,land,P,,,target1,TARGET,blue,3.806833e+01,-1.172333e+02,-4.00468707e-08,3.38928822e+06,-3.71462895e+06,3.91047054e+06,3.806944e+01,-1.172333e+02,1.52400000e+03,3.39004580e+06,-3.71545919e+06,3.91150715e+06,L,3,,B,,3.806944e+01,-1.172333e+02,1.52400000e+03,3.39004580e+06,-3.71545919e+06,3.91150715e+06,0.000000e+00,0.000000e+00,0.000000e+00,0.000000e+00,0.000000e+00,1.528983e+03,4.257712e-13,1.490027e+00,1.528983e+03,4.257712e-13,1.490027e+00,,,,,,,,0,,,,radar1.1,simple_radar,WSF_GEOMETRIC_SENSOR,default
2.000000e+01,SENSOR_DETECTION_ATTEMPT,radar1,red,target1,simple_radar,default,1,,,,,,,,,,,,WSF_GEOMETRIC_SENSOR,3.806833e+01,-1.172333e+02,-4.00468707e-08,3.38942366e+06,-3.71450541e+06,3.91047050e+06,0.000000e+00,0.000000e+00,0.000000e+00,0.000000e+00,TARGET,3.806944e+01,-1.172333e+02,1.52400000e+03,3.39018127e+06,-3.71533563e+06,3.91150710e+06,0.000000e+00,0.000000e+00,0.000000e+00,0.000000e+00,,,,,,,,,,,,,,,,,,,,,1.528983e+03,4.265784e-13,1.490027e+00,,,1.528983e+03,3.141593e+00,-1.490047e+00,,,,,,,,,,,,,,,,,,,,,,,,,,,,,,,,,,,,,,,,,,,,,,,,,,,,,,,,,1.000000e+00,9.372289e-01,1
2.000000e+01,SENSOR_TRACK_UPDATED,radar1,red,simple_radar,radar1.1,0.000000e+00,2.000000e+01,40,5.000000e-01,land,M,,,target1,TARGET,blue,3.806833e+01,-1.172333e+02,-4.00468707e-08,3.38942366e+06,-3.71450541e+06,3.91047050e+06,3.806944e+01,-1.172333e+02,1.52400000e+03,3.39018127e+06,-3.71533563e+06,3.91150710e+06,L,3,,B,,3.806944e+01,-1.172333e+02,1.52400000e+03,3.39018127e+06,-3.71533563e+06,3.91150710e+06,0.000000e+00,0.000000e+00,0.000000e+00,0.000000e+00,0.000000e+00,1.528983e+03,4.257712e-13,1.490027e+00,1.528983e+03,4.257712e-13,1.490027e+00,,,,,,,,0,,,
2.000000e+01,LOCAL_TRACK_UPDATED,radar1,red,radar1.2,0.000000e+00,2.000000e+01,40,5.000000e-01,land,P,,,target1,TARGET,blue,3.806833e+01,-1.172333e+02,-4.00468707e-08,3.38942366e+06,-3.71450541e+06,3.91047050e+06,3.806944e+01,-1.172333e+02,1.52400000e+03,3.39018127e+06,-3.71533563e+06,3.91150710e+06,L,3,,B,,3.806944e+01,-1.172333e+02,1.52400000e+03,3.39018127e+06,-3.71533563e+06,3.91150710e+06,0.000000e+00,0.000000e+00,0.000000e+00,0.000000e+00,0.000000e+00,1.528983e+03,4.257712e-13,1.490027e+00,1.528983e+03,4.257712e-13,1.490027e+00,,,,,,,,0,,,,radar1.1,simple_radar,WSF_GEOMETRIC_SENSOR,default
2.050000e+01,SENSOR_DETECTION_ATTEMPT,radar1,red,target1,simple_radar,default,1,,,,,,,,,,,,WSF_GEOMETRIC_SENSOR,3.806833e+01,-1.172333e+02,-4.00468707e-08,3.38955909e+06,-3.71438187e+06,3.91047045e+06,0.000000e+00,0.000000e+00,0.000000e+00,0.000000e+00,TARGET,3.806944e+01,-1.172333e+02,1.52400000e+03,3.39031674e+06,-3.71521207e+06,3.91150706e+06,0.000000e+00,0.000000e+00,0.000000e+00,0.000000e+00,,,,,,,,,,,,,,,,,,,,,1.528983e+03,4.265784e-13,1.490027e+00,,,1.528983e+03,3.141593e+00,-1.490047e+00,,,,,,,,,,,,,,,,,,,,,,,,,,,,,,,,,,,,,,,,,,,,,,,,,,,,,,,,,1.000000e+00,1.842658e-01,1
2.050000e+01,SENSOR_TRACK_UPDATED,radar1,red,simple_radar,radar1.1,0.000000e+00,2.050000e+01,41,5.000000e-01,land,M,,,target1,TARGET,blue,3.806833e+01,-1.172333e+02,-4.00468707e-08,3.38955909e+06,-3.71438187e+06,3.91047045e+06,3.806944e+01,-1.172333e+02,1.52400000e+03,3.39031674e+06,-3.71521207e+06,3.91150706e+06,L,3,,B,,3.806944e+01,-1.172333e+02,1.52400000e+03,3.39031674e+06,-3.71521207e+06,3.91150706e+06,0.000000e+00,0.000000e+00,0.000000e+00,0.000000e+00,0.000000e+00,1.528983e+03,4.257712e-13,1.490027e+00,1.528983e+03,4.257712e-13,1.490027e+00,,,,,,,,0,,,
2.050000e+01,LOCAL_TRACK_UPDATED,radar1,red,radar1.2,0.000000e+00,2.050000e+01,41,5.000000e-01,land,P,,,target1,TARGET,blue,3.806833e+01,-1.172333e+02,-4.00468707e-08,3.38955909e+06,-3.71438187e+06,3.91047045e+06,3.806944e+01,-1.172333e+02,1.52400000e+03,3.39031674e+06,-3.71521207e+06,3.91150706e+06,L,3,,B,,3.806944e+01,-1.172333e+02,1.52400000e+03,3.39031674e+06,-3.71521207e+06,3.91150706e+06,0.000000e+00,0.000000e+00,0.000000e+00,0.000000e+00,0.000000e+00,1.528983e+03,4.257712e-13,1.490027e+00,1.528983e+03,4.257712e-13,1.490027e+00,,,,,,,,0,,,,radar1.1,simple_radar,WSF_GEOMETRIC_SENSOR,default
2.100000e+01,SENSOR_DETECTION_ATTEMPT,radar1,red,target1,simple_radar,default,1,,,,,,,,,,,,WSF_GEOMETRIC_SENSOR,3.806833e+01,-1.172333e+02,-4.00468707e-08,3.38969452e+06,-3.71425833e+06,3.91047041e+06,0.000000e+00,0.000000e+00,0.000000e+00,0.000000e+00,TARGET,3.806944e+01,-1.172333e+02,1.52400000e+03,3.39045220e+06,-3.71508849e+06,3.91150702e+06,0.000000e+00,0.000000e+00,0.000000e+00,0.000000e+00,,,,,,,,,,,,,,,,,,,,,1.528983e+03,4.265784e-13,1.490027e+00,,,1.528983e+03,3.141593e+00,-1.490047e+00,,,,,,,,,,,,,,,,,,,,,,,,,,,,,,,,,,,,,,,,,,,,,,,,,,,,,,,,,1.000000e+00,1.872137e-01,1
2.100000e+01,SENSOR_TRACK_UPDATED,radar1,red,simple_radar,radar1.1,0.000000e+00,2.100000e+01,42,5.000000e-01,land,M,,,target1,TARGET,blue,3.806833e+01,-1.172333e+02,-4.00468707e-08,3.38969452e+06,-3.71425833e+06,3.91047041e+06,3.806944e+01,-1.172333e+02,1.52400000e+03,3.39045220e+06,-3.71508849e+06,3.91150702e+06,L,3,,B,,3.806944e+01,-1.172333e+02,1.52400000e+03,3.39045220e+06,-3.71508849e+06,3.91150702e+06,0.000000e+00,0.000000e+00,0.000000e+00,0.000000e+00,0.000000e+00,1.528983e+03,4.257712e-13,1.490027e+00,1.528983e+03,4.257712e-13,1.490027e+00,,,,,,,,0,,,
2.100000e+01,LOCAL_TRACK_UPDATED,radar1,red,radar1.2,0.000000e+00,2.100000e+01,42,5.000000e-01,land,P,,,target1,TARGET,blue,3.806833e+01,-1.172333e+02,-4.00468707e-08,3.38969452e+06,-3.71425833e+06,3.91047041e+06,3.806944e+01,-1.172333e+02,1.52400000e+03,3.39045220e+06,-3.71508849e+06,3.91150702e+06,L,3,,B,,3.806944e+01,-1.172333e+02,1.52400000e+03,3.39045220e+06,-3.71508849e+06,3.91150702e+06,0.000000e+00,0.000000e+00,0.000000e+00,0.000000e+00,0.000000e+00,1.528983e+03,4.257712e-13,1.490027e+00,1.528983e+03,4.257712e-13,1.490027e+00,,,,,,,,0,,,,radar1.1,simple_radar,WSF_GEOMETRIC_SENSOR,default
2.150000e+01,SENSOR_DETECTION_ATTEMPT,radar1,red,target1,simple_radar,default,1,,,,,,,,,,,,WSF_GEOMETRIC_SENSOR,3.806833e+01,-1.172333e+02,-4.00468707e-08,3.38982995e+06,-3.71413478e+06,3.91047037e+06,0.000000e+00,0.000000e+00,0.000000e+00,0.000000e+00,TARGET,3.806944e+01,-1.172333e+02,1.52400000e+03,3.39058765e+06,-3.71496492e+06,3.91150697e+06,0.000000e+00,0.000000e+00,0.000000e+00,0.000000e+00,,,,,,,,,,,,,,,,,,,,,1.528983e+03,4.265784e-13,1.490027e+00,,,1.528983e+03,3.141593e+00,-1.490047e+00,,,,,,,,,,,,,,,,,,,,,,,,,,,,,,,,,,,,,,,,,,,,,,,,,,,,,,,,,1.000000e+00,5.882924e-01,1
2.150000e+01,SENSOR_TRACK_UPDATED,radar1,red,simple_radar,radar1.1,0.000000e+00,2.150000e+01,43,5.000000e-01,land,M,,,target1,TARGET,blue,3.806833e+01,-1.172333e+02,-4.00468707e-08,3.38982995e+06,-3.71413478e+06,3.91047037e+06,3.806944e+01,-1.172333e+02,1.52400000e+03,3.39058765e+06,-3.71496492e+06,3.91150697e+06,L,3,,B,,3.806944e+01,-1.172333e+02,1.52400000e+03,3.39058765e+06,-3.71496492e+06,3.91150697e+06,0.000000e+00,0.000000e+00,0.000000e+00,0.000000e+00,0.000000e+00,1.528983e+03,4.257712e-13,1.490027e+00,1.528983e+03,4.257712e-13,1.490027e+00,,,,,,,,0,,,
2.150000e+01,LOCAL_TRACK_UPDATED,radar1,red,radar1.2,0.000000e+00,2.150000e+01,43,5.000000e-01,land,P,,,target1,TARGET,blue,3.806833e+01,-1.172333e+02,-4.00468707e-08,3.38982995e+06,-3.71413478e+06,3.91047037e+06,3.806944e+01,-1.172333e+02,1.52400000e+03,3.39058765e+06,-3.71496492e+06,3.91150697e+06,L,3,,B,,3.806944e+01,-1.172333e+02,1.52400000e+03,3.39058765e+06,-3.71496492e+06,3.91150697e+06,0.000000e+00,0.000000e+00,0.000000e+00,0.000000e+00,0.000000e+00,1.528983e+03,4.257712e-13,1.490027e+00,1.528983e+03,4.257712e-13,1.490027e+00,,,,,,,,0,,,,radar1.1,simple_radar,WSF_GEOMETRIC_SENSOR,default
2.200000e+01,SENSOR_DETECTION_ATTEMPT,radar1,red,target1,simple_radar,default,1,,,,,,,,,,,,WSF_GEOMETRIC_SENSOR,3.806833e+01,-1.172333e+02,-4.00468707e-08,3.38996537e+06,-3.71401123e+06,3.91047032e+06,0.000000e+00,0.000000e+00,0.000000e+00,0.000000e+00,TARGET,3.806944e+01,-1.172333e+02,1.52400000e+03,3.39072310e+06,-3.71484133e+06,3.91150693e+06,0.000000e+00,0.000000e+00,0.000000e+00,0.000000e+00,,,,,,,,,,,,,,,,,,,,,1.528983e+03,4.265784e-13,1.490027e+00,,,1.528983e+03,3.141593e+00,-1.490047e+00,,,,,,,,,,,,,,,,,,,,,,,,,,,,,,,,,,,,,,,,,,,,,,,,,,,,,,,,,1.000000e+00,8.393929e-01,1
2.200000e+01,SENSOR_TRACK_UPDATED,radar1,red,simple_radar,radar1.1,0.000000e+00,2.200000e+01,44,5.000000e-01,land,M,,,target1,TARGET,blue,3.806833e+01,-1.172333e+02,-4.00468707e-08,3.38996537e+06,-3.71401123e+06,3.91047032e+06,3.806944e+01,-1.172333e+02,1.52400000e+03,3.39072310e+06,-3.71484133e+06,3.91150693e+06,L,3,,B,,3.806944e+01,-1.172333e+02,1.52400000e+03,3.39072310e+06,-3.71484133e+06,3.91150693e+06,0.000000e+00,0.000000e+00,0.000000e+00,0.000000e+00,0.000000e+00,1.528983e+03,4.257712e-13,1.490027e+00,1.528983e+03,4.257712e-13,1.490027e+00,,,,,,,,0,,,
2.200000e+01,LOCAL_TRACK_UPDATED,radar1,red,radar1.2,0.000000e+00,2.200000e+01,44,5.000000e-01,land,P,,,target1,TARGET,blue,3.806833e+01,-1.172333e+02,-4.00468707e-08,3.38996537e+06,-3.71401123e+06,3.91047032e+06,3.806944e+01,-1.172333e+02,1.52400000e+03,3.39072310e+06,-3.71484133e+06,3.91150693e+06,L,3,,B,,3.806944e+01,-1.172333e+02,1.52400000e+03,3.39072310e+06,-3.71484133e+06,3.91150693e+06,0.000000e+00,0.000000e+00,0.000000e+00,0.000000e+00,0.000000e+00,1.528983e+03,4.257712e-13,1.490027e+00,1.528983e+03,4.257712e-13,1.490027e+00,,,,,,,,0,,,,radar1.1,simple_radar,WSF_GEOMETRIC_SENSOR,default
2.250000e+01,SENSOR_DETECTION_ATTEMPT,radar1,red,target1,simple_radar,default,1,,,,,,,,,,,,WSF_GEOMETRIC_SENSOR,3.806833e+01,-1.172333e+02,-4.00468707e-08,3.39010078e+06,-3.71388767e+06,3.91047028e+06,0.000000e+00,0.000000e+00,0.000000e+00,0.000000e+00,TARGET,3.806944e+01,-1.172333e+02,1.52400000e+03,3.39085855e+06,-3.71471775e+06,3.91150689e+06,0.000000e+00,0.000000e+00,0.000000e+00,0.000000e+00,,,,,,,,,,,,,,,,,,,,,1.528983e+03,4.265784e-13,1.490027e+00,,,1.528983e+03,3.141593e+00,-1.490047e+00,,,,,,,,,,,,,,,,,,,,,,,,,,,,,,,,,,,,,,,,,,,,,,,,,,,,,,,,,1.000000e+00,6.682300e-01,1
2.250000e+01,SENSOR_TRACK_UPDATED,radar1,red,simple_radar,radar1.1,0.000000e+00,2.250000e+01,45,5.000000e-01,land,M,,,target1,TARGET,blue,3.806833e+01,-1.172333e+02,-4.00468707e-08,3.39010078e+06,-3.71388767e+06,3.91047028e+06,3.806944e+01,-1.172333e+02,1.52400000e+03,3.39085855e+06,-3.71471775e+06,3.91150689e+06,L,3,,B,,3.806944e+01,-1.172333e+02,1.52400000e+03,3.39085855e+06,-3.71471775e+06,3.91150689e+06,0.000000e+00,0.000000e+00,0.000000e+00,0.000000e+00,0.000000e+00,1.528983e+03,4.257712e-13,1.490027e+00,1.528983e+03,4.257712e-13,1.490027e+00,,,,,,,,0,,,
2.250000e+01,LOCAL_TRACK_UPDATED,radar1,red,radar1.2,0.000000e+00,2.250000e+01,45,5.000000e-01,land,P,,,target1,TARGET,blue,3.806833e+01,-1.172333e+02,-4.00468707e-08,3.39010078e+06,-3.71388767e+06,3.91047028e+06,3.806944e+01,-1.172333e+02,1.52400000e+03,3.39085855e+06,-3.71471775e+06,3.91150689e+06,L,3,,B,,3.806944e+01,-1.172333e+02,1.52400000e+03,3.39085855e+06,-3.71471775e+06,3.91150689e+06,0.000000e+00,0.000000e+00,0.000000e+00,0.000000e+00,0.000000e+00,1.528983e+03,4.257712e-13,1.490027e+00,1.528983e+03,4.257712e-13,1.490027e+00,,,,,,,,0,,,,radar1.1,simple_radar,WSF_GEOMETRIC_SENSOR,default
2.300000e+01,SENSOR_DETECTION_ATTEMPT,radar1,red,target1,simple_radar,default,1,,,,,,,,,,,,WSF_GEOMETRIC_SENSOR,3.806833e+01,-1.172333e+02,-4.00468707e-08,3.39023619e+06,-3.71376410e+06,3.91047024e+06,0.000000e+00,0.000000e+00,0.000000e+00,0.000000e+00,TARGET,3.806944e+01,-1.172333e+02,1.52400000e+03,3.39099399e+06,-3.71459415e+06,3.91150684e+06,0.000000e+00,0.000000e+00,0.000000e+00,0.000000e+00,,,,,,,,,,,,,,,,,,,,,1.528983e+03,4.265784e-13,1.490027e+00,,,1.528983e+03,3.141593e+00,-1.490047e+00,,,,,,,,,,,,,,,,,,,,,,,,,,,,,,,,,,,,,,,,,,,,,,,,,,,,,,,,,1.000000e+00,9.747091e-01,1
2.300000e+01,SENSOR_TRACK_UPDATED,radar1,red,simple_radar,radar1.1,0.000000e+00,2.300000e+01,46,5.000000e-01,land,M,,,target1,TARGET,blue,3.806833e+01,-1.172333e+02,-4.00468707e-08,3.39023620e+06,-3.71376410e+06,3.91047024e+06,3.806944e+01,-1.172333e+02,1.52400000e+03,3.39099399e+06,-3.71459415e+06,3.91150684e+06,L,3,,B,,3.806944e+01,-1.172333e+02,1.52400000e+03,3.39099399e+06,-3.71459415e+06,3.91150684e+06,0.000000e+00,0.000000e+00,0.000000e+00,0.000000e+00,0.000000e+00,1.528983e+03,4.257712e-13,1.490027e+00,1.528983e+03,4.257712e-13,1.490027e+00,,,,,,,,0,,,
2.300000e+01,LOCAL_TRACK_UPDATED,radar1,red,radar1.2,0.000000e+00,2.300000e+01,46,5.000000e-01,land,P,,,target1,TARGET,blue,3.806833e+01,-1.172333e+02,-4.00468707e-08,3.39023620e+06,-3.71376410e+06,3.91047024e+06,3.806944e+01,-1.172333e+02,1.52400000e+03,3.39099399e+06,-3.71459415e+06,3.91150684e+06,L,3,,B,,3.806944e+01,-1.172333e+02,1.52400000e+03,3.39099399e+06,-3.71459415e+06,3.91150684e+06,0.000000e+00,0.000000e+00,0.000000e+00,0.000000e+00,0.000000e+00,1.528983e+03,4.257712e-13,1.490027e+00,1.528983e+03,4.257712e-13,1.490027e+00,,,,,,,,0,,,,radar1.1,simple_radar,WSF_GEOMETRIC_SENSOR,default
2.350000e+01,SENSOR_DETECTION_ATTEMPT,radar1,red,target1,simple_radar,default,1,,,,,,,,,,,,WSF_GEOMETRIC_SENSOR,3.806833e+01,-1.172333e+02,-4.00468707e-08,3.39037160e+06,-3.71364053e+06,3.91047019e+06,0.000000e+00,0.000000e+00,0.000000e+00,0.000000e+00,TARGET,3.806944e+01,-1.172333e+02,1.52400000e+03,3.39112943e+06,-3.71447056e+06,3.91150680e+06,0.000000e+00,0.000000e+00,0.000000e+00,0.000000e+00,,,,,,,,,,,,,,,,,,,,,1.528983e+03,4.265784e-13,1.490027e+00,,,1.528983e+03,3.141593e+00,-1.490047e+00,,,,,,,,,,,,,,,,,,,,,,,,,,,,,,,,,,,,,,,,,,,,,,,,,,,,,,,,,1.000000e+00,5.391792e-01,1
2.350000e+01,SENSOR_TRACK_UPDATED,radar1,red,simple_radar,radar1.1,0.000000e+00,2.350000e+01,47,5.000000e-01,land,M,,,target1,TARGET,blue,3.806833e+01,-1.172333e+02,-4.00468707e-08,3.39037160e+06,-3.71364053e+06,3.91047019e+06,3.806944e+01,-1.172333e+02,1.52400000e+03,3.39112943e+06,-3.71447056e+06,3.91150680e+06,L,3,,B,,3.806944e+01,-1.172333e+02,1.52400000e+03,3.39112943e+06,-3.71447056e+06,3.91150680e+06,0.000000e+00,0.000000e+00,0.000000e+00,0.000000e+00,0.000000e+00,1.528983e+03,4.257712e-13,1.490027e+00,1.528983e+03,4.257712e-13,1.490027e+00,,,,,,,,0,,,
2.350000e+01,LOCAL_TRACK_UPDATED,radar1,red,radar1.2,0.000000e+00,2.350000e+01,47,5.000000e-01,land,P,,,target1,TARGET,blue,3.806833e+01,-1.172333e+02,-4.00468707e-08,3.39037160e+06,-3.71364053e+06,3.91047019e+06,3.806944e+01,-1.172333e+02,1.52400000e+03,3.39112943e+06,-3.71447056e+06,3.91150680e+06,L,3,,B,,3.806944e+01,-1.172333e+02,1.52400000e+03,3.39112943e+06,-3.71447056e+06,3.91150680e+06,0.000000e+00,0.000000e+00,0.000000e+00,0.000000e+00,0.000000e+00,1.528983e+03,4.257712e-13,1.490027e+00,1.528983e+03,4.257712e-13,1.490027e+00,,,,,,,,0,,,,radar1.1,simple_radar,WSF_GEOMETRIC_SENSOR,default
2.400000e+01,SENSOR_DETECTION_ATTEMPT,radar1,red,target1,simple_radar,default,1,,,,,,,,,,,,WSF_GEOMETRIC_SENSOR,3.806833e+01,-1.172333e+02,-4.00468707e-08,3.39050700e+06,-3.71351696e+06,3.91047015e+06,0.000000e+00,0.000000e+00,0.000000e+00,0.000000e+00,TARGET,3.806944e+01,-1.172333e+02,1.52400000e+03,3.39126486e+06,-3.71434696e+06,3.91150676e+06,0.000000e+00,0.000000e+00,0.000000e+00,0.000000e+00,,,,,,,,,,,,,,,,,,,,,1.528983e+03,4.265784e-13,1.490027e+00,,,1.528983e+03,3.141593e+00,-1.490047e+00,,,,,,,,,,,,,,,,,,,,,,,,,,,,,,,,,,,,,,,,,,,,,,,,,,,,,,,,,1.000000e+00,9.458860e-01,1
2.400000e+01,SENSOR_TRACK_UPDATED,radar1,red,simple_radar,radar1.1,0.000000e+00,2.400000e+01,48,5.000000e-01,land,M,,,target1,TARGET,blue,3.806833e+01,-1.172333e+02,-4.00468707e-08,3.39050700e+06,-3.71351696e+06,3.91047015e+06,3.806944e+01,-1.172333e+02,1.52400000e+03,3.39126486e+06,-3.71434696e+06,3.91150676e+06,L,3,,B,,3.806944e+01,-1.172333e+02,1.52400000e+03,3.39126486e+06,-3.71434696e+06,3.91150676e+06,0.000000e+00,0.000000e+00,0.000000e+00,0.000000e+00,0.000000e+00,1.528983e+03,4.257712e-13,1.490027e+00,1.528983e+03,4.257712e-13,1.490027e+00,,,,,,,,0,,,
2.400000e+01,LOCAL_TRACK_UPDATED,radar1,red,radar1.2,0.000000e+00,2.400000e+01,48,5.000000e-01,land,P,,,target1,TARGET,blue,3.806833e+01,-1.172333e+02,-4.00468707e-08,3.39050700e+06,-3.71351696e+06,3.91047015e+06,3.806944e+01,-1.172333e+02,1.52400000e+03,3.39126486e+06,-3.71434696e+06,3.91150676e+06,L,3,,B,,3.806944e+01,-1.172333e+02,1.52400000e+03,3.39126486e+06,-3.71434696e+06,3.91150676e+06,0.000000e+00,0.000000e+00,0.000000e+00,0.000000e+00,0.000000e+00,1.528983e+03,4.257712e-13,1.490027e+00,1.528983e+03,4.257712e-13,1.490027e+00,,,,,,,,0,,,,radar1.1,simple_radar,WSF_GEOMETRIC_SENSOR,default
2.450000e+01,SENSOR_DETECTION_ATTEMPT,radar1,red,target1,simple_radar,default,1,,,,,,,,,,,,WSF_GEOMETRIC_SENSOR,3.806833e+01,-1.172333e+02,-4.00468707e-08,3.39064240e+06,-3.71339338e+06,3.91047011e+06,0.000000e+00,0.000000e+00,0.000000e+00,0.000000e+00,TARGET,3.806944e+01,-1.172333e+02,1.52400000e+03,3.39140029e+06,-3.71422335e+06,3.91150671e+06,0.000000e+00,0.000000e+00,0.000000e+00,0.000000e+00,,,,,,,,,,,,,,,,,,,,,1.528983e+03,4.265784e-13,1.490027e+00,,,1.528983e+03,3.141593e+00,-1.490047e+00,,,,,,,,,,,,,,,,,,,,,,,,,,,,,,,,,,,,,,,,,,,,,,,,,,,,,,,,,1.000000e+00,9.080145e-01,1
2.450000e+01,SENSOR_TRACK_UPDATED,radar1,red,simple_radar,radar1.1,0.000000e+00,2.450000e+01,49,5.000000e-01,land,M,,,target1,TARGET,blue,3.806833e+01,-1.172333e+02,-4.00468707e-08,3.39064240e+06,-3.71339338e+06,3.91047011e+06,3.806944e+01,-1.172333e+02,1.52400000e+03,3.39140029e+06,-3.71422335e+06,3.91150671e+06,L,3,,B,,3.806944e+01,-1.172333e+02,1.52400000e+03,3.39140029e+06,-3.71422335e+06,3.91150671e+06,0.000000e+00,0.000000e+00,0.000000e+00,0.000000e+00,0.000000e+00,1.528983e+03,4.257712e-13,1.490027e+00,1.528983e+03,4.257712e-13,1.490027e+00,,,,,,,,0,,,
2.450000e+01,LOCAL_TRACK_UPDATED,radar1,red,radar1.2,0.000000e+00,2.450000e+01,49,5.000000e-01,land,P,,,target1,TARGET,blue,3.806833e+01,-1.172333e+02,-4.00468707e-08,3.39064240e+06,-3.71339338e+06,3.91047011e+06,3.806944e+01,-1.172333e+02,1.52400000e+03,3.39140029e+06,-3.71422335e+06,3.91150671e+06,L,3,,B,,3.806944e+01,-1.172333e+02,1.52400000e+03,3.39140029e+06,-3.71422335e+06,3.91150671e+06,0.000000e+00,0.000000e+00,0.000000e+00,0.000000e+00,0.000000e+00,1.528983e+03,4.257712e-13,1.490027e+00,1.528983e+03,4.257712e-13,1.490027e+00,,,,,,,,0,,,,radar1.1,simple_radar,WSF_GEOMETRIC_SENSOR,default
2.500000e+01,SENSOR_DETECTION_ATTEMPT,radar1,red,target1,simple_radar,default,1,,,,,,,,,,,,WSF_GEOMETRIC_SENSOR,3.806833e+01,-1.172333e+02,-4.00468707e-08,3.39077779e+06,-3.71326979e+06,3.91047006e+06,0.000000e+00,0.000000e+00,0.000000e+00,0.000000e+00,TARGET,3.806944e+01,-1.172333e+02,1.52400000e+03,3.39153571e+06,-3.71409974e+06,3.91150667e+06,0.000000e+00,0.000000e+00,0.000000e+00,0.000000e+00,,,,,,,,,,,,,,,,,,,,,1.528983e+03,4.265784e-13,1.490027e+00,,,1.528983e+03,3.141593e+00,-1.490047e+00,,,,,,,,,,,,,,,,,,,,,,,,,,,,,,,,,,,,,,,,,,,,,,,,,,,,,,,,,1.000000e+00,6.818973e-01,1
2.500000e+01,SENSOR_TRACK_UPDATED,radar1,red,simple_radar,radar1.1,0.000000e+00,2.500000e+01,50,5.000000e-01,land,M,,,target1,TARGET,blue,3.806833e+01,-1.172333e+02,-4.00468707e-08,3.39077779e+06,-3.71326979e+06,3.91047006e+06,3.806944e+01,-1.172333e+02,1.52400000e+03,3.39153571e+06,-3.71409974e+06,3.91150667e+06,L,3,,B,,3.806944e+01,-1.172333e+02,1.52400000e+03,3.39153571e+06,-3.71409974e+06,3.91150667e+06,0.000000e+00,0.000000e+00,0.000000e+00,0.000000e+00,0.000000e+00,1.528983e+03,4.257712e-13,1.490027e+00,1.528983e+03,4.257712e-13,1.490027e+00,,,,,,,,0,,,
2.500000e+01,LOCAL_TRACK_UPDATED,radar1,red,radar1.2,0.000000e+00,2.500000e+01,50,5.000000e-01,land,P,,,target1,TARGET,blue,3.806833e+01,-1.172333e+02,-4.00468707e-08,3.39077779e+06,-3.71326979e+06,3.91047006e+06,3.806944e+01,-1.172333e+02,1.52400000e+03,3.39153571e+06,-3.71409974e+06,3.91150667e+06,L,3,,B,,3.806944e+01,-1.172333e+02,1.52400000e+03,3.39153571e+06,-3.71409974e+06,3.91150667e+06,0.000000e+00,0.000000e+00,0.000000e+00,0.000000e+00,0.000000e+00,1.528983e+03,4.257712e-13,1.490027e+00,1.528983e+03,4.257712e-13,1.490027e+00,,,,,,,,0,,,,radar1.1,simple_radar,WSF_GEOMETRIC_SENSOR,default
2.550000e+01,SENSOR_DETECTION_ATTEMPT,radar1,red,target1,simple_radar,default,1,,,,,,,,,,,,WSF_GEOMETRIC_SENSOR,3.806833e+01,-1.172333e+02,-4.00468707e-08,3.39091318e+06,-3.71314621e+06,3.91047002e+06,0.000000e+00,0.000000e+00,0.000000e+00,0.000000e+00,TARGET,3.806944e+01,-1.172333e+02,1.52400000e+03,3.39167113e+06,-3.71397612e+06,3.91150663e+06,0.000000e+00,0.000000e+00,0.000000e+00,0.000000e+00,,,,,,,,,,,,,,,,,,,,,1.528983e+03,4.265784e-13,1.490027e+00,,,1.528983e+03,3.141593e+00,-1.490047e+00,,,,,,,,,,,,,,,,,,,,,,,,,,,,,,,,,,,,,,,,,,,,,,,,,,,,,,,,,1.000000e+00,2.831729e-01,1
2.550000e+01,SENSOR_TRACK_UPDATED,radar1,red,simple_radar,radar1.1,0.000000e+00,2.550000e+01,51,5.000000e-01,land,M,,,target1,TARGET,blue,3.806833e+01,-1.172333e+02,-4.00468707e-08,3.39091318e+06,-3.71314621e+06,3.91047002e+06,3.806944e+01,-1.172333e+02,1.52400000e+03,3.39167113e+06,-3.71397612e+06,3.91150663e+06,L,3,,B,,3.806944e+01,-1.172333e+02,1.52400000e+03,3.39167113e+06,-3.71397612e+06,3.91150663e+06,0.000000e+00,0.000000e+00,0.000000e+00,0.000000e+00,0.000000e+00,1.528983e+03,4.257712e-13,1.490027e+00,1.528983e+03,4.257712e-13,1.490027e+00,,,,,,,,0,,,
2.550000e+01,LOCAL_TRACK_UPDATED,radar1,red,radar1.2,0.000000e+00,2.550000e+01,51,5.000000e-01,land,P,,,target1,TARGET,blue,3.806833e+01,-1.172333e+02,-4.00468707e-08,3.39091318e+06,-3.71314621e+06,3.91047002e+06,3.806944e+01,-1.172333e+02,1.52400000e+03,3.39167113e+06,-3.71397612e+06,3.91150663e+06,L,3,,B,,3.806944e+01,-1.172333e+02,1.52400000e+03,3.39167113e+06,-3.71397612e+06,3.91150663e+06,0.000000e+00,0.000000e+00,0.000000e+00,0.000000e+00,0.000000e+00,1.528983e+03,4.257712e-13,1.490027e+00,1.528983e+03,4.257712e-13,1.490027e+00,,,,,,,,0,,,,radar1.1,simple_radar,WSF_GEOMETRIC_SENSOR,default
2.600000e+01,SENSOR_DETECTION_ATTEMPT,radar1,red,target1,simple_radar,default,1,,,,,,,,,,,,WSF_GEOMETRIC_SENSOR,3.806833e+01,-1.172333e+02,-4.00468707e-08,3.39104857e+06,-3.71302261e+06,3.91046998e+06,0.000000e+00,0.000000e+00,0.000000e+00,0.000000e+00,TARGET,3.806944e+01,-1.172333e+02,1.52400000e+03,3.39180654e+06,-3.71385250e+06,3.91150658e+06,0.000000e+00,0.000000e+00,0.000000e+00,0.000000e+00,,,,,,,,,,,,,,,,,,,,,1.528983e+03,4.265784e-13,1.490027e+00,,,1.528983e+03,3.141593e+00,-1.490047e+00,,,,,,,,,,,,,,,,,,,,,,,,,,,,,,,,,,,,,,,,,,,,,,,,,,,,,,,,,1.000000e+00,7.781510e-01,1
2.600000e+01,SENSOR_TRACK_UPDATED,radar1,red,simple_radar,radar1.1,0.000000e+00,2.600000e+01,52,5.000000e-01,land,M,,,target1,TARGET,blue,3.806833e+01,-1.172333e+02,-4.00468707e-08,3.39104857e+06,-3.71302261e+06,3.91046998e+06,3.806944e+01,-1.172333e+02,1.52400000e+03,3.39180654e+06,-3.71385250e+06,3.91150658e+06,L,3,,B,,3.806944e+01,-1.172333e+02,1.52400000e+03,3.39180654e+06,-3.71385250e+06,3.91150658e+06,0.000000e+00,0.000000e+00,0.000000e+00,0.000000e+00,0.000000e+00,1.528983e+03,4.257712e-13,1.490027e+00,1.528983e+03,4.257712e-13,1.490027e+00,,,,,,,,0,,,
2.600000e+01,LOCAL_TRACK_UPDATED,radar1,red,radar1.2,0.000000e+00,2.600000e+01,52,5.000000e-01,land,P,,,target1,TARGET,blue,3.806833e+01,-1.172333e+02,-4.00468707e-08,3.39104857e+06,-3.71302261e+06,3.91046998e+06,3.806944e+01,-1.172333e+02,1.52400000e+03,3.39180654e+06,-3.71385250e+06,3.91150658e+06,L,3,,B,,3.806944e+01,-1.172333e+02,1.52400000e+03,3.39180654e+06,-3.71385250e+06,3.91150658e+06,0.000000e+00,0.000000e+00,0.000000e+00,0.000000e+00,0.000000e+00,1.528983e+03,4.257712e-13,1.490027e+00,1.528983e+03,4.257712e-13,1.490027e+00,,,,,,,,0,,,,radar1.1,simple_radar,WSF_GEOMETRIC_SENSOR,default
2.650000e+01,SENSOR_DETECTION_ATTEMPT,radar1,red,target1,simple_radar,default,1,,,,,,,,,,,,WSF_GEOMETRIC_SENSOR,3.806833e+01,-1.172333e+02,-4.00468707e-08,3.39118395e+06,-3.71289901e+06,3.91046993e+06,0.000000e+00,0.000000e+00,0.000000e+00,0.000000e+00,TARGET,3.806944e+01,-1.172333e+02,1.52400000e+03,3.39194195e+06,-3.71372887e+06,3.91150654e+06,0.000000e+00,0.000000e+00,0.000000e+00,0.000000e+00,,,,,,,,,,,,,,,,,,,,,1.528983e+03,4.265784e-13,1.490027e+00,,,1.528983e+03,3.141593e+00,-1.490047e+00,,,,,,,,,,,,,,,,,,,,,,,,,,,,,,,,,,,,,,,,,,,,,,,,,,,,,,,,,1.000000e+00,2.914926e-01,1
2.650000e+01,SENSOR_TRACK_UPDATED,radar1,red,simple_radar,radar1.1,0.000000e+00,2.650000e+01,53,5.000000e-01,land,M,,,target1,TARGET,blue,3.806833e+01,-1.172333e+02,-4.00468707e-08,3.39118395e+06,-3.71289901e+06,3.91046993e+06,3.806944e+01,-1.172333e+02,1.52400000e+03,3.39194195e+06,-3.71372887e+06,3.91150654e+06,L,3,,B,,3.806944e+01,-1.172333e+02,1.52400000e+03,3.39194195e+06,-3.71372887e+06,3.91150654e+06,0.000000e+00,0.000000e+00,0.000000e+00,0.000000e+00,0.000000e+00,1.528983e+03,4.257712e-13,1.490027e+00,1.528983e+03,4.257712e-13,1.490027e+00,,,,,,,,0,,,
2.650000e+01,LOCAL_TRACK_UPDATED,radar1,red,radar1.2,0.000000e+00,2.650000e+01,53,5.000000e-01,land,P,,,target1,TARGET,blue,3.806833e+01,-1.172333e+02,-4.00468707e-08,3.39118395e+06,-3.71289901e+06,3.91046993e+06,3.806944e+01,-1.172333e+02,1.52400000e+03,3.39194195e+06,-3.71372887e+06,3.91150654e+06,L,3,,B,,3.806944e+01,-1.172333e+02,1.52400000e+03,3.39194195e+06,-3.71372887e+06,3.91150654e+06,0.000000e+00,0.000000e+00,0.000000e+00,0.000000e+00,0.000000e+00,1.528983e+03,4.257712e-13,1.490027e+00,1.528983e+03,4.257712e-13,1.490027e+00,,,,,,,,0,,,,radar1.1,simple_radar,WSF_GEOMETRIC_SENSOR,default
2.700000e+01,SENSOR_DETECTION_ATTEMPT,radar1,red,target1,simple_radar,default,1,,,,,,,,,,,,WSF_GEOMETRIC_SENSOR,3.806833e+01,-1.172333e+02,-4.00468707e-08,3.39131932e+06,-3.71277541e+06,3.91046989e+06,0.000000e+00,0.000000e+00,0.000000e+00,0.000000e+00,TARGET,3.806944e+01,-1.172333e+02,1.52400000e+03,3.39207736e+06,-3.71360524e+06,3.91150650e+06,0.000000e+00,0.000000e+00,0.000000e+00,0.000000e+00,,,,,,,,,,,,,,,,,,,,,1.528983e+03,4.265784e-13,1.490027e+00,,,1.528983e+03,3.141593e+00,-1.490047e+00,,,,,,,,,,,,,,,,,,,,,,,,,,,,,,,,,,,,,,,,,,,,,,,,,,,,,,,,,1.000000e+00,8.941265e-01,1
2.700000e+01,SENSOR_TRACK_UPDATED,radar1,red,simple_radar,radar1.1,0.000000e+00,2.700000e+01,54,5.000000e-01,land,M,,,target1,TARGET,blue,3.806833e+01,-1.172333e+02,-4.00468707e-08,3.39131932e+06,-3.71277541e+06,3.91046989e+06,3.806944e+01,-1.172333e+02,1.52400000e+03,3.39207736e+06,-3.71360524e+06,3.91150650e+06,L,3,,B,,3.806944e+01,-1.172333e+02,1.52400000e+03,3.39207736e+06,-3.71360524e+06,3.91150650e+06,0.000000e+00,0.000000e+00,0.000000e+00,0.000000e+00,0.000000e+00,1.528983e+03,4.257712e-13,1.490027e+00,1.528983e+03,4.257712e-13,1.490027e+00,,,,,,,,0,,,
2.700000e+01,LOCAL_TRACK_UPDATED,radar1,red,radar1.2,0.000000e+00,2.700000e+01,54,5.000000e-01,land,P,,,target1,TARGET,blue,3.806833e+01,-1.172333e+02,-4.00468707e-08,3.39131932e+06,-3.71277541e+06,3.91046989e+06,3.806944e+01,-1.172333e+02,1.52400000e+03,3.39207736e+06,-3.71360524e+06,3.91150650e+06,L,3,,B,,3.806944e+01,-1.172333e+02,1.52400000e+03,3.39207736e+06,-3.71360524e+06,3.91150650e+06,0.000000e+00,0.000000e+00,0.000000e+00,0.000000e+00,0.000000e+00,1.528983e+03,4.257712e-13,1.490027e+00,1.528983e+03,4.257712e-13,1.490027e+00,,,,,,,,0,,,,radar1.1,simple_radar,WSF_GEOMETRIC_SENSOR,default
2.750000e+01,SENSOR_DETECTION_ATTEMPT,radar1,red,target1,simple_radar,default,1,,,,,,,,,,,,WSF_GEOMETRIC_SENSOR,3.806833e+01,-1.172333e+02,-4.00468707e-08,3.39145469e+06,-3.71265180e+06,3.91046985e+06,0.000000e+00,0.000000e+00,0.000000e+00,0.000000e+00,TARGET,3.806944e+01,-1.172333e+02,1.52400000e+03,3.39221276e+06,-3.71348160e+06,3.91150645e+06,0.000000e+00,0.000000e+00,0.000000e+00,0.000000e+00,,,,,,,,,,,,,,,,,,,,,1.528983e+03,4.265784e-13,1.490027e+00,,,1.528983e+03,3.141593e+00,-1.490047e+00,,,,,,,,,,,,,,,,,,,,,,,,,,,,,,,,,,,,,,,,,,,,,,,,,,,,,,,,,1.000000e+00,4.511605e-01,1
2.750000e+01,SENSOR_TRACK_UPDATED,radar1,red,simple_radar,radar1.1,0.000000e+00,2.750000e+01,55,5.000000e-01,land,M,,,target1,TARGET,blue,3.806833e+01,-1.172333e+02,-4.00468707e-08,3.39145469e+06,-3.71265180e+06,3.91046985e+06,3.806944e+01,-1.172333e+02,1.52400000e+03,3.39221276e+06,-3.71348160e+06,3.91150645e+06,L,3,,B,,3.806944e+01,-1.172333e+02,1.52400000e+03,3.39221276e+06,-3.71348160e+06,3.91150645e+06,0.000000e+00,0.000000e+00,0.000000e+00,0.000000e+00,0.000000e+00,1.528983e+03,4.257712e-13,1.490027e+00,1.528983e+03,4.257712e-13,1.490027e+00,,,,,,,,0,,,
2.750000e+01,LOCAL_TRACK_UPDATED,radar1,red,radar1.2,0.000000e+00,2.750000e+01,55,5.000000e-01,land,P,,,target1,TARGET,blue,3.806833e+01,-1.172333e+02,-4.00468707e-08,3.39145469e+06,-3.71265180e+06,3.91046985e+06,3.806944e+01,-1.172333e+02,1.52400000e+03,3.39221276e+06,-3.71348160e+06,3.91150645e+06,L,3,,B,,3.806944e+01,-1.172333e+02,1.52400000e+03,3.39221276e+06,-3.71348160e+06,3.91150645e+06,0.000000e+00,0.000000e+00,0.000000e+00,0.000000e+00,0.000000e+00,1.528983e+03,4.257712e-13,1.490027e+00,1.528983e+03,4.257712e-13,1.490027e+00,,,,,,,,0,,,,radar1.1,simple_radar,WSF_GEOMETRIC_SENSOR,default
2.800000e+01,SENSOR_DETECTION_ATTEMPT,radar1,red,target1,simple_radar,default,1,,,,,,,,,,,,WSF_GEOMETRIC_SENSOR,3.806833e+01,-1.172333e+02,-4.00468707e-08,3.39159006e+06,-3.71252819e+06,3.91046980e+06,0.000000e+00,0.000000e+00,0.000000e+00,0.000000e+00,TARGET,3.806944e+01,-1.172333e+02,1.52400000e+03,3.39234815e+06,-3.71335796e+06,3.91150641e+06,0.000000e+00,0.000000e+00,0.000000e+00,0.000000e+00,,,,,,,,,,,,,,,,,,,,,1.528983e+03,4.265784e-13,1.490027e+00,,,1.528983e+03,3.141593e+00,-1.490047e+00,,,,,,,,,,,,,,,,,,,,,,,,,,,,,,,,,,,,,,,,,,,,,,,,,,,,,,,,,1.000000e+00,7.399186e-01,1
2.800000e+01,SENSOR_TRACK_UPDATED,radar1,red,simple_radar,radar1.1,0.000000e+00,2.800000e+01,56,5.000000e-01,land,M,,,target1,TARGET,blue,3.806833e+01,-1.172333e+02,-4.00468707e-08,3.39159006e+06,-3.71252819e+06,3.91046980e+06,3.806944e+01,-1.172333e+02,1.52400000e+03,3.39234816e+06,-3.71335796e+06,3.91150641e+06,L,3,,B,,3.806944e+01,-1.172333e+02,1.52400000e+03,3.39234815e+06,-3.71335796e+06,3.91150641e+06,0.000000e+00,0.000000e+00,0.000000e+00,0.000000e+00,0.000000e+00,1.528983e+03,4.257712e-13,1.490027e+00,1.528983e+03,4.257712e-13,1.490027e+00,,,,,,,,0,,,
2.800000e+01,LOCAL_TRACK_UPDATED,radar1,red,radar1.2,0.000000e+00,2.800000e+01,56,5.000000e-01,land,P,,,target1,TARGET,blue,3.806833e+01,-1.172333e+02,-4.00468707e-08,3.39159006e+06,-3.71252819e+06,3.91046980e+06,3.806944e+01,-1.172333e+02,1.52400000e+03,3.39234816e+06,-3.71335796e+06,3.91150641e+06,L,3,,B,,3.806944e+01,-1.172333e+02,1.52400000e+03,3.39234815e+06,-3.71335796e+06,3.91150641e+06,0.000000e+00,0.000000e+00,0.000000e+00,0.000000e+00,0.000000e+00,1.528983e+03,4.257712e-13,1.490027e+00,1.528983e+03,4.257712e-13,1.490027e+00,,,,,,,,0,,,,radar1.1,simple_radar,WSF_GEOMETRIC_SENSOR,default
2.850000e+01,SENSOR_DETECTION_ATTEMPT,radar1,red,target1,simple_radar,default,1,,,,,,,,,,,,WSF_GEOMETRIC_SENSOR,3.806833e+01,-1.172333e+02,-4.00468707e-08,3.39172542e+06,-3.71240457e+06,3.91046976e+06,0.000000e+00,0.000000e+00,0.000000e+00,0.000000e+00,TARGET,3.806944e+01,-1.172333e+02,1.52400000e+03,3.39248355e+06,-3.71323432e+06,3.91150637e+06,0.000000e+00,0.000000e+00,0.000000e+00,0.000000e+00,,,,,,,,,,,,,,,,,,,,,1.528983e+03,4.265784e-13,1.490027e+00,,,1.528983e+03,3.141593e+00,-1.490047e+00,,,,,,,,,,,,,,,,,,,,,,,,,,,,,,,,,,,,,,,,,,,,,,,,,,,,,,,,,1.000000e+00,6.448524e-01,1
2.850000e+01,SENSOR_TRACK_UPDATED,radar1,red,simple_radar,radar1.1,0.000000e+00,2.850000e+01,57,5.000000e-01,land,M,,,target1,TARGET,blue,3.806833e+01,-1.172333e+02,-4.00468707e-08,3.39172542e+06,-3.71240457e+06,3.91046976e+06,3.806944e+01,-1.172333e+02,1.52400000e+03,3.39248355e+06,-3.71323432e+06,3.91150637e+06,L,3,,B,,3.806944e+01,-1.172333e+02,1.52400000e+03,3.39248355e+06,-3.71323432e+06,3.91150637e+06,0.000000e+00,0.000000e+00,0.000000e+00,0.000000e+00,0.000000e+00,1.528983e+03,4.257712e-13,1.490027e+00,1.528983e+03,4.257712e-13,1.490027e+00,,,,,,,,0,,,
2.850000e+01,LOCAL_TRACK_UPDATED,radar1,red,radar1.2,0.000000e+00,2.850000e+01,57,5.000000e-01,land,P,,,target1,TARGET,blue,3.806833e+01,-1.172333e+02,-4.00468707e-08,3.39172542e+06,-3.71240457e+06,3.91046976e+06,3.806944e+01,-1.172333e+02,1.52400000e+03,3.39248355e+06,-3.71323432e+06,3.91150637e+06,L,3,,B,,3.806944e+01,-1.172333e+02,1.52400000e+03,3.39248355e+06,-3.71323432e+06,3.91150637e+06,0.000000e+00,0.000000e+00,0.000000e+00,0.000000e+00,0.000000e+00,1.528983e+03,4.257712e-13,1.490027e+00,1.528983e+03,4.257712e-13,1.490027e+00,,,,,,,,0,,,,radar1.1,simple_radar,WSF_GEOMETRIC_SENSOR,default
2.900000e+01,SENSOR_DETECTION_ATTEMPT,radar1,red,target1,simple_radar,default,1,,,,,,,,,,,,WSF_GEOMETRIC_SENSOR,3.806833e+01,-1.172333e+02,-4.00468707e-08,3.39186078e+06,-3.71228094e+06,3.91046972e+06,0.000000e+00,0.000000e+00,0.000000e+00,0.000000e+00,TARGET,3.806944e+01,-1.172333e+02,1.52400000e+03,3.39261893e+06,-3.71311066e+06,3.91150632e+06,0.000000e+00,0.000000e+00,0.000000e+00,0.000000e+00,,,,,,,,,,,,,,,,,,,,,1.528983e+03,4.265784e-13,1.490027e+00,,,1.528983e+03,3.141593e+00,-1.490047e+00,,,,,,,,,,,,,,,,,,,,,,,,,,,,,,,,,,,,,,,,,,,,,,,,,,,,,,,,,1.000000e+00,9.844331e-01,1
2.900000e+01,SENSOR_TRACK_UPDATED,radar1,red,simple_radar,radar1.1,0.000000e+00,2.900000e+01,58,5.000000e-01,land,M,,,target1,TARGET,blue,3.806833e+01,-1.172333e+02,-4.00468707e-08,3.39186078e+06,-3.71228094e+06,3.91046972e+06,3.806944e+01,-1.172333e+02,1.52400000e+03,3.39261893e+06,-3.71311066e+06,3.91150632e+06,L,3,,B,,3.806944e+01,-1.172333e+02,1.52400000e+03,3.39261893e+06,-3.71311066e+06,3.91150632e+06,0.000000e+00,0.000000e+00,0.000000e+00,0.000000e+00,0.000000e+00,1.528983e+03,4.257712e-13,1.490027e+00,1.528983e+03,4.257712e-13,1.490027e+00,,,,,,,,0,,,
2.900000e+01,LOCAL_TRACK_UPDATED,radar1,red,radar1.2,0.000000e+00,2.900000e+01,58,5.000000e-01,land,P,,,target1,TARGET,blue,3.806833e+01,-1.172333e+02,-4.00468707e-08,3.39186078e+06,-3.71228094e+06,3.91046972e+06,3.806944e+01,-1.172333e+02,1.52400000e+03,3.39261893e+06,-3.71311066e+06,3.91150632e+06,L,3,,B,,3.806944e+01,-1.172333e+02,1.52400000e+03,3.39261893e+06,-3.71311066e+06,3.91150632e+06,0.000000e+00,0.000000e+00,0.000000e+00,0.000000e+00,0.000000e+00,1.528983e+03,4.257712e-13,1.490027e+00,1.528983e+03,4.257712e-13,1.490027e+00,,,,,,,,0,,,,radar1.1,simple_radar,WSF_GEOMETRIC_SENSOR,default
2.950000e+01,SENSOR_DETECTION_ATTEMPT,radar1,red,target1,simple_radar,default,1,,,,,,,,,,,,WSF_GEOMETRIC_SENSOR,3.806833e+01,-1.172333e+02,-4.00468707e-08,3.39199613e+06,-3.71215731e+06,3.91046967e+06,0.000000e+00,0.000000e+00,0.000000e+00,0.000000e+00,TARGET,3.806944e+01,-1.172333e+02,1.52400000e+03,3.39275432e+06,-3.71298701e+06,3.91150628e+06,0.000000e+00,0.000000e+00,0.000000e+00,0.000000e+00,,,,,,,,,,,,,,,,,,,,,1.528983e+03,4.265784e-13,1.490027e+00,,,1.528983e+03,3.141593e+00,-1.490047e+00,,,,,,,,,,,,,,,,,,,,,,,,,,,,,,,,,,,,,,,,,,,,,,,,,,,,,,,,,1.000000e+00,6.091445e-01,1
2.950000e+01,SENSOR_TRACK_UPDATED,radar1,red,simple_radar,radar1.1,0.000000e+00,2.950000e+01,59,5.000000e-01,land,M,,,target1,TARGET,blue,3.806833e+01,-1.172333e+02,-4.00468707e-08,3.39199613e+06,-3.71215731e+06,3.91046967e+06,3.806944e+01,-1.172333e+02,1.52400000e+03,3.39275432e+06,-3.71298701e+06,3.91150628e+06,L,3,,B,,3.806944e+01,-1.172333e+02,1.52400000e+03,3.39275432e+06,-3.71298701e+06,3.91150628e+06,0.000000e+00,0.000000e+00,0.000000e+00,0.000000e+00,0.000000e+00,1.528983e+03,4.257712e-13,1.490027e+00,1.528983e+03,4.257712e-13,1.490027e+00,,,,,,,,0,,,
2.950000e+01,LOCAL_TRACK_UPDATED,radar1,red,radar1.2,0.000000e+00,2.950000e+01,59,5.000000e-01,land,P,,,target1,TARGET,blue,3.806833e+01,-1.172333e+02,-4.00468707e-08,3.39199613e+06,-3.71215731e+06,3.91046967e+06,3.806944e+01,-1.172333e+02,1.52400000e+03,3.39275432e+06,-3.71298701e+06,3.91150628e+06,L,3,,B,,3.806944e+01,-1.172333e+02,1.52400000e+03,3.39275432e+06,-3.71298701e+06,3.91150628e+06,0.000000e+00,0.000000e+00,0.000000e+00,0.000000e+00,0.000000e+00,1.528983e+03,4.257712e-13,1.490027e+00,1.528983e+03,4.257712e-13,1.490027e+00,,,,,,,,0,,,,radar1.1,simple_radar,WSF_GEOMETRIC_SENSOR,default
3.000000e+01,SENSOR_DETECTION_ATTEMPT,radar1,red,target1,simple_radar,default,1,,,,,,,,,,,,WSF_GEOMETRIC_SENSOR,3.806833e+01,-1.172333e+02,-4.00468707e-08,3.39213148e+06,-3.71203368e+06,3.91046963e+06,0.000000e+00,0.000000e+00,0.000000e+00,0.000000e+00,TARGET,3.806944e+01,-1.172333e+02,1.52400000e+03,3.39288970e+06,-3.71286335e+06,3.91150624e+06,0.000000e+00,0.000000e+00,0.000000e+00,0.000000e+00,,,,,,,,,,,,,,,,,,,,,1.528983e+03,4.265784e-13,1.490027e+00,,,1.528983e+03,3.141593e+00,-1.490047e+00,,,,,,,,,,,,,,,,,,,,,,,,,,,,,,,,,,,,,,,,,,,,,,,,,,,,,,,,,1.000000e+00,4.584129e-01,1
3.000000e+01,SENSOR_TRACK_UPDATED,radar1,red,simple_radar,radar1.1,0.000000e+00,3.000000e+01,60,5.000000e-01,land,M,,,target1,TARGET,blue,3.806833e+01,-1.172333e+02,-4.00468707e-08,3.39213148e+06,-3.71203368e+06,3.91046963e+06,3.806944e+01,-1.172333e+02,1.52400000e+03,3.39288970e+06,-3.71286335e+06,3.91150624e+06,L,3,,B,,3.806944e+01,-1.172333e+02,1.52400000e+03,3.39288970e+06,-3.71286335e+06,3.91150624e+06,0.000000e+00,0.000000e+00,0.000000e+00,0.000000e+00,0.000000e+00,1.528983e+03,4.257712e-13,1.490027e+00,1.528983e+03,4.257712e-13,1.490027e+00,,,,,,,,0,,,
3.000000e+01,LOCAL_TRACK_UPDATED,radar1,red,radar1.2,0.000000e+00,3.000000e+01,60,5.000000e-01,land,P,,,target1,TARGET,blue,3.806833e+01,-1.172333e+02,-4.00468707e-08,3.39213148e+06,-3.71203368e+06,3.91046963e+06,3.806944e+01,-1.172333e+02,1.52400000e+03,3.39288970e+06,-3.71286335e+06,3.91150624e+06,L,3,,B,,3.806944e+01,-1.172333e+02,1.52400000e+03,3.39288970e+06,-3.71286335e+06,3.91150624e+06,0.000000e+00,0.000000e+00,0.000000e+00,0.000000e+00,0.000000e+00,1.528983e+03,4.257712e-13,1.490027e+00,1.528983e+03,4.257712e-13,1.490027e+00,,,,,,,,0,,,,radar1.1,simple_radar,WSF_GEOMETRIC_SENSOR,default
3.050000e+01,SENSOR_DETECTION_ATTEMPT,radar1,red,target1,simple_radar,default,1,,,,,,,,,,,,WSF_GEOMETRIC_SENSOR,3.806833e+01,-1.172333e+02,-4.00468707e-08,3.39226682e+06,-3.71191004e+06,3.91046959e+06,0.000000e+00,0.000000e+00,0.000000e+00,0.000000e+00,TARGET,3.806944e+01,-1.172333e+02,1.52400000e+03,3.39302507e+06,-3.71273968e+06,3.91150619e+06,0.000000e+00,0.000000e+00,0.000000e+00,0.000000e+00,,,,,,,,,,,,,,,,,,,,,1.528983e+03,4.265784e-13,1.490027e+00,,,1.528983e+03,3.141593e+00,-1.490047e+00,,,,,,,,,,,,,,,,,,,,,,,,,,,,,,,,,,,,,,,,,,,,,,,,,,,,,,,,,1.000000e+00,7.031047e-02,1
3.050000e+01,SENSOR_TRACK_UPDATED,radar1,red,simple_radar,radar1.1,0.000000e+00,3.050000e+01,61,5.000000e-01,land,M,,,target1,TARGET,blue,3.806833e+01,-1.172333e+02,-4.00468707e-08,3.39226682e+06,-3.71191004e+06,3.91046959e+06,3.806944e+01,-1.172333e+02,1.52400000e+03,3.39302507e+06,-3.71273968e+06,3.91150619e+06,L,3,,B,,3.806944e+01,-1.172333e+02,1.52400000e+03,3.39302507e+06,-3.71273968e+06,3.91150619e+06,0.000000e+00,0.000000e+00,0.000000e+00,0.000000e+00,0.000000e+00,1.528983e+03,4.257712e-13,1.490027e+00,1.528983e+03,4.257712e-13,1.490027e+00,,,,,,,,0,,,
3.050000e+01,LOCAL_TRACK_UPDATED,radar1,red,radar1.2,0.000000e+00,3.050000e+01,61,5.000000e-01,land,P,,,target1,TARGET,blue,3.806833e+01,-1.172333e+02,-4.00468707e-08,3.39226682e+06,-3.71191004e+06,3.91046959e+06,3.806944e+01,-1.172333e+02,1.52400000e+03,3.39302507e+06,-3.71273968e+06,3.91150619e+06,L,3,,B,,3.806944e+01,-1.172333e+02,1.52400000e+03,3.39302507e+06,-3.71273968e+06,3.91150619e+06,0.000000e+00,0.000000e+00,0.000000e+00,0.000000e+00,0.000000e+00,1.528983e+03,4.257712e-13,1.490027e+00,1.528983e+03,4.257712e-13,1.490027e+00,,,,,,,,0,,,,radar1.1,simple_radar,WSF_GEOMETRIC_SENSOR,default
3.100000e+01,SENSOR_DETECTION_ATTEMPT,radar1,red,target1,simple_radar,default,1,,,,,,,,,,,,WSF_GEOMETRIC_SENSOR,3.806833e+01,-1.172333e+02,-4.00468707e-08,3.39240216e+06,-3.71178640e+06,3.91046954e+06,0.000000e+00,0.000000e+00,0.000000e+00,0.000000e+00,TARGET,3.806944e+01,-1.172333e+02,1.52400000e+03,3.39316044e+06,-3.71261601e+06,3.91150615e+06,0.000000e+00,0.000000e+00,0.000000e+00,0.000000e+00,,,,,,,,,,,,,,,,,,,,,1.528983e+03,4.265784e-13,1.490027e+00,,,1.528983e+03,3.141593e+00,-1.490047e+00,,,,,,,,,,,,,,,,,,,,,,,,,,,,,,,,,,,,,,,,,,,,,,,,,,,,,,,,,1.000000e+00,8.880273e-01,1
3.100000e+01,SENSOR_TRACK_UPDATED,radar1,red,simple_radar,radar1.1,0.000000e+00,3.100000e+01,62,5.000000e-01,land,M,,,target1,TARGET,blue,3.806833e+01,-1.172333e+02,-4.00468707e-08,3.39240216e+06,-3.71178640e+06,3.91046954e+06,3.806944e+01,-1.172333e+02,1.52400000e+03,3.39316044e+06,-3.71261601e+06,3.91150615e+06,L,3,,B,,3.806944e+01,-1.172333e+02,1.52400000e+03,3.39316044e+06,-3.71261601e+06,3.91150615e+06,0.000000e+00,0.000000e+00,0.000000e+00,0.000000e+00,0.000000e+00,1.528983e+03,4.257712e-13,1.490027e+00,1.528983e+03,4.257712e-13,1.490027e+00,,,,,,,,0,,,
3.100000e+01,LOCAL_TRACK_UPDATED,radar1,red,radar1.2,0.000000e+00,3.100000e+01,62,5.000000e-01,land,P,,,target1,TARGET,blue,3.806833e+01,-1.172333e+02,-4.00468707e-08,3.39240216e+06,-3.71178640e+06,3.91046954e+06,3.806944e+01,-1.172333e+02,1.52400000e+03,3.39316044e+06,-3.71261601e+06,3.91150615e+06,L,3,,B,,3.806944e+01,-1.172333e+02,1.52400000e+03,3.39316044e+06,-3.71261601e+06,3.91150615e+06,0.000000e+00,0.000000e+00,0.000000e+00,0.000000e+00,0.000000e+00,1.528983e+03,4.257712e-13,1.490027e+00,1.528983e+03,4.257712e-13,1.490027e+00,,,,,,,,0,,,,radar1.1,simple_radar,WSF_GEOMETRIC_SENSOR,default
3.150000e+01,SENSOR_DETECTION_ATTEMPT,radar1,red,target1,simple_radar,default,1,,,,,,,,,,,,WSF_GEOMETRIC_SENSOR,3.806833e+01,-1.172333e+02,-4.00468707e-08,3.39253749e+06,-3.71166275e+06,3.91046950e+06,0.000000e+00,0.000000e+00,0.000000e+00,0.000000e+00,TARGET,3.806944e+01,-1.172333e+02,1.52400000e+03,3.39329580e+06,-3.71249233e+06,3.91150611e+06,0.000000e+00,0.000000e+00,0.000000e+00,0.000000e+00,,,,,,,,,,,,,,,,,,,,,1.528983e+03,4.265784e-13,1.490027e+00,,,1.528983e+03,3.141593e+00,-1.490047e+00,,,,,,,,,,,,,,,,,,,,,,,,,,,,,,,,,,,,,,,,,,,,,,,,,,,,,,,,,1.000000e+00,3.792023e-01,1
3.150000e+01,SENSOR_TRACK_UPDATED,radar1,red,simple_radar,radar1.1,0.000000e+00,3.150000e+01,63,5.000000e-01,land,M,,,target1,TARGET,blue,3.806833e+01,-1.172333e+02,-4.00468707e-08,3.39253750e+06,-3.71166275e+06,3.91046950e+06,3.806944e+01,-1.172333e+02,1.52400000e+03,3.39329580e+06,-3.71249233e+06,3.91150610e+06,L,3,,B,,3.806944e+01,-1.172333e+02,1.52400000e+03,3.39329580e+06,-3.71249233e+06,3.91150611e+06,0.000000e+00,0.000000e+00,0.000000e+00,0.000000e+00,0.000000e+00,1.528983e+03,4.257712e-13,1.490027e+00,1.528983e+03,4.257712e-13,1.490027e+00,,,,,,,,0,,,
3.150000e+01,LOCAL_TRACK_UPDATED,radar1,red,radar1.2,0.000000e+00,3.150000e+01,63,5.000000e-01,land,P,,,target1,TARGET,blue,3.806833e+01,-1.172333e+02,-4.00468707e-08,3.39253750e+06,-3.71166275e+06,3.91046950e+06,3.806944e+01,-1.172333e+02,1.52400000e+03,3.39329580e+06,-3.71249233e+06,3.91150610e+06,L,3,,B,,3.806944e+01,-1.172333e+02,1.52400000e+03,3.39329580e+06,-3.71249233e+06,3.91150611e+06,0.000000e+00,0.000000e+00,0.000000e+00,0.000000e+00,0.000000e+00,1.528983e+03,4.257712e-13,1.490027e+00,1.528983e+03,4.257712e-13,1.490027e+00,,,,,,,,0,,,,radar1.1,simple_radar,WSF_GEOMETRIC_SENSOR,default
3.200000e+01,SENSOR_DETECTION_ATTEMPT,radar1,red,target1,simple_radar,default,1,,,,,,,,,,,,WSF_GEOMETRIC_SENSOR,3.806833e+01,-1.172333e+02,-4.00468707e-08,3.39267282e+06,-3.71153910e+06,3.91046946e+06,0.000000e+00,0.000000e+00,0.000000e+00,0.000000e+00,TARGET,3.806944e+01,-1.172333e+02,1.52400000e+03,3.39343116e+06,-3.71236865e+06,3.91150606e+06,0.000000e+00,0.000000e+00,0.000000e+00,0.000000e+00,,,,,,,,,,,,,,,,,,,,,1.528983e+03,4.265784e-13,1.490027e+00,,,1.528983e+03,3.141593e+00,-1.490047e+00,,,,,,,,,,,,,,,,,,,,,,,,,,,,,,,,,,,,,,,,,,,,,,,,,,,,,,,,,1.000000e+00,3.989680e-02,1
3.200000e+01,SENSOR_TRACK_UPDATED,radar1,red,simple_radar,radar1.1,0.000000e+00,3.200000e+01,64,5.000000e-01,land,M,,,target1,TARGET,blue,3.806833e+01,-1.172333e+02,-4.00468707e-08,3.39267283e+06,-3.71153910e+06,3.91046946e+06,3.806944e+01,-1.172333e+02,1.52400000e+03,3.39343116e+06,-3.71236865e+06,3.91150606e+06,L,3,,B,,3.806944e+01,-1.172333e+02,1.52400000e+03,3.39343116e+06,-3.71236865e+06,3.91150606e+06,0.000000e+00,0.000000e+00,0.000000e+00,0.000000e+00,0.000000e+00,1.528983e+03,4.257712e-13,1.490027e+00,1.528983e+03,4.257712e-13,1.490027e+00,,,,,,,,0,,,
3.200000e+01,LOCAL_TRACK_UPDATED,radar1,red,radar1.2,0.000000e+00,3.200000e+01,64,5.000000e-01,land,P,,,target1,TARGET,blue,3.806833e+01,-1.172333e+02,-4.00468707e-08,3.39267283e+06,-3.71153910e+06,3.91046946e+06,3.806944e+01,-1.172333e+02,1.52400000e+03,3.39343116e+06,-3.71236865e+06,3.91150606e+06,L,3,,B,,3.806944e+01,-1.172333e+02,1.52400000e+03,3.39343116e+06,-3.71236865e+06,3.91150606e+06,0.000000e+00,0.000000e+00,0.000000e+00,0.000000e+00,0.000000e+00,1.528983e+03,4.257712e-13,1.490027e+00,1.528983e+03,4.257712e-13,1.490027e+00,,,,,,,,0,,,,radar1.1,simple_radar,WSF_GEOMETRIC_SENSOR,default
3.250000e+01,SENSOR_DETECTION_ATTEMPT,radar1,red,target1,simple_radar,default,1,,,,,,,,,,,,WSF_GEOMETRIC_SENSOR,3.806833e+01,-1.172333e+02,-4.00468707e-08,3.39280815e+06,-3.71141544e+06,3.91046941e+06,0.000000e+00,0.000000e+00,0.000000e+00,0.000000e+00,TARGET,3.806944e+01,-1.172333e+02,1.52400000e+03,3.39356652e+06,-3.71224497e+06,3.91150602e+06,0.000000e+00,0.000000e+00,0.000000e+00,0.000000e+00,,,,,,,,,,,,,,,,,,,,,1.528983e+03,4.265784e-13,1.490027e+00,,,1.528983e+03,3.141593e+00,-1.490047e+00,,,,,,,,,,,,,,,,,,,,,,,,,,,,,,,,,,,,,,,,,,,,,,,,,,,,,,,,,1.000000e+00,6.232880e-01,1
3.250000e+01,SENSOR_TRACK_UPDATED,radar1,red,simple_radar,radar1.1,0.000000e+00,3.250000e+01,65,5.000000e-01,land,M,,,target1,TARGET,blue,3.806833e+01,-1.172333e+02,-4.00468707e-08,3.39280815e+06,-3.71141544e+06,3.91046941e+06,3.806944e+01,-1.172333e+02,1.52400000e+03,3.39356652e+06,-3.71224497e+06,3.91150602e+06,L,3,,B,,3.806944e+01,-1.172333e+02,1.52400000e+03,3.39356652e+06,-3.71224497e+06,3.91150602e+06,0.000000e+00,0.000000e+00,0.000000e+00,0.000000e+00,0.000000e+00,1.528983e+03,4.257712e-13,1.490027e+00,1.528983e+03,4.257712e-13,1.490027e+00,,,,,,,,0,,,
3.250000e+01,LOCAL_TRACK_UPDATED,radar1,red,radar1.2,0.000000e+00,3.250000e+01,65,5.000000e-01,land,P,,,target1,TARGET,blue,3.806833e+01,-1.172333e+02,-4.00468707e-08,3.39280815e+06,-3.71141544e+06,3.91046941e+06,3.806944e+01,-1.172333e+02,1.52400000e+03,3.39356652e+06,-3.71224497e+06,3.91150602e+06,L,3,,B,,3.806944e+01,-1.172333e+02,1.52400000e+03,3.39356652e+06,-3.71224497e+06,3.91150602e+06,0.000000e+00,0.000000e+00,0.000000e+00,0.000000e+00,0.000000e+00,1.528983e+03,4.257712e-13,1.490027e+00,1.528983e+03,4.257712e-13,1.490027e+00,,,,,,,,0,,,,radar1.1,simple_radar,WSF_GEOMETRIC_SENSOR,default
3.300000e+01,SENSOR_DETECTION_ATTEMPT,radar1,red,target1,simple_radar,default,1,,,,,,,,,,,,WSF_GEOMETRIC_SENSOR,3.806833e+01,-1.172333e+02,-4.00468707e-08,3.39294347e+06,-3.71129178e+06,3.91046937e+06,0.000000e+00,0.000000e+00,0.000000e+00,0.000000e+00,TARGET,3.806944e+01,-1.172333e+02,1.52400000e+03,3.39370187e+06,-3.71212128e+06,3.91150598e+06,0.000000e+00,0.000000e+00,0.000000e+00,0.000000e+00,,,,,,,,,,,,,,,,,,,,,1.528983e+03,4.265784e-13,1.490027e+00,,,1.528983e+03,3.141593e+00,-1.490047e+00,,,,,,,,,,,,,,,,,,,,,,,,,,,,,,,,,,,,,,,,,,,,,,,,,,,,,,,,,1.000000e+00,7.470261e-01,1
3.300000e+01,SENSOR_TRACK_UPDATED,radar1,red,simple_radar,radar1.1,0.000000e+00,3.300000e+01,66,5.000000e-01,land,M,,,target1,TARGET,blue,3.806833e+01,-1.172333e+02,-4.00468707e-08,3.39294347e+06,-3.71129178e+06,3.91046937e+06,3.806944e+01,-1.172333e+02,1.52400000e+03,3.39370187e+06,-3.71212128e+06,3.91150597e+06,L,3,,B,,3.806944e+01,-1.172333e+02,1.52400000e+03,3.39370187e+06,-3.71212128e+06,3.91150598e+06,0.000000e+00,0.000000e+00,0.000000e+00,0.000000e+00,0.000000e+00,1.528983e+03,4.257712e-13,1.490027e+00,1.528983e+03,4.257712e-13,1.490027e+00,,,,,,,,0,,,
3.300000e+01,LOCAL_TRACK_UPDATED,radar1,red,radar1.2,0.000000e+00,3.300000e+01,66,5.000000e-01,land,P,,,target1,TARGET,blue,3.806833e+01,-1.172333e+02,-4.00468707e-08,3.39294347e+06,-3.71129178e+06,3.91046937e+06,3.806944e+01,-1.172333e+02,1.52400000e+03,3.39370187e+06,-3.71212128e+06,3.91150597e+06,L,3,,B,,3.806944e+01,-1.172333e+02,1.52400000e+03,3.39370187e+06,-3.71212128e+06,3.91150598e+06,0.000000e+00,0.000000e+00,0.000000e+00,0.000000e+00,0.000000e+00,1.528983e+03,4.257712e-13,1.490027e+00,1.528983e+03,4.257712e-13,1.490027e+00,,,,,,,,0,,,,radar1.1,simple_radar,WSF_GEOMETRIC_SENSOR,default
3.350000e+01,SENSOR_DETECTION_ATTEMPT,radar1,red,target1,simple_radar,default,1,,,,,,,,,,,,WSF_GEOMETRIC_SENSOR,3.806833e+01,-1.172333e+02,-4.00468707e-08,3.39307879e+06,-3.71116811e+06,3.91046933e+06,0.000000e+00,0.000000e+00,0.000000e+00,0.000000e+00,TARGET,3.806944e+01,-1.172333e+02,1.52400000e+03,3.39383722e+06,-3.71199758e+06,3.91150593e+06,0.000000e+00,0.000000e+00,0.000000e+00,0.000000e+00,,,,,,,,,,,,,,,,,,,,,1.528983e+03,4.265784e-13,1.490027e+00,,,1.528983e+03,3.141593e+00,-1.490047e+00,,,,,,,,,,,,,,,,,,,,,,,,,,,,,,,,,,,,,,,,,,,,,,,,,,,,,,,,,1.000000e+00,2.961003e-01,1
3.350000e+01,SENSOR_TRACK_UPDATED,radar1,red,simple_radar,radar1.1,0.000000e+00,3.350000e+01,67,5.000000e-01,land,M,,,target1,TARGET,blue,3.806833e+01,-1.172333e+02,-4.00468707e-08,3.39307879e+06,-3.71116811e+06,3.91046933e+06,3.806944e+01,-1.172333e+02,1.52400000e+03,3.39383722e+06,-3.71199758e+06,3.91150593e+06,L,3,,B,,3.806944e+01,-1.172333e+02,1.52400000e+03,3.39383722e+06,-3.71199758e+06,3.91150593e+06,0.000000e+00,0.000000e+00,0.000000e+00,0.000000e+00,0.000000e+00,1.528983e+03,4.257712e-13,1.490027e+00,1.528983e+03,4.257712e-13,1.490027e+00,,,,,,,,0,,,
3.350000e+01,LOCAL_TRACK_UPDATED,radar1,red,radar1.2,0.000000e+00,3.350000e+01,67,5.000000e-01,land,P,,,target1,TARGET,blue,3.806833e+01,-1.172333e+02,-4.00468707e-08,3.39307879e+06,-3.71116811e+06,3.91046933e+06,3.806944e+01,-1.172333e+02,1.52400000e+03,3.39383722e+06,-3.71199758e+06,3.91150593e+06,L,3,,B,,3.806944e+01,-1.172333e+02,1.52400000e+03,3.39383722e+06,-3.71199758e+06,3.91150593e+06,0.000000e+00,0.000000e+00,0.000000e+00,0.000000e+00,0.000000e+00,1.528983e+03,4.257712e-13,1.490027e+00,1.528983e+03,4.257712e-13,1.490027e+00,,,,,,,,0,,,,radar1.1,simple_radar,WSF_GEOMETRIC_SENSOR,default
3.400000e+01,SENSOR_DETECTION_ATTEMPT,radar1,red,target1,simple_radar,default,1,,,,,,,,,,,,WSF_GEOMETRIC_SENSOR,3.806833e+01,-1.172333e+02,-4.00468707e-08,3.39321410e+06,-3.71104444e+06,3.91046928e+06,0.000000e+00,0.000000e+00,0.000000e+00,0.000000e+00,TARGET,3.806944e+01,-1.172333e+02,1.52400000e+03,3.39397256e+06,-3.71187388e+06,3.91150589e+06,0.000000e+00,0.000000e+00,0.000000e+00,0.000000e+00,,,,,,,,,,,,,,,,,,,,,1.528983e+03,4.265784e-13,1.490027e+00,,,1.528983e+03,3.141593e+00,-1.490047e+00,,,,,,,,,,,,,,,,,,,,,,,,,,,,,,,,,,,,,,,,,,,,,,,,,,,,,,,,,1.000000e+00,8.993106e-01,1
3.400000e+01,SENSOR_TRACK_UPDATED,radar1,red,simple_radar,radar1.1,0.000000e+00,3.400000e+01,68,5.000000e-01,land,M,,,target1,TARGET,blue,3.806833e+01,-1.172333e+02,-4.00468707e-08,3.39321410e+06,-3.71104444e+06,3.91046928e+06,3.806944e+01,-1.172333e+02,1.52400000e+03,3.39397256e+06,-3.71187388e+06,3.91150589e+06,L,3,,B,,3.806944e+01,-1.172333e+02,1.52400000e+03,3.39397256e+06,-3.71187388e+06,3.91150589e+06,0.000000e+00,0.000000e+00,0.000000e+00,0.000000e+00,0.000000e+00,1.528983e+03,4.257712e-13,1.490027e+00,1.528983e+03,4.257712e-13,1.490027e+00,,,,,,,,0,,,
3.400000e+01,LOCAL_TRACK_UPDATED,radar1,red,radar1.2,0.000000e+00,3.400000e+01,68,5.000000e-01,land,P,,,target1,TARGET,blue,3.806833e+01,-1.172333e+02,-4.00468707e-08,3.39321410e+06,-3.71104444e+06,3.91046928e+06,3.806944e+01,-1.172333e+02,1.52400000e+03,3.39397256e+06,-3.71187388e+06,3.91150589e+06,L,3,,B,,3.806944e+01,-1.172333e+02,1.52400000e+03,3.39397256e+06,-3.71187388e+06,3.91150589e+06,0.000000e+00,0.000000e+00,0.000000e+00,0.000000e+00,0.000000e+00,1.528983e+03,4.257712e-13,1.490027e+00,1.528983e+03,4.257712e-13,1.490027e+00,,,,,,,,0,,,,radar1.1,simple_radar,WSF_GEOMETRIC_SENSOR,default
3.450000e+01,SENSOR_DETECTION_ATTEMPT,radar1,red,target1,simple_radar,default,1,,,,,,,,,,,,WSF_GEOMETRIC_SENSOR,3.806833e+01,-1.172333e+02,-4.00468707e-08,3.39334941e+06,-3.71092076e+06,3.91046924e+06,0.000000e+00,0.000000e+00,0.000000e+00,0.000000e+00,TARGET,3.806944e+01,-1.172333e+02,1.52400000e+03,3.39410790e+06,-3.71175017e+06,3.91150584e+06,0.000000e+00,0.000000e+00,0.000000e+00,0.000000e+00,,,,,,,,,,,,,,,,,,,,,1.528983e+03,4.265784e-13,1.490027e+00,,,1.528983e+03,3.141593e+00,-1.490047e+00,,,,,,,,,,,,,,,,,,,,,,,,,,,,,,,,,,,,,,,,,,,,,,,,,,,,,,,,,1.000000e+00,3.280621e-01,1
3.450000e+01,SENSOR_TRACK_UPDATED,radar1,red,simple_radar,radar1.1,0.000000e+00,3.450000e+01,69,5.000000e-01,land,M,,,target1,TARGET,blue,3.806833e+01,-1.172333e+02,-4.00468707e-08,3.39334941e+06,-3.71092076e+06,3.91046924e+06,3.806944e+01,-1.172333e+02,1.52400000e+03,3.39410790e+06,-3.71175017e+06,3.91150584e+06,L,3,,B,,3.806944e+01,-1.172333e+02,1.52400000e+03,3.39410790e+06,-3.71175017e+06,3.91150584e+06,0.000000e+00,0.000000e+00,0.000000e+00,0.000000e+00,0.000000e+00,1.528983e+03,4.257712e-13,1.490027e+00,1.528983e+03,4.257712e-13,1.490027e+00,,,,,,,,0,,,
3.450000e+01,LOCAL_TRACK_UPDATED,radar1,red,radar1.2,0.000000e+00,3.450000e+01,69,5.000000e-01,land,P,,,target1,TARGET,blue,3.806833e+01,-1.172333e+02,-4.00468707e-08,3.39334941e+06,-3.71092076e+06,3.91046924e+06,3.806944e+01,-1.172333e+02,1.52400000e+03,3.39410790e+06,-3.71175017e+06,3.91150584e+06,L,3,,B,,3.806944e+01,-1.172333e+02,1.52400000e+03,3.39410790e+06,-3.71175017e+06,3.91150584e+06,0.000000e+00,0.000000e+00,0.000000e+00,0.000000e+00,0.000000e+00,1.528983e+03,4.257712e-13,1.490027e+00,1.528983e+03,4.257712e-13,1.490027e+00,,,,,,,,0,,,,radar1.1,simple_radar,WSF_GEOMETRIC_SENSOR,default
3.500000e+01,SENSOR_DETECTION_ATTEMPT,radar1,red,target1,simple_radar,default,1,,,,,,,,,,,,WSF_GEOMETRIC_SENSOR,3.806833e+01,-1.172333e+02,-4.00468707e-08,3.39348471e+06,-3.71079707e+06,3.91046920e+06,0.000000e+00,0.000000e+00,0.000000e+00,0.000000e+00,TARGET,3.806944e+01,-1.172333e+02,1.52400000e+03,3.39424323e+06,-3.71162646e+06,3.91150580e+06,0.000000e+00,0.000000e+00,0.000000e+00,0.000000e+00,,,,,,,,,,,,,,,,,,,,,1.528983e+03,4.265784e-13,1.490027e+00,,,1.528983e+03,3.141593e+00,-1.490047e+00,,,,,,,,,,,,,,,,,,,,,,,,,,,,,,,,,,,,,,,,,,,,,,,,,,,,,,,,,1.000000e+00,6.223319e-01,1
3.500000e+01,SENSOR_TRACK_UPDATED,radar1,red,simple_radar,radar1.1,0.000000e+00,3.500000e+01,70,5.000000e-01,land,M,,,target1,TARGET,blue,3.806833e+01,-1.172333e+02,-4.00468707e-08,3.39348471e+06,-3.71079707e+06,3.91046920e+06,3.806944e+01,-1.172333e+02,1.52400000e+03,3.39424323e+06,-3.71162646e+06,3.91150580e+06,L,3,,B,,3.806944e+01,-1.172333e+02,1.52400000e+03,3.39424323e+06,-3.71162646e+06,3.91150580e+06,0.000000e+00,0.000000e+00,0.000000e+00,0.000000e+00,0.000000e+00,1.528983e+03,4.257712e-13,1.490027e+00,1.528983e+03,4.257712e-13,1.490027e+00,,,,,,,,0,,,
3.500000e+01,LOCAL_TRACK_UPDATED,radar1,red,radar1.2,0.000000e+00,3.500000e+01,70,5.000000e-01,land,P,,,target1,TARGET,blue,3.806833e+01,-1.172333e+02,-4.00468707e-08,3.39348471e+06,-3.71079707e+06,3.91046920e+06,3.806944e+01,-1.172333e+02,1.52400000e+03,3.39424323e+06,-3.71162646e+06,3.91150580e+06,L,3,,B,,3.806944e+01,-1.172333e+02,1.52400000e+03,3.39424323e+06,-3.71162646e+06,3.91150580e+06,0.000000e+00,0.000000e+00,0.000000e+00,0.000000e+00,0.000000e+00,1.528983e+03,4.257712e-13,1.490027e+00,1.528983e+03,4.257712e-13,1.490027e+00,,,,,,,,0,,,,radar1.1,simple_radar,WSF_GEOMETRIC_SENSOR,default
3.550000e+01,SENSOR_DETECTION_ATTEMPT,radar1,red,target1,simple_radar,default,1,,,,,,,,,,,,WSF_GEOMETRIC_SENSOR,3.806833e+01,-1.172333e+02,-4.00468707e-08,3.39362001e+06,-3.71067339e+06,3.91046915e+06,0.000000e+00,0.000000e+00,0.000000e+00,0.000000e+00,TARGET,3.806944e+01,-1.172333e+02,1.52400000e+03,3.39437856e+06,-3.71150275e+06,3.91150576e+06,0.000000e+00,0.000000e+00,0.000000e+00,0.000000e+00,,,,,,,,,,,,,,,,,,,,,1.528983e+03,4.265784e-13,1.490027e+00,,,1.528983e+03,3.141593e+00,-1.490047e+00,,,,,,,,,,,,,,,,,,,,,,,,,,,,,,,,,,,,,,,,,,,,,,,,,,,,,,,,,1.000000e+00,2.565919e-01,1
3.550000e+01,SENSOR_TRACK_UPDATED,radar1,red,simple_radar,radar1.1,0.000000e+00,3.550000e+01,71,5.000000e-01,land,M,,,target1,TARGET,blue,3.806833e+01,-1.172333e+02,-4.00468707e-08,3.39362001e+06,-3.71067339e+06,3.91046915e+06,3.806944e+01,-1.172333e+02,1.52400000e+03,3.39437856e+06,-3.71150275e+06,3.91150576e+06,L,3,,B,,3.806944e+01,-1.172333e+02,1.52400000e+03,3.39437856e+06,-3.71150275e+06,3.91150576e+06,0.000000e+00,0.000000e+00,0.000000e+00,0.000000e+00,0.000000e+00,1.528983e+03,4.257712e-13,1.490027e+00,1.528983e+03,4.257712e-13,1.490027e+00,,,,,,,,0,,,
3.550000e+01,LOCAL_TRACK_UPDATED,radar1,red,radar1.2,0.000000e+00,3.550000e+01,71,5.000000e-01,land,P,,,target1,TARGET,blue,3.806833e+01,-1.172333e+02,-4.00468707e-08,3.39362001e+06,-3.71067339e+06,3.91046915e+06,3.806944e+01,-1.172333e+02,1.52400000e+03,3.39437856e+06,-3.71150275e+06,3.91150576e+06,L,3,,B,,3.806944e+01,-1.172333e+02,1.52400000e+03,3.39437856e+06,-3.71150275e+06,3.91150576e+06,0.000000e+00,0.000000e+00,0.000000e+00,0.000000e+00,0.000000e+00,1.528983e+03,4.257712e-13,1.490027e+00,1.528983e+03,4.257712e-13,1.490027e+00,,,,,,,,0,,,,radar1.1,simple_radar,WSF_GEOMETRIC_SENSOR,default
3.600000e+01,SENSOR_DETECTION_ATTEMPT,radar1,red,target1,simple_radar,default,1,,,,,,,,,,,,WSF_GEOMETRIC_SENSOR,3.806833e+01,-1.172333e+02,-4.00468707e-08,3.39375530e+06,-3.71054969e+06,3.91046911e+06,0.000000e+00,0.000000e+00,0.000000e+00,0.000000e+00,TARGET,3.806944e+01,-1.172333e+02,1.52400000e+03,3.39451388e+06,-3.71137903e+06,3.91150571e+06,0.000000e+00,0.000000e+00,0.000000e+00,0.000000e+00,,,,,,,,,,,,,,,,,,,,,1.528983e+03,4.265784e-13,1.490027e+00,,,1.528983e+03,3.141593e+00,-1.490047e+00,,,,,,,,,,,,,,,,,,,,,,,,,,,,,,,,,,,,,,,,,,,,,,,,,,,,,,,,,1.000000e+00,9.354351e-01,1
3.600000e+01,SENSOR_TRACK_UPDATED,radar1,red,simple_radar,radar1.1,0.000000e+00,3.600000e+01,72,5.000000e-01,land,M,,,target1,TARGET,blue,3.806833e+01,-1.172333e+02,-4.00468707e-08,3.39375530e+06,-3.71054969e+06,3.91046911e+06,3.806944e+01,-1.172333e+02,1.52400000e+03,3.39451388e+06,-3.71137903e+06,3.91150571e+06,L,3,,B,,3.806944e+01,-1.172333e+02,1.52400000e+03,3.39451388e+06,-3.71137903e+06,3.91150571e+06,0.000000e+00,0.000000e+00,0.000000e+00,0.000000e+00,0.000000e+00,1.528983e+03,4.257712e-13,1.490027e+00,1.528983e+03,4.257712e-13,1.490027e+00,,,,,,,,0,,,
3.600000e+01,LOCAL_TRACK_UPDATED,radar1,red,radar1.2,0.000000e+00,3.600000e+01,72,5.000000e-01,land,P,,,target1,TARGET,blue,3.806833e+01,-1.172333e+02,-4.00468707e-08,3.39375530e+06,-3.71054969e+06,3.91046911e+06,3.806944e+01,-1.172333e+02,1.52400000e+03,3.39451388e+06,-3.71137903e+06,3.91150571e+06,L,3,,B,,3.806944e+01,-1.172333e+02,1.52400000e+03,3.39451388e+06,-3.71137903e+06,3.91150571e+06,0.000000e+00,0.000000e+00,0.000000e+00,0.000000e+00,0.000000e+00,1.528983e+03,4.257712e-13,1.490027e+00,1.528983e+03,4.257712e-13,1.490027e+00,,,,,,,,0,,,,radar1.1,simple_radar,WSF_GEOMETRIC_SENSOR,default
3.650000e+01,SENSOR_DETECTION_ATTEMPT,radar1,red,target1,simple_radar,default,1,,,,,,,,,,,,WSF_GEOMETRIC_SENSOR,3.806833e+01,-1.172333e+02,-4.00468707e-08,3.39389059e+06,-3.71042600e+06,3.91046907e+06,0.000000e+00,0.000000e+00,0.000000e+00,0.000000e+00,TARGET,3.806944e+01,-1.172333e+02,1.52400000e+03,3.39464920e+06,-3.71125530e+06,3.91150567e+06,0.000000e+00,0.000000e+00,0.000000e+00,0.000000e+00,,,,,,,,,,,,,,,,,,,,,1.528983e+03,4.265784e-13,1.490027e+00,,,1.528983e+03,3.141593e+00,-1.490047e+00,,,,,,,,,,,,,,,,,,,,,,,,,,,,,,,,,,,,,,,,,,,,,,,,,,,,,,,,,1.000000e+00,7.370086e-01,1
3.650000e+01,SENSOR_TRACK_UPDATED,radar1,red,simple_radar,radar1.1,0.000000e+00,3.650000e+01,73,5.000000e-01,land,M,,,target1,TARGET,blue,3.806833e+01,-1.172333e+02,-4.00468707e-08,3.39389059e+06,-3.71042600e+06,3.91046907e+06,3.806944e+01,-1.172333e+02,1.52400000e+03,3.39464920e+06,-3.71125530e+06,3.91150567e+06,L,3,,B,,3.806944e+01,-1.172333e+02,1.52400000e+03,3.39464920e+06,-3.71125530e+06,3.91150567e+06,0.000000e+00,0.000000e+00,0.000000e+00,0.000000e+00,0.000000e+00,1.528983e+03,4.257712e-13,1.490027e+00,1.528983e+03,4.257712e-13,1.490027e+00,,,,,,,,0,,,
3.650000e+01,LOCAL_TRACK_UPDATED,radar1,red,radar1.2,0.000000e+00,3.650000e+01,73,5.000000e-01,land,P,,,target1,TARGET,blue,3.806833e+01,-1.172333e+02,-4.00468707e-08,3.39389059e+06,-3.71042600e+06,3.91046907e+06,3.806944e+01,-1.172333e+02,1.52400000e+03,3.39464920e+06,-3.71125530e+06,3.91150567e+06,L,3,,B,,3.806944e+01,-1.172333e+02,1.52400000e+03,3.39464920e+06,-3.71125530e+06,3.91150567e+06,0.000000e+00,0.000000e+00,0.000000e+00,0.000000e+00,0.000000e+00,1.528983e+03,4.257712e-13,1.490027e+00,1.528983e+03,4.257712e-13,1.490027e+00,,,,,,,,0,,,,radar1.1,simple_radar,WSF_GEOMETRIC_SENSOR,default
3.700000e+01,SENSOR_DETECTION_ATTEMPT,radar1,red,target1,simple_radar,default,1,,,,,,,,,,,,WSF_GEOMETRIC_SENSOR,3.806833e+01,-1.172333e+02,-4.00468707e-08,3.39402588e+06,-3.71030229e+06,3.91046902e+06,0.000000e+00,0.000000e+00,0.000000e+00,0.000000e+00,TARGET,3.806944e+01,-1.172333e+02,1.52400000e+03,3.39478452e+06,-3.71113157e+06,3.91150563e+06,0.000000e+00,0.000000e+00,0.000000e+00,0.000000e+00,,,,,,,,,,,,,,,,,,,,,1.528983e+03,4.265784e-13,1.490027e+00,,,1.528983e+03,3.141593e+00,-1.490047e+00,,,,,,,,,,,,,,,,,,,,,,,,,,,,,,,,,,,,,,,,,,,,,,,,,,,,,,,,,1.000000e+00,8.233475e-01,1
3.700000e+01,SENSOR_TRACK_UPDATED,radar1,red,simple_radar,radar1.1,0.000000e+00,3.700000e+01,74,5.000000e-01,land,M,,,target1,TARGET,blue,3.806833e+01,-1.172333e+02,-4.00468707e-08,3.39402588e+06,-3.71030229e+06,3.91046902e+06,3.806944e+01,-1.172333e+02,1.52400000e+03,3.39478452e+06,-3.71113157e+06,3.91150563e+06,L,3,,B,,3.806944e+01,-1.172333e+02,1.52400000e+03,3.39478452e+06,-3.71113157e+06,3.91150563e+06,0.000000e+00,0.000000e+00,0.000000e+00,0.000000e+00,0.000000e+00,1.528983e+03,4.257712e-13,1.490027e+00,1.528983e+03,4.257712e-13,1.490027e+00,,,,,,,,0,,,
3.700000e+01,LOCAL_TRACK_UPDATED,radar1,red,radar1.2,0.000000e+00,3.700000e+01,74,5.000000e-01,land,P,,,target1,TARGET,blue,3.806833e+01,-1.172333e+02,-4.00468707e-08,3.39402588e+06,-3.71030229e+06,3.91046902e+06,3.806944e+01,-1.172333e+02,1.52400000e+03,3.39478452e+06,-3.71113157e+06,3.91150563e+06,L,3,,B,,3.806944e+01,-1.172333e+02,1.52400000e+03,3.39478452e+06,-3.71113157e+06,3.91150563e+06,0.000000e+00,0.000000e+00,0.000000e+00,0.000000e+00,0.000000e+00,1.528983e+03,4.257712e-13,1.490027e+00,1.528983e+03,4.257712e-13,1.490027e+00,,,,,,,,0,,,,radar1.1,simple_radar,WSF_GEOMETRIC_SENSOR,default
3.750000e+01,SENSOR_DETECTION_ATTEMPT,radar1,red,target1,simple_radar,default,1,,,,,,,,,,,,WSF_GEOMETRIC_SENSOR,3.806833e+01,-1.172333e+02,-4.00468707e-08,3.39416116e+06,-3.71017859e+06,3.91046898e+06,0.000000e+00,0.000000e+00,0.000000e+00,0.000000e+00,TARGET,3.806944e+01,-1.172333e+02,1.52400000e+03,3.39491983e+06,-3.71100784e+06,3.91150558e+06,0.000000e+00,0.000000e+00,0.000000e+00,0.000000e+00,,,,,,,,,,,,,,,,,,,,,1.528983e+03,4.265784e-13,1.490027e+00,,,1.528983e+03,3.141593e+00,-1.490047e+00,,,,,,,,,,,,,,,,,,,,,,,,,,,,,,,,,,,,,,,,,,,,,,,,,,,,,,,,,1.000000e+00,9.482359e-01,1
3.750000e+01,SENSOR_TRACK_UPDATED,radar1,red,simple_radar,radar1.1,0.000000e+00,3.750000e+01,75,5.000000e-01,land,M,,,target1,TARGET,blue,3.806833e+01,-1.172333e+02,-4.00468707e-08,3.39416116e+06,-3.71017859e+06,3.91046898e+06,3.806944e+01,-1.172333e+02,1.52400000e+03,3.39491983e+06,-3.71100784e+06,3.91150558e+06,L,3,,B,,3.806944e+01,-1.172333e+02,1.52400000e+03,3.39491983e+06,-3.71100784e+06,3.91150558e+06,0.000000e+00,0.000000e+00,0.000000e+00,0.000000e+00,0.000000e+00,1.528983e+03,4.257712e-13,1.490027e+00,1.528983e+03,4.257712e-13,1.490027e+00,,,,,,,,0,,,
3.750000e+01,LOCAL_TRACK_UPDATED,radar1,red,radar1.2,0.000000e+00,3.750000e+01,75,5.000000e-01,land,P,,,target1,TARGET,blue,3.806833e+01,-1.172333e+02,-4.00468707e-08,3.39416116e+06,-3.71017859e+06,3.91046898e+06,3.806944e+01,-1.172333e+02,1.52400000e+03,3.39491983e+06,-3.71100784e+06,3.91150558e+06,L,3,,B,,3.806944e+01,-1.172333e+02,1.52400000e+03,3.39491983e+06,-3.71100784e+06,3.91150558e+06,0.000000e+00,0.000000e+00,0.000000e+00,0.000000e+00,0.000000e+00,1.528983e+03,4.257712e-13,1.490027e+00,1.528983e+03,4.257712e-13,1.490027e+00,,,,,,,,0,,,,radar1.1,simple_radar,WSF_GEOMETRIC_SENSOR,default
3.800000e+01,SENSOR_DETECTION_ATTEMPT,radar1,red,target1,simple_radar,default,1,,,,,,,,,,,,WSF_GEOMETRIC_SENSOR,3.806833e+01,-1.172333e+02,-4.00468707e-08,3.39429643e+06,-3.71005487e+06,3.91046894e+06,0.000000e+00,0.000000e+00,0.000000e+00,0.000000e+00,TARGET,3.806944e+01,-1.172333e+02,1.52400000e+03,3.39505513e+06,-3.71088410e+06,3.91150554e+06,0.000000e+00,0.000000e+00,0.000000e+00,0.000000e+00,,,,,,,,,,,,,,,,,,,,,1.528983e+03,4.265784e-13,1.490027e+00,,,1.528983e+03,3.141593e+00,-1.490047e+00,,,,,,,,,,,,,,,,,,,,,,,,,,,,,,,,,,,,,,,,,,,,,,,,,,,,,,,,,1.000000e+00,7.444954e-01,1
3.800000e+01,SENSOR_TRACK_UPDATED,radar1,red,simple_radar,radar1.1,0.000000e+00,3.800000e+01,76,5.000000e-01,land,M,,,target1,TARGET,blue,3.806833e+01,-1.172333e+02,-4.00468707e-08,3.39429643e+06,-3.71005487e+06,3.91046894e+06,3.806944e+01,-1.172333e+02,1.52400000e+03,3.39505514e+06,-3.71088410e+06,3.91150554e+06,L,3,,B,,3.806944e+01,-1.172333e+02,1.52400000e+03,3.39505513e+06,-3.71088410e+06,3.91150554e+06,0.000000e+00,0.000000e+00,0.000000e+00,0.000000e+00,0.000000e+00,1.528983e+03,4.257712e-13,1.490027e+00,1.528983e+03,4.257712e-13,1.490027e+00,,,,,,,,0,,,
3.800000e+01,LOCAL_TRACK_UPDATED,radar1,red,radar1.2,0.000000e+00,3.800000e+01,76,5.000000e-01,land,P,,,target1,TARGET,blue,3.806833e+01,-1.172333e+02,-4.00468707e-08,3.39429643e+06,-3.71005487e+06,3.91046894e+06,3.806944e+01,-1.172333e+02,1.52400000e+03,3.39505514e+06,-3.71088410e+06,3.91150554e+06,L,3,,B,,3.806944e+01,-1.172333e+02,1.52400000e+03,3.39505513e+06,-3.71088410e+06,3.91150554e+06,0.000000e+00,0.000000e+00,0.000000e+00,0.000000e+00,0.000000e+00,1.528983e+03,4.257712e-13,1.490027e+00,1.528983e+03,4.257712e-13,1.490027e+00,,,,,,,,0,,,,radar1.1,simple_radar,WSF_GEOMETRIC_SENSOR,default
3.850000e+01,SENSOR_DETECTION_ATTEMPT,radar1,red,target1,simple_radar,default,1,,,,,,,,,,,,WSF_GEOMETRIC_SENSOR,3.806833e+01,-1.172333e+02,-4.00468707e-08,3.39443170e+06,-3.70993116e+06,3.91046889e+06,0.000000e+00,0.000000e+00,0.000000e+00,0.000000e+00,TARGET,3.806944e+01,-1.172333e+02,1.52400000e+03,3.39519044e+06,-3.71076035e+06,3.91150550e+06,0.000000e+00,0.000000e+00,0.000000e+00,0.000000e+00,,,,,,,,,,,,,,,,,,,,,1.528983e+03,4.265784e-13,1.490027e+00,,,1.528983e+03,3.141593e+00,-1.490047e+00,,,,,,,,,,,,,,,,,,,,,,,,,,,,,,,,,,,,,,,,,,,,,,,,,,,,,,,,,1.000000e+00,4.611391e-01,1
3.850000e+01,SENSOR_TRACK_UPDATED,radar1,red,simple_radar,radar1.1,0.000000e+00,3.850000e+01,77,5.000000e-01,land,M,,,target1,TARGET,blue,3.806833e+01,-1.172333e+02,-4.00468707e-08,3.39443171e+06,-3.70993116e+06,3.91046889e+06,3.806944e+01,-1.172333e+02,1.52400000e+03,3.39519044e+06,-3.71076035e+06,3.91150550e+06,L,3,,B,,3.806944e+01,-1.172333e+02,1.52400000e+03,3.39519044e+06,-3.71076035e+06,3.91150550e+06,0.000000e+00,0.000000e+00,0.000000e+00,0.000000e+00,0.000000e+00,1.528983e+03,4.257712e-13,1.490027e+00,1.528983e+03,4.257712e-13,1.490027e+00,,,,,,,,0,,,
3.850000e+01,LOCAL_TRACK_UPDATED,radar1,red,radar1.2,0.000000e+00,3.850000e+01,77,5.000000e-01,land,P,,,target1,TARGET,blue,3.806833e+01,-1.172333e+02,-4.00468707e-08,3.39443171e+06,-3.70993116e+06,3.91046889e+06,3.806944e+01,-1.172333e+02,1.52400000e+03,3.39519044e+06,-3.71076035e+06,3.91150550e+06,L,3,,B,,3.806944e+01,-1.172333e+02,1.52400000e+03,3.39519044e+06,-3.71076035e+06,3.91150550e+06,0.000000e+00,0.000000e+00,0.000000e+00,0.000000e+00,0.000000e+00,1.528983e+03,4.257712e-13,1.490027e+00,1.528983e+03,4.257712e-13,1.490027e+00,,,,,,,,0,,,,radar1.1,simple_radar,WSF_GEOMETRIC_SENSOR,default
3.900000e+01,SENSOR_DETECTION_ATTEMPT,radar1,red,target1,simple_radar,default,1,,,,,,,,,,,,WSF_GEOMETRIC_SENSOR,3.806833e+01,-1.172333e+02,-4.00468707e-08,3.39456697e+06,-3.70980743e+06,3.91046885e+06,0.000000e+00,0.000000e+00,0.000000e+00,0.000000e+00,TARGET,3.806944e+01,-1.172333e+02,1.52400000e+03,3.39532573e+06,-3.71063660e+06,3.91150545e+06,0.000000e+00,0.000000e+00,0.000000e+00,0.000000e+00,,,,,,,,,,,,,,,,,,,,,1.528983e+03,4.265784e-13,1.490027e+00,,,1.528983e+03,3.141593e+00,-1.490047e+00,,,,,,,,,,,,,,,,,,,,,,,,,,,,,,,,,,,,,,,,,,,,,,,,,,,,,,,,,1.000000e+00,7.227105e-02,1
3.900000e+01,SENSOR_TRACK_UPDATED,radar1,red,simple_radar,radar1.1,0.000000e+00,3.900000e+01,78,5.000000e-01,land,M,,,target1,TARGET,blue,3.806833e+01,-1.172333e+02,-4.00468707e-08,3.39456697e+06,-3.70980743e+06,3.91046885e+06,3.806944e+01,-1.172333e+02,1.52400000e+03,3.39532573e+06,-3.71063660e+06,3.91150545e+06,L,3,,B,,3.806944e+01,-1.172333e+02,1.52400000e+03,3.39532573e+06,-3.71063660e+06,3.91150545e+06,0.000000e+00,0.000000e+00,0.000000e+00,0.000000e+00,0.000000e+00,1.528983e+03,4.257712e-13,1.490027e+00,1.528983e+03,4.257712e-13,1.490027e+00,,,,,,,,0,,,
3.900000e+01,LOCAL_TRACK_UPDATED,radar1,red,radar1.2,0.000000e+00,3.900000e+01,78,5.000000e-01,land,P,,,target1,TARGET,blue,3.806833e+01,-1.172333e+02,-4.00468707e-08,3.39456697e+06,-3.70980743e+06,3.91046885e+06,3.806944e+01,-1.172333e+02,1.52400000e+03,3.39532573e+06,-3.71063660e+06,3.91150545e+06,L,3,,B,,3.806944e+01,-1.172333e+02,1.52400000e+03,3.39532573e+06,-3.71063660e+06,3.91150545e+06,0.000000e+00,0.000000e+00,0.000000e+00,0.000000e+00,0.000000e+00,1.528983e+03,4.257712e-13,1.490027e+00,1.528983e+03,4.257712e-13,1.490027e+00,,,,,,,,0,,,,radar1.1,simple_radar,WSF_GEOMETRIC_SENSOR,default
3.950000e+01,SENSOR_DETECTION_ATTEMPT,radar1,red,target1,simple_radar,default,1,,,,,,,,,,,,WSF_GEOMETRIC_SENSOR,3.806833e+01,-1.172333e+02,-4.00468707e-08,3.39470223e+06,-3.70968371e+06,3.91046881e+06,0.000000e+00,0.000000e+00,0.000000e+00,0.000000e+00,TARGET,3.806944e+01,-1.172333e+02,1.52400000e+03,3.39546103e+06,-3.71051285e+06,3.91150541e+06,0.000000e+00,0.000000e+00,0.000000e+00,0.000000e+00,,,,,,,,,,,,,,,,,,,,,1.528983e+03,4.265784e-13,1.490027e+00,,,1.528983e+03,3.141593e+00,-1.490047e+00,,,,,,,,,,,,,,,,,,,,,,,,,,,,,,,,,,,,,,,,,,,,,,,,,,,,,,,,,1.000000e+00,5.024367e-01,1
3.950000e+01,SENSOR_TRACK_UPDATED,radar1,red,simple_radar,radar1.1,0.000000e+00,3.950000e+01,79,5.000000e-01,land,M,,,target1,TARGET,blue,3.806833e+01,-1.172333e+02,-4.00468707e-08,3.39470223e+06,-3.70968371e+06,3.91046881e+06,3.806944e+01,-1.172333e+02,1.52400000e+03,3.39546103e+06,-3.71051285e+06,3.91150541e+06,L,3,,B,,3.806944e+01,-1.172333e+02,1.52400000e+03,3.39546103e+06,-3.71051285e+06,3.91150541e+06,0.000000e+00,0.000000e+00,0.000000e+00,0.000000e+00,0.000000e+00,1.528983e+03,4.257712e-13,1.490027e+00,1.528983e+03,4.257712e-13,1.490027e+00,,,,,,,,0,,,
3.950000e+01,LOCAL_TRACK_UPDATED,radar1,red,radar1.2,0.000000e+00,3.950000e+01,79,5.000000e-01,land,P,,,target1,TARGET,blue,3.806833e+01,-1.172333e+02,-4.00468707e-08,3.39470223e+06,-3.70968371e+06,3.91046881e+06,3.806944e+01,-1.172333e+02,1.52400000e+03,3.39546103e+06,-3.71051285e+06,3.91150541e+06,L,3,,B,,3.806944e+01,-1.172333e+02,1.52400000e+03,3.39546103e+06,-3.71051285e+06,3.91150541e+06,0.000000e+00,0.000000e+00,0.000000e+00,0.000000e+00,0.000000e+00,1.528983e+03,4.257712e-13,1.490027e+00,1.528983e+03,4.257712e-13,1.490027e+00,,,,,,,,0,,,,radar1.1,simple_radar,WSF_GEOMETRIC_SENSOR,default
4.000000e+01,SENSOR_DETECTION_ATTEMPT,radar1,red,target1,simple_radar,default,1,,,,,,,,,,,,WSF_GEOMETRIC_SENSOR,3.806833e+01,-1.172333e+02,-4.00468707e-08,3.39483749e+06,-3.70955997e+06,3.91046876e+06,0.000000e+00,0.000000e+00,0.000000e+00,0.000000e+00,TARGET,3.806944e+01,-1.172333e+02,1.52400000e+03,3.39559631e+06,-3.71038909e+06,3.91150537e+06,0.000000e+00,0.000000e+00,0.000000e+00,0.000000e+00,,,,,,,,,,,,,,,,,,,,,1.528983e+03,4.265784e-13,1.490027e+00,,,1.528983e+03,3.141593e+00,-1.490047e+00,,,,,,,,,,,,,,,,,,,,,,,,,,,,,,,,,,,,,,,,,,,,,,,,,,,,,,,,,1.000000e+00,8.127819e-01,1
4.000000e+01,SENSOR_TRACK_UPDATED,radar1,red,simple_radar,radar1.1,0.000000e+00,4.000000e+01,80,5.000000e-01,land,M,,,target1,TARGET,blue,3.806833e+01,-1.172333e+02,-4.00468707e-08,3.39483749e+06,-3.70955997e+06,3.91046876e+06,3.806944e+01,-1.172333e+02,1.52400000e+03,3.39559631e+06,-3.71038909e+06,3.91150537e+06,L,3,,B,,3.806944e+01,-1.172333e+02,1.52400000e+03,3.39559631e+06,-3.71038909e+06,3.91150537e+06,0.000000e+00,0.000000e+00,0.000000e+00,0.000000e+00,0.000000e+00,1.528983e+03,4.257712e-13,1.490027e+00,1.528983e+03,4.257712e-13,1.490027e+00,,,,,,,,0,,,
4.000000e+01,LOCAL_TRACK_UPDATED,radar1,red,radar1.2,0.000000e+00,4.000000e+01,80,5.000000e-01,land,P,,,target1,TARGET,blue,3.806833e+01,-1.172333e+02,-4.00468707e-08,3.39483749e+06,-3.70955997e+06,3.91046876e+06,3.806944e+01,-1.172333e+02,1.52400000e+03,3.39559631e+06,-3.71038909e+06,3.91150537e+06,L,3,,B,,3.806944e+01,-1.172333e+02,1.52400000e+03,3.39559631e+06,-3.71038909e+06,3.91150537e+06,0.000000e+00,0.000000e+00,0.000000e+00,0.000000e+00,0.000000e+00,1.528983e+03,4.257712e-13,1.490027e+00,1.528983e+03,4.257712e-13,1.490027e+00,,,,,,,,0,,,,radar1.1,simple_radar,WSF_GEOMETRIC_SENSOR,default
4.050000e+01,SENSOR_DETECTION_ATTEMPT,radar1,red,target1,simple_radar,default,1,,,,,,,,,,,,WSF_GEOMETRIC_SENSOR,3.806833e+01,-1.172333e+02,-4.00468707e-08,3.39497275e+06,-3.70943624e+06,3.91046872e+06,0.000000e+00,0.000000e+00,0.000000e+00,0.000000e+00,TARGET,3.806944e+01,-1.172333e+02,1.52400000e+03,3.39573160e+06,-3.71026532e+06,3.91150532e+06,0.000000e+00,0.000000e+00,0.000000e+00,0.000000e+00,,,,,,,,,,,,,,,,,,,,,1.528983e+03,4.265784e-13,1.490027e+00,,,1.528983e+03,3.141593e+00,-1.490047e+00,,,,,,,,,,,,,,,,,,,,,,,,,,,,,,,,,,,,,,,,,,,,,,,,,,,,,,,,,1.000000e+00,9.141935e-01,1
4.050000e+01,SENSOR_TRACK_UPDATED,radar1,red,simple_radar,radar1.1,0.000000e+00,4.050000e+01,81,5.000000e-01,land,M,,,target1,TARGET,blue,3.806833e+01,-1.172333e+02,-4.00468707e-08,3.39497275e+06,-3.70943624e+06,3.91046872e+06,3.806944e+01,-1.172333e+02,1.52400000e+03,3.39573160e+06,-3.71026532e+06,3.91150532e+06,L,3,,B,,3.806944e+01,-1.172333e+02,1.52400000e+03,3.39573160e+06,-3.71026532e+06,3.91150532e+06,0.000000e+00,0.000000e+00,0.000000e+00,0.000000e+00,0.000000e+00,1.528983e+03,4.257712e-13,1.490027e+00,1.528983e+03,4.257712e-13,1.490027e+00,,,,,,,,0,,,
4.050000e+01,LOCAL_TRACK_UPDATED,radar1,red,radar1.2,0.000000e+00,4.050000e+01,81,5.000000e-01,land,P,,,target1,TARGET,blue,3.806833e+01,-1.172333e+02,-4.00468707e-08,3.39497275e+06,-3.70943624e+06,3.91046872e+06,3.806944e+01,-1.172333e+02,1.52400000e+03,3.39573160e+06,-3.71026532e+06,3.91150532e+06,L,3,,B,,3.806944e+01,-1.172333e+02,1.52400000e+03,3.39573160e+06,-3.71026532e+06,3.91150532e+06,0.000000e+00,0.000000e+00,0.000000e+00,0.000000e+00,0.000000e+00,1.528983e+03,4.257712e-13,1.490027e+00,1.528983e+03,4.257712e-13,1.490027e+00,,,,,,,,0,,,,radar1.1,simple_radar,WSF_GEOMETRIC_SENSOR,default
4.100000e+01,SENSOR_DETECTION_ATTEMPT,radar1,red,target1,simple_radar,default,1,,,,,,,,,,,,WSF_GEOMETRIC_SENSOR,3.806833e+01,-1.172333e+02,-4.00468707e-08,3.39510799e+06,-3.70931250e+06,3.91046868e+06,0.000000e+00,0.000000e+00,0.000000e+00,0.000000e+00,TARGET,3.806944e+01,-1.172333e+02,1.52400000e+03,3.39586688e+06,-3.71014155e+06,3.91150528e+06,0.000000e+00,0.000000e+00,0.000000e+00,0.000000e+00,,,,,,,,,,,,,,,,,,,,,1.528983e+03,4.265784e-13,1.490027e+00,,,1.528983e+03,3.141593e+00,-1.490047e+00,,,,,,,,,,,,,,,,,,,,,,,,,,,,,,,,,,,,,,,,,,,,,,,,,,,,,,,,,1.000000e+00,1.749746e-01,1
4.100000e+01,SENSOR_TRACK_UPDATED,radar1,red,simple_radar,radar1.1,0.000000e+00,4.100000e+01,82,5.000000e-01,land,M,,,target1,TARGET,blue,3.806833e+01,-1.172333e+02,-4.00468707e-08,3.39510799e+06,-3.70931250e+06,3.91046867e+06,3.806944e+01,-1.172333e+02,1.52400000e+03,3.39586688e+06,-3.71014155e+06,3.91150528e+06,L,3,,B,,3.806944e+01,-1.172333e+02,1.52400000e+03,3.39586688e+06,-3.71014155e+06,3.91150528e+06,0.000000e+00,0.000000e+00,0.000000e+00,0.000000e+00,0.000000e+00,1.528983e+03,4.257712e-13,1.490027e+00,1.528983e+03,4.257712e-13,1.490027e+00,,,,,,,,0,,,
4.100000e+01,LOCAL_TRACK_UPDATED,radar1,red,radar1.2,0.000000e+00,4.100000e+01,82,5.000000e-01,land,P,,,target1,TARGET,blue,3.806833e+01,-1.172333e+02,-4.00468707e-08,3.39510799e+06,-3.70931250e+06,3.91046867e+06,3.806944e+01,-1.172333e+02,1.52400000e+03,3.39586688e+06,-3.71014155e+06,3.91150528e+06,L,3,,B,,3.806944e+01,-1.172333e+02,1.52400000e+03,3.39586688e+06,-3.71014155e+06,3.91150528e+06,0.000000e+00,0.000000e+00,0.000000e+00,0.000000e+00,0.000000e+00,1.528983e+03,4.257712e-13,1.490027e+00,1.528983e+03,4.257712e-13,1.490027e+00,,,,,,,,0,,,,radar1.1,simple_radar,WSF_GEOMETRIC_SENSOR,default
4.150000e+01,SENSOR_DETECTION_ATTEMPT,radar1,red,target1,simple_radar,default,1,,,,,,,,,,,,WSF_GEOMETRIC_SENSOR,3.806833e+01,-1.172333e+02,-4.00468707e-08,3.39524324e+06,-3.70918875e+06,3.91046863e+06,0.000000e+00,0.000000e+00,0.000000e+00,0.000000e+00,TARGET,3.806944e+01,-1.172333e+02,1.52400000e+03,3.39600215e+06,-3.71001778e+06,3.91150524e+06,0.000000e+00,0.000000e+00,0.000000e+00,0.000000e+00,,,,,,,,,,,,,,,,,,,,,1.528983e+03,4.265784e-13,1.490027e+00,,,1.528983e+03,3.141593e+00,-1.490047e+00,,,,,,,,,,,,,,,,,,,,,,,,,,,,,,,,,,,,,,,,,,,,,,,,,,,,,,,,,1.000000e+00,2.567305e-02,1
4.150000e+01,SENSOR_TRACK_UPDATED,radar1,red,simple_radar,radar1.1,0.000000e+00,4.150000e+01,83,5.000000e-01,land,M,,,target1,TARGET,blue,3.806833e+01,-1.172333e+02,-4.00468707e-08,3.39524324e+06,-3.70918875e+06,3.91046863e+06,3.806944e+01,-1.172333e+02,1.52400000e+03,3.39600215e+06,-3.71001778e+06,3.91150524e+06,L,3,,B,,3.806944e+01,-1.172333e+02,1.52400000e+03,3.39600215e+06,-3.71001778e+06,3.91150524e+06,0.000000e+00,0.000000e+00,0.000000e+00,0.000000e+00,0.000000e+00,1.528983e+03,4.257712e-13,1.490027e+00,1.528983e+03,4.257712e-13,1.490027e+00,,,,,,,,0,,,
4.150000e+01,LOCAL_TRACK_UPDATED,radar1,red,radar1.2,0.000000e+00,4.150000e+01,83,5.000000e-01,land,P,,,target1,TARGET,blue,3.806833e+01,-1.172333e+02,-4.00468707e-08,3.39524324e+06,-3.70918875e+06,3.91046863e+06,3.806944e+01,-1.172333e+02,1.52400000e+03,3.39600215e+06,-3.71001778e+06,3.91150524e+06,L,3,,B,,3.806944e+01,-1.172333e+02,1.52400000e+03,3.39600215e+06,-3.71001778e+06,3.91150524e+06,0.000000e+00,0.000000e+00,0.000000e+00,0.000000e+00,0.000000e+00,1.528983e+03,4.257712e-13,1.490027e+00,1.528983e+03,4.257712e-13,1.490027e+00,,,,,,,,0,,,,radar1.1,simple_radar,WSF_GEOMETRIC_SENSOR,default
4.200000e+01,SENSOR_DETECTION_ATTEMPT,radar1,red,target1,simple_radar,default,1,,,,,,,,,,,,WSF_GEOMETRIC_SENSOR,3.806833e+01,-1.172333e+02,-4.00468707e-08,3.39537848e+06,-3.70906500e+06,3.91046859e+06,0.000000e+00,0.000000e+00,0.000000e+00,0.000000e+00,TARGET,3.806944e+01,-1.172333e+02,1.52400000e+03,3.39613742e+06,-3.70989400e+06,3.91150519e+06,0.000000e+00,0.000000e+00,0.000000e+00,0.000000e+00,,,,,,,,,,,,,,,,,,,,,1.528983e+03,4.265784e-13,1.490027e+00,,,1.528983e+03,3.141593e+00,-1.490047e+00,,,,,,,,,,,,,,,,,,,,,,,,,,,,,,,,,,,,,,,,,,,,,,,,,,,,,,,,,1.000000e+00,2.304887e-01,1
4.200000e+01,SENSOR_TRACK_UPDATED,radar1,red,simple_radar,radar1.1,0.000000e+00,4.200000e+01,84,5.000000e-01,land,M,,,target1,TARGET,blue,3.806833e+01,-1.172333e+02,-4.00468707e-08,3.39537848e+06,-3.70906500e+06,3.91046859e+06,3.806944e+01,-1.172333e+02,1.52400000e+03,3.39613742e+06,-3.70989400e+06,3.91150519e+06,L,3,,B,,3.806944e+01,-1.172333e+02,1.52400000e+03,3.39613742e+06,-3.70989400e+06,3.91150519e+06,0.000000e+00,0.000000e+00,0.000000e+00,0.000000e+00,0.000000e+00,1.528983e+03,4.257712e-13,1.490027e+00,1.528983e+03,4.257712e-13,1.490027e+00,,,,,,,,0,,,
4.200000e+01,LOCAL_TRACK_UPDATED,radar1,red,radar1.2,0.000000e+00,4.200000e+01,84,5.000000e-01,land,P,,,target1,TARGET,blue,3.806833e+01,-1.172333e+02,-4.00468707e-08,3.39537848e+06,-3.70906500e+06,3.91046859e+06,3.806944e+01,-1.172333e+02,1.52400000e+03,3.39613742e+06,-3.70989400e+06,3.91150519e+06,L,3,,B,,3.806944e+01,-1.172333e+02,1.52400000e+03,3.39613742e+06,-3.70989400e+06,3.91150519e+06,0.000000e+00,0.000000e+00,0.000000e+00,0.000000e+00,0.000000e+00,1.528983e+03,4.257712e-13,1.490027e+00,1.528983e+03,4.257712e-13,1.490027e+00,,,,,,,,0,,,,radar1.1,simple_radar,WSF_GEOMETRIC_SENSOR,default
4.250000e+01,SENSOR_DETECTION_ATTEMPT,radar1,red,target1,simple_radar,default,1,,,,,,,,,,,,WSF_GEOMETRIC_SENSOR,3.806833e+01,-1.172333e+02,-4.00468707e-08,3.39551371e+06,-3.70894124e+06,3.91046855e+06,0.000000e+00,0.000000e+00,0.000000e+00,0.000000e+00,TARGET,3.806944e+01,-1.172333e+02,1.52400000e+03,3.39627269e+06,-3.70977021e+06,3.91150515e+06,0.000000e+00,0.000000e+00,0.000000e+00,0.000000e+00,,,,,,,,,,,,,,,,,,,,,1.528983e+03,4.265784e-13,1.490027e+00,,,1.528983e+03,3.141593e+00,-1.490047e+00,,,,,,,,,,,,,,,,,,,,,,,,,,,,,,,,,,,,,,,,,,,,,,,,,,,,,,,,,1.000000e+00,6.639701e-01,1
4.250000e+01,SENSOR_TRACK_UPDATED,radar1,red,simple_radar,radar1.1,0.000000e+00,4.250000e+01,85,5.000000e-01,land,M,,,target1,TARGET,blue,3.806833e+01,-1.172333e+02,-4.00468707e-08,3.39551371e+06,-3.70894124e+06,3.91046854e+06,3.806944e+01,-1.172333e+02,1.52400000e+03,3.39627269e+06,-3.70977021e+06,3.91150515e+06,L,3,,B,,3.806944e+01,-1.172333e+02,1.52400000e+03,3.39627269e+06,-3.70977021e+06,3.91150515e+06,0.000000e+00,0.000000e+00,0.000000e+00,0.000000e+00,0.000000e+00,1.528983e+03,4.257712e-13,1.490027e+00,1.528983e+03,4.257712e-13,1.490027e+00,,,,,,,,0,,,
4.250000e+01,LOCAL_TRACK_UPDATED,radar1,red,radar1.2,0.000000e+00,4.250000e+01,85,5.000000e-01,land,P,,,target1,TARGET,blue,3.806833e+01,-1.172333e+02,-4.00468707e-08,3.39551371e+06,-3.70894124e+06,3.91046854e+06,3.806944e+01,-1.172333e+02,1.52400000e+03,3.39627269e+06,-3.70977021e+06,3.91150515e+06,L,3,,B,,3.806944e+01,-1.172333e+02,1.52400000e+03,3.39627269e+06,-3.70977021e+06,3.91150515e+06,0.000000e+00,0.000000e+00,0.000000e+00,0.000000e+00,0.000000e+00,1.528983e+03,4.257712e-13,1.490027e+00,1.528983e+03,4.257712e-13,1.490027e+00,,,,,,,,0,,,,radar1.1,simple_radar,WSF_GEOMETRIC_SENSOR,default
4.300000e+01,SENSOR_DETECTION_ATTEMPT,radar1,red,target1,simple_radar,default,1,,,,,,,,,,,,WSF_GEOMETRIC_SENSOR,3.806833e+01,-1.172333e+02,-4.00468707e-08,3.39564894e+06,-3.70881748e+06,3.91046850e+06,0.000000e+00,0.000000e+00,0.000000e+00,0.000000e+00,TARGET,3.806944e+01,-1.172333e+02,1.52400000e+03,3.39640795e+06,-3.70964642e+06,3.91150511e+06,0.000000e+00,0.000000e+00,0.000000e+00,0.000000e+00,,,,,,,,,,,,,,,,,,,,,1.528983e+03,4.265784e-13,1.490027e+00,,,1.528983e+03,3.141593e+00,-1.490047e+00,,,,,,,,,,,,,,,,,,,,,,,,,,,,,,,,,,,,,,,,,,,,,,,,,,,,,,,,,1.000000e+00,4.417504e-01,1
4.300000e+01,SENSOR_TRACK_UPDATED,radar1,red,simple_radar,radar1.1,0.000000e+00,4.300000e+01,86,5.000000e-01,land,M,,,target1,TARGET,blue,3.806833e+01,-1.172333e+02,-4.00468707e-08,3.39564894e+06,-3.70881748e+06,3.91046850e+06,3.806944e+01,-1.172333e+02,1.52400000e+03,3.39640795e+06,-3.70964642e+06,3.91150511e+06,L,3,,B,,3.806944e+01,-1.172333e+02,1.52400000e+03,3.39640795e+06,-3.70964642e+06,3.91150511e+06,0.000000e+00,0.000000e+00,0.000000e+00,0.000000e+00,0.000000e+00,1.528983e+03,4.257712e-13,1.490027e+00,1.528983e+03,4.257712e-13,1.490027e+00,,,,,,,,0,,,
4.300000e+01,LOCAL_TRACK_UPDATED,radar1,red,radar1.2,0.000000e+00,4.300000e+01,86,5.000000e-01,land,P,,,target1,TARGET,blue,3.806833e+01,-1.172333e+02,-4.00468707e-08,3.39564894e+06,-3.70881748e+06,3.91046850e+06,3.806944e+01,-1.172333e+02,1.52400000e+03,3.39640795e+06,-3.70964642e+06,3.91150511e+06,L,3,,B,,3.806944e+01,-1.172333e+02,1.52400000e+03,3.39640795e+06,-3.70964642e+06,3.91150511e+06,0.000000e+00,0.000000e+00,0.000000e+00,0.000000e+00,0.000000e+00,1.528983e+03,4.257712e-13,1.490027e+00,1.528983e+03,4.257712e-13,1.490027e+00,,,,,,,,0,,,,radar1.1,simple_radar,WSF_GEOMETRIC_SENSOR,default
4.350000e+01,SENSOR_DETECTION_ATTEMPT,radar1,red,target1,simple_radar,default,1,,,,,,,,,,,,WSF_GEOMETRIC_SENSOR,3.806833e+01,-1.172333e+02,-4.00468707e-08,3.39578417e+06,-3.70869371e+06,3.91046846e+06,0.000000e+00,0.000000e+00,0.000000e+00,0.000000e+00,TARGET,3.806944e+01,-1.172333e+02,1.52400000e+03,3.39654320e+06,-3.70952263e+06,3.91150506e+06,0.000000e+00,0.000000e+00,0.000000e+00,0.000000e+00,,,,,,,,,,,,,,,,,,,,,1.528983e+03,4.265784e-13,1.490027e+00,,,1.528983e+03,3.141593e+00,-1.490047e+00,,,,,,,,,,,,,,,,,,,,,,,,,,,,,,,,,,,,,,,,,,,,,,,,,,,,,,,,,1.000000e+00,9.055779e-01,1
4.350000e+01,SENSOR_TRACK_UPDATED,radar1,red,simple_radar,radar1.1,0.000000e+00,4.350000e+01,87,5.000000e-01,land,M,,,target1,TARGET,blue,3.806833e+01,-1.172333e+02,-4.00468707e-08,3.39578417e+06,-3.70869371e+06,3.91046846e+06,3.806944e+01,-1.172333e+02,1.52400000e+03,3.39654320e+06,-3.70952263e+06,3.91150506e+06,L,3,,B,,3.806944e+01,-1.172333e+02,1.52400000e+03,3.39654320e+06,-3.70952263e+06,3.91150506e+06,0.000000e+00,0.000000e+00,0.000000e+00,0.000000e+00,0.000000e+00,1.528983e+03,4.257712e-13,1.490027e+00,1.528983e+03,4.257712e-13,1.490027e+00,,,,,,,,0,,,
4.350000e+01,LOCAL_TRACK_UPDATED,radar1,red,radar1.2,0.000000e+00,4.350000e+01,87,5.000000e-01,land,P,,,target1,TARGET,blue,3.806833e+01,-1.172333e+02,-4.00468707e-08,3.39578417e+06,-3.70869371e+06,3.91046846e+06,3.806944e+01,-1.172333e+02,1.52400000e+03,3.39654320e+06,-3.70952263e+06,3.91150506e+06,L,3,,B,,3.806944e+01,-1.172333e+02,1.52400000e+03,3.39654320e+06,-3.70952263e+06,3.91150506e+06,0.000000e+00,0.000000e+00,0.000000e+00,0.000000e+00,0.000000e+00,1.528983e+03,4.257712e-13,1.490027e+00,1.528983e+03,4.257712e-13,1.490027e+00,,,,,,,,0,,,,radar1.1,simple_radar,WSF_GEOMETRIC_SENSOR,default
4.400000e+01,SENSOR_DETECTION_ATTEMPT,radar1,red,target1,simple_radar,default,1,,,,,,,,,,,,WSF_GEOMETRIC_SENSOR,3.806833e+01,-1.172333e+02,-4.00468707e-08,3.39591939e+06,-3.70856994e+06,3.91046842e+06,0.000000e+00,0.000000e+00,0.000000e+00,0.000000e+00,TARGET,3.806944e+01,-1.172333e+02,1.52400000e+03,3.39667846e+06,-3.70939883e+06,3.91150502e+06,0.000000e+00,0.000000e+00,0.000000e+00,0.000000e+00,,,,,,,,,,,,,,,,,,,,,1.528983e+03,4.265784e-13,1.490027e+00,,,1.528983e+03,3.141593e+00,-1.490047e+00,,,,,,,,,,,,,,,,,,,,,,,,,,,,,,,,,,,,,,,,,,,,,,,,,,,,,,,,,1.000000e+00,5.689632e-01,1
4.400000e+01,SENSOR_TRACK_UPDATED,radar1,red,simple_radar,radar1.1,0.000000e+00,4.400000e+01,88,5.000000e-01,land,M,,,target1,TARGET,blue,3.806833e+01,-1.172333e+02,-4.00468707e-08,3.39591939e+06,-3.70856994e+06,3.91046841e+06,3.806944e+01,-1.172333e+02,1.52400000e+03,3.39667846e+06,-3.70939883e+06,3.91150502e+06,L,3,,B,,3.806944e+01,-1.172333e+02,1.52400000e+03,3.39667846e+06,-3.70939883e+06,3.91150502e+06,0.000000e+00,0.000000e+00,0.000000e+00,0.000000e+00,0.000000e+00,1.528983e+03,4.257712e-13,1.490027e+00,1.528983e+03,4.257712e-13,1.490027e+00,,,,,,,,0,,,
4.400000e+01,LOCAL_TRACK_UPDATED,radar1,red,radar1.2,0.000000e+00,4.400000e+01,88,5.000000e-01,land,P,,,target1,TARGET,blue,3.806833e+01,-1.172333e+02,-4.00468707e-08,3.39591939e+06,-3.70856994e+06,3.91046841e+06,3.806944e+01,-1.172333e+02,1.52400000e+03,3.39667846e+06,-3.70939883e+06,3.91150502e+06,L,3,,B,,3.806944e+01,-1.172333e+02,1.52400000e+03,3.39667846e+06,-3.70939883e+06,3.91150502e+06,0.000000e+00,0.000000e+00,0.000000e+00,0.000000e+00,0.000000e+00,1.528983e+03,4.257712e-13,1.490027e+00,1.528983e+03,4.257712e-13,1.490027e+00,,,,,,,,0,,,,radar1.1,simple_radar,WSF_GEOMETRIC_SENSOR,default
4.450000e+01,SENSOR_DETECTION_ATTEMPT,radar1,red,target1,simple_radar,default,1,,,,,,,,,,,,WSF_GEOMETRIC_SENSOR,3.806833e+01,-1.172333e+02,-4.00468707e-08,3.39605461e+06,-3.70844616e+06,3.91046837e+06,0.000000e+00,0.000000e+00,0.000000e+00,0.000000e+00,TARGET,3.806944e+01,-1.172333e+02,1.52400000e+03,3.39681370e+06,-3.70927503e+06,3.91150498e+06,0.000000e+00,0.000000e+00,0.000000e+00,0.000000e+00,,,,,,,,,,,,,,,,,,,,,1.528983e+03,4.265784e-13,1.490027e+00,,,1.528983e+03,3.141593e+00,-1.490047e+00,,,,,,,,,,,,,,,,,,,,,,,,,,,,,,,,,,,,,,,,,,,,,,,,,,,,,,,,,1.000000e+00,9.678018e-01,1
4.450000e+01,SENSOR_TRACK_UPDATED,radar1,red,simple_radar,radar1.1,0.000000e+00,4.450000e+01,89,5.000000e-01,land,M,,,target1,TARGET,blue,3.806833e+01,-1.172333e+02,-4.00468707e-08,3.39605461e+06,-3.70844616e+06,3.91046837e+06,3.806944e+01,-1.172333e+02,1.52400000e+03,3.39681370e+06,-3.70927503e+06,3.91150498e+06,L,3,,B,,3.806944e+01,-1.172333e+02,1.52400000e+03,3.39681370e+06,-3.70927503e+06,3.91150498e+06,0.000000e+00,0.000000e+00,0.000000e+00,0.000000e+00,0.000000e+00,1.528983e+03,4.257712e-13,1.490027e+00,1.528983e+03,4.257712e-13,1.490027e+00,,,,,,,,0,,,
4.450000e+01,LOCAL_TRACK_UPDATED,radar1,red,radar1.2,0.000000e+00,4.450000e+01,89,5.000000e-01,land,P,,,target1,TARGET,blue,3.806833e+01,-1.172333e+02,-4.00468707e-08,3.39605461e+06,-3.70844616e+06,3.91046837e+06,3.806944e+01,-1.172333e+02,1.52400000e+03,3.39681370e+06,-3.70927503e+06,3.91150498e+06,L,3,,B,,3.806944e+01,-1.172333e+02,1.52400000e+03,3.39681370e+06,-3.70927503e+06,3.91150498e+06,0.000000e+00,0.000000e+00,0.000000e+00,0.000000e+00,0.000000e+00,1.528983e+03,4.257712e-13,1.490027e+00,1.528983e+03,4.257712e-13,1.490027e+00,,,,,,,,0,,,,radar1.1,simple_radar,WSF_GEOMETRIC_SENSOR,default
4.500000e+01,SENSOR_DETECTION_ATTEMPT,radar1,red,target1,simple_radar,default,1,,,,,,,,,,,,WSF_GEOMETRIC_SENSOR,3.806833e+01,-1.172333e+02,-4.00468707e-08,3.39618982e+06,-3.70832238e+06,3.91046833e+06,0.000000e+00,0.000000e+00,0.000000e+00,0.000000e+00,TARGET,3.806944e+01,-1.172333e+02,1.52400000e+03,3.39694895e+06,-3.70915122e+06,3.91150493e+06,0.000000e+00,0.000000e+00,0.000000e+00,0.000000e+00,,,,,,,,,,,,,,,,,,,,,1.528983e+03,4.265784e-13,1.490027e+00,,,1.528983e+03,3.141593e+00,-1.490047e+00,,,,,,,,,,,,,,,,,,,,,,,,,,,,,,,,,,,,,,,,,,,,,,,,,,,,,,,,,1.000000e+00,7.883942e-01,1
4.500000e+01,SENSOR_TRACK_UPDATED,radar1,red,simple_radar,radar1.1,0.000000e+00,4.500000e+01,90,5.000000e-01,land,M,,,target1,TARGET,blue,3.806833e+01,-1.172333e+02,-4.00468707e-08,3.39618982e+06,-3.70832238e+06,3.91046833e+06,3.806944e+01,-1.172333e+02,1.52400000e+03,3.39694895e+06,-3.70915122e+06,3.91150493e+06,L,3,,B,,3.806944e+01,-1.172333e+02,1.52400000e+03,3.39694895e+06,-3.70915122e+06,3.91150493e+06,0.000000e+00,0.000000e+00,0.000000e+00,0.000000e+00,0.000000e+00,1.528983e+03,4.257712e-13,1.490027e+00,1.528983e+03,4.257712e-13,1.490027e+00,,,,,,,,0,,,
4.500000e+01,LOCAL_TRACK_UPDATED,radar1,red,radar1.2,0.000000e+00,4.500000e+01,90,5.000000e-01,land,P,,,target1,TARGET,blue,3.806833e+01,-1.172333e+02,-4.00468707e-08,3.39618982e+06,-3.70832238e+06,3.91046833e+06,3.806944e+01,-1.172333e+02,1.52400000e+03,3.39694895e+06,-3.70915122e+06,3.91150493e+06,L,3,,B,,3.806944e+01,-1.172333e+02,1.52400000e+03,3.39694895e+06,-3.70915122e+06,3.91150493e+06,0.000000e+00,0.000000e+00,0.000000e+00,0.000000e+00,0.000000e+00,1.528983e+03,4.257712e-13,1.490027e+00,1.528983e+03,4.257712e-13,1.490027e+00,,,,,,,,0,,,,radar1.1,simple_radar,WSF_GEOMETRIC_SENSOR,default
4.550000e+01,SENSOR_DETECTION_ATTEMPT,radar1,red,target1,simple_radar,default,1,,,,,,,,,,,,WSF_GEOMETRIC_SENSOR,3.806833e+01,-1.172333e+02,-4.00468707e-08,3.39632503e+06,-3.70819859e+06,3.91046829e+06,0.000000e+00,0.000000e+00,0.000000e+00,0.000000e+00,TARGET,3.806944e+01,-1.172333e+02,1.52400000e+03,3.39708419e+06,-3.70902740e+06,3.91150489e+06,0.000000e+00,0.000000e+00,0.000000e+00,0.000000e+00,,,,,,,,,,,,,,,,,,,,,1.528983e+03,4.265784e-13,1.490027e+00,,,1.528983e+03,3.141593e+00,-1.490047e+00,,,,,,,,,,,,,,,,,,,,,,,,,,,,,,,,,,,,,,,,,,,,,,,,,,,,,,,,,1.000000e+00,7.073124e-01,1
4.550000e+01,SENSOR_TRACK_UPDATED,radar1,red,simple_radar,radar1.1,0.000000e+00,4.550000e+01,91,5.000000e-01,land,M,,,target1,TARGET,blue,3.806833e+01,-1.172333e+02,-4.00468707e-08,3.39632503e+06,-3.70819859e+06,3.91046828e+06,3.806944e+01,-1.172333e+02,1.52400000e+03,3.39708419e+06,-3.70902740e+06,3.91150489e+06,L,3,,B,,3.806944e+01,-1.172333e+02,1.52400000e+03,3.39708419e+06,-3.70902740e+06,3.91150489e+06,0.000000e+00,0.000000e+00,0.000000e+00,0.000000e+00,0.000000e+00,1.528983e+03,4.257712e-13,1.490027e+00,1.528983e+03,4.257712e-13,1.490027e+00,,,,,,,,0,,,
4.550000e+01,LOCAL_TRACK_UPDATED,radar1,red,radar1.2,0.000000e+00,4.550000e+01,91,5.000000e-01,land,P,,,target1,TARGET,blue,3.806833e+01,-1.172333e+02,-4.00468707e-08,3.39632503e+06,-3.70819859e+06,3.91046828e+06,3.806944e+01,-1.172333e+02,1.52400000e+03,3.39708419e+06,-3.70902740e+06,3.91150489e+06,L,3,,B,,3.806944e+01,-1.172333e+02,1.52400000e+03,3.39708419e+06,-3.70902740e+06,3.91150489e+06,0.000000e+00,0.000000e+00,0.000000e+00,0.000000e+00,0.000000e+00,1.528983e+03,4.257712e-13,1.490027e+00,1.528983e+03,4.257712e-13,1.490027e+00,,,,,,,,0,,,,radar1.1,simple_radar,WSF_GEOMETRIC_SENSOR,default
4.600000e+01,SENSOR_DETECTION_ATTEMPT,radar1,red,target1,simple_radar,default,1,,,,,,,,,,,,WSF_GEOMETRIC_SENSOR,3.806833e+01,-1.172333e+02,-4.00468707e-08,3.39646023e+06,-3.70807480e+06,3.91046824e+06,0.000000e+00,0.000000e+00,0.000000e+00,0.000000e+00,TARGET,3.806944e+01,-1.172333e+02,1.52400000e+03,3.39721942e+06,-3.70890358e+06,3.91150485e+06,0.000000e+00,0.000000e+00,0.000000e+00,0.000000e+00,,,,,,,,,,,,,,,,,,,,,1.528983e+03,4.265784e-13,1.490027e+00,,,1.528983e+03,3.141593e+00,-1.490047e+00,,,,,,,,,,,,,,,,,,,,,,,,,,,,,,,,,,,,,,,,,,,,,,,,,,,,,,,,,1.000000e+00,1.246408e-01,1
4.600000e+01,SENSOR_TRACK_UPDATED,radar1,red,simple_radar,radar1.1,0.000000e+00,4.600000e+01,92,5.000000e-01,land,M,,,target1,TARGET,blue,3.806833e+01,-1.172333e+02,-4.00468707e-08,3.39646023e+06,-3.70807480e+06,3.91046824e+06,3.806944e+01,-1.172333e+02,1.52400000e+03,3.39721942e+06,-3.70890358e+06,3.91150485e+06,L,3,,B,,3.806944e+01,-1.172333e+02,1.52400000e+03,3.39721942e+06,-3.70890358e+06,3.91150485e+06,0.000000e+00,0.000000e+00,0.000000e+00,0.000000e+00,0.000000e+00,1.528983e+03,4.257712e-13,1.490027e+00,1.528983e+03,4.257712e-13,1.490027e+00,,,,,,,,0,,,
4.600000e+01,LOCAL_TRACK_UPDATED,radar1,red,radar1.2,0.000000e+00,4.600000e+01,92,5.000000e-01,land,P,,,target1,TARGET,blue,3.806833e+01,-1.172333e+02,-4.00468707e-08,3.39646023e+06,-3.70807480e+06,3.91046824e+06,3.806944e+01,-1.172333e+02,1.52400000e+03,3.39721942e+06,-3.70890358e+06,3.91150485e+06,L,3,,B,,3.806944e+01,-1.172333e+02,1.52400000e+03,3.39721942e+06,-3.70890358e+06,3.91150485e+06,0.000000e+00,0.000000e+00,0.000000e+00,0.000000e+00,0.000000e+00,1.528983e+03,4.257712e-13,1.490027e+00,1.528983e+03,4.257712e-13,1.490027e+00,,,,,,,,0,,,,radar1.1,simple_radar,WSF_GEOMETRIC_SENSOR,default
4.650000e+01,SENSOR_DETECTION_ATTEMPT,radar1,red,target1,simple_radar,default,1,,,,,,,,,,,,WSF_GEOMETRIC_SENSOR,3.806833e+01,-1.172333e+02,-4.00468707e-08,3.39659543e+06,-3.70795101e+06,3.91046820e+06,0.000000e+00,0.000000e+00,0.000000e+00,0.000000e+00,TARGET,3.806944e+01,-1.172333e+02,1.52400000e+03,3.39735465e+06,-3.70877976e+06,3.91150480e+06,0.000000e+00,0.000000e+00,0.000000e+00,0.000000e+00,,,,,,,,,,,,,,,,,,,,,1.528983e+03,4.265784e-13,1.490027e+00,,,1.528983e+03,3.141593e+00,-1.490047e+00,,,,,,,,,,,,,,,,,,,,,,,,,,,,,,,,,,,,,,,,,,,,,,,,,,,,,,,,,1.000000e+00,4.323071e-01,1
4.650000e+01,SENSOR_TRACK_UPDATED,radar1,red,simple_radar,radar1.1,0.000000e+00,4.650000e+01,93,5.000000e-01,land,M,,,target1,TARGET,blue,3.806833e+01,-1.172333e+02,-4.00468707e-08,3.39659543e+06,-3.70795101e+06,3.91046820e+06,3.806944e+01,-1.172333e+02,1.52400000e+03,3.39735465e+06,-3.70877976e+06,3.91150480e+06,L,3,,B,,3.806944e+01,-1.172333e+02,1.52400000e+03,3.39735465e+06,-3.70877976e+06,3.91150480e+06,0.000000e+00,0.000000e+00,0.000000e+00,0.000000e+00,0.000000e+00,1.528983e+03,4.257712e-13,1.490027e+00,1.528983e+03,4.257712e-13,1.490027e+00,,,,,,,,0,,,
4.650000e+01,LOCAL_TRACK_UPDATED,radar1,red,radar1.2,0.000000e+00,4.650000e+01,93,5.000000e-01,land,P,,,target1,TARGET,blue,3.806833e+01,-1.172333e+02,-4.00468707e-08,3.39659543e+06,-3.70795101e+06,3.91046820e+06,3.806944e+01,-1.172333e+02,1.52400000e+03,3.39735465e+06,-3.70877976e+06,3.91150480e+06,L,3,,B,,3.806944e+01,-1.172333e+02,1.52400000e+03,3.39735465e+06,-3.70877976e+06,3.91150480e+06,0.000000e+00,0.000000e+00,0.000000e+00,0.000000e+00,0.000000e+00,1.528983e+03,4.257712e-13,1.490027e+00,1.528983e+03,4.257712e-13,1.490027e+00,,,,,,,,0,,,,radar1.1,simple_radar,WSF_GEOMETRIC_SENSOR,default
4.700000e+01,SENSOR_DETECTION_ATTEMPT,radar1,red,target1,simple_radar,default,1,,,,,,,,,,,,WSF_GEOMETRIC_SENSOR,3.806833e+01,-1.172333e+02,-4.00468707e-08,3.39673063e+06,-3.70782721e+06,3.91046816e+06,0.000000e+00,0.000000e+00,0.000000e+00,0.000000e+00,TARGET,3.806944e+01,-1.172333e+02,1.52400000e+03,3.39748987e+06,-3.70865593e+06,3.91150476e+06,0.000000e+00,0.000000e+00,0.000000e+00,0.000000e+00,,,,,,,,,,,,,,,,,,,,,1.528983e+03,4.265784e-13,1.490027e+00,,,1.528983e+03,3.141593e+00,-1.490047e+00,,,,,,,,,,,,,,,,,,,,,,,,,,,,,,,,,,,,,,,,,,,,,,,,,,,,,,,,,1.000000e+00,5.146985e-01,1
4.700000e+01,SENSOR_TRACK_UPDATED,radar1,red,simple_radar,radar1.1,0.000000e+00,4.700000e+01,94,5.000000e-01,land,M,,,target1,TARGET,blue,3.806833e+01,-1.172333e+02,-4.00468707e-08,3.39673063e+06,-3.70782721e+06,3.91046815e+06,3.806944e+01,-1.172333e+02,1.52400000e+03,3.39748987e+06,-3.70865593e+06,3.91150476e+06,L,3,,B,,3.806944e+01,-1.172333e+02,1.52400000e+03,3.39748987e+06,-3.70865593e+06,3.91150476e+06,0.000000e+00,0.000000e+00,0.000000e+00,0.000000e+00,0.000000e+00,1.528983e+03,4.257712e-13,1.490027e+00,1.528983e+03,4.257712e-13,1.490027e+00,,,,,,,,0,,,
4.700000e+01,LOCAL_TRACK_UPDATED,radar1,red,radar1.2,0.000000e+00,4.700000e+01,94,5.000000e-01,land,P,,,target1,TARGET,blue,3.806833e+01,-1.172333e+02,-4.00468707e-08,3.39673063e+06,-3.70782721e+06,3.91046815e+06,3.806944e+01,-1.172333e+02,1.52400000e+03,3.39748987e+06,-3.70865593e+06,3.91150476e+06,L,3,,B,,3.806944e+01,-1.172333e+02,1.52400000e+03,3.39748987e+06,-3.70865593e+06,3.91150476e+06,0.000000e+00,0.000000e+00,0.000000e+00,0.000000e+00,0.000000e+00,1.528983e+03,4.257712e-13,1.490027e+00,1.528983e+03,4.257712e-13,1.490027e+00,,,,,,,,0,,,,radar1.1,simple_radar,WSF_GEOMETRIC_SENSOR,default
4.750000e+01,SENSOR_DETECTION_ATTEMPT,radar1,red,target1,simple_radar,default,1,,,,,,,,,,,,WSF_GEOMETRIC_SENSOR,3.806833e+01,-1.172333e+02,-4.00468707e-08,3.39686582e+06,-3.70770340e+06,3.91046811e+06,0.000000e+00,0.000000e+00,0.000000e+00,0.000000e+00,TARGET,3.806944e+01,-1.172333e+02,1.52400000e+03,3.39762509e+06,-3.70853210e+06,3.91150472e+06,0.000000e+00,0.000000e+00,0.000000e+00,0.000000e+00,,,,,,,,,,,,,,,,,,,,,1.528983e+03,4.265784e-13,1.490027e+00,,,1.528983e+03,3.141593e+00,-1.490047e+00,,,,,,,,,,,,,,,,,,,,,,,,,,,,,,,,,,,,,,,,,,,,,,,,,,,,,,,,,1.000000e+00,8.650100e-01,1
4.750000e+01,SENSOR_TRACK_UPDATED,radar1,red,simple_radar,radar1.1,0.000000e+00,4.750000e+01,95,5.000000e-01,land,M,,,target1,TARGET,blue,3.806833e+01,-1.172333e+02,-4.00468707e-08,3.39686582e+06,-3.70770340e+06,3.91046811e+06,3.806944e+01,-1.172333e+02,1.52400000e+03,3.39762509e+06,-3.70853210e+06,3.91150472e+06,L,3,,B,,3.806944e+01,-1.172333e+02,1.52400000e+03,3.39762509e+06,-3.70853210e+06,3.91150472e+06,0.000000e+00,0.000000e+00,0.000000e+00,0.000000e+00,0.000000e+00,1.528983e+03,4.257712e-13,1.490027e+00,1.528983e+03,4.257712e-13,1.490027e+00,,,,,,,,0,,,
4.750000e+01,LOCAL_TRACK_UPDATED,radar1,red,radar1.2,0.000000e+00,4.750000e+01,95,5.000000e-01,land,P,,,target1,TARGET,blue,3.806833e+01,-1.172333e+02,-4.00468707e-08,3.39686582e+06,-3.70770340e+06,3.91046811e+06,3.806944e+01,-1.172333e+02,1.52400000e+03,3.39762509e+06,-3.70853210e+06,3.91150472e+06,L,3,,B,,3.806944e+01,-1.172333e+02,1.52400000e+03,3.39762509e+06,-3.70853210e+06,3.91150472e+06,0.000000e+00,0.000000e+00,0.000000e+00,0.000000e+00,0.000000e+00,1.528983e+03,4.257712e-13,1.490027e+00,1.528983e+03,4.257712e-13,1.490027e+00,,,,,,,,0,,,,radar1.1,simple_radar,WSF_GEOMETRIC_SENSOR,default
4.800000e+01,SENSOR_DETECTION_ATTEMPT,radar1,red,target1,simple_radar,default,1,,,,,,,,,,,,WSF_GEOMETRIC_SENSOR,3.806833e+01,-1.172333e+02,-4.00468707e-08,3.39700100e+06,-3.70757959e+06,3.91046807e+06,0.000000e+00,0.000000e+00,0.000000e+00,0.000000e+00,TARGET,3.806944e+01,-1.172333e+02,1.52400000e+03,3.39776031e+06,-3.70840826e+06,3.91150467e+06,0.000000e+00,0.000000e+00,0.000000e+00,0.000000e+00,,,,,,,,,,,,,,,,,,,,,1.528983e+03,4.265784e-13,1.490027e+00,,,1.528983e+03,3.141593e+00,-1.490047e+00,,,,,,,,,,,,,,,,,,,,,,,,,,,,,,,,,,,,,,,,,,,,,,,,,,,,,,,,,1.000000e+00,5.096027e-01,1
4.800000e+01,SENSOR_TRACK_UPDATED,radar1,red,simple_radar,radar1.1,0.000000e+00,4.800000e+01,96,5.000000e-01,land,M,,,target1,TARGET,blue,3.806833e+01,-1.172333e+02,-4.00468707e-08,3.39700100e+06,-3.70757959e+06,3.91046807e+06,3.806944e+01,-1.172333e+02,1.52400000e+03,3.39776031e+06,-3.70840826e+06,3.91150467e+06,L,3,,B,,3.806944e+01,-1.172333e+02,1.52400000e+03,3.39776031e+06,-3.70840826e+06,3.91150467e+06,0.000000e+00,0.000000e+00,0.000000e+00,0.000000e+00,0.000000e+00,1.528983e+03,4.257712e-13,1.490027e+00,1.528983e+03,4.257712e-13,1.490027e+00,,,,,,,,0,,,
4.800000e+01,LOCAL_TRACK_UPDATED,radar1,red,radar1.2,0.000000e+00,4.800000e+01,96,5.000000e-01,land,P,,,target1,TARGET,blue,3.806833e+01,-1.172333e+02,-4.00468707e-08,3.39700100e+06,-3.70757959e+06,3.91046807e+06,3.806944e+01,-1.172333e+02,1.52400000e+03,3.39776031e+06,-3.70840826e+06,3.91150467e+06,L,3,,B,,3.806944e+01,-1.172333e+02,1.52400000e+03,3.39776031e+06,-3.70840826e+06,3.91150467e+06,0.000000e+00,0.000000e+00,0.000000e+00,0.000000e+00,0.000000e+00,1.528983e+03,4.257712e-13,1.490027e+00,1.528983e+03,4.257712e-13,1.490027e+00,,,,,,,,0,,,,radar1.1,simple_radar,WSF_GEOMETRIC_SENSOR,default
4.850000e+01,SENSOR_DETECTION_ATTEMPT,radar1,red,target1,simple_radar,default,1,,,,,,,,,,,,WSF_GEOMETRIC_SENSOR,3.806833e+01,-1.172333e+02,-4.00468707e-08,3.39713618e+06,-3.70745577e+06,3.91046803e+06,0.000000e+00,0.000000e+00,0.000000e+00,0.000000e+00,TARGET,3.806944e+01,-1.172333e+02,1.52400000e+03,3.39789552e+06,-3.70828442e+06,3.91150463e+06,0.000000e+00,0.000000e+00,0.000000e+00,0.000000e+00,,,,,,,,,,,,,,,,,,,,,1.528983e+03,4.265784e-13,1.490027e+00,,,1.528983e+03,3.141593e+00,-1.490047e+00,,,,,,,,,,,,,,,,,,,,,,,,,,,,,,,,,,,,,,,,,,,,,,,,,,,,,,,,,1.000000e+00,2.769835e-01,1
4.850000e+01,SENSOR_TRACK_UPDATED,radar1,red,simple_radar,radar1.1,0.000000e+00,4.850000e+01,97,5.000000e-01,land,M,,,target1,TARGET,blue,3.806833e+01,-1.172333e+02,-4.00468707e-08,3.39713619e+06,-3.70745577e+06,3.91046802e+06,3.806944e+01,-1.172333e+02,1.52400000e+03,3.39789552e+06,-3.70828442e+06,3.91150463e+06,L,3,,B,,3.806944e+01,-1.172333e+02,1.52400000e+03,3.39789552e+06,-3.70828442e+06,3.91150463e+06,0.000000e+00,0.000000e+00,0.000000e+00,0.000000e+00,0.000000e+00,1.528983e+03,4.257712e-13,1.490027e+00,1.528983e+03,4.257712e-13,1.490027e+00,,,,,,,,0,,,
4.850000e+01,LOCAL_TRACK_UPDATED,radar1,red,radar1.2,0.000000e+00,4.850000e+01,97,5.000000e-01,land,P,,,target1,TARGET,blue,3.806833e+01,-1.172333e+02,-4.00468707e-08,3.39713619e+06,-3.70745577e+06,3.91046802e+06,3.806944e+01,-1.172333e+02,1.52400000e+03,3.39789552e+06,-3.70828442e+06,3.91150463e+06,L,3,,B,,3.806944e+01,-1.172333e+02,1.52400000e+03,3.39789552e+06,-3.70828442e+06,3.91150463e+06,0.000000e+00,0.000000e+00,0.000000e+00,0.000000e+00,0.000000e+00,1.528983e+03,4.257712e-13,1.490027e+00,1.528983e+03,4.257712e-13,1.490027e+00,,,,,,,,0,,,,radar1.1,simple_radar,WSF_GEOMETRIC_SENSOR,default
4.900000e+01,SENSOR_DETECTION_ATTEMPT,radar1,red,target1,simple_radar,default,1,,,,,,,,,,,,WSF_GEOMETRIC_SENSOR,3.806833e+01,-1.172333e+02,-4.00468707e-08,3.39727136e+06,-3.70733195e+06,3.91046798e+06,0.000000e+00,0.000000e+00,0.000000e+00,0.000000e+00,TARGET,3.806944e+01,-1.172333e+02,1.52400000e+03,3.39803073e+06,-3.70816057e+06,3.91150459e+06,0.000000e+00,0.000000e+00,0.000000e+00,0.000000e+00,,,,,,,,,,,,,,,,,,,,,1.528983e+03,4.265784e-13,1.490027e+00,,,1.528983e+03,3.141593e+00,-1.490047e+00,,,,,,,,,,,,,,,,,,,,,,,,,,,,,,,,,,,,,,,,,,,,,,,,,,,,,,,,,1.000000e+00,6.578945e-01,1
4.900000e+01,SENSOR_TRACK_UPDATED,radar1,red,simple_radar,radar1.1,0.000000e+00,4.900000e+01,98,5.000000e-01,land,M,,,target1,TARGET,blue,3.806833e+01,-1.172333e+02,-4.00468707e-08,3.39727136e+06,-3.70733195e+06,3.91046798e+06,3.806944e+01,-1.172333e+02,1.52400000e+03,3.39803073e+06,-3.70816057e+06,3.91150459e+06,L,3,,B,,3.806944e+01,-1.172333e+02,1.52400000e+03,3.39803073e+06,-3.70816057e+06,3.91150459e+06,0.000000e+00,0.000000e+00,0.000000e+00,0.000000e+00,0.000000e+00,1.528983e+03,4.257712e-13,1.490027e+00,1.528983e+03,4.257712e-13,1.490027e+00,,,,,,,,0,,,
4.900000e+01,LOCAL_TRACK_UPDATED,radar1,red,radar1.2,0.000000e+00,4.900000e+01,98,5.000000e-01,land,P,,,target1,TARGET,blue,3.806833e+01,-1.172333e+02,-4.00468707e-08,3.39727136e+06,-3.70733195e+06,3.91046798e+06,3.806944e+01,-1.172333e+02,1.52400000e+03,3.39803073e+06,-3.70816057e+06,3.91150459e+06,L,3,,B,,3.806944e+01,-1.172333e+02,1.52400000e+03,3.39803073e+06,-3.70816057e+06,3.91150459e+06,0.000000e+00,0.000000e+00,0.000000e+00,0.000000e+00,0.000000e+00,1.528983e+03,4.257712e-13,1.490027e+00,1.528983e+03,4.257712e-13,1.490027e+00,,,,,,,,0,,,,radar1.1,simple_radar,WSF_GEOMETRIC_SENSOR,default
4.950000e+01,SENSOR_DETECTION_ATTEMPT,radar1,red,target1,simple_radar,default,1,,,,,,,,,,,,WSF_GEOMETRIC_SENSOR,3.806833e+01,-1.172333e+02,-4.00468707e-08,3.39740653e+06,-3.70720813e+06,3.91046794e+06,0.000000e+00,0.000000e+00,0.000000e+00,0.000000e+00,TARGET,3.806944e+01,-1.172333e+02,1.52400000e+03,3.39816593e+06,-3.70803671e+06,3.91150454e+06,0.000000e+00,0.000000e+00,0.000000e+00,0.000000e+00,,,,,,,,,,,,,,,,,,,,,1.528983e+03,4.265784e-13,1.490027e+00,,,1.528983e+03,3.141593e+00,-1.490047e+00,,,,,,,,,,,,,,,,,,,,,,,,,,,,,,,,,,,,,,,,,,,,,,,,,,,,,,,,,1.000000e+00,2.871744e-01,1
4.950000e+01,SENSOR_TRACK_UPDATED,radar1,red,simple_radar,radar1.1,0.000000e+00,4.950000e+01,99,5.000000e-01,land,M,,,target1,TARGET,blue,3.806833e+01,-1.172333e+02,-4.00468707e-08,3.39740653e+06,-3.70720813e+06,3.91046794e+06,3.806944e+01,-1.172333e+02,1.52400000e+03,3.39816593e+06,-3.70803671e+06,3.91150454e+06,L,3,,B,,3.806944e+01,-1.172333e+02,1.52400000e+03,3.39816593e+06,-3.70803671e+06,3.91150454e+06,0.000000e+00,0.000000e+00,0.000000e+00,0.000000e+00,0.000000e+00,1.528983e+03,4.257712e-13,1.490027e+00,1.528983e+03,4.257712e-13,1.490027e+00,,,,,,,,0,,,
4.950000e+01,LOCAL_TRACK_UPDATED,radar1,red,radar1.2,0.000000e+00,4.950000e+01,99,5.000000e-01,land,P,,,target1,TARGET,blue,3.806833e+01,-1.172333e+02,-4.00468707e-08,3.39740653e+06,-3.70720813e+06,3.91046794e+06,3.806944e+01,-1.172333e+02,1.52400000e+03,3.39816593e+06,-3.70803671e+06,3.91150454e+06,L,3,,B,,3.806944e+01,-1.172333e+02,1.52400000e+03,3.39816593e+06,-3.70803671e+06,3.91150454e+06,0.000000e+00,0.000000e+00,0.000000e+00,0.000000e+00,0.000000e+00,1.528983e+03,4.257712e-13,1.490027e+00,1.528983e+03,4.257712e-13,1.490027e+00,,,,,,,,0,,,,radar1.1,simple_radar,WSF_GEOMETRIC_SENSOR,default
5.000000e+01,SENSOR_DETECTION_ATTEMPT,radar1,red,target1,simple_radar,default,1,,,,,,,,,,,,WSF_GEOMETRIC_SENSOR,3.806833e+01,-1.172333e+02,-4.00468707e-08,3.39754170e+06,-3.70708430e+06,3.91046790e+06,0.000000e+00,0.000000e+00,0.000000e+00,0.000000e+00,TARGET,3.806944e+01,-1.172333e+02,1.52400000e+03,3.39830113e+06,-3.70791285e+06,3.91150450e+06,0.000000e+00,0.000000e+00,0.000000e+00,0.000000e+00,,,,,,,,,,,,,,,,,,,,,1.528983e+03,4.265784e-13,1.490027e+00,,,1.528983e+03,3.141593e+00,-1.490047e+00,,,,,,,,,,,,,,,,,,,,,,,,,,,,,,,,,,,,,,,,,,,,,,,,,,,,,,,,,1.000000e+00,5.278991e-01,1
5.000000e+01,SENSOR_TRACK_UPDATED,radar1,red,simple_radar,radar1.1,0.000000e+00,5.000000e+01,100,5.000000e-01,land,M,,,target1,TARGET,blue,3.806833e+01,-1.172333e+02,-4.00468707e-08,3.39754170e+06,-3.70708430e+06,3.91046789e+06,3.806944e+01,-1.172333e+02,1.52400000e+03,3.39830113e+06,-3.70791285e+06,3.91150450e+06,L,3,,B,,3.806944e+01,-1.172333e+02,1.52400000e+03,3.39830113e+06,-3.70791285e+06,3.91150450e+06,0.000000e+00,0.000000e+00,0.000000e+00,0.000000e+00,0.000000e+00,1.528983e+03,4.257712e-13,1.490027e+00,1.528983e+03,4.257712e-13,1.490027e+00,,,,,,,,0,,,
5.000000e+01,LOCAL_TRACK_UPDATED,radar1,red,radar1.2,0.000000e+00,5.000000e+01,100,5.000000e-01,land,P,,,target1,TARGET,blue,3.806833e+01,-1.172333e+02,-4.00468707e-08,3.39754170e+06,-3.70708430e+06,3.91046789e+06,3.806944e+01,-1.172333e+02,1.52400000e+03,3.39830113e+06,-3.70791285e+06,3.91150450e+06,L,3,,B,,3.806944e+01,-1.172333e+02,1.52400000e+03,3.39830113e+06,-3.70791285e+06,3.91150450e+06,0.000000e+00,0.000000e+00,0.000000e+00,0.000000e+00,0.000000e+00,1.528983e+03,4.257712e-13,1.490027e+00,1.528983e+03,4.257712e-13,1.490027e+00,,,,,,,,0,,,,radar1.1,simple_radar,WSF_GEOMETRIC_SENSOR,default
5.050000e+01,SENSOR_DETECTION_ATTEMPT,radar1,red,target1,simple_radar,default,1,,,,,,,,,,,,WSF_GEOMETRIC_SENSOR,3.806833e+01,-1.172333e+02,-4.00468707e-08,3.39767686e+06,-3.70696046e+06,3.91046785e+06,0.000000e+00,0.000000e+00,0.000000e+00,0.000000e+00,TARGET,3.806944e+01,-1.172333e+02,1.52400000e+03,3.39843632e+06,-3.70778899e+06,3.91150446e+06,0.000000e+00,0.000000e+00,0.000000e+00,0.000000e+00,,,,,,,,,,,,,,,,,,,,,1.528983e+03,4.265784e-13,1.490027e+00,,,1.528983e+03,3.141593e+00,-1.490047e+00,,,,,,,,,,,,,,,,,,,,,,,,,,,,,,,,,,,,,,,,,,,,,,,,,,,,,,,,,1.000000e+00,4.809253e-01,1
5.050000e+01,SENSOR_TRACK_UPDATED,radar1,red,simple_radar,radar1.1,0.000000e+00,5.050000e+01,101,5.000000e-01,land,M,,,target1,TARGET,blue,3.806833e+01,-1.172333e+02,-4.00468707e-08,3.39767686e+06,-3.70696046e+06,3.91046785e+06,3.806944e+01,-1.172333e+02,1.52400000e+03,3.39843632e+06,-3.70778899e+06,3.91150446e+06,L,3,,B,,3.806944e+01,-1.172333e+02,1.52400000e+03,3.39843632e+06,-3.70778899e+06,3.91150446e+06,0.000000e+00,0.000000e+00,0.000000e+00,0.000000e+00,0.000000e+00,1.528983e+03,4.257712e-13,1.490027e+00,1.528983e+03,4.257712e-13,1.490027e+00,,,,,,,,0,,,
5.050000e+01,LOCAL_TRACK_UPDATED,radar1,red,radar1.2,0.000000e+00,5.050000e+01,101,5.000000e-01,land,P,,,target1,TARGET,blue,3.806833e+01,-1.172333e+02,-4.00468707e-08,3.39767686e+06,-3.70696046e+06,3.91046785e+06,3.806944e+01,-1.172333e+02,1.52400000e+03,3.39843632e+06,-3.70778899e+06,3.91150446e+06,L,3,,B,,3.806944e+01,-1.172333e+02,1.52400000e+03,3.39843632e+06,-3.70778899e+06,3.91150446e+06,0.000000e+00,0.000000e+00,0.000000e+00,0.000000e+00,0.000000e+00,1.528983e+03,4.257712e-13,1.490027e+00,1.528983e+03,4.257712e-13,1.490027e+00,,,,,,,,0,,,,radar1.1,simple_radar,WSF_GEOMETRIC_SENSOR,default
5.100000e+01,SENSOR_DETECTION_ATTEMPT,radar1,red,target1,simple_radar,default,1,,,,,,,,,,,,WSF_GEOMETRIC_SENSOR,3.806833e+01,-1.172333e+02,-4.00468707e-08,3.39781202e+06,-3.70683662e+06,3.91046781e+06,0.000000e+00,0.000000e+00,0.000000e+00,0.000000e+00,TARGET,3.806944e+01,-1.172333e+02,1.52400000e+03,3.39857151e+06,-3.70766512e+06,3.91150441e+06,0.000000e+00,0.000000e+00,0.000000e+00,0.000000e+00,,,,,,,,,,,,,,,,,,,,,1.528983e+03,4.265784e-13,1.490027e+00,,,1.528983e+03,3.141593e+00,-1.490047e+00,,,,,,,,,,,,,,,,,,,,,,,,,,,,,,,,,,,,,,,,,,,,,,,,,,,,,,,,,1.000000e+00,9.058114e-01,1
5.100000e+01,SENSOR_TRACK_UPDATED,radar1,red,simple_radar,radar1.1,0.000000e+00,5.100000e+01,102,5.000000e-01,land,M,,,target1,TARGET,blue,3.806833e+01,-1.172333e+02,-4.00468707e-08,3.39781202e+06,-3.70683662e+06,3.91046781e+06,3.806944e+01,-1.172333e+02,1.52400000e+03,3.39857151e+06,-3.70766512e+06,3.91150441e+06,L,3,,B,,3.806944e+01,-1.172333e+02,1.52400000e+03,3.39857151e+06,-3.70766512e+06,3.91150441e+06,0.000000e+00,0.000000e+00,0.000000e+00,0.000000e+00,0.000000e+00,1.528983e+03,4.257712e-13,1.490027e+00,1.528983e+03,4.257712e-13,1.490027e+00,,,,,,,,0,,,
5.100000e+01,LOCAL_TRACK_UPDATED,radar1,red,radar1.2,0.000000e+00,5.100000e+01,102,5.000000e-01,land,P,,,target1,TARGET,blue,3.806833e+01,-1.172333e+02,-4.00468707e-08,3.39781202e+06,-3.70683662e+06,3.91046781e+06,3.806944e+01,-1.172333e+02,1.52400000e+03,3.39857151e+06,-3.70766512e+06,3.91150441e+06,L,3,,B,,3.806944e+01,-1.172333e+02,1.52400000e+03,3.39857151e+06,-3.70766512e+06,3.91150441e+06,0.000000e+00,0.000000e+00,0.000000e+00,0.000000e+00,0.000000e+00,1.528983e+03,4.257712e-13,1.490027e+00,1.528983e+03,4.257712e-13,1.490027e+00,,,,,,,,0,,,,radar1.1,simple_radar,WSF_GEOMETRIC_SENSOR,default
5.150000e+01,SENSOR_DETECTION_ATTEMPT,radar1,red,target1,simple_radar,default,1,,,,,,,,,,,,WSF_GEOMETRIC_SENSOR,3.806833e+01,-1.172333e+02,-4.00468707e-08,3.39794718e+06,-3.70671277e+06,3.91046776e+06,0.000000e+00,0.000000e+00,0.000000e+00,0.000000e+00,TARGET,3.806944e+01,-1.172333e+02,1.52400000e+03,3.39870669e+06,-3.70754125e+06,3.91150437e+06,0.000000e+00,0.000000e+00,0.000000e+00,0.000000e+00,,,,,,,,,,,,,,,,,,,,,1.528983e+03,4.265784e-13,1.490027e+00,,,1.528983e+03,3.141593e+00,-1.490047e+00,,,,,,,,,,,,,,,,,,,,,,,,,,,,,,,,,,,,,,,,,,,,,,,,,,,,,,,,,1.000000e+00,7.792960e-02,1
5.150000e+01,SENSOR_TRACK_UPDATED,radar1,red,simple_radar,radar1.1,0.000000e+00,5.150000e+01,103,5.000000e-01,land,M,,,target1,TARGET,blue,3.806833e+01,-1.172333e+02,-4.00468707e-08,3.39794718e+06,-3.70671277e+06,3.91046776e+06,3.806944e+01,-1.172333e+02,1.52400000e+03,3.39870669e+06,-3.70754125e+06,3.91150437e+06,L,3,,B,,3.806944e+01,-1.172333e+02,1.52400000e+03,3.39870669e+06,-3.70754125e+06,3.91150437e+06,0.000000e+00,0.000000e+00,0.000000e+00,0.000000e+00,0.000000e+00,1.528983e+03,4.257712e-13,1.490027e+00,1.528983e+03,4.257712e-13,1.490027e+00,,,,,,,,0,,,
5.150000e+01,LOCAL_TRACK_UPDATED,radar1,red,radar1.2,0.000000e+00,5.150000e+01,103,5.000000e-01,land,P,,,target1,TARGET,blue,3.806833e+01,-1.172333e+02,-4.00468707e-08,3.39794718e+06,-3.70671277e+06,3.91046776e+06,3.806944e+01,-1.172333e+02,1.52400000e+03,3.39870669e+06,-3.70754125e+06,3.91150437e+06,L,3,,B,,3.806944e+01,-1.172333e+02,1.52400000e+03,3.39870669e+06,-3.70754125e+06,3.91150437e+06,0.000000e+00,0.000000e+00,0.000000e+00,0.000000e+00,0.000000e+00,1.528983e+03,4.257712e-13,1.490027e+00,1.528983e+03,4.257712e-13,1.490027e+00,,,,,,,,0,,,,radar1.1,simple_radar,WSF_GEOMETRIC_SENSOR,default
5.200000e+01,SENSOR_DETECTION_ATTEMPT,radar1,red,target1,simple_radar,default,1,,,,,,,,,,,,WSF_GEOMETRIC_SENSOR,3.806833e+01,-1.172333e+02,-4.00468707e-08,3.39808233e+06,-3.70658892e+06,3.91046772e+06,0.000000e+00,0.000000e+00,0.000000e+00,0.000000e+00,TARGET,3.806944e+01,-1.172333e+02,1.52400000e+03,3.39884187e+06,-3.70741737e+06,3.91150433e+06,0.000000e+00,0.000000e+00,0.000000e+00,0.000000e+00,,,,,,,,,,,,,,,,,,,,,1.528983e+03,4.265784e-13,1.490027e+00,,,1.528983e+03,3.141593e+00,-1.490047e+00,,,,,,,,,,,,,,,,,,,,,,,,,,,,,,,,,,,,,,,,,,,,,,,,,,,,,,,,,1.000000e+00,2.824037e-01,1
5.200000e+01,SENSOR_TRACK_UPDATED,radar1,red,simple_radar,radar1.1,0.000000e+00,5.200000e+01,104,5.000000e-01,land,M,,,target1,TARGET,blue,3.806833e+01,-1.172333e+02,-4.00468707e-08,3.39808233e+06,-3.70658892e+06,3.91046772e+06,3.806944e+01,-1.172333e+02,1.52400000e+03,3.39884187e+06,-3.70741737e+06,3.91150433e+06,L,3,,B,,3.806944e+01,-1.172333e+02,1.52400000e+03,3.39884187e+06,-3.70741737e+06,3.91150433e+06,0.000000e+00,0.000000e+00,0.000000e+00,0.000000e+00,0.000000e+00,1.528983e+03,4.257712e-13,1.490027e+00,1.528983e+03,4.257712e-13,1.490027e+00,,,,,,,,0,,,
5.200000e+01,LOCAL_TRACK_UPDATED,radar1,red,radar1.2,0.000000e+00,5.200000e+01,104,5.000000e-01,land,P,,,target1,TARGET,blue,3.806833e+01,-1.172333e+02,-4.00468707e-08,3.39808233e+06,-3.70658892e+06,3.91046772e+06,3.806944e+01,-1.172333e+02,1.52400000e+03,3.39884187e+06,-3.70741737e+06,3.91150433e+06,L,3,,B,,3.806944e+01,-1.172333e+02,1.52400000e+03,3.39884187e+06,-3.70741737e+06,3.91150433e+06,0.000000e+00,0.000000e+00,0.000000e+00,0.000000e+00,0.000000e+00,1.528983e+03,4.257712e-13,1.490027e+00,1.528983e+03,4.257712e-13,1.490027e+00,,,,,,,,0,,,,radar1.1,simple_radar,WSF_GEOMETRIC_SENSOR,default
5.250000e+01,SENSOR_DETECTION_ATTEMPT,radar1,red,target1,simple_radar,default,1,,,,,,,,,,,,WSF_GEOMETRIC_SENSOR,3.806833e+01,-1.172333e+02,-4.00468707e-08,3.39821747e+06,-3.70646507e+06,3.91046768e+06,0.000000e+00,0.000000e+00,0.000000e+00,0.000000e+00,TARGET,3.806944e+01,-1.172333e+02,1.52400000e+03,3.39897705e+06,-3.70729349e+06,3.91150428e+06,0.000000e+00,0.000000e+00,0.000000e+00,0.000000e+00,,,,,,,,,,,,,,,,,,,,,1.528983e+03,4.265784e-13,1.490027e+00,,,1.528983e+03,3.141593e+00,-1.490047e+00,,,,,,,,,,,,,,,,,,,,,,,,,,,,,,,,,,,,,,,,,,,,,,,,,,,,,,,,,1.000000e+00,7.763876e-01,1
5.250000e+01,SENSOR_TRACK_UPDATED,radar1,red,simple_radar,radar1.1,0.000000e+00,5.250000e+01,105,5.000000e-01,land,M,,,target1,TARGET,blue,3.806833e+01,-1.172333e+02,-4.00468707e-08,3.39821747e+06,-3.70646507e+06,3.91046768e+06,3.806944e+01,-1.172333e+02,1.52400000e+03,3.39897705e+06,-3.70729349e+06,3.91150428e+06,L,3,,B,,3.806944e+01,-1.172333e+02,1.52400000e+03,3.39897705e+06,-3.70729349e+06,3.91150428e+06,0.000000e+00,0.000000e+00,0.000000e+00,0.000000e+00,0.000000e+00,1.528983e+03,4.257712e-13,1.490027e+00,1.528983e+03,4.257712e-13,1.490027e+00,,,,,,,,0,,,
5.250000e+01,LOCAL_TRACK_UPDATED,radar1,red,radar1.2,0.000000e+00,5.250000e+01,105,5.000000e-01,land,P,,,target1,TARGET,blue,3.806833e+01,-1.172333e+02,-4.00468707e-08,3.39821747e+06,-3.70646507e+06,3.91046768e+06,3.806944e+01,-1.172333e+02,1.52400000e+03,3.39897705e+06,-3.70729349e+06,3.91150428e+06,L,3,,B,,3.806944e+01,-1.172333e+02,1.52400000e+03,3.39897705e+06,-3.70729349e+06,3.91150428e+06,0.000000e+00,0.000000e+00,0.000000e+00,0.000000e+00,0.000000e+00,1.528983e+03,4.257712e-13,1.490027e+00,1.528983e+03,4.257712e-13,1.490027e+00,,,,,,,,0,,,,radar1.1,simple_radar,WSF_GEOMETRIC_SENSOR,default
5.300000e+01,SENSOR_DETECTION_ATTEMPT,radar1,red,target1,simple_radar,default,1,,,,,,,,,,,,WSF_GEOMETRIC_SENSOR,3.806833e+01,-1.172333e+02,-4.00468707e-08,3.39835261e+06,-3.70634121e+06,3.91046763e+06,0.000000e+00,0.000000e+00,0.000000e+00,0.000000e+00,TARGET,3.806944e+01,-1.172333e+02,1.52400000e+03,3.39911222e+06,-3.70716960e+06,3.91150424e+06,0.000000e+00,0.000000e+00,0.000000e+00,0.000000e+00,,,,,,,,,,,,,,,,,,,,,1.528983e+03,4.265784e-13,1.490027e+00,,,1.528983e+03,3.141593e+00,-1.490047e+00,,,,,,,,,,,,,,,,,,,,,,,,,,,,,,,,,,,,,,,,,,,,,,,,,,,,,,,,,1.000000e+00,2.848268e-01,1
5.300000e+01,SENSOR_TRACK_UPDATED,radar1,red,simple_radar,radar1.1,0.000000e+00,5.300000e+01,106,5.000000e-01,land,M,,,target1,TARGET,blue,3.806833e+01,-1.172333e+02,-4.00468707e-08,3.39835261e+06,-3.70634121e+06,3.91046763e+06,3.806944e+01,-1.172333e+02,1.52400000e+03,3.39911222e+06,-3.70716960e+06,3.91150424e+06,L,3,,B,,3.806944e+01,-1.172333e+02,1.52400000e+03,3.39911222e+06,-3.70716960e+06,3.91150424e+06,0.000000e+00,0.000000e+00,0.000000e+00,0.000000e+00,0.000000e+00,1.528983e+03,4.257712e-13,1.490027e+00,1.528983e+03,4.257712e-13,1.490027e+00,,,,,,,,0,,,
5.300000e+01,LOCAL_TRACK_UPDATED,radar1,red,radar1.2,0.000000e+00,5.300000e+01,106,5.000000e-01,land,P,,,target1,TARGET,blue,3.806833e+01,-1.172333e+02,-4.00468707e-08,3.39835261e+06,-3.70634121e+06,3.91046763e+06,3.806944e+01,-1.172333e+02,1.52400000e+03,3.39911222e+06,-3.70716960e+06,3.91150424e+06,L,3,,B,,3.806944e+01,-1.172333e+02,1.52400000e+03,3.39911222e+06,-3.70716960e+06,3.91150424e+06,0.000000e+00,0.000000e+00,0.000000e+00,0.000000e+00,0.000000e+00,1.528983e+03,4.257712e-13,1.490027e+00,1.528983e+03,4.257712e-13,1.490027e+00,,,,,,,,0,,,,radar1.1,simple_radar,WSF_GEOMETRIC_SENSOR,default
5.350000e+01,SENSOR_DETECTION_ATTEMPT,radar1,red,target1,simple_radar,default,1,,,,,,,,,,,,WSF_GEOMETRIC_SENSOR,3.806833e+01,-1.172333e+02,-4.00468707e-08,3.39848775e+06,-3.70621734e+06,3.91046759e+06,0.000000e+00,0.000000e+00,0.000000e+00,0.000000e+00,TARGET,3.806944e+01,-1.172333e+02,1.52400000e+03,3.39924739e+06,-3.70704571e+06,3.91150420e+06,0.000000e+00,0.000000e+00,0.000000e+00,0.000000e+00,,,,,,,,,,,,,,,,,,,,,1.528983e+03,4.265784e-13,1.490027e+00,,,1.528983e+03,3.141593e+00,-1.490047e+00,,,,,,,,,,,,,,,,,,,,,,,,,,,,,,,,,,,,,,,,,,,,,,,,,,,,,,,,,1.000000e+00,3.639507e-01,1
5.350000e+01,SENSOR_TRACK_UPDATED,radar1,red,simple_radar,radar1.1,0.000000e+00,5.350000e+01,107,5.000000e-01,land,M,,,target1,TARGET,blue,3.806833e+01,-1.172333e+02,-4.00468707e-08,3.39848775e+06,-3.70621734e+06,3.91046759e+06,3.806944e+01,-1.172333e+02,1.52400000e+03,3.39924739e+06,-3.70704571e+06,3.91150420e+06,L,3,,B,,3.806944e+01,-1.172333e+02,1.52400000e+03,3.39924739e+06,-3.70704571e+06,3.91150420e+06,0.000000e+00,0.000000e+00,0.000000e+00,0.000000e+00,0.000000e+00,1.528983e+03,4.257712e-13,1.490027e+00,1.528983e+03,4.257712e-13,1.490027e+00,,,,,,,,0,,,
5.350000e+01,LOCAL_TRACK_UPDATED,radar1,red,radar1.2,0.000000e+00,5.350000e+01,107,5.000000e-01,land,P,,,target1,TARGET,blue,3.806833e+01,-1.172333e+02,-4.00468707e-08,3.39848775e+06,-3.70621734e+06,3.91046759e+06,3.806944e+01,-1.172333e+02,1.52400000e+03,3.39924739e+06,-3.70704571e+06,3.91150420e+06,L,3,,B,,3.806944e+01,-1.172333e+02,1.52400000e+03,3.39924739e+06,-3.70704571e+06,3.91150420e+06,0.000000e+00,0.000000e+00,0.000000e+00,0.000000e+00,0.000000e+00,1.528983e+03,4.257712e-13,1.490027e+00,1.528983e+03,4.257712e-13,1.490027e+00,,,,,,,,0,,,,radar1.1,simple_radar,WSF_GEOMETRIC_SENSOR,default
5.400000e+01,SENSOR_DETECTION_ATTEMPT,radar1,red,target1,simple_radar,default,1,,,,,,,,,,,,WSF_GEOMETRIC_SENSOR,3.806833e+01,-1.172333e+02,-4.00468707e-08,3.39862288e+06,-3.70609347e+06,3.91046755e+06,0.000000e+00,0.000000e+00,0.000000e+00,0.000000e+00,TARGET,3.806944e+01,-1.172333e+02,1.52400000e+03,3.39938255e+06,-3.70692181e+06,3.91150415e+06,0.000000e+00,0.000000e+00,0.000000e+00,0.000000e+00,,,,,,,,,,,,,,,,,,,,,1.528983e+03,4.265784e-13,1.490027e+00,,,1.528983e+03,3.141593e+00,-1.490047e+00,,,,,,,,,,,,,,,,,,,,,,,,,,,,,,,,,,,,,,,,,,,,,,,,,,,,,,,,,1.000000e+00,2.026635e-01,1
5.400000e+01,SENSOR_TRACK_UPDATED,radar1,red,simple_radar,radar1.1,0.000000e+00,5.400000e+01,108,5.000000e-01,land,M,,,target1,TARGET,blue,3.806833e+01,-1.172333e+02,-4.00468707e-08,3.39862288e+06,-3.70609347e+06,3.91046755e+06,3.806944e+01,-1.172333e+02,1.52400000e+03,3.39938255e+06,-3.70692181e+06,3.91150415e+06,L,3,,B,,3.806944e+01,-1.172333e+02,1.52400000e+03,3.39938255e+06,-3.70692181e+06,3.91150415e+06,0.000000e+00,0.000000e+00,0.000000e+00,0.000000e+00,0.000000e+00,1.528983e+03,4.257712e-13,1.490027e+00,1.528983e+03,4.257712e-13,1.490027e+00,,,,,,,,0,,,
5.400000e+01,LOCAL_TRACK_UPDATED,radar1,red,radar1.2,0.000000e+00,5.400000e+01,108,5.000000e-01,land,P,,,target1,TARGET,blue,3.806833e+01,-1.172333e+02,-4.00468707e-08,3.39862288e+06,-3.70609347e+06,3.91046755e+06,3.806944e+01,-1.172333e+02,1.52400000e+03,3.39938255e+06,-3.70692181e+06,3.91150415e+06,L,3,,B,,3.806944e+01,-1.172333e+02,1.52400000e+03,3.39938255e+06,-3.70692181e+06,3.91150415e+06,0.000000e+00,0.000000e+00,0.000000e+00,0.000000e+00,0.000000e+00,1.528983e+03,4.257712e-13,1.490027e+00,1.528983e+03,4.257712e-13,1.490027e+00,,,,,,,,0,,,,radar1.1,simple_radar,WSF_GEOMETRIC_SENSOR,default
5.450000e+01,SENSOR_DETECTION_ATTEMPT,radar1,red,target1,simple_radar,default,1,,,,,,,,,,,,WSF_GEOMETRIC_SENSOR,3.806833e+01,-1.172333e+02,-4.00468707e-08,3.39875801e+06,-3.70596960e+06,3.91046750e+06,0.000000e+00,0.000000e+00,0.000000e+00,0.000000e+00,TARGET,3.806944e+01,-1.172333e+02,1.52400000e+03,3.39951770e+06,-3.70679791e+06,3.91150411e+06,0.000000e+00,0.000000e+00,0.000000e+00,0.000000e+00,,,,,,,,,,,,,,,,,,,,,1.528983e+03,4.265784e-13,1.490027e+00,,,1.528983e+03,3.141593e+00,-1.490047e+00,,,,,,,,,,,,,,,,,,,,,,,,,,,,,,,,,,,,,,,,,,,,,,,,,,,,,,,,,1.000000e+00,9.450993e-01,1
5.450000e+01,SENSOR_TRACK_UPDATED,radar1,red,simple_radar,radar1.1,0.000000e+00,5.450000e+01,109,5.000000e-01,land,M,,,target1,TARGET,blue,3.806833e+01,-1.172333e+02,-4.00468707e-08,3.39875801e+06,-3.70596960e+06,3.91046750e+06,3.806944e+01,-1.172333e+02,1.52400000e+03,3.39951771e+06,-3.70679791e+06,3.91150411e+06,L,3,,B,,3.806944e+01,-1.172333e+02,1.52400000e+03,3.39951770e+06,-3.70679791e+06,3.91150411e+06,0.000000e+00,0.000000e+00,0.000000e+00,0.000000e+00,0.000000e+00,1.528983e+03,4.257712e-13,1.490027e+00,1.528983e+03,4.257712e-13,1.490027e+00,,,,,,,,0,,,
5.450000e+01,LOCAL_TRACK_UPDATED,radar1,red,radar1.2,0.000000e+00,5.450000e+01,109,5.000000e-01,land,P,,,target1,TARGET,blue,3.806833e+01,-1.172333e+02,-4.00468707e-08,3.39875801e+06,-3.70596960e+06,3.91046750e+06,3.806944e+01,-1.172333e+02,1.52400000e+03,3.39951771e+06,-3.70679791e+06,3.91150411e+06,L,3,,B,,3.806944e+01,-1.172333e+02,1.52400000e+03,3.39951770e+06,-3.70679791e+06,3.91150411e+06,0.000000e+00,0.000000e+00,0.000000e+00,0.000000e+00,0.000000e+00,1.528983e+03,4.257712e-13,1.490027e+00,1.528983e+03,4.257712e-13,1.490027e+00,,,,,,,,0,,,,radar1.1,simple_radar,WSF_GEOMETRIC_SENSOR,default
5.500000e+01,SENSOR_DETECTION_ATTEMPT,radar1,red,target1,simple_radar,default,1,,,,,,,,,,,,WSF_GEOMETRIC_SENSOR,3.806833e+01,-1.172333e+02,-4.00468707e-08,3.39889313e+06,-3.70584572e+06,3.91046746e+06,0.000000e+00,0.000000e+00,0.000000e+00,0.000000e+00,TARGET,3.806944e+01,-1.172333e+02,1.52400000e+03,3.39965286e+06,-3.70667400e+06,3.91150407e+06,0.000000e+00,0.000000e+00,0.000000e+00,0.000000e+00,,,,,,,,,,,,,,,,,,,,,1.528983e+03,4.265784e-13,1.490027e+00,,,1.528983e+03,3.141593e+00,-1.490047e+00,,,,,,,,,,,,,,,,,,,,,,,,,,,,,,,,,,,,,,,,,,,,,,,,,,,,,,,,,1.000000e+00,1.547092e-01,1
5.500000e+01,SENSOR_TRACK_UPDATED,radar1,red,simple_radar,radar1.1,0.000000e+00,5.500000e+01,110,5.000000e-01,land,M,,,target1,TARGET,blue,3.806833e+01,-1.172333e+02,-4.00468707e-08,3.39889313e+06,-3.70584572e+06,3.91046746e+06,3.806944e+01,-1.172333e+02,1.52400000e+03,3.39965286e+06,-3.70667400e+06,3.91150407e+06,L,3,,B,,3.806944e+01,-1.172333e+02,1.52400000e+03,3.39965286e+06,-3.70667400e+06,3.91150407e+06,0.000000e+00,0.000000e+00,0.000000e+00,0.000000e+00,0.000000e+00,1.528983e+03,4.257712e-13,1.490027e+00,1.528983e+03,4.257712e-13,1.490027e+00,,,,,,,,0,,,
5.500000e+01,LOCAL_TRACK_UPDATED,radar1,red,radar1.2,0.000000e+00,5.500000e+01,110,5.000000e-01,land,P,,,target1,TARGET,blue,3.806833e+01,-1.172333e+02,-4.00468707e-08,3.39889313e+06,-3.70584572e+06,3.91046746e+06,3.806944e+01,-1.172333e+02,1.52400000e+03,3.39965286e+06,-3.70667400e+06,3.91150407e+06,L,3,,B,,3.806944e+01,-1.172333e+02,1.52400000e+03,3.39965286e+06,-3.70667400e+06,3.91150407e+06,0.000000e+00,0.000000e+00,0.000000e+00,0.000000e+00,0.000000e+00,1.528983e+03,4.257712e-13,1.490027e+00,1.528983e+03,4.257712e-13,1.490027e+00,,,,,,,,0,,,,radar1.1,simple_radar,WSF_GEOMETRIC_SENSOR,default
5.550000e+01,SENSOR_DETECTION_ATTEMPT,radar1,red,target1,simple_radar,default,1,,,,,,,,,,,,WSF_GEOMETRIC_SENSOR,3.806833e+01,-1.172333e+02,-4.00468707e-08,3.39902825e+06,-3.70572183e+06,3.91046742e+06,0.000000e+00,0.000000e+00,0.000000e+00,0.000000e+00,TARGET,3.806944e+01,-1.172333e+02,1.52400000e+03,3.39978801e+06,-3.70655009e+06,3.91150402e+06,0.000000e+00,0.000000e+00,0.000000e+00,0.000000e+00,,,,,,,,,,,,,,,,,,,,,1.528983e+03,4.265784e-13,1.490027e+00,,,1.528983e+03,3.141593e+00,-1.490047e+00,,,,,,,,,,,,,,,,,,,,,,,,,,,,,,,,,,,,,,,,,,,,,,,,,,,,,,,,,1.000000e+00,5.408190e-01,1
5.550000e+01,SENSOR_TRACK_UPDATED,radar1,red,simple_radar,radar1.1,0.000000e+00,5.550000e+01,111,5.000000e-01,land,M,,,target1,TARGET,blue,3.806833e+01,-1.172333e+02,-4.00468707e-08,3.39902825e+06,-3.70572183e+06,3.91046742e+06,3.806944e+01,-1.172333e+02,1.52400000e+03,3.39978801e+06,-3.70655009e+06,3.91150402e+06,L,3,,B,,3.806944e+01,-1.172333e+02,1.52400000e+03,3.39978801e+06,-3.70655009e+06,3.91150402e+06,0.000000e+00,0.000000e+00,0.000000e+00,0.000000e+00,0.000000e+00,1.528983e+03,4.257712e-13,1.490027e+00,1.528983e+03,4.257712e-13,1.490027e+00,,,,,,,,0,,,
5.550000e+01,LOCAL_TRACK_UPDATED,radar1,red,radar1.2,0.000000e+00,5.550000e+01,111,5.000000e-01,land,P,,,target1,TARGET,blue,3.806833e+01,-1.172333e+02,-4.00468707e-08,3.39902825e+06,-3.70572183e+06,3.91046742e+06,3.806944e+01,-1.172333e+02,1.52400000e+03,3.39978801e+06,-3.70655009e+06,3.91150402e+06,L,3,,B,,3.806944e+01,-1.172333e+02,1.52400000e+03,3.39978801e+06,-3.70655009e+06,3.91150402e+06,0.000000e+00,0.000000e+00,0.000000e+00,0.000000e+00,0.000000e+00,1.528983e+03,4.257712e-13,1.490027e+00,1.528983e+03,4.257712e-13,1.490027e+00,,,,,,,,0,,,,radar1.1,simple_radar,WSF_GEOMETRIC_SENSOR,default
5.600000e+01,SENSOR_DETECTION_ATTEMPT,radar1,red,target1,simple_radar,default,1,,,,,,,,,,,,WSF_GEOMETRIC_SENSOR,3.806833e+01,-1.172333e+02,-4.00468707e-08,3.39916336e+06,-3.70559794e+06,3.91046737e+06,0.000000e+00,0.000000e+00,0.000000e+00,0.000000e+00,TARGET,3.806944e+01,-1.172333e+02,1.52400000e+03,3.39992315e+06,-3.70642617e+06,3.91150398e+06,0.000000e+00,0.000000e+00,0.000000e+00,0.000000e+00,,,,,,,,,,,,,,,,,,,,,1.528983e+03,4.265784e-13,1.490027e+00,,,1.528983e+03,3.141593e+00,-1.490047e+00,,,,,,,,,,,,,,,,,,,,,,,,,,,,,,,,,,,,,,,,,,,,,,,,,,,,,,,,,1.000000e+00,5.665737e-01,1
5.600000e+01,SENSOR_TRACK_UPDATED,radar1,red,simple_radar,radar1.1,0.000000e+00,5.600000e+01,112,5.000000e-01,land,M,,,target1,TARGET,blue,3.806833e+01,-1.172333e+02,-4.00468707e-08,3.39916336e+06,-3.70559794e+06,3.91046737e+06,3.806944e+01,-1.172333e+02,1.52400000e+03,3.39992315e+06,-3.70642617e+06,3.91150398e+06,L,3,,B,,3.806944e+01,-1.172333e+02,1.52400000e+03,3.39992315e+06,-3.70642617e+06,3.91150398e+06,0.000000e+00,0.000000e+00,0.000000e+00,0.000000e+00,0.000000e+00,1.528983e+03,4.257712e-13,1.490027e+00,1.528983e+03,4.257712e-13,1.490027e+00,,,,,,,,0,,,
5.600000e+01,LOCAL_TRACK_UPDATED,radar1,red,radar1.2,0.000000e+00,5.600000e+01,112,5.000000e-01,land,P,,,target1,TARGET,blue,3.806833e+01,-1.172333e+02,-4.00468707e-08,3.39916336e+06,-3.70559794e+06,3.91046737e+06,3.806944e+01,-1.172333e+02,1.52400000e+03,3.39992315e+06,-3.70642617e+06,3.91150398e+06,L,3,,B,,3.806944e+01,-1.172333e+02,1.52400000e+03,3.39992315e+06,-3.70642617e+06,3.91150398e+06,0.000000e+00,0.000000e+00,0.000000e+00,0.000000e+00,0.000000e+00,1.528983e+03,4.257712e-13,1.490027e+00,1.528983e+03,4.257712e-13,1.490027e+00,,,,,,,,0,,,,radar1.1,simple_radar,WSF_GEOMETRIC_SENSOR,default
5.650000e+01,SENSOR_DETECTION_ATTEMPT,radar1,red,target1,simple_radar,default,1,,,,,,,,,,,,WSF_GEOMETRIC_SENSOR,3.806833e+01,-1.172333e+02,-4.00468707e-08,3.39929847e+06,-3.70547405e+06,3.91046733e+06,0.000000e+00,0.000000e+00,0.000000e+00,0.000000e+00,TARGET,3.806944e+01,-1.172333e+02,1.52400000e+03,3.40005829e+06,-3.70630225e+06,3.91150394e+06,0.000000e+00,0.000000e+00,0.000000e+00,0.000000e+00,,,,,,,,,,,,,,,,,,,,,1.528983e+03,4.265784e-13,1.490027e+00,,,1.528983e+03,3.141593e+00,-1.490047e+00,,,,,,,,,,,,,,,,,,,,,,,,,,,,,,,,,,,,,,,,,,,,,,,,,,,,,,,,,1.000000e+00,1.099755e-01,1
5.650000e+01,SENSOR_TRACK_UPDATED,radar1,red,simple_radar,radar1.1,0.000000e+00,5.650000e+01,113,5.000000e-01,land,M,,,target1,TARGET,blue,3.806833e+01,-1.172333e+02,-4.00468707e-08,3.39929847e+06,-3.70547405e+06,3.91046733e+06,3.806944e+01,-1.172333e+02,1.52400000e+03,3.40005829e+06,-3.70630225e+06,3.91150394e+06,L,3,,B,,3.806944e+01,-1.172333e+02,1.52400000e+03,3.40005829e+06,-3.70630225e+06,3.91150394e+06,0.000000e+00,0.000000e+00,0.000000e+00,0.000000e+00,0.000000e+00,1.528983e+03,4.257712e-13,1.490027e+00,1.528983e+03,4.257712e-13,1.490027e+00,,,,,,,,0,,,
5.650000e+01,LOCAL_TRACK_UPDATED,radar1,red,radar1.2,0.000000e+00,5.650000e+01,113,5.000000e-01,land,P,,,target1,TARGET,blue,3.806833e+01,-1.172333e+02,-4.00468707e-08,3.39929847e+06,-3.70547405e+06,3.91046733e+06,3.806944e+01,-1.172333e+02,1.52400000e+03,3.40005829e+06,-3.70630225e+06,3.91150394e+06,L,3,,B,,3.806944e+01,-1.172333e+02,1.52400000e+03,3.40005829e+06,-3.70630225e+06,3.91150394e+06,0.000000e+00,0.000000e+00,0.000000e+00,0.000000e+00,0.000000e+00,1.528983e+03,4.257712e-13,1.490027e+00,1.528983e+03,4.257712e-13,1.490027e+00,,,,,,,,0,,,,radar1.1,simple_radar,WSF_GEOMETRIC_SENSOR,default
5.700000e+01,SENSOR_DETECTION_ATTEMPT,radar1,red,target1,simple_radar,default,1,,,,,,,,,,,,WSF_GEOMETRIC_SENSOR,3.806833e+01,-1.172333e+02,-4.00468707e-08,3.39943357e+06,-3.70535015e+06,3.91046729e+06,0.000000e+00,0.000000e+00,0.000000e+00,0.000000e+00,TARGET,3.806944e+01,-1.172333e+02,1.52400000e+03,3.40019342e+06,-3.70617832e+06,3.91150389e+06,0.000000e+00,0.000000e+00,0.000000e+00,0.000000e+00,,,,,,,,,,,,,,,,,,,,,1.528983e+03,4.265784e-13,1.490027e+00,,,1.528983e+03,3.141593e+00,-1.490047e+00,,,,,,,,,,,,,,,,,,,,,,,,,,,,,,,,,,,,,,,,,,,,,,,,,,,,,,,,,1.000000e+00,2.532979e-01,1
5.700000e+01,SENSOR_TRACK_UPDATED,radar1,red,simple_radar,radar1.1,0.000000e+00,5.700000e+01,114,5.000000e-01,land,M,,,target1,TARGET,blue,3.806833e+01,-1.172333e+02,-4.00468707e-08,3.39943357e+06,-3.70535015e+06,3.91046729e+06,3.806944e+01,-1.172333e+02,1.52400000e+03,3.40019342e+06,-3.70617832e+06,3.91150389e+06,L,3,,B,,3.806944e+01,-1.172333e+02,1.52400000e+03,3.40019342e+06,-3.70617832e+06,3.91150389e+06,0.000000e+00,0.000000e+00,0.000000e+00,0.000000e+00,0.000000e+00,1.528983e+03,4.257712e-13,1.490027e+00,1.528983e+03,4.257712e-13,1.490027e+00,,,,,,,,0,,,
5.700000e+01,LOCAL_TRACK_UPDATED,radar1,red,radar1.2,0.000000e+00,5.700000e+01,114,5.000000e-01,land,P,,,target1,TARGET,blue,3.806833e+01,-1.172333e+02,-4.00468707e-08,3.39943357e+06,-3.70535015e+06,3.91046729e+06,3.806944e+01,-1.172333e+02,1.52400000e+03,3.40019342e+06,-3.70617832e+06,3.91150389e+06,L,3,,B,,3.806944e+01,-1.172333e+02,1.52400000e+03,3.40019342e+06,-3.70617832e+06,3.91150389e+06,0.000000e+00,0.000000e+00,0.000000e+00,0.000000e+00,0.000000e+00,1.528983e+03,4.257712e-13,1.490027e+00,1.528983e+03,4.257712e-13,1.490027e+00,,,,,,,,0,,,,radar1.1,simple_radar,WSF_GEOMETRIC_SENSOR,default
5.750000e+01,SENSOR_DETECTION_ATTEMPT,radar1,red,target1,simple_radar,default,1,,,,,,,,,,,,WSF_GEOMETRIC_SENSOR,3.806833e+01,-1.172333e+02,-4.00468707e-08,3.39956867e+06,-3.70522624e+06,3.91046724e+06,0.000000e+00,0.000000e+00,0.000000e+00,0.000000e+00,TARGET,3.806944e+01,-1.172333e+02,1.52400000e+03,3.40032855e+06,-3.70605439e+06,3.91150385e+06,0.000000e+00,0.000000e+00,0.000000e+00,0.000000e+00,,,,,,,,,,,,,,,,,,,,,1.528983e+03,4.265784e-13,1.490027e+00,,,1.528983e+03,3.141593e+00,-1.490047e+00,,,,,,,,,,,,,,,,,,,,,,,,,,,,,,,,,,,,,,,,,,,,,,,,,,,,,,,,,1.000000e+00,1.690163e-01,1
5.750000e+01,SENSOR_TRACK_UPDATED,radar1,red,simple_radar,radar1.1,0.000000e+00,5.750000e+01,115,5.000000e-01,land,M,,,target1,TARGET,blue,3.806833e+01,-1.172333e+02,-4.00468707e-08,3.39956867e+06,-3.70522624e+06,3.91046724e+06,3.806944e+01,-1.172333e+02,1.52400000e+03,3.40032855e+06,-3.70605439e+06,3.91150385e+06,L,3,,B,,3.806944e+01,-1.172333e+02,1.52400000e+03,3.40032855e+06,-3.70605439e+06,3.91150385e+06,0.000000e+00,0.000000e+00,0.000000e+00,0.000000e+00,0.000000e+00,1.528983e+03,4.257712e-13,1.490027e+00,1.528983e+03,4.257712e-13,1.490027e+00,,,,,,,,0,,,
5.750000e+01,LOCAL_TRACK_UPDATED,radar1,red,radar1.2,0.000000e+00,5.750000e+01,115,5.000000e-01,land,P,,,target1,TARGET,blue,3.806833e+01,-1.172333e+02,-4.00468707e-08,3.39956867e+06,-3.70522624e+06,3.91046724e+06,3.806944e+01,-1.172333e+02,1.52400000e+03,3.40032855e+06,-3.70605439e+06,3.91150385e+06,L,3,,B,,3.806944e+01,-1.172333e+02,1.52400000e+03,3.40032855e+06,-3.70605439e+06,3.91150385e+06,0.000000e+00,0.000000e+00,0.000000e+00,0.000000e+00,0.000000e+00,1.528983e+03,4.257712e-13,1.490027e+00,1.528983e+03,4.257712e-13,1.490027e+00,,,,,,,,0,,,,radar1.1,simple_radar,WSF_GEOMETRIC_SENSOR,default
5.800000e+01,SENSOR_DETECTION_ATTEMPT,radar1,red,target1,simple_radar,default,1,,,,,,,,,,,,WSF_GEOMETRIC_SENSOR,3.806833e+01,-1.172333e+02,-4.00468707e-08,3.39970377e+06,-3.70510233e+06,3.91046720e+06,0.000000e+00,0.000000e+00,0.000000e+00,0.000000e+00,TARGET,3.806944e+01,-1.172333e+02,1.52400000e+03,3.40046368e+06,-3.70593045e+06,3.91150381e+06,0.000000e+00,0.000000e+00,0.000000e+00,0.000000e+00,,,,,,,,,,,,,,,,,,,,,1.528983e+03,4.265784e-13,1.490027e+00,,,1.528983e+03,3.141593e+00,-1.490047e+00,,,,,,,,,,,,,,,,,,,,,,,,,,,,,,,,,,,,,,,,,,,,,,,,,,,,,,,,,1.000000e+00,1.618070e-01,1
5.800000e+01,SENSOR_TRACK_UPDATED,radar1,red,simple_radar,radar1.1,0.000000e+00,5.800000e+01,116,5.000000e-01,land,M,,,target1,TARGET,blue,3.806833e+01,-1.172333e+02,-4.00468707e-08,3.39970377e+06,-3.70510233e+06,3.91046720e+06,3.806944e+01,-1.172333e+02,1.52400000e+03,3.40046368e+06,-3.70593045e+06,3.91150381e+06,L,3,,B,,3.806944e+01,-1.172333e+02,1.52400000e+03,3.40046368e+06,-3.70593045e+06,3.91150381e+06,0.000000e+00,0.000000e+00,0.000000e+00,0.000000e+00,0.000000e+00,1.528983e+03,4.257712e-13,1.490027e+00,1.528983e+03,4.257712e-13,1.490027e+00,,,,,,,,0,,,
5.800000e+01,LOCAL_TRACK_UPDATED,radar1,red,radar1.2,0.000000e+00,5.800000e+01,116,5.000000e-01,land,P,,,target1,TARGET,blue,3.806833e+01,-1.172333e+02,-4.00468707e-08,3.39970377e+06,-3.70510233e+06,3.91046720e+06,3.806944e+01,-1.172333e+02,1.52400000e+03,3.40046368e+06,-3.70593045e+06,3.91150381e+06,L,3,,B,,3.806944e+01,-1.172333e+02,1.52400000e+03,3.40046368e+06,-3.70593045e+06,3.91150381e+06,0.000000e+00,0.000000e+00,0.000000e+00,0.000000e+00,0.000000e+00,1.528983e+03,4.257712e-13,1.490027e+00,1.528983e+03,4.257712e-13,1.490027e+00,,,,,,,,0,,,,radar1.1,simple_radar,WSF_GEOMETRIC_SENSOR,default
5.850000e+01,SENSOR_DETECTION_ATTEMPT,radar1,red,target1,simple_radar,default,1,,,,,,,,,,,,WSF_GEOMETRIC_SENSOR,3.806833e+01,-1.172333e+02,-4.00468707e-08,3.39983886e+06,-3.70497842e+06,3.91046716e+06,0.000000e+00,0.000000e+00,0.000000e+00,0.000000e+00,TARGET,3.806944e+01,-1.172333e+02,1.52400000e+03,3.40059880e+06,-3.70580651e+06,3.91150376e+06,0.000000e+00,0.000000e+00,0.000000e+00,0.000000e+00,,,,,,,,,,,,,,,,,,,,,1.528983e+03,4.265784e-13,1.490027e+00,,,1.528983e+03,3.141593e+00,-1.490047e+00,,,,,,,,,,,,,,,,,,,,,,,,,,,,,,,,,,,,,,,,,,,,,,,,,,,,,,,,,1.000000e+00,1.091860e-01,1
5.850000e+01,SENSOR_TRACK_UPDATED,radar1,red,simple_radar,radar1.1,0.000000e+00,5.850000e+01,117,5.000000e-01,land,M,,,target1,TARGET,blue,3.806833e+01,-1.172333e+02,-4.00468707e-08,3.39983886e+06,-3.70497842e+06,3.91046716e+06,3.806944e+01,-1.172333e+02,1.52400000e+03,3.40059880e+06,-3.70580651e+06,3.91150376e+06,L,3,,B,,3.806944e+01,-1.172333e+02,1.52400000e+03,3.40059880e+06,-3.70580651e+06,3.91150376e+06,0.000000e+00,0.000000e+00,0.000000e+00,0.000000e+00,0.000000e+00,1.528983e+03,4.257712e-13,1.490027e+00,1.528983e+03,4.257712e-13,1.490027e+00,,,,,,,,0,,,
5.850000e+01,LOCAL_TRACK_UPDATED,radar1,red,radar1.2,0.000000e+00,5.850000e+01,117,5.000000e-01,land,P,,,target1,TARGET,blue,3.806833e+01,-1.172333e+02,-4.00468707e-08,3.39983886e+06,-3.70497842e+06,3.91046716e+06,3.806944e+01,-1.172333e+02,1.52400000e+03,3.40059880e+06,-3.70580651e+06,3.91150376e+06,L,3,,B,,3.806944e+01,-1.172333e+02,1.52400000e+03,3.40059880e+06,-3.70580651e+06,3.91150376e+06,0.000000e+00,0.000000e+00,0.000000e+00,0.000000e+00,0.000000e+00,1.528983e+03,4.257712e-13,1.490027e+00,1.528983e+03,4.257712e-13,1.490027e+00,,,,,,,,0,,,,radar1.1,simple_radar,WSF_GEOMETRIC_SENSOR,default
5.900000e+01,SENSOR_DETECTION_ATTEMPT,radar1,red,target1,simple_radar,default,1,,,,,,,,,,,,WSF_GEOMETRIC_SENSOR,3.806833e+01,-1.172333e+02,-4.00468707e-08,3.39997395e+06,-3.70485450e+06,3.91046711e+06,0.000000e+00,0.000000e+00,0.000000e+00,0.000000e+00,TARGET,3.806944e+01,-1.172333e+02,1.52400000e+03,3.40073392e+06,-3.70568256e+06,3.91150372e+06,0.000000e+00,0.000000e+00,0.000000e+00,0.000000e+00,,,,,,,,,,,,,,,,,,,,,1.528983e+03,4.265784e-13,1.490027e+00,,,1.528983e+03,3.141593e+00,-1.490047e+00,,,,,,,,,,,,,,,,,,,,,,,,,,,,,,,,,,,,,,,,,,,,,,,,,,,,,,,,,1.000000e+00,7.318698e-01,1
5.900000e+01,SENSOR_TRACK_UPDATED,radar1,red,simple_radar,radar1.1,0.000000e+00,5.900000e+01,118,5.000000e-01,land,M,,,target1,TARGET,blue,3.806833e+01,-1.172333e+02,-4.00468707e-08,3.39997395e+06,-3.70485450e+06,3.91046711e+06,3.806944e+01,-1.172333e+02,1.52400000e+03,3.40073392e+06,-3.70568256e+06,3.91150372e+06,L,3,,B,,3.806944e+01,-1.172333e+02,1.52400000e+03,3.40073392e+06,-3.70568256e+06,3.91150372e+06,0.000000e+00,0.000000e+00,0.000000e+00,0.000000e+00,0.000000e+00,1.528983e+03,4.257712e-13,1.490027e+00,1.528983e+03,4.257712e-13,1.490027e+00,,,,,,,,0,,,
5.900000e+01,LOCAL_TRACK_UPDATED,radar1,red,radar1.2,0.000000e+00,5.900000e+01,118,5.000000e-01,land,P,,,target1,TARGET,blue,3.806833e+01,-1.172333e+02,-4.00468707e-08,3.39997395e+06,-3.70485450e+06,3.91046711e+06,3.806944e+01,-1.172333e+02,1.52400000e+03,3.40073392e+06,-3.70568256e+06,3.91150372e+06,L,3,,B,,3.806944e+01,-1.172333e+02,1.52400000e+03,3.40073392e+06,-3.70568256e+06,3.91150372e+06,0.000000e+00,0.000000e+00,0.000000e+00,0.000000e+00,0.000000e+00,1.528983e+03,4.257712e-13,1.490027e+00,1.528983e+03,4.257712e-13,1.490027e+00,,,,,,,,0,,,,radar1.1,simple_radar,WSF_GEOMETRIC_SENSOR,default
5.950000e+01,SENSOR_DETECTION_ATTEMPT,radar1,red,target1,simple_radar,default,1,,,,,,,,,,,,WSF_GEOMETRIC_SENSOR,3.806833e+01,-1.172333e+02,-4.00468707e-08,3.40010903e+06,-3.70473057e+06,3.91046707e+06,0.000000e+00,0.000000e+00,0.000000e+00,0.000000e+00,TARGET,3.806944e+01,-1.172333e+02,1.52400000e+03,3.40086903e+06,-3.70555861e+06,3.91150368e+06,0.000000e+00,0.000000e+00,0.000000e+00,0.000000e+00,,,,,,,,,,,,,,,,,,,,,1.528983e+03,4.265784e-13,1.490027e+00,,,1.528983e+03,3.141593e+00,-1.490047e+00,,,,,,,,,,,,,,,,,,,,,,,,,,,,,,,,,,,,,,,,,,,,,,,,,,,,,,,,,1.000000e+00,1.042256e-01,1
5.950000e+01,SENSOR_TRACK_UPDATED,radar1,red,simple_radar,radar1.1,0.000000e+00,5.950000e+01,119,5.000000e-01,land,M,,,target1,TARGET,blue,3.806833e+01,-1.172333e+02,-4.00468707e-08,3.40010903e+06,-3.70473057e+06,3.91046707e+06,3.806944e+01,-1.172333e+02,1.52400000e+03,3.40086903e+06,-3.70555861e+06,3.91150368e+06,L,3,,B,,3.806944e+01,-1.172333e+02,1.52400000e+03,3.40086903e+06,-3.70555861e+06,3.91150368e+06,0.000000e+00,0.000000e+00,0.000000e+00,0.000000e+00,0.000000e+00,1.528983e+03,4.257712e-13,1.490027e+00,1.528983e+03,4.257712e-13,1.490027e+00,,,,,,,,0,,,
5.950000e+01,LOCAL_TRACK_UPDATED,radar1,red,radar1.2,0.000000e+00,5.950000e+01,119,5.000000e-01,land,P,,,target1,TARGET,blue,3.806833e+01,-1.172333e+02,-4.00468707e-08,3.40010903e+06,-3.70473057e+06,3.91046707e+06,3.806944e+01,-1.172333e+02,1.52400000e+03,3.40086903e+06,-3.70555861e+06,3.91150368e+06,L,3,,B,,3.806944e+01,-1.172333e+02,1.52400000e+03,3.40086903e+06,-3.70555861e+06,3.91150368e+06,0.000000e+00,0.000000e+00,0.000000e+00,0.000000e+00,0.000000e+00,1.528983e+03,4.257712e-13,1.490027e+00,1.528983e+03,4.257712e-13,1.490027e+00,,,,,,,,0,,,,radar1.1,simple_radar,WSF_GEOMETRIC_SENSOR,default
6.000000e+01,SENSOR_DETECTION_ATTEMPT,radar1,red,target1,simple_radar,default,1,,,,,,,,,,,,WSF_GEOMETRIC_SENSOR,3.806833e+01,-1.172333e+02,-4.00468707e-08,3.40024410e+06,-3.70460664e+06,3.91046703e+06,0.000000e+00,0.000000e+00,0.000000e+00,0.000000e+00,TARGET,3.806944e+01,-1.172333e+02,1.52400000e+03,3.40100414e+06,-3.70543465e+06,3.91150363e+06,0.000000e+00,0.000000e+00,0.000000e+00,0.000000e+00,,,,,,,,,,,,,,,,,,,,,1.528983e+03,4.265784e-13,1.490027e+00,,,1.528983e+03,3.141593e+00,-1.490047e+00,,,,,,,,,,,,,,,,,,,,,,,,,,,,,,,,,,,,,,,,,,,,,,,,,,,,,,,,,1.000000e+00,6.207142e-02,1
6.000000e+01,SENSOR_TRACK_UPDATED,radar1,red,simple_radar,radar1.1,0.000000e+00,6.000000e+01,120,5.000000e-01,land,M,,,target1,TARGET,blue,3.806833e+01,-1.172333e+02,-4.00468707e-08,3.40024411e+06,-3.70460664e+06,3.91046703e+06,3.806944e+01,-1.172333e+02,1.52400000e+03,3.40100414e+06,-3.70543465e+06,3.91150363e+06,L,3,,B,,3.806944e+01,-1.172333e+02,1.52400000e+03,3.40100414e+06,-3.70543465e+06,3.91150363e+06,0.000000e+00,0.000000e+00,0.000000e+00,0.000000e+00,0.000000e+00,1.528983e+03,4.257712e-13,1.490027e+00,1.528983e+03,4.257712e-13,1.490027e+00,,,,,,,,0,,,
6.000000e+01,LOCAL_TRACK_UPDATED,radar1,red,radar1.2,0.000000e+00,6.000000e+01,120,5.000000e-01,land,P,,,target1,TARGET,blue,3.806833e+01,-1.172333e+02,-4.00468707e-08,3.40024411e+06,-3.70460664e+06,3.91046703e+06,3.806944e+01,-1.172333e+02,1.52400000e+03,3.40100414e+06,-3.70543465e+06,3.91150363e+06,L,3,,B,,3.806944e+01,-1.172333e+02,1.52400000e+03,3.40100414e+06,-3.70543465e+06,3.91150363e+06,0.000000e+00,0.000000e+00,0.000000e+00,0.000000e+00,0.000000e+00,1.528983e+03,4.257712e-13,1.490027e+00,1.528983e+03,4.257712e-13,1.490027e+00,,,,,,,,0,,,,radar1.1,simple_radar,WSF_GEOMETRIC_SENSOR,default
6.050000e+01,SENSOR_DETECTION_ATTEMPT,radar1,red,target1,simple_radar,default,1,,,,,,,,,,,,WSF_GEOMETRIC_SENSOR,3.806833e+01,-1.172333e+02,-4.00468707e-08,3.40037918e+06,-3.70448271e+06,3.91046698e+06,0.000000e+00,0.000000e+00,0.000000e+00,0.000000e+00,TARGET,3.806944e+01,-1.172333e+02,1.52400000e+03,3.40113924e+06,-3.70531069e+06,3.91150359e+06,0.000000e+00,0.000000e+00,0.000000e+00,0.000000e+00,,,,,,,,,,,,,,,,,,,,,1.528983e+03,4.265784e-13,1.490027e+00,,,1.528983e+03,3.141593e+00,-1.490047e+00,,,,,,,,,,,,,,,,,,,,,,,,,,,,,,,,,,,,,,,,,,,,,,,,,,,,,,,,,1.000000e+00,5.819335e-01,1
6.050000e+01,SENSOR_TRACK_UPDATED,radar1,red,simple_radar,radar1.1,0.000000e+00,6.050000e+01,121,5.000000e-01,land,M,,,target1,TARGET,blue,3.806833e+01,-1.172333e+02,-4.00468707e-08,3.40037918e+06,-3.70448271e+06,3.91046698e+06,3.806944e+01,-1.172333e+02,1.52400000e+03,3.40113924e+06,-3.70531069e+06,3.91150359e+06,L,3,,B,,3.806944e+01,-1.172333e+02,1.52400000e+03,3.40113924e+06,-3.70531069e+06,3.91150359e+06,0.000000e+00,0.000000e+00,0.000000e+00,0.000000e+00,0.000000e+00,1.528983e+03,4.257712e-13,1.490027e+00,1.528983e+03,4.257712e-13,1.490027e+00,,,,,,,,0,,,
6.050000e+01,LOCAL_TRACK_UPDATED,radar1,red,radar1.2,0.000000e+00,6.050000e+01,121,5.000000e-01,land,P,,,target1,TARGET,blue,3.806833e+01,-1.172333e+02,-4.00468707e-08,3.40037918e+06,-3.70448271e+06,3.91046698e+06,3.806944e+01,-1.172333e+02,1.52400000e+03,3.40113924e+06,-3.70531069e+06,3.91150359e+06,L,3,,B,,3.806944e+01,-1.172333e+02,1.52400000e+03,3.40113924e+06,-3.70531069e+06,3.91150359e+06,0.000000e+00,0.000000e+00,0.000000e+00,0.000000e+00,0.000000e+00,1.528983e+03,4.257712e-13,1.490027e+00,1.528983e+03,4.257712e-13,1.490027e+00,,,,,,,,0,,,,radar1.1,simple_radar,WSF_GEOMETRIC_SENSOR,default
6.100000e+01,SENSOR_DETECTION_ATTEMPT,radar1,red,target1,simple_radar,default,1,,,,,,,,,,,,WSF_GEOMETRIC_SENSOR,3.806833e+01,-1.172333e+02,-4.00468707e-08,3.40051425e+06,-3.70435877e+06,3.91046694e+06,0.000000e+00,0.000000e+00,0.000000e+00,0.000000e+00,TARGET,3.806944e+01,-1.172333e+02,1.52400000e+03,3.40127434e+06,-3.70518672e+06,3.91150355e+06,0.000000e+00,0.000000e+00,0.000000e+00,0.000000e+00,,,,,,,,,,,,,,,,,,,,,1.528983e+03,4.265784e-13,1.490027e+00,,,1.528983e+03,3.141593e+00,-1.490047e+00,,,,,,,,,,,,,,,,,,,,,,,,,,,,,,,,,,,,,,,,,,,,,,,,,,,,,,,,,1.000000e+00,3.956590e-01,1
6.100000e+01,SENSOR_TRACK_UPDATED,radar1,red,simple_radar,radar1.1,0.000000e+00,6.100000e+01,122,5.000000e-01,land,M,,,target1,TARGET,blue,3.806833e+01,-1.172333e+02,-4.00468707e-08,3.40051425e+06,-3.70435877e+06,3.91046694e+06,3.806944e+01,-1.172333e+02,1.52400000e+03,3.40127434e+06,-3.70518672e+06,3.91150355e+06,L,3,,B,,3.806944e+01,-1.172333e+02,1.52400000e+03,3.40127434e+06,-3.70518672e+06,3.91150355e+06,0.000000e+00,0.000000e+00,0.000000e+00,0.000000e+00,0.000000e+00,1.528983e+03,4.257712e-13,1.490027e+00,1.528983e+03,4.257712e-13,1.490027e+00,,,,,,,,0,,,
6.100000e+01,LOCAL_TRACK_UPDATED,radar1,red,radar1.2,0.000000e+00,6.100000e+01,122,5.000000e-01,land,P,,,target1,TARGET,blue,3.806833e+01,-1.172333e+02,-4.00468707e-08,3.40051425e+06,-3.70435877e+06,3.91046694e+06,3.806944e+01,-1.172333e+02,1.52400000e+03,3.40127434e+06,-3.70518672e+06,3.91150355e+06,L,3,,B,,3.806944e+01,-1.172333e+02,1.52400000e+03,3.40127434e+06,-3.70518672e+06,3.91150355e+06,0.000000e+00,0.000000e+00,0.000000e+00,0.000000e+00,0.000000e+00,1.528983e+03,4.257712e-13,1.490027e+00,1.528983e+03,4.257712e-13,1.490027e+00,,,,,,,,0,,,,radar1.1,simple_radar,WSF_GEOMETRIC_SENSOR,default
6.150000e+01,SENSOR_DETECTION_ATTEMPT,radar1,red,target1,simple_radar,default,1,,,,,,,,,,,,WSF_GEOMETRIC_SENSOR,3.806833e+01,-1.172333e+02,-4.00468707e-08,3.40064931e+06,-3.70423483e+06,3.91046690e+06,0.000000e+00,0.000000e+00,0.000000e+00,0.000000e+00,TARGET,3.806944e+01,-1.172333e+02,1.52400000e+03,3.40140943e+06,-3.70506275e+06,3.91150350e+06,0.000000e+00,0.000000e+00,0.000000e+00,0.000000e+00,,,,,,,,,,,,,,,,,,,,,1.528983e+03,4.265784e-13,1.490027e+00,,,1.528983e+03,3.141593e+00,-1.490047e+00,,,,,,,,,,,,,,,,,,,,,,,,,,,,,,,,,,,,,,,,,,,,,,,,,,,,,,,,,1.000000e+00,5.964889e-01,1
6.150000e+01,SENSOR_TRACK_UPDATED,radar1,red,simple_radar,radar1.1,0.000000e+00,6.150000e+01,123,5.000000e-01,land,M,,,target1,TARGET,blue,3.806833e+01,-1.172333e+02,-4.00468707e-08,3.40064931e+06,-3.70423483e+06,3.91046690e+06,3.806944e+01,-1.172333e+02,1.52400000e+03,3.40140943e+06,-3.70506275e+06,3.91150350e+06,L,3,,B,,3.806944e+01,-1.172333e+02,1.52400000e+03,3.40140943e+06,-3.70506275e+06,3.91150350e+06,0.000000e+00,0.000000e+00,0.000000e+00,0.000000e+00,0.000000e+00,1.528983e+03,4.257712e-13,1.490027e+00,1.528983e+03,4.257712e-13,1.490027e+00,,,,,,,,0,,,
6.150000e+01,LOCAL_TRACK_UPDATED,radar1,red,radar1.2,0.000000e+00,6.150000e+01,123,5.000000e-01,land,P,,,target1,TARGET,blue,3.806833e+01,-1.172333e+02,-4.00468707e-08,3.40064931e+06,-3.70423483e+06,3.91046690e+06,3.806944e+01,-1.172333e+02,1.52400000e+03,3.40140943e+06,-3.70506275e+06,3.91150350e+06,L,3,,B,,3.806944e+01,-1.172333e+02,1.52400000e+03,3.40140943e+06,-3.70506275e+06,3.91150350e+06,0.000000e+00,0.000000e+00,0.000000e+00,0.000000e+00,0.000000e+00,1.528983e+03,4.257712e-13,1.490027e+00,1.528983e+03,4.257712e-13,1.490027e+00,,,,,,,,0,,,,radar1.1,simple_radar,WSF_GEOMETRIC_SENSOR,default
6.200000e+01,SENSOR_DETECTION_ATTEMPT,radar1,red,target1,simple_radar,default,1,,,,,,,,,,,,WSF_GEOMETRIC_SENSOR,3.806833e+01,-1.172333e+02,-4.00468707e-08,3.40078437e+06,-3.70411088e+06,3.91046686e+06,0.000000e+00,0.000000e+00,0.000000e+00,0.000000e+00,TARGET,3.806944e+01,-1.172333e+02,1.52400000e+03,3.40154452e+06,-3.70493877e+06,3.91150346e+06,0.000000e+00,0.000000e+00,0.000000e+00,0.000000e+00,,,,,,,,,,,,,,,,,,,,,1.528983e+03,4.265784e-13,1.490027e+00,,,1.528983e+03,3.141593e+00,-1.490047e+00,,,,,,,,,,,,,,,,,,,,,,,,,,,,,,,,,,,,,,,,,,,,,,,,,,,,,,,,,1.000000e+00,5.540776e-01,1
6.200000e+01,SENSOR_TRACK_UPDATED,radar1,red,simple_radar,radar1.1,0.000000e+00,6.200000e+01,124,5.000000e-01,land,M,,,target1,TARGET,blue,3.806833e+01,-1.172333e+02,-4.00468707e-08,3.40078437e+06,-3.70411088e+06,3.91046685e+06,3.806944e+01,-1.172333e+02,1.52400000e+03,3.40154452e+06,-3.70493877e+06,3.91150346e+06,L,3,,B,,3.806944e+01,-1.172333e+02,1.52400000e+03,3.40154452e+06,-3.70493877e+06,3.91150346e+06,0.000000e+00,0.000000e+00,0.000000e+00,0.000000e+00,0.000000e+00,1.528983e+03,4.257712e-13,1.490027e+00,1.528983e+03,4.257712e-13,1.490027e+00,,,,,,,,0,,,
6.200000e+01,LOCAL_TRACK_UPDATED,radar1,red,radar1.2,0.000000e+00,6.200000e+01,124,5.000000e-01,land,P,,,target1,TARGET,blue,3.806833e+01,-1.172333e+02,-4.00468707e-08,3.40078437e+06,-3.70411088e+06,3.91046685e+06,3.806944e+01,-1.172333e+02,1.52400000e+03,3.40154452e+06,-3.70493877e+06,3.91150346e+06,L,3,,B,,3.806944e+01,-1.172333e+02,1.52400000e+03,3.40154452e+06,-3.70493877e+06,3.91150346e+06,0.000000e+00,0.000000e+00,0.000000e+00,0.000000e+00,0.000000e+00,1.528983e+03,4.257712e-13,1.490027e+00,1.528983e+03,4.257712e-13,1.490027e+00,,,,,,,,0,,,,radar1.1,simple_radar,WSF_GEOMETRIC_SENSOR,default
6.250000e+01,SENSOR_DETECTION_ATTEMPT,radar1,red,target1,simple_radar,default,1,,,,,,,,,,,,WSF_GEOMETRIC_SENSOR,3.806833e+01,-1.172333e+02,-4.00468707e-08,3.40091942e+06,-3.70398692e+06,3.91046681e+06,0.000000e+00,0.000000e+00,0.000000e+00,0.000000e+00,TARGET,3.806944e+01,-1.172333e+02,1.52400000e+03,3.40167960e+06,-3.70481479e+06,3.91150342e+06,0.000000e+00,0.000000e+00,0.000000e+00,0.000000e+00,,,,,,,,,,,,,,,,,,,,,1.528983e+03,4.265784e-13,1.490027e+00,,,1.528983e+03,3.141593e+00,-1.490047e+00,,,,,,,,,,,,,,,,,,,,,,,,,,,,,,,,,,,,,,,,,,,,,,,,,,,,,,,,,1.000000e+00,6.903772e-01,1
6.250000e+01,SENSOR_TRACK_UPDATED,radar1,red,simple_radar,radar1.1,0.000000e+00,6.250000e+01,125,5.000000e-01,land,M,,,target1,TARGET,blue,3.806833e+01,-1.172333e+02,-4.00468707e-08,3.40091942e+06,-3.70398692e+06,3.91046681e+06,3.806944e+01,-1.172333e+02,1.52400000e+03,3.40167961e+06,-3.70481479e+06,3.91150342e+06,L,3,,B,,3.806944e+01,-1.172333e+02,1.52400000e+03,3.40167960e+06,-3.70481479e+06,3.91150342e+06,0.000000e+00,0.000000e+00,0.000000e+00,0.000000e+00,0.000000e+00,1.528983e+03,4.257712e-13,1.490027e+00,1.528983e+03,4.257712e-13,1.490027e+00,,,,,,,,0,,,
6.250000e+01,LOCAL_TRACK_UPDATED,radar1,red,radar1.2,0.000000e+00,6.250000e+01,125,5.000000e-01,land,P,,,target1,TARGET,blue,3.806833e+01,-1.172333e+02,-4.00468707e-08,3.40091942e+06,-3.70398692e+06,3.91046681e+06,3.806944e+01,-1.172333e+02,1.52400000e+03,3.40167961e+06,-3.70481479e+06,3.91150342e+06,L,3,,B,,3.806944e+01,-1.172333e+02,1.52400000e+03,3.40167960e+06,-3.70481479e+06,3.91150342e+06,0.000000e+00,0.000000e+00,0.000000e+00,0.000000e+00,0.000000e+00,1.528983e+03,4.257712e-13,1.490027e+00,1.528983e+03,4.257712e-13,1.490027e+00,,,,,,,,0,,,,radar1.1,simple_radar,WSF_GEOMETRIC_SENSOR,default
6.300000e+01,SENSOR_DETECTION_ATTEMPT,radar1,red,target1,simple_radar,default,1,,,,,,,,,,,,WSF_GEOMETRIC_SENSOR,3.806833e+01,-1.172333e+02,-4.00468707e-08,3.40105447e+06,-3.70386296e+06,3.91046677e+06,0.000000e+00,0.000000e+00,0.000000e+00,0.000000e+00,TARGET,3.806944e+01,-1.172333e+02,1.52400000e+03,3.40181469e+06,-3.70469080e+06,3.91150337e+06,0.000000e+00,0.000000e+00,0.000000e+00,0.000000e+00,,,,,,,,,,,,,,,,,,,,,1.528983e+03,4.265784e-13,1.490027e+00,,,1.528983e+03,3.141593e+00,-1.490047e+00,,,,,,,,,,,,,,,,,,,,,,,,,,,,,,,,,,,,,,,,,,,,,,,,,,,,,,,,,1.000000e+00,1.903352e-01,1
6.300000e+01,SENSOR_TRACK_UPDATED,radar1,red,simple_radar,radar1.1,0.000000e+00,6.300000e+01,126,5.000000e-01,land,M,,,target1,TARGET,blue,3.806833e+01,-1.172333e+02,-4.00468707e-08,3.40105447e+06,-3.70386297e+06,3.91046677e+06,3.806944e+01,-1.172333e+02,1.52400000e+03,3.40181469e+06,-3.70469080e+06,3.91150337e+06,L,3,,B,,3.806944e+01,-1.172333e+02,1.52400000e+03,3.40181469e+06,-3.70469080e+06,3.91150337e+06,0.000000e+00,0.000000e+00,0.000000e+00,0.000000e+00,0.000000e+00,1.528983e+03,4.257712e-13,1.490027e+00,1.528983e+03,4.257712e-13,1.490027e+00,,,,,,,,0,,,
6.300000e+01,LOCAL_TRACK_UPDATED,radar1,red,radar1.2,0.000000e+00,6.300000e+01,126,5.000000e-01,land,P,,,target1,TARGET,blue,3.806833e+01,-1.172333e+02,-4.00468707e-08,3.40105447e+06,-3.70386297e+06,3.91046677e+06,3.806944e+01,-1.172333e+02,1.52400000e+03,3.40181469e+06,-3.70469080e+06,3.91150337e+06,L,3,,B,,3.806944e+01,-1.172333e+02,1.52400000e+03,3.40181469e+06,-3.70469080e+06,3.91150337e+06,0.000000e+00,0.000000e+00,0.000000e+00,0.000000e+00,0.000000e+00,1.528983e+03,4.257712e-13,1.490027e+00,1.528983e+03,4.257712e-13,1.490027e+00,,,,,,,,0,,,,radar1.1,simple_radar,WSF_GEOMETRIC_SENSOR,default
6.350000e+01,SENSOR_DETECTION_ATTEMPT,radar1,red,target1,simple_radar,default,1,,,,,,,,,,,,WSF_GEOMETRIC_SENSOR,3.806833e+01,-1.172333e+02,-4.00468707e-08,3.40118952e+06,-3.70373900e+06,3.91046673e+06,0.000000e+00,0.000000e+00,0.000000e+00,0.000000e+00,TARGET,3.806944e+01,-1.172333e+02,1.52400000e+03,3.40194976e+06,-3.70456681e+06,3.91150333e+06,0.000000e+00,0.000000e+00,0.000000e+00,0.000000e+00,,,,,,,,,,,,,,,,,,,,,1.528983e+03,4.265784e-13,1.490027e+00,,,1.528983e+03,3.141593e+00,-1.490047e+00,,,,,,,,,,,,,,,,,,,,,,,,,,,,,,,,,,,,,,,,,,,,,,,,,,,,,,,,,1.000000e+00,4.537014e-01,1
6.350000e+01,SENSOR_TRACK_UPDATED,radar1,red,simple_radar,radar1.1,0.000000e+00,6.350000e+01,127,5.000000e-01,land,M,,,target1,TARGET,blue,3.806833e+01,-1.172333e+02,-4.00468707e-08,3.40118952e+06,-3.70373900e+06,3.91046672e+06,3.806944e+01,-1.172333e+02,1.52400000e+03,3.40194976e+06,-3.70456681e+06,3.91150333e+06,L,3,,B,,3.806944e+01,-1.172333e+02,1.52400000e+03,3.40194976e+06,-3.70456681e+06,3.91150333e+06,0.000000e+00,0.000000e+00,0.000000e+00,0.000000e+00,0.000000e+00,1.528983e+03,4.257712e-13,1.490027e+00,1.528983e+03,4.257712e-13,1.490027e+00,,,,,,,,0,,,
6.350000e+01,LOCAL_TRACK_UPDATED,radar1,red,radar1.2,0.000000e+00,6.350000e+01,127,5.000000e-01,land,P,,,target1,TARGET,blue,3.806833e+01,-1.172333e+02,-4.00468707e-08,3.40118952e+06,-3.70373900e+06,3.91046672e+06,3.806944e+01,-1.172333e+02,1.52400000e+03,3.40194976e+06,-3.70456681e+06,3.91150333e+06,L,3,,B,,3.806944e+01,-1.172333e+02,1.52400000e+03,3.40194976e+06,-3.70456681e+06,3.91150333e+06,0.000000e+00,0.000000e+00,0.000000e+00,0.000000e+00,0.000000e+00,1.528983e+03,4.257712e-13,1.490027e+00,1.528983e+03,4.257712e-13,1.490027e+00,,,,,,,,0,,,,radar1.1,simple_radar,WSF_GEOMETRIC_SENSOR,default
6.400000e+01,SENSOR_DETECTION_ATTEMPT,radar1,red,target1,simple_radar,default,1,,,,,,,,,,,,WSF_GEOMETRIC_SENSOR,3.806833e+01,-1.172333e+02,-4.00468707e-08,3.40132456e+06,-3.70361503e+06,3.91046668e+06,0.000000e+00,0.000000e+00,0.000000e+00,0.000000e+00,TARGET,3.806944e+01,-1.172333e+02,1.52400000e+03,3.40208483e+06,-3.70444282e+06,3.91150329e+06,0.000000e+00,0.000000e+00,0.000000e+00,0.000000e+00,,,,,,,,,,,,,,,,,,,,,1.528983e+03,4.265784e-13,1.490027e+00,,,1.528983e+03,3.141593e+00,-1.490047e+00,,,,,,,,,,,,,,,,,,,,,,,,,,,,,,,,,,,,,,,,,,,,,,,,,,,,,,,,,1.000000e+00,5.922051e-01,1
6.400000e+01,SENSOR_TRACK_UPDATED,radar1,red,simple_radar,radar1.1,0.000000e+00,6.400000e+01,128,5.000000e-01,land,M,,,target1,TARGET,blue,3.806833e+01,-1.172333e+02,-4.00468707e-08,3.40132456e+06,-3.70361503e+06,3.91046668e+06,3.806944e+01,-1.172333e+02,1.52400000e+03,3.40208483e+06,-3.70444282e+06,3.91150329e+06,L,3,,B,,3.806944e+01,-1.172333e+02,1.52400000e+03,3.40208483e+06,-3.70444282e+06,3.91150329e+06,0.000000e+00,0.000000e+00,0.000000e+00,0.000000e+00,0.000000e+00,1.528983e+03,4.257712e-13,1.490027e+00,1.528983e+03,4.257712e-13,1.490027e+00,,,,,,,,0,,,
6.400000e+01,LOCAL_TRACK_UPDATED,radar1,red,radar1.2,0.000000e+00,6.400000e+01,128,5.000000e-01,land,P,,,target1,TARGET,blue,3.806833e+01,-1.172333e+02,-4.00468707e-08,3.40132456e+06,-3.70361503e+06,3.91046668e+06,3.806944e+01,-1.172333e+02,1.52400000e+03,3.40208483e+06,-3.70444282e+06,3.91150329e+06,L,3,,B,,3.806944e+01,-1.172333e+02,1.52400000e+03,3.40208483e+06,-3.70444282e+06,3.91150329e+06,0.000000e+00,0.000000e+00,0.000000e+00,0.000000e+00,0.000000e+00,1.528983e+03,4.257712e-13,1.490027e+00,1.528983e+03,4.257712e-13,1.490027e+00,,,,,,,,0,,,,radar1.1,simple_radar,WSF_GEOMETRIC_SENSOR,default
6.450000e+01,SENSOR_DETECTION_ATTEMPT,radar1,red,target1,simple_radar,default,1,,,,,,,,,,,,WSF_GEOMETRIC_SENSOR,3.806833e+01,-1.172333e+02,-4.00468707e-08,3.40145960e+06,-3.70349106e+06,3.91046664e+06,0.000000e+00,0.000000e+00,0.000000e+00,0.000000e+00,TARGET,3.806944e+01,-1.172333e+02,1.52400000e+03,3.40221990e+06,-3.70431882e+06,3.91150324e+06,0.000000e+00,0.000000e+00,0.000000e+00,0.000000e+00,,,,,,,,,,,,,,,,,,,,,1.528983e+03,4.265784e-13,1.490027e+00,,,1.528983e+03,3.141593e+00,-1.490047e+00,,,,,,,,,,,,,,,,,,,,,,,,,,,,,,,,,,,,,,,,,,,,,,,,,,,,,,,,,1.000000e+00,6.678469e-02,1
6.450000e+01,SENSOR_TRACK_UPDATED,radar1,red,simple_radar,radar1.1,0.000000e+00,6.450000e+01,129,5.000000e-01,land,M,,,target1,TARGET,blue,3.806833e+01,-1.172333e+02,-4.00468707e-08,3.40145960e+06,-3.70349106e+06,3.91046664e+06,3.806944e+01,-1.172333e+02,1.52400000e+03,3.40221990e+06,-3.70431882e+06,3.91150324e+06,L,3,,B,,3.806944e+01,-1.172333e+02,1.52400000e+03,3.40221990e+06,-3.70431882e+06,3.91150324e+06,0.000000e+00,0.000000e+00,0.000000e+00,0.000000e+00,0.000000e+00,1.528983e+03,4.257712e-13,1.490027e+00,1.528983e+03,4.257712e-13,1.490027e+00,,,,,,,,0,,,
6.450000e+01,LOCAL_TRACK_UPDATED,radar1,red,radar1.2,0.000000e+00,6.450000e+01,129,5.000000e-01,land,P,,,target1,TARGET,blue,3.806833e+01,-1.172333e+02,-4.00468707e-08,3.40145960e+06,-3.70349106e+06,3.91046664e+06,3.806944e+01,-1.172333e+02,1.52400000e+03,3.40221990e+06,-3.70431882e+06,3.91150324e+06,L,3,,B,,3.806944e+01,-1.172333e+02,1.52400000e+03,3.40221990e+06,-3.70431882e+06,3.91150324e+06,0.000000e+00,0.000000e+00,0.000000e+00,0.000000e+00,0.000000e+00,1.528983e+03,4.257712e-13,1.490027e+00,1.528983e+03,4.257712e-13,1.490027e+00,,,,,,,,0,,,,radar1.1,simple_radar,WSF_GEOMETRIC_SENSOR,default
6.500000e+01,SENSOR_DETECTION_ATTEMPT,radar1,red,target1,simple_radar,default,1,,,,,,,,,,,,WSF_GEOMETRIC_SENSOR,3.806833e+01,-1.172333e+02,-4.00468707e-08,3.40159463e+06,-3.70336708e+06,3.91046660e+06,0.000000e+00,0.000000e+00,0.000000e+00,0.000000e+00,TARGET,3.806944e+01,-1.172333e+02,1.52400000e+03,3.40235496e+06,-3.70419481e+06,3.91150320e+06,0.000000e+00,0.000000e+00,0.000000e+00,0.000000e+00,,,,,,,,,,,,,,,,,,,,,1.528983e+03,4.265784e-13,1.490027e+00,,,1.528983e+03,3.141593e+00,-1.490047e+00,,,,,,,,,,,,,,,,,,,,,,,,,,,,,,,,,,,,,,,,,,,,,,,,,,,,,,,,,1.000000e+00,6.580073e-01,1
6.500000e+01,SENSOR_TRACK_UPDATED,radar1,red,simple_radar,radar1.1,0.000000e+00,6.500000e+01,130,5.000000e-01,land,M,,,target1,TARGET,blue,3.806833e+01,-1.172333e+02,-4.00468707e-08,3.40159463e+06,-3.70336708e+06,3.91046659e+06,3.806944e+01,-1.172333e+02,1.52400000e+03,3.40235496e+06,-3.70419481e+06,3.91150320e+06,L,3,,B,,3.806944e+01,-1.172333e+02,1.52400000e+03,3.40235496e+06,-3.70419481e+06,3.91150320e+06,0.000000e+00,0.000000e+00,0.000000e+00,0.000000e+00,0.000000e+00,1.528983e+03,4.257712e-13,1.490027e+00,1.528983e+03,4.257712e-13,1.490027e+00,,,,,,,,0,,,
6.500000e+01,LOCAL_TRACK_UPDATED,radar1,red,radar1.2,0.000000e+00,6.500000e+01,130,5.000000e-01,land,P,,,target1,TARGET,blue,3.806833e+01,-1.172333e+02,-4.00468707e-08,3.40159463e+06,-3.70336708e+06,3.91046659e+06,3.806944e+01,-1.172333e+02,1.52400000e+03,3.40235496e+06,-3.70419481e+06,3.91150320e+06,L,3,,B,,3.806944e+01,-1.172333e+02,1.52400000e+03,3.40235496e+06,-3.70419481e+06,3.91150320e+06,0.000000e+00,0.000000e+00,0.000000e+00,0.000000e+00,0.000000e+00,1.528983e+03,4.257712e-13,1.490027e+00,1.528983e+03,4.257712e-13,1.490027e+00,,,,,,,,0,,,,radar1.1,simple_radar,WSF_GEOMETRIC_SENSOR,default
6.550000e+01,SENSOR_DETECTION_ATTEMPT,radar1,red,target1,simple_radar,default,1,,,,,,,,,,,,WSF_GEOMETRIC_SENSOR,3.806833e+01,-1.172333e+02,-4.00468707e-08,3.40172966e+06,-3.70324310e+06,3.91046655e+06,0.000000e+00,0.000000e+00,0.000000e+00,0.000000e+00,TARGET,3.806944e+01,-1.172333e+02,1.52400000e+03,3.40249002e+06,-3.70407080e+06,3.91150316e+06,0.000000e+00,0.000000e+00,0.000000e+00,0.000000e+00,,,,,,,,,,,,,,,,,,,,,1.528983e+03,4.265784e-13,1.490027e+00,,,1.528983e+03,3.141593e+00,-1.490047e+00,,,,,,,,,,,,,,,,,,,,,,,,,,,,,,,,,,,,,,,,,,,,,,,,,,,,,,,,,1.000000e+00,4.742540e-01,1
6.550000e+01,SENSOR_TRACK_UPDATED,radar1,red,simple_radar,radar1.1,0.000000e+00,6.550000e+01,131,5.000000e-01,land,M,,,target1,TARGET,blue,3.806833e+01,-1.172333e+02,-4.00468707e-08,3.40172966e+06,-3.70324310e+06,3.91046655e+06,3.806944e+01,-1.172333e+02,1.52400000e+03,3.40249002e+06,-3.70407080e+06,3.91150316e+06,L,3,,B,,3.806944e+01,-1.172333e+02,1.52400000e+03,3.40249002e+06,-3.70407080e+06,3.91150316e+06,0.000000e+00,0.000000e+00,0.000000e+00,0.000000e+00,0.000000e+00,1.528983e+03,4.257712e-13,1.490027e+00,1.528983e+03,4.257712e-13,1.490027e+00,,,,,,,,0,,,
6.550000e+01,LOCAL_TRACK_UPDATED,radar1,red,radar1.2,0.000000e+00,6.550000e+01,131,5.000000e-01,land,P,,,target1,TARGET,blue,3.806833e+01,-1.172333e+02,-4.00468707e-08,3.40172966e+06,-3.70324310e+06,3.91046655e+06,3.806944e+01,-1.172333e+02,1.52400000e+03,3.40249002e+06,-3.70407080e+06,3.91150316e+06,L,3,,B,,3.806944e+01,-1.172333e+02,1.52400000e+03,3.40249002e+06,-3.70407080e+06,3.91150316e+06,0.000000e+00,0.000000e+00,0.000000e+00,0.000000e+00,0.000000e+00,1.528983e+03,4.257712e-13,1.490027e+00,1.528983e+03,4.257712e-13,1.490027e+00,,,,,,,,0,,,,radar1.1,simple_radar,WSF_GEOMETRIC_SENSOR,default
6.600000e+01,SENSOR_DETECTION_ATTEMPT,radar1,red,target1,simple_radar,default,1,,,,,,,,,,,,WSF_GEOMETRIC_SENSOR,3.806833e+01,-1.172333e+02,-4.00468707e-08,3.40186468e+06,-3.70311911e+06,3.91046651e+06,0.000000e+00,0.000000e+00,0.000000e+00,0.000000e+00,TARGET,3.806944e+01,-1.172333e+02,1.52400000e+03,3.40262507e+06,-3.70394678e+06,3.91150311e+06,0.000000e+00,0.000000e+00,0.000000e+00,0.000000e+00,,,,,,,,,,,,,,,,,,,,,1.528983e+03,4.265784e-13,1.490027e+00,,,1.528983e+03,3.141593e+00,-1.490047e+00,,,,,,,,,,,,,,,,,,,,,,,,,,,,,,,,,,,,,,,,,,,,,,,,,,,,,,,,,1.000000e+00,9.257547e-01,1
6.600000e+01,SENSOR_TRACK_UPDATED,radar1,red,simple_radar,radar1.1,0.000000e+00,6.600000e+01,132,5.000000e-01,land,M,,,target1,TARGET,blue,3.806833e+01,-1.172333e+02,-4.00468707e-08,3.40186468e+06,-3.70311911e+06,3.91046651e+06,3.806944e+01,-1.172333e+02,1.52400000e+03,3.40262507e+06,-3.70394678e+06,3.91150311e+06,L,3,,B,,3.806944e+01,-1.172333e+02,1.52400000e+03,3.40262507e+06,-3.70394678e+06,3.91150311e+06,0.000000e+00,0.000000e+00,0.000000e+00,0.000000e+00,0.000000e+00,1.528983e+03,4.257712e-13,1.490027e+00,1.528983e+03,4.257712e-13,1.490027e+00,,,,,,,,0,,,
6.600000e+01,LOCAL_TRACK_UPDATED,radar1,red,radar1.2,0.000000e+00,6.600000e+01,132,5.000000e-01,land,P,,,target1,TARGET,blue,3.806833e+01,-1.172333e+02,-4.00468707e-08,3.40186468e+06,-3.70311911e+06,3.91046651e+06,3.806944e+01,-1.172333e+02,1.52400000e+03,3.40262507e+06,-3.70394678e+06,3.91150311e+06,L,3,,B,,3.806944e+01,-1.172333e+02,1.52400000e+03,3.40262507e+06,-3.70394678e+06,3.91150311e+06,0.000000e+00,0.000000e+00,0.000000e+00,0.000000e+00,0.000000e+00,1.528983e+03,4.257712e-13,1.490027e+00,1.528983e+03,4.257712e-13,1.490027e+00,,,,,,,,0,,,,radar1.1,simple_radar,WSF_GEOMETRIC_SENSOR,default
6.650000e+01,SENSOR_DETECTION_ATTEMPT,radar1,red,target1,simple_radar,default,1,,,,,,,,,,,,WSF_GEOMETRIC_SENSOR,3.806833e+01,-1.172333e+02,-4.00468707e-08,3.40199970e+06,-3.70299511e+06,3.91046647e+06,0.000000e+00,0.000000e+00,0.000000e+00,0.000000e+00,TARGET,3.806944e+01,-1.172333e+02,1.52400000e+03,3.40276012e+06,-3.70382276e+06,3.91150307e+06,0.000000e+00,0.000000e+00,0.000000e+00,0.000000e+00,,,,,,,,,,,,,,,,,,,,,1.528983e+03,4.265784e-13,1.490027e+00,,,1.528983e+03,3.141593e+00,-1.490047e+00,,,,,,,,,,,,,,,,,,,,,,,,,,,,,,,,,,,,,,,,,,,,,,,,,,,,,,,,,1.000000e+00,3.819237e-01,1
6.650000e+01,SENSOR_TRACK_UPDATED,radar1,red,simple_radar,radar1.1,0.000000e+00,6.650000e+01,133,5.000000e-01,land,M,,,target1,TARGET,blue,3.806833e+01,-1.172333e+02,-4.00468707e-08,3.40199970e+06,-3.70299512e+06,3.91046646e+06,3.806944e+01,-1.172333e+02,1.52400000e+03,3.40276012e+06,-3.70382276e+06,3.91150307e+06,L,3,,B,,3.806944e+01,-1.172333e+02,1.52400000e+03,3.40276012e+06,-3.70382276e+06,3.91150307e+06,0.000000e+00,0.000000e+00,0.000000e+00,0.000000e+00,0.000000e+00,1.528983e+03,4.257712e-13,1.490027e+00,1.528983e+03,4.257712e-13,1.490027e+00,,,,,,,,0,,,
6.650000e+01,LOCAL_TRACK_UPDATED,radar1,red,radar1.2,0.000000e+00,6.650000e+01,133,5.000000e-01,land,P,,,target1,TARGET,blue,3.806833e+01,-1.172333e+02,-4.00468707e-08,3.40199970e+06,-3.70299512e+06,3.91046646e+06,3.806944e+01,-1.172333e+02,1.52400000e+03,3.40276012e+06,-3.70382276e+06,3.91150307e+06,L,3,,B,,3.806944e+01,-1.172333e+02,1.52400000e+03,3.40276012e+06,-3.70382276e+06,3.91150307e+06,0.000000e+00,0.000000e+00,0.000000e+00,0.000000e+00,0.000000e+00,1.528983e+03,4.257712e-13,1.490027e+00,1.528983e+03,4.257712e-13,1.490027e+00,,,,,,,,0,,,,radar1.1,simple_radar,WSF_GEOMETRIC_SENSOR,default
6.700000e+01,SENSOR_DETECTION_ATTEMPT,radar1,red,target1,simple_radar,default,1,,,,,,,,,,,,WSF_GEOMETRIC_SENSOR,3.806833e+01,-1.172333e+02,-4.00468707e-08,3.40213471e+06,-3.70287112e+06,3.91046642e+06,0.000000e+00,0.000000e+00,0.000000e+00,0.000000e+00,TARGET,3.806944e+01,-1.172333e+02,1.52400000e+03,3.40289516e+06,-3.70369873e+06,3.91150303e+06,0.000000e+00,0.000000e+00,0.000000e+00,0.000000e+00,,,,,,,,,,,,,,,,,,,,,1.528983e+03,4.265784e-13,1.490027e+00,,,1.528983e+03,3.141593e+00,-1.490047e+00,,,,,,,,,,,,,,,,,,,,,,,,,,,,,,,,,,,,,,,,,,,,,,,,,,,,,,,,,1.000000e+00,6.345374e-01,1
6.700000e+01,SENSOR_TRACK_UPDATED,radar1,red,simple_radar,radar1.1,0.000000e+00,6.700000e+01,134,5.000000e-01,land,M,,,target1,TARGET,blue,3.806833e+01,-1.172333e+02,-4.00468707e-08,3.40213471e+06,-3.70287112e+06,3.91046642e+06,3.806944e+01,-1.172333e+02,1.52400000e+03,3.40289517e+06,-3.70369873e+06,3.91150303e+06,L,3,,B,,3.806944e+01,-1.172333e+02,1.52400000e+03,3.40289516e+06,-3.70369873e+06,3.91150303e+06,0.000000e+00,0.000000e+00,0.000000e+00,0.000000e+00,0.000000e+00,1.528983e+03,4.257712e-13,1.490027e+00,1.528983e+03,4.257712e-13,1.490027e+00,,,,,,,,0,,,
6.700000e+01,LOCAL_TRACK_UPDATED,radar1,red,radar1.2,0.000000e+00,6.700000e+01,134,5.000000e-01,land,P,,,target1,TARGET,blue,3.806833e+01,-1.172333e+02,-4.00468707e-08,3.40213471e+06,-3.70287112e+06,3.91046642e+06,3.806944e+01,-1.172333e+02,1.52400000e+03,3.40289517e+06,-3.70369873e+06,3.91150303e+06,L,3,,B,,3.806944e+01,-1.172333e+02,1.52400000e+03,3.40289516e+06,-3.70369873e+06,3.91150303e+06,0.000000e+00,0.000000e+00,0.000000e+00,0.000000e+00,0.000000e+00,1.528983e+03,4.257712e-13,1.490027e+00,1.528983e+03,4.257712e-13,1.490027e+00,,,,,,,,0,,,,radar1.1,simple_radar,WSF_GEOMETRIC_SENSOR,default
6.750000e+01,SENSOR_DETECTION_ATTEMPT,radar1,red,target1,simple_radar,default,1,,,,,,,,,,,,WSF_GEOMETRIC_SENSOR,3.806833e+01,-1.172333e+02,-4.00468707e-08,3.40226972e+06,-3.70274711e+06,3.91046638e+06,0.000000e+00,0.000000e+00,0.000000e+00,0.000000e+00,TARGET,3.806944e+01,-1.172333e+02,1.52400000e+03,3.40303020e+06,-3.70357470e+06,3.91150298e+06,0.000000e+00,0.000000e+00,0.000000e+00,0.000000e+00,,,,,,,,,,,,,,,,,,,,,1.528983e+03,4.265784e-13,1.490027e+00,,,1.528983e+03,3.141593e+00,-1.490047e+00,,,,,,,,,,,,,,,,,,,,,,,,,,,,,,,,,,,,,,,,,,,,,,,,,,,,,,,,,1.000000e+00,4.697569e-01,1
6.750000e+01,SENSOR_TRACK_UPDATED,radar1,red,simple_radar,radar1.1,0.000000e+00,6.750000e+01,135,5.000000e-01,land,M,,,target1,TARGET,blue,3.806833e+01,-1.172333e+02,-4.00468707e-08,3.40226972e+06,-3.70274711e+06,3.91046638e+06,3.806944e+01,-1.172333e+02,1.52400000e+03,3.40303021e+06,-3.70357470e+06,3.91150298e+06,L,3,,B,,3.806944e+01,-1.172333e+02,1.52400000e+03,3.40303020e+06,-3.70357470e+06,3.91150298e+06,0.000000e+00,0.000000e+00,0.000000e+00,0.000000e+00,0.000000e+00,1.528983e+03,4.257712e-13,1.490027e+00,1.528983e+03,4.257712e-13,1.490027e+00,,,,,,,,0,,,
6.750000e+01,LOCAL_TRACK_UPDATED,radar1,red,radar1.2,0.000000e+00,6.750000e+01,135,5.000000e-01,land,P,,,target1,TARGET,blue,3.806833e+01,-1.172333e+02,-4.00468707e-08,3.40226972e+06,-3.70274711e+06,3.91046638e+06,3.806944e+01,-1.172333e+02,1.52400000e+03,3.40303021e+06,-3.70357470e+06,3.91150298e+06,L,3,,B,,3.806944e+01,-1.172333e+02,1.52400000e+03,3.40303020e+06,-3.70357470e+06,3.91150298e+06,0.000000e+00,0.000000e+00,0.000000e+00,0.000000e+00,0.000000e+00,1.528983e+03,4.257712e-13,1.490027e+00,1.528983e+03,4.257712e-13,1.490027e+00,,,,,,,,0,,,,radar1.1,simple_radar,WSF_GEOMETRIC_SENSOR,default
6.800000e+01,SENSOR_DETECTION_ATTEMPT,radar1,red,target1,simple_radar,default,1,,,,,,,,,,,,WSF_GEOMETRIC_SENSOR,3.806833e+01,-1.172333e+02,-4.00468707e-08,3.40240473e+06,-3.70262311e+06,3.91046634e+06,0.000000e+00,0.000000e+00,0.000000e+00,0.000000e+00,TARGET,3.806944e+01,-1.172333e+02,1.52400000e+03,3.40316524e+06,-3.70345067e+06,3.91150294e+06,0.000000e+00,0.000000e+00,0.000000e+00,0.000000e+00,,,,,,,,,,,,,,,,,,,,,1.528983e+03,4.265784e-13,1.490027e+00,,,1.528983e+03,3.141593e+00,-1.490047e+00,,,,,,,,,,,,,,,,,,,,,,,,,,,,,,,,,,,,,,,,,,,,,,,,,,,,,,,,,1.000000e+00,6.117306e-01,1
6.800000e+01,SENSOR_TRACK_UPDATED,radar1,red,simple_radar,radar1.1,0.000000e+00,6.800000e+01,136,5.000000e-01,land,M,,,target1,TARGET,blue,3.806833e+01,-1.172333e+02,-4.00468707e-08,3.40240473e+06,-3.70262311e+06,3.91046633e+06,3.806944e+01,-1.172333e+02,1.52400000e+03,3.40316524e+06,-3.70345067e+06,3.91150294e+06,L,3,,B,,3.806944e+01,-1.172333e+02,1.52400000e+03,3.40316524e+06,-3.70345067e+06,3.91150294e+06,0.000000e+00,0.000000e+00,0.000000e+00,0.000000e+00,0.000000e+00,1.528983e+03,4.257712e-13,1.490027e+00,1.528983e+03,4.257712e-13,1.490027e+00,,,,,,,,0,,,
6.800000e+01,LOCAL_TRACK_UPDATED,radar1,red,radar1.2,0.000000e+00,6.800000e+01,136,5.000000e-01,land,P,,,target1,TARGET,blue,3.806833e+01,-1.172333e+02,-4.00468707e-08,3.40240473e+06,-3.70262311e+06,3.91046633e+06,3.806944e+01,-1.172333e+02,1.52400000e+03,3.40316524e+06,-3.70345067e+06,3.91150294e+06,L,3,,B,,3.806944e+01,-1.172333e+02,1.52400000e+03,3.40316524e+06,-3.70345067e+06,3.91150294e+06,0.000000e+00,0.000000e+00,0.000000e+00,0.000000e+00,0.000000e+00,1.528983e+03,4.257712e-13,1.490027e+00,1.528983e+03,4.257712e-13,1.490027e+00,,,,,,,,0,,,,radar1.1,simple_radar,WSF_GEOMETRIC_SENSOR,default
6.850000e+01,SENSOR_DETECTION_ATTEMPT,radar1,red,target1,simple_radar,default,1,,,,,,,,,,,,WSF_GEOMETRIC_SENSOR,3.806833e+01,-1.172333e+02,-4.00468707e-08,3.40253973e+06,-3.70249909e+06,3.91046629e+06,0.000000e+00,0.000000e+00,0.000000e+00,0.000000e+00,TARGET,3.806944e+01,-1.172333e+02,1.52400000e+03,3.40330027e+06,-3.70332663e+06,3.91150290e+06,0.000000e+00,0.000000e+00,0.000000e+00,0.000000e+00,,,,,,,,,,,,,,,,,,,,,1.528983e+03,4.265784e-13,1.490027e+00,,,1.528983e+03,3.141593e+00,-1.490047e+00,,,,,,,,,,,,,,,,,,,,,,,,,,,,,,,,,,,,,,,,,,,,,,,,,,,,,,,,,1.000000e+00,7.309292e-01,1
6.850000e+01,SENSOR_TRACK_UPDATED,radar1,red,simple_radar,radar1.1,0.000000e+00,6.850000e+01,137,5.000000e-01,land,M,,,target1,TARGET,blue,3.806833e+01,-1.172333e+02,-4.00468707e-08,3.40253973e+06,-3.70249909e+06,3.91046629e+06,3.806944e+01,-1.172333e+02,1.52400000e+03,3.40330027e+06,-3.70332663e+06,3.91150290e+06,L,3,,B,,3.806944e+01,-1.172333e+02,1.52400000e+03,3.40330027e+06,-3.70332663e+06,3.91150290e+06,0.000000e+00,0.000000e+00,0.000000e+00,0.000000e+00,0.000000e+00,1.528983e+03,4.257712e-13,1.490027e+00,1.528983e+03,4.257712e-13,1.490027e+00,,,,,,,,0,,,
6.850000e+01,LOCAL_TRACK_UPDATED,radar1,red,radar1.2,0.000000e+00,6.850000e+01,137,5.000000e-01,land,P,,,target1,TARGET,blue,3.806833e+01,-1.172333e+02,-4.00468707e-08,3.40253973e+06,-3.70249909e+06,3.91046629e+06,3.806944e+01,-1.172333e+02,1.52400000e+03,3.40330027e+06,-3.70332663e+06,3.91150290e+06,L,3,,B,,3.806944e+01,-1.172333e+02,1.52400000e+03,3.40330027e+06,-3.70332663e+06,3.91150290e+06,0.000000e+00,0.000000e+00,0.000000e+00,0.000000e+00,0.000000e+00,1.528983e+03,4.257712e-13,1.490027e+00,1.528983e+03,4.257712e-13,1.490027e+00,,,,,,,,0,,,,radar1.1,simple_radar,WSF_GEOMETRIC_SENSOR,default
6.900000e+01,SENSOR_DETECTION_ATTEMPT,radar1,red,target1,simple_radar,default,1,,,,,,,,,,,,WSF_GEOMETRIC_SENSOR,3.806833e+01,-1.172333e+02,-4.00468707e-08,3.40267472e+06,-3.70237507e+06,3.91046625e+06,0.000000e+00,0.000000e+00,0.000000e+00,0.000000e+00,TARGET,3.806944e+01,-1.172333e+02,1.52400000e+03,3.40343530e+06,-3.70320258e+06,3.91150285e+06,0.000000e+00,0.000000e+00,0.000000e+00,0.000000e+00,,,,,,,,,,,,,,,,,,,,,1.528983e+03,4.265784e-13,1.490027e+00,,,1.528983e+03,3.141593e+00,-1.490047e+00,,,,,,,,,,,,,,,,,,,,,,,,,,,,,,,,,,,,,,,,,,,,,,,,,,,,,,,,,1.000000e+00,8.723068e-01,1
6.900000e+01,SENSOR_TRACK_UPDATED,radar1,red,simple_radar,radar1.1,0.000000e+00,6.900000e+01,138,5.000000e-01,land,M,,,target1,TARGET,blue,3.806833e+01,-1.172333e+02,-4.00468707e-08,3.40267472e+06,-3.70237507e+06,3.91046625e+06,3.806944e+01,-1.172333e+02,1.52400000e+03,3.40343530e+06,-3.70320258e+06,3.91150285e+06,L,3,,B,,3.806944e+01,-1.172333e+02,1.52400000e+03,3.40343530e+06,-3.70320258e+06,3.91150285e+06,0.000000e+00,0.000000e+00,0.000000e+00,0.000000e+00,0.000000e+00,1.528983e+03,4.257712e-13,1.490027e+00,1.528983e+03,4.257712e-13,1.490027e+00,,,,,,,,0,,,
6.900000e+01,LOCAL_TRACK_UPDATED,radar1,red,radar1.2,0.000000e+00,6.900000e+01,138,5.000000e-01,land,P,,,target1,TARGET,blue,3.806833e+01,-1.172333e+02,-4.00468707e-08,3.40267472e+06,-3.70237507e+06,3.91046625e+06,3.806944e+01,-1.172333e+02,1.52400000e+03,3.40343530e+06,-3.70320258e+06,3.91150285e+06,L,3,,B,,3.806944e+01,-1.172333e+02,1.52400000e+03,3.40343530e+06,-3.70320258e+06,3.91150285e+06,0.000000e+00,0.000000e+00,0.000000e+00,0.000000e+00,0.000000e+00,1.528983e+03,4.257712e-13,1.490027e+00,1.528983e+03,4.257712e-13,1.490027e+00,,,,,,,,0,,,,radar1.1,simple_radar,WSF_GEOMETRIC_SENSOR,default
6.950000e+01,SENSOR_DETECTION_ATTEMPT,radar1,red,target1,simple_radar,default,1,,,,,,,,,,,,WSF_GEOMETRIC_SENSOR,3.806833e+01,-1.172333e+02,-4.00468707e-08,3.40280971e+06,-3.70225105e+06,3.91046621e+06,0.000000e+00,0.000000e+00,0.000000e+00,0.000000e+00,TARGET,3.806944e+01,-1.172333e+02,1.52400000e+03,3.40357032e+06,-3.70307853e+06,3.91150281e+06,0.000000e+00,0.000000e+00,0.000000e+00,0.000000e+00,,,,,,,,,,,,,,,,,,,,,1.528983e+03,4.265784e-13,1.490027e+00,,,1.528983e+03,3.141593e+00,-1.490047e+00,,,,,,,,,,,,,,,,,,,,,,,,,,,,,,,,,,,,,,,,,,,,,,,,,,,,,,,,,1.000000e+00,6.934104e-01,1
6.950000e+01,SENSOR_TRACK_UPDATED,radar1,red,simple_radar,radar1.1,0.000000e+00,6.950000e+01,139,5.000000e-01,land,M,,,target1,TARGET,blue,3.806833e+01,-1.172333e+02,-4.00468707e-08,3.40280971e+06,-3.70225105e+06,3.91046620e+06,3.806944e+01,-1.172333e+02,1.52400000e+03,3.40357032e+06,-3.70307853e+06,3.91150281e+06,L,3,,B,,3.806944e+01,-1.172333e+02,1.52400000e+03,3.40357032e+06,-3.70307853e+06,3.91150281e+06,0.000000e+00,0.000000e+00,0.000000e+00,0.000000e+00,0.000000e+00,1.528983e+03,4.257712e-13,1.490027e+00,1.528983e+03,4.257712e-13,1.490027e+00,,,,,,,,0,,,
6.950000e+01,LOCAL_TRACK_UPDATED,radar1,red,radar1.2,0.000000e+00,6.950000e+01,139,5.000000e-01,land,P,,,target1,TARGET,blue,3.806833e+01,-1.172333e+02,-4.00468707e-08,3.40280971e+06,-3.70225105e+06,3.91046620e+06,3.806944e+01,-1.172333e+02,1.52400000e+03,3.40357032e+06,-3.70307853e+06,3.91150281e+06,L,3,,B,,3.806944e+01,-1.172333e+02,1.52400000e+03,3.40357032e+06,-3.70307853e+06,3.91150281e+06,0.000000e+00,0.000000e+00,0.000000e+00,0.000000e+00,0.000000e+00,1.528983e+03,4.257712e-13,1.490027e+00,1.528983e+03,4.257712e-13,1.490027e+00,,,,,,,,0,,,,radar1.1,simple_radar,WSF_GEOMETRIC_SENSOR,default
7.000000e+01,SENSOR_DETECTION_ATTEMPT,radar1,red,target1,simple_radar,default,1,,,,,,,,,,,,WSF_GEOMETRIC_SENSOR,3.806833e+01,-1.172333e+02,-4.00468707e-08,3.40294470e+06,-3.70212702e+06,3.91046616e+06,0.000000e+00,0.000000e+00,0.000000e+00,0.000000e+00,TARGET,3.806944e+01,-1.172333e+02,1.52400000e+03,3.40370533e+06,-3.70295448e+06,3.91150277e+06,0.000000e+00,0.000000e+00,0.000000e+00,0.000000e+00,,,,,,,,,,,,,,,,,,,,,1.528983e+03,4.265784e-13,1.490027e+00,,,1.528983e+03,3.141593e+00,-1.490047e+00,,,,,,,,,,,,,,,,,,,,,,,,,,,,,,,,,,,,,,,,,,,,,,,,,,,,,,,,,1.000000e+00,5.677397e-01,1
7.000000e+01,SENSOR_TRACK_UPDATED,radar1,red,simple_radar,radar1.1,0.000000e+00,7.000000e+01,140,5.000000e-01,land,M,,,target1,TARGET,blue,3.806833e+01,-1.172333e+02,-4.00468707e-08,3.40294470e+06,-3.70212702e+06,3.91046616e+06,3.806944e+01,-1.172333e+02,1.52400000e+03,3.40370534e+06,-3.70295448e+06,3.91150277e+06,L,3,,B,,3.806944e+01,-1.172333e+02,1.52400000e+03,3.40370533e+06,-3.70295448e+06,3.91150277e+06,0.000000e+00,0.000000e+00,0.000000e+00,0.000000e+00,0.000000e+00,1.528983e+03,4.257712e-13,1.490027e+00,1.528983e+03,4.257712e-13,1.490027e+00,,,,,,,,0,,,
7.000000e+01,LOCAL_TRACK_UPDATED,radar1,red,radar1.2,0.000000e+00,7.000000e+01,140,5.000000e-01,land,P,,,target1,TARGET,blue,3.806833e+01,-1.172333e+02,-4.00468707e-08,3.40294470e+06,-3.70212702e+06,3.91046616e+06,3.806944e+01,-1.172333e+02,1.52400000e+03,3.40370534e+06,-3.70295448e+06,3.91150277e+06,L,3,,B,,3.806944e+01,-1.172333e+02,1.52400000e+03,3.40370533e+06,-3.70295448e+06,3.91150277e+06,0.000000e+00,0.000000e+00,0.000000e+00,0.000000e+00,0.000000e+00,1.528983e+03,4.257712e-13,1.490027e+00,1.528983e+03,4.257712e-13,1.490027e+00,,,,,,,,0,,,,radar1.1,simple_radar,WSF_GEOMETRIC_SENSOR,default
7.050000e+01,SENSOR_DETECTION_ATTEMPT,radar1,red,target1,simple_radar,default,1,,,,,,,,,,,,WSF_GEOMETRIC_SENSOR,3.806833e+01,-1.172333e+02,-4.00468707e-08,3.40307968e+06,-3.70200299e+06,3.91046612e+06,0.000000e+00,0.000000e+00,0.000000e+00,0.000000e+00,TARGET,3.806944e+01,-1.172333e+02,1.52400000e+03,3.40384035e+06,-3.70283041e+06,3.91150272e+06,0.000000e+00,0.000000e+00,0.000000e+00,0.000000e+00,,,,,,,,,,,,,,,,,,,,,1.528983e+03,4.265784e-13,1.490027e+00,,,1.528983e+03,3.141593e+00,-1.490047e+00,,,,,,,,,,,,,,,,,,,,,,,,,,,,,,,,,,,,,,,,,,,,,,,,,,,,,,,,,1.000000e+00,8.061281e-01,1
7.050000e+01,SENSOR_TRACK_UPDATED,radar1,red,simple_radar,radar1.1,0.000000e+00,7.050000e+01,141,5.000000e-01,land,M,,,target1,TARGET,blue,3.806833e+01,-1.172333e+02,-4.00468707e-08,3.40307968e+06,-3.70200299e+06,3.91046612e+06,3.806944e+01,-1.172333e+02,1.52400000e+03,3.40384035e+06,-3.70283041e+06,3.91150272e+06,L,3,,B,,3.806944e+01,-1.172333e+02,1.52400000e+03,3.40384035e+06,-3.70283041e+06,3.91150272e+06,0.000000e+00,0.000000e+00,0.000000e+00,0.000000e+00,0.000000e+00,1.528983e+03,4.257712e-13,1.490027e+00,1.528983e+03,4.257712e-13,1.490027e+00,,,,,,,,0,,,
7.050000e+01,LOCAL_TRACK_UPDATED,radar1,red,radar1.2,0.000000e+00,7.050000e+01,141,5.000000e-01,land,P,,,target1,TARGET,blue,3.806833e+01,-1.172333e+02,-4.00468707e-08,3.40307968e+06,-3.70200299e+06,3.91046612e+06,3.806944e+01,-1.172333e+02,1.52400000e+03,3.40384035e+06,-3.70283041e+06,3.91150272e+06,L,3,,B,,3.806944e+01,-1.172333e+02,1.52400000e+03,3.40384035e+06,-3.70283041e+06,3.91150272e+06,0.000000e+00,0.000000e+00,0.000000e+00,0.000000e+00,0.000000e+00,1.528983e+03,4.257712e-13,1.490027e+00,1.528983e+03,4.257712e-13,1.490027e+00,,,,,,,,0,,,,radar1.1,simple_radar,WSF_GEOMETRIC_SENSOR,default
7.100000e+01,SENSOR_DETECTION_ATTEMPT,radar1,red,target1,simple_radar,default,1,,,,,,,,,,,,WSF_GEOMETRIC_SENSOR,3.806833e+01,-1.172333e+02,-4.00468707e-08,3.40321466e+06,-3.70187895e+06,3.91046608e+06,0.000000e+00,0.000000e+00,0.000000e+00,0.000000e+00,TARGET,3.806944e+01,-1.172333e+02,1.52400000e+03,3.40397536e+06,-3.70270635e+06,3.91150268e+06,0.000000e+00,0.000000e+00,0.000000e+00,0.000000e+00,,,,,,,,,,,,,,,,,,,,,1.528983e+03,4.265784e-13,1.490027e+00,,,1.528983e+03,3.141593e+00,-1.490047e+00,,,,,,,,,,,,,,,,,,,,,,,,,,,,,,,,,,,,,,,,,,,,,,,,,,,,,,,,,1.000000e+00,2.118233e-01,1
7.100000e+01,SENSOR_TRACK_UPDATED,radar1,red,simple_radar,radar1.1,0.000000e+00,7.100000e+01,142,5.000000e-01,land,M,,,target1,TARGET,blue,3.806833e+01,-1.172333e+02,-4.00468707e-08,3.40321466e+06,-3.70187895e+06,3.91046607e+06,3.806944e+01,-1.172333e+02,1.52400000e+03,3.40397536e+06,-3.70270635e+06,3.91150268e+06,L,3,,B,,3.806944e+01,-1.172333e+02,1.52400000e+03,3.40397536e+06,-3.70270635e+06,3.91150268e+06,0.000000e+00,0.000000e+00,0.000000e+00,0.000000e+00,0.000000e+00,1.528983e+03,4.257712e-13,1.490027e+00,1.528983e+03,4.257712e-13,1.490027e+00,,,,,,,,0,,,
7.100000e+01,LOCAL_TRACK_UPDATED,radar1,red,radar1.2,0.000000e+00,7.100000e+01,142,5.000000e-01,land,P,,,target1,TARGET,blue,3.806833e+01,-1.172333e+02,-4.00468707e-08,3.40321466e+06,-3.70187895e+06,3.91046607e+06,3.806944e+01,-1.172333e+02,1.52400000e+03,3.40397536e+06,-3.70270635e+06,3.91150268e+06,L,3,,B,,3.806944e+01,-1.172333e+02,1.52400000e+03,3.40397536e+06,-3.70270635e+06,3.91150268e+06,0.000000e+00,0.000000e+00,0.000000e+00,0.000000e+00,0.000000e+00,1.528983e+03,4.257712e-13,1.490027e+00,1.528983e+03,4.257712e-13,1.490027e+00,,,,,,,,0,,,,radar1.1,simple_radar,WSF_GEOMETRIC_SENSOR,default
7.150000e+01,SENSOR_DETECTION_ATTEMPT,radar1,red,target1,simple_radar,default,1,,,,,,,,,,,,WSF_GEOMETRIC_SENSOR,3.806833e+01,-1.172333e+02,-4.00468707e-08,3.40334963e+06,-3.70175491e+06,3.91046603e+06,0.000000e+00,0.000000e+00,0.000000e+00,0.000000e+00,TARGET,3.806944e+01,-1.172333e+02,1.52400000e+03,3.40411036e+06,-3.70258228e+06,3.91150264e+06,0.000000e+00,0.000000e+00,0.000000e+00,0.000000e+00,,,,,,,,,,,,,,,,,,,,,1.528983e+03,4.265784e-13,1.490027e+00,,,1.528983e+03,3.141593e+00,-1.490047e+00,,,,,,,,,,,,,,,,,,,,,,,,,,,,,,,,,,,,,,,,,,,,,,,,,,,,,,,,,1.000000e+00,7.826359e-01,1
7.150000e+01,SENSOR_TRACK_UPDATED,radar1,red,simple_radar,radar1.1,0.000000e+00,7.150000e+01,143,5.000000e-01,land,M,,,target1,TARGET,blue,3.806833e+01,-1.172333e+02,-4.00468707e-08,3.40334963e+06,-3.70175491e+06,3.91046603e+06,3.806944e+01,-1.172333e+02,1.52400000e+03,3.40411036e+06,-3.70258228e+06,3.91150264e+06,L,3,,B,,3.806944e+01,-1.172333e+02,1.52400000e+03,3.40411036e+06,-3.70258228e+06,3.91150264e+06,0.000000e+00,0.000000e+00,0.000000e+00,0.000000e+00,0.000000e+00,1.528983e+03,4.257712e-13,1.490027e+00,1.528983e+03,4.257712e-13,1.490027e+00,,,,,,,,0,,,
7.150000e+01,LOCAL_TRACK_UPDATED,radar1,red,radar1.2,0.000000e+00,7.150000e+01,143,5.000000e-01,land,P,,,target1,TARGET,blue,3.806833e+01,-1.172333e+02,-4.00468707e-08,3.40334963e+06,-3.70175491e+06,3.91046603e+06,3.806944e+01,-1.172333e+02,1.52400000e+03,3.40411036e+06,-3.70258228e+06,3.91150264e+06,L,3,,B,,3.806944e+01,-1.172333e+02,1.52400000e+03,3.40411036e+06,-3.70258228e+06,3.91150264e+06,0.000000e+00,0.000000e+00,0.000000e+00,0.000000e+00,0.000000e+00,1.528983e+03,4.257712e-13,1.490027e+00,1.528983e+03,4.257712e-13,1.490027e+00,,,,,,,,0,,,,radar1.1,simple_radar,WSF_GEOMETRIC_SENSOR,default
7.200000e+01,SENSOR_DETECTION_ATTEMPT,radar1,red,target1,simple_radar,default,1,,,,,,,,,,,,WSF_GEOMETRIC_SENSOR,3.806833e+01,-1.172333e+02,-4.00468707e-08,3.40348460e+06,-3.70163086e+06,3.91046599e+06,0.000000e+00,0.000000e+00,0.000000e+00,0.000000e+00,TARGET,3.806944e+01,-1.172333e+02,1.52400000e+03,3.40424536e+06,-3.70245820e+06,3.91150259e+06,0.000000e+00,0.000000e+00,0.000000e+00,0.000000e+00,,,,,,,,,,,,,,,,,,,,,1.528983e+03,4.265784e-13,1.490027e+00,,,1.528983e+03,3.141593e+00,-1.490047e+00,,,,,,,,,,,,,,,,,,,,,,,,,,,,,,,,,,,,,,,,,,,,,,,,,,,,,,,,,1.000000e+00,2.862858e-01,1
7.200000e+01,SENSOR_TRACK_UPDATED,radar1,red,simple_radar,radar1.1,0.000000e+00,7.200000e+01,144,5.000000e-01,land,M,,,target1,TARGET,blue,3.806833e+01,-1.172333e+02,-4.00468707e-08,3.40348460e+06,-3.70163086e+06,3.91046599e+06,3.806944e+01,-1.172333e+02,1.52400000e+03,3.40424536e+06,-3.70245820e+06,3.91150259e+06,L,3,,B,,3.806944e+01,-1.172333e+02,1.52400000e+03,3.40424536e+06,-3.70245820e+06,3.91150259e+06,0.000000e+00,0.000000e+00,0.000000e+00,0.000000e+00,0.000000e+00,1.528983e+03,4.257712e-13,1.490027e+00,1.528983e+03,4.257712e-13,1.490027e+00,,,,,,,,0,,,
7.200000e+01,LOCAL_TRACK_UPDATED,radar1,red,radar1.2,0.000000e+00,7.200000e+01,144,5.000000e-01,land,P,,,target1,TARGET,blue,3.806833e+01,-1.172333e+02,-4.00468707e-08,3.40348460e+06,-3.70163086e+06,3.91046599e+06,3.806944e+01,-1.172333e+02,1.52400000e+03,3.40424536e+06,-3.70245820e+06,3.91150259e+06,L,3,,B,,3.806944e+01,-1.172333e+02,1.52400000e+03,3.40424536e+06,-3.70245820e+06,3.91150259e+06,0.000000e+00,0.000000e+00,0.000000e+00,0.000000e+00,0.000000e+00,1.528983e+03,4.257712e-13,1.490027e+00,1.528983e+03,4.257712e-13,1.490027e+00,,,,,,,,0,,,,radar1.1,simple_radar,WSF_GEOMETRIC_SENSOR,default
7.250000e+01,SENSOR_DETECTION_ATTEMPT,radar1,red,target1,simple_radar,default,1,,,,,,,,,,,,WSF_GEOMETRIC_SENSOR,3.806833e+01,-1.172333e+02,-4.00468707e-08,3.40361957e+06,-3.70150681e+06,3.91046595e+06,0.000000e+00,0.000000e+00,0.000000e+00,0.000000e+00,TARGET,3.806944e+01,-1.172333e+02,1.52400000e+03,3.40438035e+06,-3.70233412e+06,3.91150255e+06,0.000000e+00,0.000000e+00,0.000000e+00,0.000000e+00,,,,,,,,,,,,,,,,,,,,,1.528983e+03,4.265784e-13,1.490027e+00,,,1.528983e+03,3.141593e+00,-1.490047e+00,,,,,,,,,,,,,,,,,,,,,,,,,,,,,,,,,,,,,,,,,,,,,,,,,,,,,,,,,1.000000e+00,3.212208e-01,1
7.250000e+01,SENSOR_TRACK_UPDATED,radar1,red,simple_radar,radar1.1,0.000000e+00,7.250000e+01,145,5.000000e-01,land,M,,,target1,TARGET,blue,3.806833e+01,-1.172333e+02,-4.00468707e-08,3.40361957e+06,-3.70150681e+06,3.91046594e+06,3.806944e+01,-1.172333e+02,1.52400000e+03,3.40438035e+06,-3.70233412e+06,3.91150255e+06,L,3,,B,,3.806944e+01,-1.172333e+02,1.52400000e+03,3.40438035e+06,-3.70233412e+06,3.91150255e+06,0.000000e+00,0.000000e+00,0.000000e+00,0.000000e+00,0.000000e+00,1.528983e+03,4.257712e-13,1.490027e+00,1.528983e+03,4.257712e-13,1.490027e+00,,,,,,,,0,,,
7.250000e+01,LOCAL_TRACK_UPDATED,radar1,red,radar1.2,0.000000e+00,7.250000e+01,145,5.000000e-01,land,P,,,target1,TARGET,blue,3.806833e+01,-1.172333e+02,-4.00468707e-08,3.40361957e+06,-3.70150681e+06,3.91046594e+06,3.806944e+01,-1.172333e+02,1.52400000e+03,3.40438035e+06,-3.70233412e+06,3.91150255e+06,L,3,,B,,3.806944e+01,-1.172333e+02,1.52400000e+03,3.40438035e+06,-3.70233412e+06,3.91150255e+06,0.000000e+00,0.000000e+00,0.000000e+00,0.000000e+00,0.000000e+00,1.528983e+03,4.257712e-13,1.490027e+00,1.528983e+03,4.257712e-13,1.490027e+00,,,,,,,,0,,,,radar1.1,simple_radar,WSF_GEOMETRIC_SENSOR,default
7.300000e+01,SENSOR_DETECTION_ATTEMPT,radar1,red,target1,simple_radar,default,1,,,,,,,,,,,,WSF_GEOMETRIC_SENSOR,3.806833e+01,-1.172333e+02,-4.00468707e-08,3.40375453e+06,-3.70138275e+06,3.91046590e+06,0.000000e+00,0.000000e+00,0.000000e+00,0.000000e+00,TARGET,3.806944e+01,-1.172333e+02,1.52400000e+03,3.40451534e+06,-3.70221004e+06,3.91150251e+06,0.000000e+00,0.000000e+00,0.000000e+00,0.000000e+00,,,,,,,,,,,,,,,,,,,,,1.528983e+03,4.265784e-13,1.490027e+00,,,1.528983e+03,3.141593e+00,-1.490047e+00,,,,,,,,,,,,,,,,,,,,,,,,,,,,,,,,,,,,,,,,,,,,,,,,,,,,,,,,,1.000000e+00,2.690357e-01,1
7.300000e+01,SENSOR_TRACK_UPDATED,radar1,red,simple_radar,radar1.1,0.000000e+00,7.300000e+01,146,5.000000e-01,land,M,,,target1,TARGET,blue,3.806833e+01,-1.172333e+02,-4.00468707e-08,3.40375453e+06,-3.70138275e+06,3.91046590e+06,3.806944e+01,-1.172333e+02,1.52400000e+03,3.40451534e+06,-3.70221004e+06,3.91150251e+06,L,3,,B,,3.806944e+01,-1.172333e+02,1.52400000e+03,3.40451534e+06,-3.70221004e+06,3.91150251e+06,0.000000e+00,0.000000e+00,0.000000e+00,0.000000e+00,0.000000e+00,1.528983e+03,4.257712e-13,1.490027e+00,1.528983e+03,4.257712e-13,1.490027e+00,,,,,,,,0,,,
7.300000e+01,LOCAL_TRACK_UPDATED,radar1,red,radar1.2,0.000000e+00,7.300000e+01,146,5.000000e-01,land,P,,,target1,TARGET,blue,3.806833e+01,-1.172333e+02,-4.00468707e-08,3.40375453e+06,-3.70138275e+06,3.91046590e+06,3.806944e+01,-1.172333e+02,1.52400000e+03,3.40451534e+06,-3.70221004e+06,3.91150251e+06,L,3,,B,,3.806944e+01,-1.172333e+02,1.52400000e+03,3.40451534e+06,-3.70221004e+06,3.91150251e+06,0.000000e+00,0.000000e+00,0.000000e+00,0.000000e+00,0.000000e+00,1.528983e+03,4.257712e-13,1.490027e+00,1.528983e+03,4.257712e-13,1.490027e+00,,,,,,,,0,,,,radar1.1,simple_radar,WSF_GEOMETRIC_SENSOR,default
7.350000e+01,SENSOR_DETECTION_ATTEMPT,radar1,red,target1,simple_radar,default,1,,,,,,,,,,,,WSF_GEOMETRIC_SENSOR,3.806833e+01,-1.172333e+02,-4.00468707e-08,3.40388948e+06,-3.70125869e+06,3.91046586e+06,0.000000e+00,0.000000e+00,0.000000e+00,0.000000e+00,TARGET,3.806944e+01,-1.172333e+02,1.52400000e+03,3.40465033e+06,-3.70208595e+06,3.91150246e+06,0.000000e+00,0.000000e+00,0.000000e+00,0.000000e+00,,,,,,,,,,,,,,,,,,,,,1.528983e+03,4.265784e-13,1.490027e+00,,,1.528983e+03,3.141593e+00,-1.490047e+00,,,,,,,,,,,,,,,,,,,,,,,,,,,,,,,,,,,,,,,,,,,,,,,,,,,,,,,,,1.000000e+00,1.724233e-01,1
7.350000e+01,SENSOR_TRACK_UPDATED,radar1,red,simple_radar,radar1.1,0.000000e+00,7.350000e+01,147,5.000000e-01,land,M,,,target1,TARGET,blue,3.806833e+01,-1.172333e+02,-4.00468707e-08,3.40388948e+06,-3.70125869e+06,3.91046586e+06,3.806944e+01,-1.172333e+02,1.52400000e+03,3.40465033e+06,-3.70208595e+06,3.91150246e+06,L,3,,B,,3.806944e+01,-1.172333e+02,1.52400000e+03,3.40465033e+06,-3.70208595e+06,3.91150246e+06,0.000000e+00,0.000000e+00,0.000000e+00,0.000000e+00,0.000000e+00,1.528983e+03,4.257712e-13,1.490027e+00,1.528983e+03,4.257712e-13,1.490027e+00,,,,,,,,0,,,
7.350000e+01,LOCAL_TRACK_UPDATED,radar1,red,radar1.2,0.000000e+00,7.350000e+01,147,5.000000e-01,land,P,,,target1,TARGET,blue,3.806833e+01,-1.172333e+02,-4.00468707e-08,3.40388948e+06,-3.70125869e+06,3.91046586e+06,3.806944e+01,-1.172333e+02,1.52400000e+03,3.40465033e+06,-3.70208595e+06,3.91150246e+06,L,3,,B,,3.806944e+01,-1.172333e+02,1.52400000e+03,3.40465033e+06,-3.70208595e+06,3.91150246e+06,0.000000e+00,0.000000e+00,0.000000e+00,0.000000e+00,0.000000e+00,1.528983e+03,4.257712e-13,1.490027e+00,1.528983e+03,4.257712e-13,1.490027e+00,,,,,,,,0,,,,radar1.1,simple_radar,WSF_GEOMETRIC_SENSOR,default
7.400000e+01,SENSOR_DETECTION_ATTEMPT,radar1,red,target1,simple_radar,default,1,,,,,,,,,,,,WSF_GEOMETRIC_SENSOR,3.806833e+01,-1.172333e+02,-4.00468707e-08,3.40402443e+06,-3.70113462e+06,3.91046582e+06,0.000000e+00,0.000000e+00,0.000000e+00,0.000000e+00,TARGET,3.806944e+01,-1.172333e+02,1.52400000e+03,3.40478531e+06,-3.70196185e+06,3.91150242e+06,0.000000e+00,0.000000e+00,0.000000e+00,0.000000e+00,,,,,,,,,,,,,,,,,,,,,1.528983e+03,4.265784e-13,1.490027e+00,,,1.528983e+03,3.141593e+00,-1.490047e+00,,,,,,,,,,,,,,,,,,,,,,,,,,,,,,,,,,,,,,,,,,,,,,,,,,,,,,,,,1.000000e+00,3.601923e-01,1
7.400000e+01,SENSOR_TRACK_UPDATED,radar1,red,simple_radar,radar1.1,0.000000e+00,7.400000e+01,148,5.000000e-01,land,M,,,target1,TARGET,blue,3.806833e+01,-1.172333e+02,-4.00468707e-08,3.40402443e+06,-3.70113462e+06,3.91046581e+06,3.806944e+01,-1.172333e+02,1.52400000e+03,3.40478531e+06,-3.70196185e+06,3.91150242e+06,L,3,,B,,3.806944e+01,-1.172333e+02,1.52400000e+03,3.40478531e+06,-3.70196185e+06,3.91150242e+06,0.000000e+00,0.000000e+00,0.000000e+00,0.000000e+00,0.000000e+00,1.528983e+03,4.257712e-13,1.490027e+00,1.528983e+03,4.257712e-13,1.490027e+00,,,,,,,,0,,,
7.400000e+01,LOCAL_TRACK_UPDATED,radar1,red,radar1.2,0.000000e+00,7.400000e+01,148,5.000000e-01,land,P,,,target1,TARGET,blue,3.806833e+01,-1.172333e+02,-4.00468707e-08,3.40402443e+06,-3.70113462e+06,3.91046581e+06,3.806944e+01,-1.172333e+02,1.52400000e+03,3.40478531e+06,-3.70196185e+06,3.91150242e+06,L,3,,B,,3.806944e+01,-1.172333e+02,1.52400000e+03,3.40478531e+06,-3.70196185e+06,3.91150242e+06,0.000000e+00,0.000000e+00,0.000000e+00,0.000000e+00,0.000000e+00,1.528983e+03,4.257712e-13,1.490027e+00,1.528983e+03,4.257712e-13,1.490027e+00,,,,,,,,0,,,,radar1.1,simple_radar,WSF_GEOMETRIC_SENSOR,default
7.450000e+01,SENSOR_DETECTION_ATTEMPT,radar1,red,target1,simple_radar,default,1,,,,,,,,,,,,WSF_GEOMETRIC_SENSOR,3.806833e+01,-1.172333e+02,-4.00468707e-08,3.40415938e+06,-3.70101055e+06,3.91046577e+06,0.000000e+00,0.000000e+00,0.000000e+00,0.000000e+00,TARGET,3.806944e+01,-1.172333e+02,1.52400000e+03,3.40492028e+06,-3.70183775e+06,3.91150238e+06,0.000000e+00,0.000000e+00,0.000000e+00,0.000000e+00,,,,,,,,,,,,,,,,,,,,,1.528983e+03,4.265784e-13,1.490027e+00,,,1.528983e+03,3.141593e+00,-1.490047e+00,,,,,,,,,,,,,,,,,,,,,,,,,,,,,,,,,,,,,,,,,,,,,,,,,,,,,,,,,1.000000e+00,2.787566e-01,1
7.450000e+01,SENSOR_TRACK_UPDATED,radar1,red,simple_radar,radar1.1,0.000000e+00,7.450000e+01,149,5.000000e-01,land,M,,,target1,TARGET,blue,3.806833e+01,-1.172333e+02,-4.00468707e-08,3.40415938e+06,-3.70101055e+06,3.91046577e+06,3.806944e+01,-1.172333e+02,1.52400000e+03,3.40492029e+06,-3.70183775e+06,3.91150238e+06,L,3,,B,,3.806944e+01,-1.172333e+02,1.52400000e+03,3.40492028e+06,-3.70183775e+06,3.91150238e+06,0.000000e+00,0.000000e+00,0.000000e+00,0.000000e+00,0.000000e+00,1.528983e+03,4.257712e-13,1.490027e+00,1.528983e+03,4.257712e-13,1.490027e+00,,,,,,,,0,,,
7.450000e+01,LOCAL_TRACK_UPDATED,radar1,red,radar1.2,0.000000e+00,7.450000e+01,149,5.000000e-01,land,P,,,target1,TARGET,blue,3.806833e+01,-1.172333e+02,-4.00468707e-08,3.40415938e+06,-3.70101055e+06,3.91046577e+06,3.806944e+01,-1.172333e+02,1.52400000e+03,3.40492029e+06,-3.70183775e+06,3.91150238e+06,L,3,,B,,3.806944e+01,-1.172333e+02,1.52400000e+03,3.40492028e+06,-3.70183775e+06,3.91150238e+06,0.000000e+00,0.000000e+00,0.000000e+00,0.000000e+00,0.000000e+00,1.528983e+03,4.257712e-13,1.490027e+00,1.528983e+03,4.257712e-13,1.490027e+00,,,,,,,,0,,,,radar1.1,simple_radar,WSF_GEOMETRIC_SENSOR,default
7.500000e+01,SENSOR_DETECTION_ATTEMPT,radar1,red,target1,simple_radar,default,1,,,,,,,,,,,,WSF_GEOMETRIC_SENSOR,3.806833e+01,-1.172333e+02,-4.00468707e-08,3.40429432e+06,-3.70088647e+06,3.91046573e+06,0.000000e+00,0.000000e+00,0.000000e+00,0.000000e+00,TARGET,3.806944e+01,-1.172333e+02,1.52400000e+03,3.40505526e+06,-3.70171365e+06,3.91150233e+06,0.000000e+00,0.000000e+00,0.000000e+00,0.000000e+00,,,,,,,,,,,,,,,,,,,,,1.528983e+03,4.265784e-13,1.490027e+00,,,1.528983e+03,3.141593e+00,-1.490047e+00,,,,,,,,,,,,,,,,,,,,,,,,,,,,,,,,,,,,,,,,,,,,,,,,,,,,,,,,,1.000000e+00,2.385600e-01,1
7.500000e+01,SENSOR_TRACK_UPDATED,radar1,red,simple_radar,radar1.1,0.000000e+00,7.500000e+01,150,5.000000e-01,land,M,,,target1,TARGET,blue,3.806833e+01,-1.172333e+02,-4.00468707e-08,3.40429432e+06,-3.70088648e+06,3.91046573e+06,3.806944e+01,-1.172333e+02,1.52400000e+03,3.40505526e+06,-3.70171365e+06,3.91150233e+06,L,3,,B,,3.806944e+01,-1.172333e+02,1.52400000e+03,3.40505526e+06,-3.70171365e+06,3.91150233e+06,0.000000e+00,0.000000e+00,0.000000e+00,0.000000e+00,0.000000e+00,1.528983e+03,4.257712e-13,1.490027e+00,1.528983e+03,4.257712e-13,1.490027e+00,,,,,,,,0,,,
7.500000e+01,LOCAL_TRACK_UPDATED,radar1,red,radar1.2,0.000000e+00,7.500000e+01,150,5.000000e-01,land,P,,,target1,TARGET,blue,3.806833e+01,-1.172333e+02,-4.00468707e-08,3.40429432e+06,-3.70088648e+06,3.91046573e+06,3.806944e+01,-1.172333e+02,1.52400000e+03,3.40505526e+06,-3.70171365e+06,3.91150233e+06,L,3,,B,,3.806944e+01,-1.172333e+02,1.52400000e+03,3.40505526e+06,-3.70171365e+06,3.91150233e+06,0.000000e+00,0.000000e+00,0.000000e+00,0.000000e+00,0.000000e+00,1.528983e+03,4.257712e-13,1.490027e+00,1.528983e+03,4.257712e-13,1.490027e+00,,,,,,,,0,,,,radar1.1,simple_radar,WSF_GEOMETRIC_SENSOR,default
7.550000e+01,SENSOR_DETECTION_ATTEMPT,radar1,red,target1,simple_radar,default,1,,,,,,,,,,,,WSF_GEOMETRIC_SENSOR,3.806833e+01,-1.172333e+02,-4.00468707e-08,3.40442926e+06,-3.70076239e+06,3.91046569e+06,0.000000e+00,0.000000e+00,0.000000e+00,0.000000e+00,TARGET,3.806944e+01,-1.172333e+02,1.52400000e+03,3.40519022e+06,-3.70158954e+06,3.91150229e+06,0.000000e+00,0.000000e+00,0.000000e+00,0.000000e+00,,,,,,,,,,,,,,,,,,,,,1.528983e+03,4.265784e-13,1.490027e+00,,,1.528983e+03,3.141593e+00,-1.490047e+00,,,,,,,,,,,,,,,,,,,,,,,,,,,,,,,,,,,,,,,,,,,,,,,,,,,,,,,,,1.000000e+00,8.242328e-01,1
7.550000e+01,SENSOR_TRACK_UPDATED,radar1,red,simple_radar,radar1.1,0.000000e+00,7.550000e+01,151,5.000000e-01,land,M,,,target1,TARGET,blue,3.806833e+01,-1.172333e+02,-4.00468707e-08,3.40442926e+06,-3.70076239e+06,3.91046568e+06,3.806944e+01,-1.172333e+02,1.52400000e+03,3.40519022e+06,-3.70158954e+06,3.91150229e+06,L,3,,B,,3.806944e+01,-1.172333e+02,1.52400000e+03,3.40519022e+06,-3.70158954e+06,3.91150229e+06,0.000000e+00,0.000000e+00,0.000000e+00,0.000000e+00,0.000000e+00,1.528983e+03,4.257712e-13,1.490027e+00,1.528983e+03,4.257712e-13,1.490027e+00,,,,,,,,0,,,
7.550000e+01,LOCAL_TRACK_UPDATED,radar1,red,radar1.2,0.000000e+00,7.550000e+01,151,5.000000e-01,land,P,,,target1,TARGET,blue,3.806833e+01,-1.172333e+02,-4.00468707e-08,3.40442926e+06,-3.70076239e+06,3.91046568e+06,3.806944e+01,-1.172333e+02,1.52400000e+03,3.40519022e+06,-3.70158954e+06,3.91150229e+06,L,3,,B,,3.806944e+01,-1.172333e+02,1.52400000e+03,3.40519022e+06,-3.70158954e+06,3.91150229e+06,0.000000e+00,0.000000e+00,0.000000e+00,0.000000e+00,0.000000e+00,1.528983e+03,4.257712e-13,1.490027e+00,1.528983e+03,4.257712e-13,1.490027e+00,,,,,,,,0,,,,radar1.1,simple_radar,WSF_GEOMETRIC_SENSOR,default
7.600000e+01,SENSOR_DETECTION_ATTEMPT,radar1,red,target1,simple_radar,default,1,,,,,,,,,,,,WSF_GEOMETRIC_SENSOR,3.806833e+01,-1.172333e+02,-4.00468707e-08,3.40456419e+06,-3.70063831e+06,3.91046564e+06,0.000000e+00,0.000000e+00,0.000000e+00,0.000000e+00,TARGET,3.806944e+01,-1.172333e+02,1.52400000e+03,3.40532519e+06,-3.70146542e+06,3.91150225e+06,0.000000e+00,0.000000e+00,0.000000e+00,0.000000e+00,,,,,,,,,,,,,,,,,,,,,1.528983e+03,4.265784e-13,1.490027e+00,,,1.528983e+03,3.141593e+00,-1.490047e+00,,,,,,,,,,,,,,,,,,,,,,,,,,,,,,,,,,,,,,,,,,,,,,,,,,,,,,,,,1.000000e+00,4.734351e-02,1
7.600000e+01,SENSOR_TRACK_UPDATED,radar1,red,simple_radar,radar1.1,0.000000e+00,7.600000e+01,152,5.000000e-01,land,M,,,target1,TARGET,blue,3.806833e+01,-1.172333e+02,-4.00468707e-08,3.40456419e+06,-3.70063831e+06,3.91046564e+06,3.806944e+01,-1.172333e+02,1.52400000e+03,3.40532519e+06,-3.70146543e+06,3.91150225e+06,L,3,,B,,3.806944e+01,-1.172333e+02,1.52400000e+03,3.40532519e+06,-3.70146542e+06,3.91150225e+06,0.000000e+00,0.000000e+00,0.000000e+00,0.000000e+00,0.000000e+00,1.528983e+03,4.257712e-13,1.490027e+00,1.528983e+03,4.257712e-13,1.490027e+00,,,,,,,,0,,,
7.600000e+01,LOCAL_TRACK_UPDATED,radar1,red,radar1.2,0.000000e+00,7.600000e+01,152,5.000000e-01,land,P,,,target1,TARGET,blue,3.806833e+01,-1.172333e+02,-4.00468707e-08,3.40456419e+06,-3.70063831e+06,3.91046564e+06,3.806944e+01,-1.172333e+02,1.52400000e+03,3.40532519e+06,-3.70146543e+06,3.91150225e+06,L,3,,B,,3.806944e+01,-1.172333e+02,1.52400000e+03,3.40532519e+06,-3.70146542e+06,3.91150225e+06,0.000000e+00,0.000000e+00,0.000000e+00,0.000000e+00,0.000000e+00,1.528983e+03,4.257712e-13,1.490027e+00,1.528983e+03,4.257712e-13,1.490027e+00,,,,,,,,0,,,,radar1.1,simple_radar,WSF_GEOMETRIC_SENSOR,default
7.650000e+01,SENSOR_DETECTION_ATTEMPT,radar1,red,target1,simple_radar,default,1,,,,,,,,,,,,WSF_GEOMETRIC_SENSOR,3.806833e+01,-1.172333e+02,-4.00468707e-08,3.40469912e+06,-3.70051421e+06,3.91046560e+06,0.000000e+00,0.000000e+00,0.000000e+00,0.000000e+00,TARGET,3.806944e+01,-1.172333e+02,1.52400000e+03,3.40546014e+06,-3.70134131e+06,3.91150220e+06,0.000000e+00,0.000000e+00,0.000000e+00,0.000000e+00,,,,,,,,,,,,,,,,,,,,,1.528983e+03,4.265784e-13,1.490027e+00,,,1.528983e+03,3.141593e+00,-1.490047e+00,,,,,,,,,,,,,,,,,,,,,,,,,,,,,,,,,,,,,,,,,,,,,,,,,,,,,,,,,1.000000e+00,3.961010e-01,1
7.650000e+01,SENSOR_TRACK_UPDATED,radar1,red,simple_radar,radar1.1,0.000000e+00,7.650000e+01,153,5.000000e-01,land,M,,,target1,TARGET,blue,3.806833e+01,-1.172333e+02,-4.00468707e-08,3.40469912e+06,-3.70051421e+06,3.91046560e+06,3.806944e+01,-1.172333e+02,1.52400000e+03,3.40546015e+06,-3.70134131e+06,3.91150220e+06,L,3,,B,,3.806944e+01,-1.172333e+02,1.52400000e+03,3.40546014e+06,-3.70134131e+06,3.91150220e+06,0.000000e+00,0.000000e+00,0.000000e+00,0.000000e+00,0.000000e+00,1.528983e+03,4.257712e-13,1.490027e+00,1.528983e+03,4.257712e-13,1.490027e+00,,,,,,,,0,,,
7.650000e+01,LOCAL_TRACK_UPDATED,radar1,red,radar1.2,0.000000e+00,7.650000e+01,153,5.000000e-01,land,P,,,target1,TARGET,blue,3.806833e+01,-1.172333e+02,-4.00468707e-08,3.40469912e+06,-3.70051421e+06,3.91046560e+06,3.806944e+01,-1.172333e+02,1.52400000e+03,3.40546015e+06,-3.70134131e+06,3.91150220e+06,L,3,,B,,3.806944e+01,-1.172333e+02,1.52400000e+03,3.40546014e+06,-3.70134131e+06,3.91150220e+06,0.000000e+00,0.000000e+00,0.000000e+00,0.000000e+00,0.000000e+00,1.528983e+03,4.257712e-13,1.490027e+00,1.528983e+03,4.257712e-13,1.490027e+00,,,,,,,,0,,,,radar1.1,simple_radar,WSF_GEOMETRIC_SENSOR,default
7.700000e+01,SENSOR_DETECTION_ATTEMPT,radar1,red,target1,simple_radar,default,1,,,,,,,,,,,,WSF_GEOMETRIC_SENSOR,3.806833e+01,-1.172333e+02,-4.00468707e-08,3.40483404e+06,-3.70039012e+06,3.91046556e+06,0.000000e+00,0.000000e+00,0.000000e+00,0.000000e+00,TARGET,3.806944e+01,-1.172333e+02,1.52400000e+03,3.40559510e+06,-3.70121718e+06,3.91150216e+06,0.000000e+00,0.000000e+00,0.000000e+00,0.000000e+00,,,,,,,,,,,,,,,,,,,,,1.528983e+03,4.265784e-13,1.490027e+00,,,1.528983e+03,3.141593e+00,-1.490047e+00,,,,,,,,,,,,,,,,,,,,,,,,,,,,,,,,,,,,,,,,,,,,,,,,,,,,,,,,,1.000000e+00,2.276285e-01,1
7.700000e+01,SENSOR_TRACK_UPDATED,radar1,red,simple_radar,radar1.1,0.000000e+00,7.700000e+01,154,5.000000e-01,land,M,,,target1,TARGET,blue,3.806833e+01,-1.172333e+02,-4.00468707e-08,3.40483404e+06,-3.70039012e+06,3.91046556e+06,3.806944e+01,-1.172333e+02,1.52400000e+03,3.40559510e+06,-3.70121718e+06,3.91150216e+06,L,3,,B,,3.806944e+01,-1.172333e+02,1.52400000e+03,3.40559510e+06,-3.70121718e+06,3.91150216e+06,0.000000e+00,0.000000e+00,0.000000e+00,0.000000e+00,0.000000e+00,1.528983e+03,4.257712e-13,1.490027e+00,1.528983e+03,4.257712e-13,1.490027e+00,,,,,,,,0,,,
7.700000e+01,LOCAL_TRACK_UPDATED,radar1,red,radar1.2,0.000000e+00,7.700000e+01,154,5.000000e-01,land,P,,,target1,TARGET,blue,3.806833e+01,-1.172333e+02,-4.00468707e-08,3.40483404e+06,-3.70039012e+06,3.91046556e+06,3.806944e+01,-1.172333e+02,1.52400000e+03,3.40559510e+06,-3.70121718e+06,3.91150216e+06,L,3,,B,,3.806944e+01,-1.172333e+02,1.52400000e+03,3.40559510e+06,-3.70121718e+06,3.91150216e+06,0.000000e+00,0.000000e+00,0.000000e+00,0.000000e+00,0.000000e+00,1.528983e+03,4.257712e-13,1.490027e+00,1.528983e+03,4.257712e-13,1.490027e+00,,,,,,,,0,,,,radar1.1,simple_radar,WSF_GEOMETRIC_SENSOR,default
7.750000e+01,SENSOR_DETECTION_ATTEMPT,radar1,red,target1,simple_radar,default,1,,,,,,,,,,,,WSF_GEOMETRIC_SENSOR,3.806833e+01,-1.172333e+02,-4.00468707e-08,3.40496896e+06,-3.70026602e+06,3.91046551e+06,0.000000e+00,0.000000e+00,0.000000e+00,0.000000e+00,TARGET,3.806944e+01,-1.172333e+02,1.52400000e+03,3.40573005e+06,-3.70109305e+06,3.91150212e+06,0.000000e+00,0.000000e+00,0.000000e+00,0.000000e+00,,,,,,,,,,,,,,,,,,,,,1.528983e+03,4.265784e-13,1.490027e+00,,,1.528983e+03,3.141593e+00,-1.490047e+00,,,,,,,,,,,,,,,,,,,,,,,,,,,,,,,,,,,,,,,,,,,,,,,,,,,,,,,,,1.000000e+00,7.332020e-01,1
7.750000e+01,SENSOR_TRACK_UPDATED,radar1,red,simple_radar,radar1.1,0.000000e+00,7.750000e+01,155,5.000000e-01,land,M,,,target1,TARGET,blue,3.806833e+01,-1.172333e+02,-4.00468707e-08,3.40496896e+06,-3.70026602e+06,3.91046551e+06,3.806944e+01,-1.172333e+02,1.52400000e+03,3.40573005e+06,-3.70109305e+06,3.91150212e+06,L,3,,B,,3.806944e+01,-1.172333e+02,1.52400000e+03,3.40573005e+06,-3.70109305e+06,3.91150212e+06,0.000000e+00,0.000000e+00,0.000000e+00,0.000000e+00,0.000000e+00,1.528983e+03,4.257712e-13,1.490027e+00,1.528983e+03,4.257712e-13,1.490027e+00,,,,,,,,0,,,
7.750000e+01,LOCAL_TRACK_UPDATED,radar1,red,radar1.2,0.000000e+00,7.750000e+01,155,5.000000e-01,land,P,,,target1,TARGET,blue,3.806833e+01,-1.172333e+02,-4.00468707e-08,3.40496896e+06,-3.70026602e+06,3.91046551e+06,3.806944e+01,-1.172333e+02,1.52400000e+03,3.40573005e+06,-3.70109305e+06,3.91150212e+06,L,3,,B,,3.806944e+01,-1.172333e+02,1.52400000e+03,3.40573005e+06,-3.70109305e+06,3.91150212e+06,0.000000e+00,0.000000e+00,0.000000e+00,0.000000e+00,0.000000e+00,1.528983e+03,4.257712e-13,1.490027e+00,1.528983e+03,4.257712e-13,1.490027e+00,,,,,,,,0,,,,radar1.1,simple_radar,WSF_GEOMETRIC_SENSOR,default
7.800000e+01,SENSOR_DETECTION_ATTEMPT,radar1,red,target1,simple_radar,default,1,,,,,,,,,,,,WSF_GEOMETRIC_SENSOR,3.806833e+01,-1.172333e+02,-4.00468707e-08,3.40510388e+06,-3.70014191e+06,3.91046547e+06,0.000000e+00,0.000000e+00,0.000000e+00,0.000000e+00,TARGET,3.806944e+01,-1.172333e+02,1.52400000e+03,3.40586499e+06,-3.70096892e+06,3.91150207e+06,0.000000e+00,0.000000e+00,0.000000e+00,0.000000e+00,,,,,,,,,,,,,,,,,,,,,1.528983e+03,4.265784e-13,1.490027e+00,,,1.528983e+03,3.141593e+00,-1.490047e+00,,,,,,,,,,,,,,,,,,,,,,,,,,,,,,,,,,,,,,,,,,,,,,,,,,,,,,,,,1.000000e+00,7.214432e-01,1
7.800000e+01,SENSOR_TRACK_UPDATED,radar1,red,simple_radar,radar1.1,0.000000e+00,7.800000e+01,156,5.000000e-01,land,M,,,target1,TARGET,blue,3.806833e+01,-1.172333e+02,-4.00468707e-08,3.40510388e+06,-3.70014191e+06,3.91046547e+06,3.806944e+01,-1.172333e+02,1.52400000e+03,3.40586499e+06,-3.70096892e+06,3.91150207e+06,L,3,,B,,3.806944e+01,-1.172333e+02,1.52400000e+03,3.40586499e+06,-3.70096892e+06,3.91150207e+06,0.000000e+00,0.000000e+00,0.000000e+00,0.000000e+00,0.000000e+00,1.528983e+03,4.257712e-13,1.490027e+00,1.528983e+03,4.257712e-13,1.490027e+00,,,,,,,,0,,,
7.800000e+01,LOCAL_TRACK_UPDATED,radar1,red,radar1.2,0.000000e+00,7.800000e+01,156,5.000000e-01,land,P,,,target1,TARGET,blue,3.806833e+01,-1.172333e+02,-4.00468707e-08,3.40510388e+06,-3.70014191e+06,3.91046547e+06,3.806944e+01,-1.172333e+02,1.52400000e+03,3.40586499e+06,-3.70096892e+06,3.91150207e+06,L,3,,B,,3.806944e+01,-1.172333e+02,1.52400000e+03,3.40586499e+06,-3.70096892e+06,3.91150207e+06,0.000000e+00,0.000000e+00,0.000000e+00,0.000000e+00,0.000000e+00,1.528983e+03,4.257712e-13,1.490027e+00,1.528983e+03,4.257712e-13,1.490027e+00,,,,,,,,0,,,,radar1.1,simple_radar,WSF_GEOMETRIC_SENSOR,default
7.850000e+01,SENSOR_DETECTION_ATTEMPT,radar1,red,target1,simple_radar,default,1,,,,,,,,,,,,WSF_GEOMETRIC_SENSOR,3.806833e+01,-1.172333e+02,-4.00468707e-08,3.40523879e+06,-3.70001780e+06,3.91046543e+06,0.000000e+00,0.000000e+00,0.000000e+00,0.000000e+00,TARGET,3.806944e+01,-1.172333e+02,1.52400000e+03,3.40599993e+06,-3.70084478e+06,3.91150203e+06,0.000000e+00,0.000000e+00,0.000000e+00,0.000000e+00,,,,,,,,,,,,,,,,,,,,,1.528983e+03,4.265784e-13,1.490027e+00,,,1.528983e+03,3.141593e+00,-1.490047e+00,,,,,,,,,,,,,,,,,,,,,,,,,,,,,,,,,,,,,,,,,,,,,,,,,,,,,,,,,1.000000e+00,1.023033e-01,1
7.850000e+01,SENSOR_TRACK_UPDATED,radar1,red,simple_radar,radar1.1,0.000000e+00,7.850000e+01,157,5.000000e-01,land,M,,,target1,TARGET,blue,3.806833e+01,-1.172333e+02,-4.00468707e-08,3.40523879e+06,-3.70001780e+06,3.91046543e+06,3.806944e+01,-1.172333e+02,1.52400000e+03,3.40599993e+06,-3.70084478e+06,3.91150203e+06,L,3,,B,,3.806944e+01,-1.172333e+02,1.52400000e+03,3.40599993e+06,-3.70084478e+06,3.91150203e+06,0.000000e+00,0.000000e+00,0.000000e+00,0.000000e+00,0.000000e+00,1.528983e+03,4.257712e-13,1.490027e+00,1.528983e+03,4.257712e-13,1.490027e+00,,,,,,,,0,,,
7.850000e+01,LOCAL_TRACK_UPDATED,radar1,red,radar1.2,0.000000e+00,7.850000e+01,157,5.000000e-01,land,P,,,target1,TARGET,blue,3.806833e+01,-1.172333e+02,-4.00468707e-08,3.40523879e+06,-3.70001780e+06,3.91046543e+06,3.806944e+01,-1.172333e+02,1.52400000e+03,3.40599993e+06,-3.70084478e+06,3.91150203e+06,L,3,,B,,3.806944e+01,-1.172333e+02,1.52400000e+03,3.40599993e+06,-3.70084478e+06,3.91150203e+06,0.000000e+00,0.000000e+00,0.000000e+00,0.000000e+00,0.000000e+00,1.528983e+03,4.257712e-13,1.490027e+00,1.528983e+03,4.257712e-13,1.490027e+00,,,,,,,,0,,,,radar1.1,simple_radar,WSF_GEOMETRIC_SENSOR,default
7.900000e+01,SENSOR_DETECTION_ATTEMPT,radar1,red,target1,simple_radar,default,1,,,,,,,,,,,,WSF_GEOMETRIC_SENSOR,3.806833e+01,-1.172333e+02,-4.00468707e-08,3.40537369e+06,-3.69989368e+06,3.91046538e+06,0.000000e+00,0.000000e+00,0.000000e+00,0.000000e+00,TARGET,3.806944e+01,-1.172333e+02,1.52400000e+03,3.40613487e+06,-3.70072063e+06,3.91150199e+06,0.000000e+00,0.000000e+00,0.000000e+00,0.000000e+00,,,,,,,,,,,,,,,,,,,,,1.528983e+03,4.265784e-13,1.490027e+00,,,1.528983e+03,3.141593e+00,-1.490047e+00,,,,,,,,,,,,,,,,,,,,,,,,,,,,,,,,,,,,,,,,,,,,,,,,,,,,,,,,,1.000000e+00,1.533880e-01,1
7.900000e+01,SENSOR_TRACK_UPDATED,radar1,red,simple_radar,radar1.1,0.000000e+00,7.900000e+01,158,5.000000e-01,land,M,,,target1,TARGET,blue,3.806833e+01,-1.172333e+02,-4.00468707e-08,3.40537369e+06,-3.69989368e+06,3.91046538e+06,3.806944e+01,-1.172333e+02,1.52400000e+03,3.40613487e+06,-3.70072063e+06,3.91150199e+06,L,3,,B,,3.806944e+01,-1.172333e+02,1.52400000e+03,3.40613487e+06,-3.70072063e+06,3.91150199e+06,0.000000e+00,0.000000e+00,0.000000e+00,0.000000e+00,0.000000e+00,1.528983e+03,4.257712e-13,1.490027e+00,1.528983e+03,4.257712e-13,1.490027e+00,,,,,,,,0,,,
7.900000e+01,LOCAL_TRACK_UPDATED,radar1,red,radar1.2,0.000000e+00,7.900000e+01,158,5.000000e-01,land,P,,,target1,TARGET,blue,3.806833e+01,-1.172333e+02,-4.00468707e-08,3.40537369e+06,-3.69989368e+06,3.91046538e+06,3.806944e+01,-1.172333e+02,1.52400000e+03,3.40613487e+06,-3.70072063e+06,3.91150199e+06,L,3,,B,,3.806944e+01,-1.172333e+02,1.52400000e+03,3.40613487e+06,-3.70072063e+06,3.91150199e+06,0.000000e+00,0.000000e+00,0.000000e+00,0.000000e+00,0.000000e+00,1.528983e+03,4.257712e-13,1.490027e+00,1.528983e+03,4.257712e-13,1.490027e+00,,,,,,,,0,,,,radar1.1,simple_radar,WSF_GEOMETRIC_SENSOR,default
7.950000e+01,SENSOR_DETECTION_ATTEMPT,radar1,red,target1,simple_radar,default,1,,,,,,,,,,,,WSF_GEOMETRIC_SENSOR,3.806833e+01,-1.172333e+02,-4.00468707e-08,3.40550859e+06,-3.69976956e+06,3.91046534e+06,0.000000e+00,0.000000e+00,0.000000e+00,0.000000e+00,TARGET,3.806944e+01,-1.172333e+02,1.52400000e+03,3.40626980e+06,-3.70059649e+06,3.91150194e+06,0.000000e+00,0.000000e+00,0.000000e+00,0.000000e+00,,,,,,,,,,,,,,,,,,,,,1.528983e+03,4.265784e-13,1.490027e+00,,,1.528983e+03,3.141593e+00,-1.490047e+00,,,,,,,,,,,,,,,,,,,,,,,,,,,,,,,,,,,,,,,,,,,,,,,,,,,,,,,,,1.000000e+00,1.180202e-01,1
7.950000e+01,SENSOR_TRACK_UPDATED,radar1,red,simple_radar,radar1.1,0.000000e+00,7.950000e+01,159,5.000000e-01,land,M,,,target1,TARGET,blue,3.806833e+01,-1.172333e+02,-4.00468707e-08,3.40550859e+06,-3.69976956e+06,3.91046534e+06,3.806944e+01,-1.172333e+02,1.52400000e+03,3.40626980e+06,-3.70059649e+06,3.91150194e+06,L,3,,B,,3.806944e+01,-1.172333e+02,1.52400000e+03,3.40626980e+06,-3.70059649e+06,3.91150194e+06,0.000000e+00,0.000000e+00,0.000000e+00,0.000000e+00,0.000000e+00,1.528983e+03,4.257712e-13,1.490027e+00,1.528983e+03,4.257712e-13,1.490027e+00,,,,,,,,0,,,
7.950000e+01,LOCAL_TRACK_UPDATED,radar1,red,radar1.2,0.000000e+00,7.950000e+01,159,5.000000e-01,land,P,,,target1,TARGET,blue,3.806833e+01,-1.172333e+02,-4.00468707e-08,3.40550859e+06,-3.69976956e+06,3.91046534e+06,3.806944e+01,-1.172333e+02,1.52400000e+03,3.40626980e+06,-3.70059649e+06,3.91150194e+06,L,3,,B,,3.806944e+01,-1.172333e+02,1.52400000e+03,3.40626980e+06,-3.70059649e+06,3.91150194e+06,0.000000e+00,0.000000e+00,0.000000e+00,0.000000e+00,0.000000e+00,1.528983e+03,4.257712e-13,1.490027e+00,1.528983e+03,4.257712e-13,1.490027e+00,,,,,,,,0,,,,radar1.1,simple_radar,WSF_GEOMETRIC_SENSOR,default
8.000000e+01,SENSOR_DETECTION_ATTEMPT,radar1,red,target1,simple_radar,default,1,,,,,,,,,,,,WSF_GEOMETRIC_SENSOR,3.806833e+01,-1.172333e+02,-4.00468707e-08,3.40564349e+06,-3.69964543e+06,3.91046530e+06,0.000000e+00,0.000000e+00,0.000000e+00,0.000000e+00,TARGET,3.806944e+01,-1.172333e+02,1.52400000e+03,3.40640473e+06,-3.70047233e+06,3.91150190e+06,0.000000e+00,0.000000e+00,0.000000e+00,0.000000e+00,,,,,,,,,,,,,,,,,,,,,1.528983e+03,4.265784e-13,1.490027e+00,,,1.528983e+03,3.141593e+00,-1.490047e+00,,,,,,,,,,,,,,,,,,,,,,,,,,,,,,,,,,,,,,,,,,,,,,,,,,,,,,,,,1.000000e+00,1.801084e-01,1
8.000000e+01,SENSOR_TRACK_UPDATED,radar1,red,simple_radar,radar1.1,0.000000e+00,8.000000e+01,160,5.000000e-01,land,M,,,target1,TARGET,blue,3.806833e+01,-1.172333e+02,-4.00468707e-08,3.40564349e+06,-3.69964543e+06,3.91046530e+06,3.806944e+01,-1.172333e+02,1.52400000e+03,3.40640473e+06,-3.70047233e+06,3.91150190e+06,L,3,,B,,3.806944e+01,-1.172333e+02,1.52400000e+03,3.40640473e+06,-3.70047233e+06,3.91150190e+06,0.000000e+00,0.000000e+00,0.000000e+00,0.000000e+00,0.000000e+00,1.528983e+03,4.257712e-13,1.490027e+00,1.528983e+03,4.257712e-13,1.490027e+00,,,,,,,,0,,,
8.000000e+01,LOCAL_TRACK_UPDATED,radar1,red,radar1.2,0.000000e+00,8.000000e+01,160,5.000000e-01,land,P,,,target1,TARGET,blue,3.806833e+01,-1.172333e+02,-4.00468707e-08,3.40564349e+06,-3.69964543e+06,3.91046530e+06,3.806944e+01,-1.172333e+02,1.52400000e+03,3.40640473e+06,-3.70047233e+06,3.91150190e+06,L,3,,B,,3.806944e+01,-1.172333e+02,1.52400000e+03,3.40640473e+06,-3.70047233e+06,3.91150190e+06,0.000000e+00,0.000000e+00,0.000000e+00,0.000000e+00,0.000000e+00,1.528983e+03,4.257712e-13,1.490027e+00,1.528983e+03,4.257712e-13,1.490027e+00,,,,,,,,0,,,,radar1.1,simple_radar,WSF_GEOMETRIC_SENSOR,default
8.050000e+01,SENSOR_DETECTION_ATTEMPT,radar1,red,target1,simple_radar,default,1,,,,,,,,,,,,WSF_GEOMETRIC_SENSOR,3.806833e+01,-1.172333e+02,-4.00468707e-08,3.40577838e+06,-3.69952130e+06,3.91046525e+06,0.000000e+00,0.000000e+00,0.000000e+00,0.000000e+00,TARGET,3.806944e+01,-1.172333e+02,1.52400000e+03,3.40653965e+06,-3.70034817e+06,3.91150186e+06,0.000000e+00,0.000000e+00,0.000000e+00,0.000000e+00,,,,,,,,,,,,,,,,,,,,,1.528983e+03,4.265784e-13,1.490027e+00,,,1.528983e+03,3.141593e+00,-1.490047e+00,,,,,,,,,,,,,,,,,,,,,,,,,,,,,,,,,,,,,,,,,,,,,,,,,,,,,,,,,1.000000e+00,5.230196e-01,1
8.050000e+01,SENSOR_TRACK_UPDATED,radar1,red,simple_radar,radar1.1,0.000000e+00,8.050000e+01,161,5.000000e-01,land,M,,,target1,TARGET,blue,3.806833e+01,-1.172333e+02,-4.00468707e-08,3.40577838e+06,-3.69952130e+06,3.91046525e+06,3.806944e+01,-1.172333e+02,1.52400000e+03,3.40653965e+06,-3.70034817e+06,3.91150186e+06,L,3,,B,,3.806944e+01,-1.172333e+02,1.52400000e+03,3.40653965e+06,-3.70034817e+06,3.91150186e+06,0.000000e+00,0.000000e+00,0.000000e+00,0.000000e+00,0.000000e+00,1.528983e+03,4.257712e-13,1.490027e+00,1.528983e+03,4.257712e-13,1.490027e+00,,,,,,,,0,,,
8.050000e+01,LOCAL_TRACK_UPDATED,radar1,red,radar1.2,0.000000e+00,8.050000e+01,161,5.000000e-01,land,P,,,target1,TARGET,blue,3.806833e+01,-1.172333e+02,-4.00468707e-08,3.40577838e+06,-3.69952130e+06,3.91046525e+06,3.806944e+01,-1.172333e+02,1.52400000e+03,3.40653965e+06,-3.70034817e+06,3.91150186e+06,L,3,,B,,3.806944e+01,-1.172333e+02,1.52400000e+03,3.40653965e+06,-3.70034817e+06,3.91150186e+06,0.000000e+00,0.000000e+00,0.000000e+00,0.000000e+00,0.000000e+00,1.528983e+03,4.257712e-13,1.490027e+00,1.528983e+03,4.257712e-13,1.490027e+00,,,,,,,,0,,,,radar1.1,simple_radar,WSF_GEOMETRIC_SENSOR,default
8.100000e+01,SENSOR_DETECTION_ATTEMPT,radar1,red,target1,simple_radar,default,1,,,,,,,,,,,,WSF_GEOMETRIC_SENSOR,3.806833e+01,-1.172333e+02,-4.00468707e-08,3.40591327e+06,-3.69939717e+06,3.91046521e+06,0.000000e+00,0.000000e+00,0.000000e+00,0.000000e+00,TARGET,3.806944e+01,-1.172333e+02,1.52400000e+03,3.40667456e+06,-3.70022401e+06,3.91150181e+06,0.000000e+00,0.000000e+00,0.000000e+00,0.000000e+00,,,,,,,,,,,,,,,,,,,,,1.528983e+03,4.265784e-13,1.490027e+00,,,1.528983e+03,3.141593e+00,-1.490047e+00,,,,,,,,,,,,,,,,,,,,,,,,,,,,,,,,,,,,,,,,,,,,,,,,,,,,,,,,,1.000000e+00,7.436334e-01,1
8.100000e+01,SENSOR_TRACK_UPDATED,radar1,red,simple_radar,radar1.1,0.000000e+00,8.100000e+01,162,5.000000e-01,land,M,,,target1,TARGET,blue,3.806833e+01,-1.172333e+02,-4.00468707e-08,3.40591327e+06,-3.69939717e+06,3.91046521e+06,3.806944e+01,-1.172333e+02,1.52400000e+03,3.40667457e+06,-3.70022401e+06,3.91150181e+06,L,3,,B,,3.806944e+01,-1.172333e+02,1.52400000e+03,3.40667456e+06,-3.70022401e+06,3.91150181e+06,0.000000e+00,0.000000e+00,0.000000e+00,0.000000e+00,0.000000e+00,1.528983e+03,4.257712e-13,1.490027e+00,1.528983e+03,4.257712e-13,1.490027e+00,,,,,,,,0,,,
8.100000e+01,LOCAL_TRACK_UPDATED,radar1,red,radar1.2,0.000000e+00,8.100000e+01,162,5.000000e-01,land,P,,,target1,TARGET,blue,3.806833e+01,-1.172333e+02,-4.00468707e-08,3.40591327e+06,-3.69939717e+06,3.91046521e+06,3.806944e+01,-1.172333e+02,1.52400000e+03,3.40667457e+06,-3.70022401e+06,3.91150181e+06,L,3,,B,,3.806944e+01,-1.172333e+02,1.52400000e+03,3.40667456e+06,-3.70022401e+06,3.91150181e+06,0.000000e+00,0.000000e+00,0.000000e+00,0.000000e+00,0.000000e+00,1.528983e+03,4.257712e-13,1.490027e+00,1.528983e+03,4.257712e-13,1.490027e+00,,,,,,,,0,,,,radar1.1,simple_radar,WSF_GEOMETRIC_SENSOR,default
8.150000e+01,SENSOR_DETECTION_ATTEMPT,radar1,red,target1,simple_radar,default,1,,,,,,,,,,,,WSF_GEOMETRIC_SENSOR,3.806833e+01,-1.172333e+02,-4.00468707e-08,3.40604815e+06,-3.69927303e+06,3.91046517e+06,0.000000e+00,0.000000e+00,0.000000e+00,0.000000e+00,TARGET,3.806944e+01,-1.172333e+02,1.52400000e+03,3.40680948e+06,-3.70009984e+06,3.91150177e+06,0.000000e+00,0.000000e+00,0.000000e+00,0.000000e+00,,,,,,,,,,,,,,,,,,,,,1.528983e+03,4.265784e-13,1.490027e+00,,,1.528983e+03,3.141593e+00,-1.490047e+00,,,,,,,,,,,,,,,,,,,,,,,,,,,,,,,,,,,,,,,,,,,,,,,,,,,,,,,,,1.000000e+00,3.749456e-02,1
8.150000e+01,SENSOR_TRACK_UPDATED,radar1,red,simple_radar,radar1.1,0.000000e+00,8.150000e+01,163,5.000000e-01,land,M,,,target1,TARGET,blue,3.806833e+01,-1.172333e+02,-4.00468707e-08,3.40604815e+06,-3.69927303e+06,3.91046517e+06,3.806944e+01,-1.172333e+02,1.52400000e+03,3.40680948e+06,-3.70009984e+06,3.91150177e+06,L,3,,B,,3.806944e+01,-1.172333e+02,1.52400000e+03,3.40680948e+06,-3.70009984e+06,3.91150177e+06,0.000000e+00,0.000000e+00,0.000000e+00,0.000000e+00,0.000000e+00,1.528983e+03,4.257712e-13,1.490027e+00,1.528983e+03,4.257712e-13,1.490027e+00,,,,,,,,0,,,
8.150000e+01,LOCAL_TRACK_UPDATED,radar1,red,radar1.2,0.000000e+00,8.150000e+01,163,5.000000e-01,land,P,,,target1,TARGET,blue,3.806833e+01,-1.172333e+02,-4.00468707e-08,3.40604815e+06,-3.69927303e+06,3.91046517e+06,3.806944e+01,-1.172333e+02,1.52400000e+03,3.40680948e+06,-3.70009984e+06,3.91150177e+06,L,3,,B,,3.806944e+01,-1.172333e+02,1.52400000e+03,3.40680948e+06,-3.70009984e+06,3.91150177e+06,0.000000e+00,0.000000e+00,0.000000e+00,0.000000e+00,0.000000e+00,1.528983e+03,4.257712e-13,1.490027e+00,1.528983e+03,4.257712e-13,1.490027e+00,,,,,,,,0,,,,radar1.1,simple_radar,WSF_GEOMETRIC_SENSOR,default
8.200000e+01,SENSOR_DETECTION_ATTEMPT,radar1,red,target1,simple_radar,default,1,,,,,,,,,,,,WSF_GEOMETRIC_SENSOR,3.806833e+01,-1.172333e+02,-4.00468707e-08,3.40618303e+06,-3.69914888e+06,3.91046512e+06,0.000000e+00,0.000000e+00,0.000000e+00,0.000000e+00,TARGET,3.806944e+01,-1.172333e+02,1.52400000e+03,3.40694439e+06,-3.69997567e+06,3.91150173e+06,0.000000e+00,0.000000e+00,0.000000e+00,0.000000e+00,,,,,,,,,,,,,,,,,,,,,1.528983e+03,4.265784e-13,1.490027e+00,,,1.528983e+03,3.141593e+00,-1.490047e+00,,,,,,,,,,,,,,,,,,,,,,,,,,,,,,,,,,,,,,,,,,,,,,,,,,,,,,,,,1.000000e+00,4.988261e-01,1
8.200000e+01,SENSOR_TRACK_UPDATED,radar1,red,simple_radar,radar1.1,0.000000e+00,8.200000e+01,164,5.000000e-01,land,M,,,target1,TARGET,blue,3.806833e+01,-1.172333e+02,-4.00468707e-08,3.40618303e+06,-3.69914888e+06,3.91046512e+06,3.806944e+01,-1.172333e+02,1.52400000e+03,3.40694439e+06,-3.69997567e+06,3.91150173e+06,L,3,,B,,3.806944e+01,-1.172333e+02,1.52400000e+03,3.40694439e+06,-3.69997567e+06,3.91150173e+06,0.000000e+00,0.000000e+00,0.000000e+00,0.000000e+00,0.000000e+00,1.528983e+03,4.257712e-13,1.490027e+00,1.528983e+03,4.257712e-13,1.490027e+00,,,,,,,,0,,,
8.200000e+01,LOCAL_TRACK_UPDATED,radar1,red,radar1.2,0.000000e+00,8.200000e+01,164,5.000000e-01,land,P,,,target1,TARGET,blue,3.806833e+01,-1.172333e+02,-4.00468707e-08,3.40618303e+06,-3.69914888e+06,3.91046512e+06,3.806944e+01,-1.172333e+02,1.52400000e+03,3.40694439e+06,-3.69997567e+06,3.91150173e+06,L,3,,B,,3.806944e+01,-1.172333e+02,1.52400000e+03,3.40694439e+06,-3.69997567e+06,3.91150173e+06,0.000000e+00,0.000000e+00,0.000000e+00,0.000000e+00,0.000000e+00,1.528983e+03,4.257712e-13,1.490027e+00,1.528983e+03,4.257712e-13,1.490027e+00,,,,,,,,0,,,,radar1.1,simple_radar,WSF_GEOMETRIC_SENSOR,default
8.250000e+01,SENSOR_DETECTION_ATTEMPT,radar1,red,target1,simple_radar,default,1,,,,,,,,,,,,WSF_GEOMETRIC_SENSOR,3.806833e+01,-1.172333e+02,-4.00468707e-08,3.40631790e+06,-3.69902473e+06,3.91046508e+06,0.000000e+00,0.000000e+00,0.000000e+00,0.000000e+00,TARGET,3.806944e+01,-1.172333e+02,1.52400000e+03,3.40707929e+06,-3.69985149e+06,3.91150168e+06,0.000000e+00,0.000000e+00,0.000000e+00,0.000000e+00,,,,,,,,,,,,,,,,,,,,,1.528983e+03,4.265784e-13,1.490027e+00,,,1.528983e+03,3.141593e+00,-1.490047e+00,,,,,,,,,,,,,,,,,,,,,,,,,,,,,,,,,,,,,,,,,,,,,,,,,,,,,,,,,1.000000e+00,2.513614e-01,1
8.250000e+01,SENSOR_TRACK_UPDATED,radar1,red,simple_radar,radar1.1,0.000000e+00,8.250000e+01,165,5.000000e-01,land,M,,,target1,TARGET,blue,3.806833e+01,-1.172333e+02,-4.00468707e-08,3.40631790e+06,-3.69902473e+06,3.91046508e+06,3.806944e+01,-1.172333e+02,1.52400000e+03,3.40707929e+06,-3.69985149e+06,3.91150168e+06,L,3,,B,,3.806944e+01,-1.172333e+02,1.52400000e+03,3.40707929e+06,-3.69985149e+06,3.91150168e+06,0.000000e+00,0.000000e+00,0.000000e+00,0.000000e+00,0.000000e+00,1.528983e+03,4.257712e-13,1.490027e+00,1.528983e+03,4.257712e-13,1.490027e+00,,,,,,,,0,,,
8.250000e+01,LOCAL_TRACK_UPDATED,radar1,red,radar1.2,0.000000e+00,8.250000e+01,165,5.000000e-01,land,P,,,target1,TARGET,blue,3.806833e+01,-1.172333e+02,-4.00468707e-08,3.40631790e+06,-3.69902473e+06,3.91046508e+06,3.806944e+01,-1.172333e+02,1.52400000e+03,3.40707929e+06,-3.69985149e+06,3.91150168e+06,L,3,,B,,3.806944e+01,-1.172333e+02,1.52400000e+03,3.40707929e+06,-3.69985149e+06,3.91150168e+06,0.000000e+00,0.000000e+00,0.000000e+00,0.000000e+00,0.000000e+00,1.528983e+03,4.257712e-13,1.490027e+00,1.528983e+03,4.257712e-13,1.490027e+00,,,,,,,,0,,,,radar1.1,simple_radar,WSF_GEOMETRIC_SENSOR,default
8.300000e+01,SENSOR_DETECTION_ATTEMPT,radar1,red,target1,simple_radar,default,1,,,,,,,,,,,,WSF_GEOMETRIC_SENSOR,3.806833e+01,-1.172333e+02,-4.00468707e-08,3.40645277e+06,-3.69890057e+06,3.91046504e+06,0.000000e+00,0.000000e+00,0.000000e+00,0.000000e+00,TARGET,3.806944e+01,-1.172333e+02,1.52400000e+03,3.40721419e+06,-3.69972730e+06,3.91150164e+06,0.000000e+00,0.000000e+00,0.000000e+00,0.000000e+00,,,,,,,,,,,,,,,,,,,,,1.528983e+03,4.265784e-13,1.490027e+00,,,1.528983e+03,3.141593e+00,-1.490047e+00,,,,,,,,,,,,,,,,,,,,,,,,,,,,,,,,,,,,,,,,,,,,,,,,,,,,,,,,,1.000000e+00,2.365454e-01,1
8.300000e+01,SENSOR_TRACK_UPDATED,radar1,red,simple_radar,radar1.1,0.000000e+00,8.300000e+01,166,5.000000e-01,land,M,,,target1,TARGET,blue,3.806833e+01,-1.172333e+02,-4.00468707e-08,3.40645277e+06,-3.69890057e+06,3.91046504e+06,3.806944e+01,-1.172333e+02,1.52400000e+03,3.40721419e+06,-3.69972730e+06,3.91150164e+06,L,3,,B,,3.806944e+01,-1.172333e+02,1.52400000e+03,3.40721419e+06,-3.69972730e+06,3.91150164e+06,0.000000e+00,0.000000e+00,0.000000e+00,0.000000e+00,0.000000e+00,1.528983e+03,4.257712e-13,1.490027e+00,1.528983e+03,4.257712e-13,1.490027e+00,,,,,,,,0,,,
8.300000e+01,LOCAL_TRACK_UPDATED,radar1,red,radar1.2,0.000000e+00,8.300000e+01,166,5.000000e-01,land,P,,,target1,TARGET,blue,3.806833e+01,-1.172333e+02,-4.00468707e-08,3.40645277e+06,-3.69890057e+06,3.91046504e+06,3.806944e+01,-1.172333e+02,1.52400000e+03,3.40721419e+06,-3.69972730e+06,3.91150164e+06,L,3,,B,,3.806944e+01,-1.172333e+02,1.52400000e+03,3.40721419e+06,-3.69972730e+06,3.91150164e+06,0.000000e+00,0.000000e+00,0.000000e+00,0.000000e+00,0.000000e+00,1.528983e+03,4.257712e-13,1.490027e+00,1.528983e+03,4.257712e-13,1.490027e+00,,,,,,,,0,,,,radar1.1,simple_radar,WSF_GEOMETRIC_SENSOR,default
8.350000e+01,SENSOR_DETECTION_ATTEMPT,radar1,red,target1,simple_radar,default,1,,,,,,,,,,,,WSF_GEOMETRIC_SENSOR,3.806833e+01,-1.172333e+02,-4.00468707e-08,3.40658764e+06,-3.69877641e+06,3.91046499e+06,0.000000e+00,0.000000e+00,0.000000e+00,0.000000e+00,TARGET,3.806944e+01,-1.172333e+02,1.52400000e+03,3.40734908e+06,-3.69960312e+06,3.91150160e+06,0.000000e+00,0.000000e+00,0.000000e+00,0.000000e+00,,,,,,,,,,,,,,,,,,,,,1.528983e+03,4.265784e-13,1.490027e+00,,,1.528983e+03,3.141593e+00,-1.490047e+00,,,,,,,,,,,,,,,,,,,,,,,,,,,,,,,,,,,,,,,,,,,,,,,,,,,,,,,,,1.000000e+00,2.331912e-01,1
8.350000e+01,SENSOR_TRACK_UPDATED,radar1,red,simple_radar,radar1.1,0.000000e+00,8.350000e+01,167,5.000000e-01,land,M,,,target1,TARGET,blue,3.806833e+01,-1.172333e+02,-4.00468707e-08,3.40658764e+06,-3.69877641e+06,3.91046499e+06,3.806944e+01,-1.172333e+02,1.52400000e+03,3.40734909e+06,-3.69960312e+06,3.91150160e+06,L,3,,B,,3.806944e+01,-1.172333e+02,1.52400000e+03,3.40734908e+06,-3.69960312e+06,3.91150160e+06,0.000000e+00,0.000000e+00,0.000000e+00,0.000000e+00,0.000000e+00,1.528983e+03,4.257712e-13,1.490027e+00,1.528983e+03,4.257712e-13,1.490027e+00,,,,,,,,0,,,
8.350000e+01,LOCAL_TRACK_UPDATED,radar1,red,radar1.2,0.000000e+00,8.350000e+01,167,5.000000e-01,land,P,,,target1,TARGET,blue,3.806833e+01,-1.172333e+02,-4.00468707e-08,3.40658764e+06,-3.69877641e+06,3.91046499e+06,3.806944e+01,-1.172333e+02,1.52400000e+03,3.40734909e+06,-3.69960312e+06,3.91150160e+06,L,3,,B,,3.806944e+01,-1.172333e+02,1.52400000e+03,3.40734908e+06,-3.69960312e+06,3.91150160e+06,0.000000e+00,0.000000e+00,0.000000e+00,0.000000e+00,0.000000e+00,1.528983e+03,4.257712e-13,1.490027e+00,1.528983e+03,4.257712e-13,1.490027e+00,,,,,,,,0,,,,radar1.1,simple_radar,WSF_GEOMETRIC_SENSOR,default
8.400000e+01,SENSOR_DETECTION_ATTEMPT,radar1,red,target1,simple_radar,default,1,,,,,,,,,,,,WSF_GEOMETRIC_SENSOR,3.806833e+01,-1.172333e+02,-4.00468707e-08,3.40672250e+06,-3.69865225e+06,3.91046495e+06,0.000000e+00,0.000000e+00,0.000000e+00,0.000000e+00,TARGET,3.806944e+01,-1.172333e+02,1.52400000e+03,3.40748397e+06,-3.69947892e+06,3.91150155e+06,0.000000e+00,0.000000e+00,0.000000e+00,0.000000e+00,,,,,,,,,,,,,,,,,,,,,1.528983e+03,4.265784e-13,1.490027e+00,,,1.528983e+03,3.141593e+00,-1.490047e+00,,,,,,,,,,,,,,,,,,,,,,,,,,,,,,,,,,,,,,,,,,,,,,,,,,,,,,,,,1.000000e+00,6.748702e-02,1
8.400000e+01,SENSOR_TRACK_UPDATED,radar1,red,simple_radar,radar1.1,0.000000e+00,8.400000e+01,168,5.000000e-01,land,M,,,target1,TARGET,blue,3.806833e+01,-1.172333e+02,-4.00468707e-08,3.40672250e+06,-3.69865225e+06,3.91046495e+06,3.806944e+01,-1.172333e+02,1.52400000e+03,3.40748398e+06,-3.69947892e+06,3.91150155e+06,L,3,,B,,3.806944e+01,-1.172333e+02,1.52400000e+03,3.40748397e+06,-3.69947892e+06,3.91150155e+06,0.000000e+00,0.000000e+00,0.000000e+00,0.000000e+00,0.000000e+00,1.528983e+03,4.257712e-13,1.490027e+00,1.528983e+03,4.257712e-13,1.490027e+00,,,,,,,,0,,,
8.400000e+01,LOCAL_TRACK_UPDATED,radar1,red,radar1.2,0.000000e+00,8.400000e+01,168,5.000000e-01,land,P,,,target1,TARGET,blue,3.806833e+01,-1.172333e+02,-4.00468707e-08,3.40672250e+06,-3.69865225e+06,3.91046495e+06,3.806944e+01,-1.172333e+02,1.52400000e+03,3.40748398e+06,-3.69947892e+06,3.91150155e+06,L,3,,B,,3.806944e+01,-1.172333e+02,1.52400000e+03,3.40748397e+06,-3.69947892e+06,3.91150155e+06,0.000000e+00,0.000000e+00,0.000000e+00,0.000000e+00,0.000000e+00,1.528983e+03,4.257712e-13,1.490027e+00,1.528983e+03,4.257712e-13,1.490027e+00,,,,,,,,0,,,,radar1.1,simple_radar,WSF_GEOMETRIC_SENSOR,default
8.450000e+01,SENSOR_DETECTION_ATTEMPT,radar1,red,target1,simple_radar,default,1,,,,,,,,,,,,WSF_GEOMETRIC_SENSOR,3.806833e+01,-1.172333e+02,-4.00468707e-08,3.40685735e+06,-3.69852808e+06,3.91046491e+06,0.000000e+00,0.000000e+00,0.000000e+00,0.000000e+00,TARGET,3.806944e+01,-1.172333e+02,1.52400000e+03,3.40761886e+06,-3.69935472e+06,3.91150151e+06,0.000000e+00,0.000000e+00,0.000000e+00,0.000000e+00,,,,,,,,,,,,,,,,,,,,,1.528983e+03,4.265784e-13,1.490027e+00,,,1.528983e+03,3.141593e+00,-1.490047e+00,,,,,,,,,,,,,,,,,,,,,,,,,,,,,,,,,,,,,,,,,,,,,,,,,,,,,,,,,1.000000e+00,3.801826e-01,1
8.450000e+01,SENSOR_TRACK_UPDATED,radar1,red,simple_radar,radar1.1,0.000000e+00,8.450000e+01,169,5.000000e-01,land,M,,,target1,TARGET,blue,3.806833e+01,-1.172333e+02,-4.00468707e-08,3.40685735e+06,-3.69852808e+06,3.91046491e+06,3.806944e+01,-1.172333e+02,1.52400000e+03,3.40761886e+06,-3.69935472e+06,3.91150151e+06,L,3,,B,,3.806944e+01,-1.172333e+02,1.52400000e+03,3.40761886e+06,-3.69935472e+06,3.91150151e+06,0.000000e+00,0.000000e+00,0.000000e+00,0.000000e+00,0.000000e+00,1.528983e+03,4.257712e-13,1.490027e+00,1.528983e+03,4.257712e-13,1.490027e+00,,,,,,,,0,,,
8.450000e+01,LOCAL_TRACK_UPDATED,radar1,red,radar1.2,0.000000e+00,8.450000e+01,169,5.000000e-01,land,P,,,target1,TARGET,blue,3.806833e+01,-1.172333e+02,-4.00468707e-08,3.40685735e+06,-3.69852808e+06,3.91046491e+06,3.806944e+01,-1.172333e+02,1.52400000e+03,3.40761886e+06,-3.69935472e+06,3.91150151e+06,L,3,,B,,3.806944e+01,-1.172333e+02,1.52400000e+03,3.40761886e+06,-3.69935472e+06,3.91150151e+06,0.000000e+00,0.000000e+00,0.000000e+00,0.000000e+00,0.000000e+00,1.528983e+03,4.257712e-13,1.490027e+00,1.528983e+03,4.257712e-13,1.490027e+00,,,,,,,,0,,,,radar1.1,simple_radar,WSF_GEOMETRIC_SENSOR,default
8.500000e+01,SENSOR_DETECTION_ATTEMPT,radar1,red,target1,simple_radar,default,1,,,,,,,,,,,,WSF_GEOMETRIC_SENSOR,3.806833e+01,-1.172333e+02,-4.00468707e-08,3.40699220e+06,-3.69840390e+06,3.91046486e+06,0.000000e+00,0.000000e+00,0.000000e+00,0.000000e+00,TARGET,3.806944e+01,-1.172333e+02,1.52400000e+03,3.40775374e+06,-3.69923052e+06,3.91150147e+06,0.000000e+00,0.000000e+00,0.000000e+00,0.000000e+00,,,,,,,,,,,,,,,,,,,,,1.528983e+03,4.265784e-13,1.490027e+00,,,1.528983e+03,3.141593e+00,-1.490047e+00,,,,,,,,,,,,,,,,,,,,,,,,,,,,,,,,,,,,,,,,,,,,,,,,,,,,,,,,,1.000000e+00,2.468966e-01,1
8.500000e+01,SENSOR_TRACK_UPDATED,radar1,red,simple_radar,radar1.1,0.000000e+00,8.500000e+01,170,5.000000e-01,land,M,,,target1,TARGET,blue,3.806833e+01,-1.172333e+02,-4.00468707e-08,3.40699220e+06,-3.69840390e+06,3.91046486e+06,3.806944e+01,-1.172333e+02,1.52400000e+03,3.40775374e+06,-3.69923052e+06,3.91150147e+06,L,3,,B,,3.806944e+01,-1.172333e+02,1.52400000e+03,3.40775374e+06,-3.69923052e+06,3.91150147e+06,0.000000e+00,0.000000e+00,0.000000e+00,0.000000e+00,0.000000e+00,1.528983e+03,4.257712e-13,1.490027e+00,1.528983e+03,4.257712e-13,1.490027e+00,,,,,,,,0,,,
8.500000e+01,LOCAL_TRACK_UPDATED,radar1,red,radar1.2,0.000000e+00,8.500000e+01,170,5.000000e-01,land,P,,,target1,TARGET,blue,3.806833e+01,-1.172333e+02,-4.00468707e-08,3.40699220e+06,-3.69840390e+06,3.91046486e+06,3.806944e+01,-1.172333e+02,1.52400000e+03,3.40775374e+06,-3.69923052e+06,3.91150147e+06,L,3,,B,,3.806944e+01,-1.172333e+02,1.52400000e+03,3.40775374e+06,-3.69923052e+06,3.91150147e+06,0.000000e+00,0.000000e+00,0.000000e+00,0.000000e+00,0.000000e+00,1.528983e+03,4.257712e-13,1.490027e+00,1.528983e+03,4.257712e-13,1.490027e+00,,,,,,,,0,,,,radar1.1,simple_radar,WSF_GEOMETRIC_SENSOR,default
8.550000e+01,SENSOR_DETECTION_ATTEMPT,radar1,red,target1,simple_radar,default,1,,,,,,,,,,,,WSF_GEOMETRIC_SENSOR,3.806833e+01,-1.172333e+02,-4.00468707e-08,3.40712705e+06,-3.69827972e+06,3.91046482e+06,0.000000e+00,0.000000e+00,0.000000e+00,0.000000e+00,TARGET,3.806944e+01,-1.172333e+02,1.52400000e+03,3.40788862e+06,-3.69910631e+06,3.91150143e+06,0.000000e+00,0.000000e+00,0.000000e+00,0.000000e+00,,,,,,,,,,,,,,,,,,,,,1.528983e+03,4.265784e-13,1.490027e+00,,,1.528983e+03,3.141593e+00,-1.490047e+00,,,,,,,,,,,,,,,,,,,,,,,,,,,,,,,,,,,,,,,,,,,,,,,,,,,,,,,,,1.000000e+00,9.263651e-03,1
8.550000e+01,SENSOR_TRACK_UPDATED,radar1,red,simple_radar,radar1.1,0.000000e+00,8.550000e+01,171,5.000000e-01,land,M,,,target1,TARGET,blue,3.806833e+01,-1.172333e+02,-4.00468707e-08,3.40712705e+06,-3.69827972e+06,3.91046482e+06,3.806944e+01,-1.172333e+02,1.52400000e+03,3.40788862e+06,-3.69910631e+06,3.91150142e+06,L,3,,B,,3.806944e+01,-1.172333e+02,1.52400000e+03,3.40788862e+06,-3.69910631e+06,3.91150143e+06,0.000000e+00,0.000000e+00,0.000000e+00,0.000000e+00,0.000000e+00,1.528983e+03,4.257712e-13,1.490027e+00,1.528983e+03,4.257712e-13,1.490027e+00,,,,,,,,0,,,
8.550000e+01,LOCAL_TRACK_UPDATED,radar1,red,radar1.2,0.000000e+00,8.550000e+01,171,5.000000e-01,land,P,,,target1,TARGET,blue,3.806833e+01,-1.172333e+02,-4.00468707e-08,3.40712705e+06,-3.69827972e+06,3.91046482e+06,3.806944e+01,-1.172333e+02,1.52400000e+03,3.40788862e+06,-3.69910631e+06,3.91150142e+06,L,3,,B,,3.806944e+01,-1.172333e+02,1.52400000e+03,3.40788862e+06,-3.69910631e+06,3.91150143e+06,0.000000e+00,0.000000e+00,0.000000e+00,0.000000e+00,0.000000e+00,1.528983e+03,4.257712e-13,1.490027e+00,1.528983e+03,4.257712e-13,1.490027e+00,,,,,,,,0,,,,radar1.1,simple_radar,WSF_GEOMETRIC_SENSOR,default
8.600000e+01,SENSOR_DETECTION_ATTEMPT,radar1,red,target1,simple_radar,default,1,,,,,,,,,,,,WSF_GEOMETRIC_SENSOR,3.806833e+01,-1.172333e+02,-4.00468707e-08,3.40726189e+06,-3.69815554e+06,3.91046478e+06,0.000000e+00,0.000000e+00,0.000000e+00,0.000000e+00,TARGET,3.806944e+01,-1.172333e+02,1.52400000e+03,3.40802349e+06,-3.69898210e+06,3.91150138e+06,0.000000e+00,0.000000e+00,0.000000e+00,0.000000e+00,,,,,,,,,,,,,,,,,,,,,1.528983e+03,4.265784e-13,1.490027e+00,,,1.528983e+03,3.141593e+00,-1.490047e+00,,,,,,,,,,,,,,,,,,,,,,,,,,,,,,,,,,,,,,,,,,,,,,,,,,,,,,,,,1.000000e+00,8.523140e-01,1
8.600000e+01,SENSOR_TRACK_UPDATED,radar1,red,simple_radar,radar1.1,0.000000e+00,8.600000e+01,172,5.000000e-01,land,M,,,target1,TARGET,blue,3.806833e+01,-1.172333e+02,-4.00468707e-08,3.40726189e+06,-3.69815554e+06,3.91046478e+06,3.806944e+01,-1.172333e+02,1.52400000e+03,3.40802349e+06,-3.69898210e+06,3.91150138e+06,L,3,,B,,3.806944e+01,-1.172333e+02,1.52400000e+03,3.40802349e+06,-3.69898210e+06,3.91150138e+06,0.000000e+00,0.000000e+00,0.000000e+00,0.000000e+00,0.000000e+00,1.528983e+03,4.257712e-13,1.490027e+00,1.528983e+03,4.257712e-13,1.490027e+00,,,,,,,,0,,,
8.600000e+01,LOCAL_TRACK_UPDATED,radar1,red,radar1.2,0.000000e+00,8.600000e+01,172,5.000000e-01,land,P,,,target1,TARGET,blue,3.806833e+01,-1.172333e+02,-4.00468707e-08,3.40726189e+06,-3.69815554e+06,3.91046478e+06,3.806944e+01,-1.172333e+02,1.52400000e+03,3.40802349e+06,-3.69898210e+06,3.91150138e+06,L,3,,B,,3.806944e+01,-1.172333e+02,1.52400000e+03,3.40802349e+06,-3.69898210e+06,3.91150138e+06,0.000000e+00,0.000000e+00,0.000000e+00,0.000000e+00,0.000000e+00,1.528983e+03,4.257712e-13,1.490027e+00,1.528983e+03,4.257712e-13,1.490027e+00,,,,,,,,0,,,,radar1.1,simple_radar,WSF_GEOMETRIC_SENSOR,default
8.650000e+01,SENSOR_DETECTION_ATTEMPT,radar1,red,target1,simple_radar,default,1,,,,,,,,,,,,WSF_GEOMETRIC_SENSOR,3.806833e+01,-1.172333e+02,-4.00468707e-08,3.40739673e+06,-3.69803135e+06,3.91046473e+06,0.000000e+00,0.000000e+00,0.000000e+00,0.000000e+00,TARGET,3.806944e+01,-1.172333e+02,1.52400000e+03,3.40815836e+06,-3.69885788e+06,3.91150134e+06,0.000000e+00,0.000000e+00,0.000000e+00,0.000000e+00,,,,,,,,,,,,,,,,,,,,,1.528983e+03,4.265784e-13,1.490027e+00,,,1.528983e+03,3.141593e+00,-1.490047e+00,,,,,,,,,,,,,,,,,,,,,,,,,,,,,,,,,,,,,,,,,,,,,,,,,,,,,,,,,1.000000e+00,9.245429e-01,1
8.650000e+01,SENSOR_TRACK_UPDATED,radar1,red,simple_radar,radar1.1,0.000000e+00,8.650000e+01,173,5.000000e-01,land,M,,,target1,TARGET,blue,3.806833e+01,-1.172333e+02,-4.00468707e-08,3.40739673e+06,-3.69803135e+06,3.91046473e+06,3.806944e+01,-1.172333e+02,1.52400000e+03,3.40815836e+06,-3.69885788e+06,3.91150134e+06,L,3,,B,,3.806944e+01,-1.172333e+02,1.52400000e+03,3.40815836e+06,-3.69885788e+06,3.91150134e+06,0.000000e+00,0.000000e+00,0.000000e+00,0.000000e+00,0.000000e+00,1.528983e+03,4.257712e-13,1.490027e+00,1.528983e+03,4.257712e-13,1.490027e+00,,,,,,,,0,,,
8.650000e+01,LOCAL_TRACK_UPDATED,radar1,red,radar1.2,0.000000e+00,8.650000e+01,173,5.000000e-01,land,P,,,target1,TARGET,blue,3.806833e+01,-1.172333e+02,-4.00468707e-08,3.40739673e+06,-3.69803135e+06,3.91046473e+06,3.806944e+01,-1.172333e+02,1.52400000e+03,3.40815836e+06,-3.69885788e+06,3.91150134e+06,L,3,,B,,3.806944e+01,-1.172333e+02,1.52400000e+03,3.40815836e+06,-3.69885788e+06,3.91150134e+06,0.000000e+00,0.000000e+00,0.000000e+00,0.000000e+00,0.000000e+00,1.528983e+03,4.257712e-13,1.490027e+00,1.528983e+03,4.257712e-13,1.490027e+00,,,,,,,,0,,,,radar1.1,simple_radar,WSF_GEOMETRIC_SENSOR,default
8.700000e+01,SENSOR_DETECTION_ATTEMPT,radar1,red,target1,simple_radar,default,1,,,,,,,,,,,,WSF_GEOMETRIC_SENSOR,3.806833e+01,-1.172333e+02,-4.00468707e-08,3.40753156e+06,-3.69790715e+06,3.91046469e+06,0.000000e+00,0.000000e+00,0.000000e+00,0.000000e+00,TARGET,3.806944e+01,-1.172333e+02,1.52400000e+03,3.40829322e+06,-3.69873366e+06,3.91150130e+06,0.000000e+00,0.000000e+00,0.000000e+00,0.000000e+00,,,,,,,,,,,,,,,,,,,,,1.528983e+03,4.265784e-13,1.490027e+00,,,1.528983e+03,3.141593e+00,-1.490047e+00,,,,,,,,,,,,,,,,,,,,,,,,,,,,,,,,,,,,,,,,,,,,,,,,,,,,,,,,,1.000000e+00,4.708144e-01,1
8.700000e+01,SENSOR_TRACK_UPDATED,radar1,red,simple_radar,radar1.1,0.000000e+00,8.700000e+01,174,5.000000e-01,land,M,,,target1,TARGET,blue,3.806833e+01,-1.172333e+02,-4.00468707e-08,3.40753156e+06,-3.69790715e+06,3.91046469e+06,3.806944e+01,-1.172333e+02,1.52400000e+03,3.40829322e+06,-3.69873366e+06,3.91150129e+06,L,3,,B,,3.806944e+01,-1.172333e+02,1.52400000e+03,3.40829322e+06,-3.69873366e+06,3.91150130e+06,0.000000e+00,0.000000e+00,0.000000e+00,0.000000e+00,0.000000e+00,1.528983e+03,4.257712e-13,1.490027e+00,1.528983e+03,4.257712e-13,1.490027e+00,,,,,,,,0,,,
8.700000e+01,LOCAL_TRACK_UPDATED,radar1,red,radar1.2,0.000000e+00,8.700000e+01,174,5.000000e-01,land,P,,,target1,TARGET,blue,3.806833e+01,-1.172333e+02,-4.00468707e-08,3.40753156e+06,-3.69790715e+06,3.91046469e+06,3.806944e+01,-1.172333e+02,1.52400000e+03,3.40829322e+06,-3.69873366e+06,3.91150129e+06,L,3,,B,,3.806944e+01,-1.172333e+02,1.52400000e+03,3.40829322e+06,-3.69873366e+06,3.91150130e+06,0.000000e+00,0.000000e+00,0.000000e+00,0.000000e+00,0.000000e+00,1.528983e+03,4.257712e-13,1.490027e+00,1.528983e+03,4.257712e-13,1.490027e+00,,,,,,,,0,,,,radar1.1,simple_radar,WSF_GEOMETRIC_SENSOR,default
8.750000e+01,SENSOR_DETECTION_ATTEMPT,radar1,red,target1,simple_radar,default,1,,,,,,,,,,,,WSF_GEOMETRIC_SENSOR,3.806833e+01,-1.172333e+02,-4.00468707e-08,3.40766639e+06,-3.69778295e+06,3.91046465e+06,0.000000e+00,0.000000e+00,0.000000e+00,0.000000e+00,TARGET,3.806944e+01,-1.172333e+02,1.52400000e+03,3.40842808e+06,-3.69860943e+06,3.91150125e+06,0.000000e+00,0.000000e+00,0.000000e+00,0.000000e+00,,,,,,,,,,,,,,,,,,,,,1.528983e+03,4.265784e-13,1.490027e+00,,,1.528983e+03,3.141593e+00,-1.490047e+00,,,,,,,,,,,,,,,,,,,,,,,,,,,,,,,,,,,,,,,,,,,,,,,,,,,,,,,,,1.000000e+00,1.106993e-01,1
8.750000e+01,SENSOR_TRACK_UPDATED,radar1,red,simple_radar,radar1.1,0.000000e+00,8.750000e+01,175,5.000000e-01,land,M,,,target1,TARGET,blue,3.806833e+01,-1.172333e+02,-4.00468707e-08,3.40766639e+06,-3.69778295e+06,3.91046465e+06,3.806944e+01,-1.172333e+02,1.52400000e+03,3.40842808e+06,-3.69860943e+06,3.91150125e+06,L,3,,B,,3.806944e+01,-1.172333e+02,1.52400000e+03,3.40842808e+06,-3.69860943e+06,3.91150125e+06,0.000000e+00,0.000000e+00,0.000000e+00,0.000000e+00,0.000000e+00,1.528983e+03,4.257712e-13,1.490027e+00,1.528983e+03,4.257712e-13,1.490027e+00,,,,,,,,0,,,
8.750000e+01,LOCAL_TRACK_UPDATED,radar1,red,radar1.2,0.000000e+00,8.750000e+01,175,5.000000e-01,land,P,,,target1,TARGET,blue,3.806833e+01,-1.172333e+02,-4.00468707e-08,3.40766639e+06,-3.69778295e+06,3.91046465e+06,3.806944e+01,-1.172333e+02,1.52400000e+03,3.40842808e+06,-3.69860943e+06,3.91150125e+06,L,3,,B,,3.806944e+01,-1.172333e+02,1.52400000e+03,3.40842808e+06,-3.69860943e+06,3.91150125e+06,0.000000e+00,0.000000e+00,0.000000e+00,0.000000e+00,0.000000e+00,1.528983e+03,4.257712e-13,1.490027e+00,1.528983e+03,4.257712e-13,1.490027e+00,,,,,,,,0,,,,radar1.1,simple_radar,WSF_GEOMETRIC_SENSOR,default
8.800000e+01,SENSOR_DETECTION_ATTEMPT,radar1,red,target1,simple_radar,default,1,,,,,,,,,,,,WSF_GEOMETRIC_SENSOR,3.806833e+01,-1.172333e+02,-4.00468707e-08,3.40780121e+06,-3.69765875e+06,3.91046460e+06,0.000000e+00,0.000000e+00,0.000000e+00,0.000000e+00,TARGET,3.806944e+01,-1.172333e+02,1.52400000e+03,3.40856293e+06,-3.69848520e+06,3.91150121e+06,0.000000e+00,0.000000e+00,0.000000e+00,0.000000e+00,,,,,,,,,,,,,,,,,,,,,1.528983e+03,4.265784e-13,1.490027e+00,,,1.528983e+03,3.141593e+00,-1.490047e+00,,,,,,,,,,,,,,,,,,,,,,,,,,,,,,,,,,,,,,,,,,,,,,,,,,,,,,,,,1.000000e+00,9.404077e-01,1
8.800000e+01,SENSOR_TRACK_UPDATED,radar1,red,simple_radar,radar1.1,0.000000e+00,8.800000e+01,176,5.000000e-01,land,M,,,target1,TARGET,blue,3.806833e+01,-1.172333e+02,-4.00468707e-08,3.40780122e+06,-3.69765875e+06,3.91046460e+06,3.806944e+01,-1.172333e+02,1.52400000e+03,3.40856293e+06,-3.69848520e+06,3.91150121e+06,L,3,,B,,3.806944e+01,-1.172333e+02,1.52400000e+03,3.40856293e+06,-3.69848520e+06,3.91150121e+06,0.000000e+00,0.000000e+00,0.000000e+00,0.000000e+00,0.000000e+00,1.528983e+03,4.257712e-13,1.490027e+00,1.528983e+03,4.257712e-13,1.490027e+00,,,,,,,,0,,,
8.800000e+01,LOCAL_TRACK_UPDATED,radar1,red,radar1.2,0.000000e+00,8.800000e+01,176,5.000000e-01,land,P,,,target1,TARGET,blue,3.806833e+01,-1.172333e+02,-4.00468707e-08,3.40780122e+06,-3.69765875e+06,3.91046460e+06,3.806944e+01,-1.172333e+02,1.52400000e+03,3.40856293e+06,-3.69848520e+06,3.91150121e+06,L,3,,B,,3.806944e+01,-1.172333e+02,1.52400000e+03,3.40856293e+06,-3.69848520e+06,3.91150121e+06,0.000000e+00,0.000000e+00,0.000000e+00,0.000000e+00,0.000000e+00,1.528983e+03,4.257712e-13,1.490027e+00,1.528983e+03,4.257712e-13,1.490027e+00,,,,,,,,0,,,,radar1.1,simple_radar,WSF_GEOMETRIC_SENSOR,default
8.850000e+01,SENSOR_DETECTION_ATTEMPT,radar1,red,target1,simple_radar,default,1,,,,,,,,,,,,WSF_GEOMETRIC_SENSOR,3.806833e+01,-1.172333e+02,-4.00468707e-08,3.40793603e+06,-3.69753454e+06,3.91046456e+06,0.000000e+00,0.000000e+00,0.000000e+00,0.000000e+00,TARGET,3.806944e+01,-1.172333e+02,1.52400000e+03,3.40869778e+06,-3.69836096e+06,3.91150117e+06,0.000000e+00,0.000000e+00,0.000000e+00,0.000000e+00,,,,,,,,,,,,,,,,,,,,,1.528983e+03,4.265784e-13,1.490027e+00,,,1.528983e+03,3.141593e+00,-1.490047e+00,,,,,,,,,,,,,,,,,,,,,,,,,,,,,,,,,,,,,,,,,,,,,,,,,,,,,,,,,1.000000e+00,7.530196e-01,1
8.850000e+01,SENSOR_TRACK_UPDATED,radar1,red,simple_radar,radar1.1,0.000000e+00,8.850000e+01,177,5.000000e-01,land,M,,,target1,TARGET,blue,3.806833e+01,-1.172333e+02,-4.00468707e-08,3.40793603e+06,-3.69753454e+06,3.91046456e+06,3.806944e+01,-1.172333e+02,1.52400000e+03,3.40869778e+06,-3.69836096e+06,3.91150116e+06,L,3,,B,,3.806944e+01,-1.172333e+02,1.52400000e+03,3.40869778e+06,-3.69836096e+06,3.91150117e+06,0.000000e+00,0.000000e+00,0.000000e+00,0.000000e+00,0.000000e+00,1.528983e+03,4.257712e-13,1.490027e+00,1.528983e+03,4.257712e-13,1.490027e+00,,,,,,,,0,,,
8.850000e+01,LOCAL_TRACK_UPDATED,radar1,red,radar1.2,0.000000e+00,8.850000e+01,177,5.000000e-01,land,P,,,target1,TARGET,blue,3.806833e+01,-1.172333e+02,-4.00468707e-08,3.40793603e+06,-3.69753454e+06,3.91046456e+06,3.806944e+01,-1.172333e+02,1.52400000e+03,3.40869778e+06,-3.69836096e+06,3.91150116e+06,L,3,,B,,3.806944e+01,-1.172333e+02,1.52400000e+03,3.40869778e+06,-3.69836096e+06,3.91150117e+06,0.000000e+00,0.000000e+00,0.000000e+00,0.000000e+00,0.000000e+00,1.528983e+03,4.257712e-13,1.490027e+00,1.528983e+03,4.257712e-13,1.490027e+00,,,,,,,,0,,,,radar1.1,simple_radar,WSF_GEOMETRIC_SENSOR,default
8.900000e+01,SENSOR_DETECTION_ATTEMPT,radar1,red,target1,simple_radar,default,1,,,,,,,,,,,,WSF_GEOMETRIC_SENSOR,3.806833e+01,-1.172333e+02,-4.00468707e-08,3.40807085e+06,-3.69741032e+06,3.91046452e+06,0.000000e+00,0.000000e+00,0.000000e+00,0.000000e+00,TARGET,3.806944e+01,-1.172333e+02,1.52400000e+03,3.40883263e+06,-3.69823672e+06,3.91150112e+06,0.000000e+00,0.000000e+00,0.000000e+00,0.000000e+00,,,,,,,,,,,,,,,,,,,,,1.528983e+03,4.265784e-13,1.490027e+00,,,1.528983e+03,3.141593e+00,-1.490047e+00,,,,,,,,,,,,,,,,,,,,,,,,,,,,,,,,,,,,,,,,,,,,,,,,,,,,,,,,,1.000000e+00,3.408500e-01,1
8.900000e+01,SENSOR_TRACK_UPDATED,radar1,red,simple_radar,radar1.1,0.000000e+00,8.900000e+01,178,5.000000e-01,land,M,,,target1,TARGET,blue,3.806833e+01,-1.172333e+02,-4.00468707e-08,3.40807085e+06,-3.69741032e+06,3.91046452e+06,3.806944e+01,-1.172333e+02,1.52400000e+03,3.40883263e+06,-3.69823672e+06,3.91150112e+06,L,3,,B,,3.806944e+01,-1.172333e+02,1.52400000e+03,3.40883263e+06,-3.69823672e+06,3.91150112e+06,0.000000e+00,0.000000e+00,0.000000e+00,0.000000e+00,0.000000e+00,1.528983e+03,4.257712e-13,1.490027e+00,1.528983e+03,4.257712e-13,1.490027e+00,,,,,,,,0,,,
8.900000e+01,LOCAL_TRACK_UPDATED,radar1,red,radar1.2,0.000000e+00,8.900000e+01,178,5.000000e-01,land,P,,,target1,TARGET,blue,3.806833e+01,-1.172333e+02,-4.00468707e-08,3.40807085e+06,-3.69741032e+06,3.91046452e+06,3.806944e+01,-1.172333e+02,1.52400000e+03,3.40883263e+06,-3.69823672e+06,3.91150112e+06,L,3,,B,,3.806944e+01,-1.172333e+02,1.52400000e+03,3.40883263e+06,-3.69823672e+06,3.91150112e+06,0.000000e+00,0.000000e+00,0.000000e+00,0.000000e+00,0.000000e+00,1.528983e+03,4.257712e-13,1.490027e+00,1.528983e+03,4.257712e-13,1.490027e+00,,,,,,,,0,,,,radar1.1,simple_radar,WSF_GEOMETRIC_SENSOR,default
8.950000e+01,SENSOR_DETECTION_ATTEMPT,radar1,red,target1,simple_radar,default,1,,,,,,,,,,,,WSF_GEOMETRIC_SENSOR,3.806833e+01,-1.172333e+02,-4.00468707e-08,3.40820566e+06,-3.69728610e+06,3.91046447e+06,0.000000e+00,0.000000e+00,0.000000e+00,0.000000e+00,TARGET,3.806944e+01,-1.172333e+02,1.52400000e+03,3.40896747e+06,-3.69811247e+06,3.91150108e+06,0.000000e+00,0.000000e+00,0.000000e+00,0.000000e+00,,,,,,,,,,,,,,,,,,,,,1.528983e+03,4.265784e-13,1.490027e+00,,,1.528983e+03,3.141593e+00,-1.490047e+00,,,,,,,,,,,,,,,,,,,,,,,,,,,,,,,,,,,,,,,,,,,,,,,,,,,,,,,,,1.000000e+00,2.492971e-01,1
8.950000e+01,SENSOR_TRACK_UPDATED,radar1,red,simple_radar,radar1.1,0.000000e+00,8.950000e+01,179,5.000000e-01,land,M,,,target1,TARGET,blue,3.806833e+01,-1.172333e+02,-4.00468707e-08,3.40820566e+06,-3.69728610e+06,3.91046447e+06,3.806944e+01,-1.172333e+02,1.52400000e+03,3.40896747e+06,-3.69811247e+06,3.91150108e+06,L,3,,B,,3.806944e+01,-1.172333e+02,1.52400000e+03,3.40896747e+06,-3.69811247e+06,3.91150108e+06,0.000000e+00,0.000000e+00,0.000000e+00,0.000000e+00,0.000000e+00,1.528983e+03,4.257712e-13,1.490027e+00,1.528983e+03,4.257712e-13,1.490027e+00,,,,,,,,0,,,
8.950000e+01,LOCAL_TRACK_UPDATED,radar1,red,radar1.2,0.000000e+00,8.950000e+01,179,5.000000e-01,land,P,,,target1,TARGET,blue,3.806833e+01,-1.172333e+02,-4.00468707e-08,3.40820566e+06,-3.69728610e+06,3.91046447e+06,3.806944e+01,-1.172333e+02,1.52400000e+03,3.40896747e+06,-3.69811247e+06,3.91150108e+06,L,3,,B,,3.806944e+01,-1.172333e+02,1.52400000e+03,3.40896747e+06,-3.69811247e+06,3.91150108e+06,0.000000e+00,0.000000e+00,0.000000e+00,0.000000e+00,0.000000e+00,1.528983e+03,4.257712e-13,1.490027e+00,1.528983e+03,4.257712e-13,1.490027e+00,,,,,,,,0,,,,radar1.1,simple_radar,WSF_GEOMETRIC_SENSOR,default
9.000000e+01,SENSOR_DETECTION_ATTEMPT,radar1,red,target1,simple_radar,default,1,,,,,,,,,,,,WSF_GEOMETRIC_SENSOR,3.806833e+01,-1.172333e+02,-4.00468707e-08,3.40834046e+06,-3.69716188e+06,3.91046443e+06,0.000000e+00,0.000000e+00,0.000000e+00,0.000000e+00,TARGET,3.806944e+01,-1.172333e+02,1.52400000e+03,3.40910230e+06,-3.69798822e+06,3.91150104e+06,0.000000e+00,0.000000e+00,0.000000e+00,0.000000e+00,,,,,,,,,,,,,,,,,,,,,1.528983e+03,4.265784e-13,1.490027e+00,,,1.528983e+03,3.141593e+00,-1.490047e+00,,,,,,,,,,,,,,,,,,,,,,,,,,,,,,,,,,,,,,,,,,,,,,,,,,,,,,,,,1.000000e+00,3.950451e-01,1
9.000000e+01,SENSOR_TRACK_UPDATED,radar1,red,simple_radar,radar1.1,0.000000e+00,9.000000e+01,180,5.000000e-01,land,M,,,target1,TARGET,blue,3.806833e+01,-1.172333e+02,-4.00468707e-08,3.40834047e+06,-3.69716188e+06,3.91046443e+06,3.806944e+01,-1.172333e+02,1.52400000e+03,3.40910231e+06,-3.69798822e+06,3.91150103e+06,L,3,,B,,3.806944e+01,-1.172333e+02,1.52400000e+03,3.40910230e+06,-3.69798822e+06,3.91150104e+06,0.000000e+00,0.000000e+00,0.000000e+00,0.000000e+00,0.000000e+00,1.528983e+03,4.257712e-13,1.490027e+00,1.528983e+03,4.257712e-13,1.490027e+00,,,,,,,,0,,,
9.000000e+01,LOCAL_TRACK_UPDATED,radar1,red,radar1.2,0.000000e+00,9.000000e+01,180,5.000000e-01,land,P,,,target1,TARGET,blue,3.806833e+01,-1.172333e+02,-4.00468707e-08,3.40834047e+06,-3.69716188e+06,3.91046443e+06,3.806944e+01,-1.172333e+02,1.52400000e+03,3.40910231e+06,-3.69798822e+06,3.91150103e+06,L,3,,B,,3.806944e+01,-1.172333e+02,1.52400000e+03,3.40910230e+06,-3.69798822e+06,3.91150104e+06,0.000000e+00,0.000000e+00,0.000000e+00,0.000000e+00,0.000000e+00,1.528983e+03,4.257712e-13,1.490027e+00,1.528983e+03,4.257712e-13,1.490027e+00,,,,,,,,0,,,,radar1.1,simple_radar,WSF_GEOMETRIC_SENSOR,default
9.050000e+01,SENSOR_DETECTION_ATTEMPT,radar1,red,target1,simple_radar,default,1,,,,,,,,,,,,WSF_GEOMETRIC_SENSOR,3.806833e+01,-1.172333e+02,-4.00468707e-08,3.40847527e+06,-3.69703765e+06,3.91046439e+06,0.000000e+00,0.000000e+00,0.000000e+00,0.000000e+00,TARGET,3.806944e+01,-1.172333e+02,1.52400000e+03,3.40923714e+06,-3.69786396e+06,3.91150099e+06,0.000000e+00,0.000000e+00,0.000000e+00,0.000000e+00,,,,,,,,,,,,,,,,,,,,,1.528983e+03,4.265784e-13,1.490027e+00,,,1.528983e+03,3.141593e+00,-1.490047e+00,,,,,,,,,,,,,,,,,,,,,,,,,,,,,,,,,,,,,,,,,,,,,,,,,,,,,,,,,1.000000e+00,8.212521e-01,1
9.050000e+01,SENSOR_TRACK_UPDATED,radar1,red,simple_radar,radar1.1,0.000000e+00,9.050000e+01,181,5.000000e-01,land,M,,,target1,TARGET,blue,3.806833e+01,-1.172333e+02,-4.00468707e-08,3.40847527e+06,-3.69703765e+06,3.91046439e+06,3.806944e+01,-1.172333e+02,1.52400000e+03,3.40923714e+06,-3.69786396e+06,3.91150099e+06,L,3,,B,,3.806944e+01,-1.172333e+02,1.52400000e+03,3.40923714e+06,-3.69786396e+06,3.91150099e+06,0.000000e+00,0.000000e+00,0.000000e+00,0.000000e+00,0.000000e+00,1.528983e+03,4.257712e-13,1.490027e+00,1.528983e+03,4.257712e-13,1.490027e+00,,,,,,,,0,,,
9.050000e+01,LOCAL_TRACK_UPDATED,radar1,red,radar1.2,0.000000e+00,9.050000e+01,181,5.000000e-01,land,P,,,target1,TARGET,blue,3.806833e+01,-1.172333e+02,-4.00468707e-08,3.40847527e+06,-3.69703765e+06,3.91046439e+06,3.806944e+01,-1.172333e+02,1.52400000e+03,3.40923714e+06,-3.69786396e+06,3.91150099e+06,L,3,,B,,3.806944e+01,-1.172333e+02,1.52400000e+03,3.40923714e+06,-3.69786396e+06,3.91150099e+06,0.000000e+00,0.000000e+00,0.000000e+00,0.000000e+00,0.000000e+00,1.528983e+03,4.257712e-13,1.490027e+00,1.528983e+03,4.257712e-13,1.490027e+00,,,,,,,,0,,,,radar1.1,simple_radar,WSF_GEOMETRIC_SENSOR,default
9.100000e+01,SENSOR_DETECTION_ATTEMPT,radar1,red,target1,simple_radar,default,1,,,,,,,,,,,,WSF_GEOMETRIC_SENSOR,3.806833e+01,-1.172333e+02,-4.00468707e-08,3.40861006e+06,-3.69691341e+06,3.91046434e+06,0.000000e+00,0.000000e+00,0.000000e+00,0.000000e+00,TARGET,3.806944e+01,-1.172333e+02,1.52400000e+03,3.40937196e+06,-3.69773970e+06,3.91150095e+06,0.000000e+00,0.000000e+00,0.000000e+00,0.000000e+00,,,,,,,,,,,,,,,,,,,,,1.528983e+03,4.265784e-13,1.490027e+00,,,1.528983e+03,3.141593e+00,-1.490047e+00,,,,,,,,,,,,,,,,,,,,,,,,,,,,,,,,,,,,,,,,,,,,,,,,,,,,,,,,,1.000000e+00,4.402311e-01,1
9.100000e+01,SENSOR_TRACK_UPDATED,radar1,red,simple_radar,radar1.1,0.000000e+00,9.100000e+01,182,5.000000e-01,land,M,,,target1,TARGET,blue,3.806833e+01,-1.172333e+02,-4.00468707e-08,3.40861006e+06,-3.69691341e+06,3.91046434e+06,3.806944e+01,-1.172333e+02,1.52400000e+03,3.40937196e+06,-3.69773970e+06,3.91150095e+06,L,3,,B,,3.806944e+01,-1.172333e+02,1.52400000e+03,3.40937196e+06,-3.69773970e+06,3.91150095e+06,0.000000e+00,0.000000e+00,0.000000e+00,0.000000e+00,0.000000e+00,1.528983e+03,4.257712e-13,1.490027e+00,1.528983e+03,4.257712e-13,1.490027e+00,,,,,,,,0,,,
9.100000e+01,LOCAL_TRACK_UPDATED,radar1,red,radar1.2,0.000000e+00,9.100000e+01,182,5.000000e-01,land,P,,,target1,TARGET,blue,3.806833e+01,-1.172333e+02,-4.00468707e-08,3.40861006e+06,-3.69691341e+06,3.91046434e+06,3.806944e+01,-1.172333e+02,1.52400000e+03,3.40937196e+06,-3.69773970e+06,3.91150095e+06,L,3,,B,,3.806944e+01,-1.172333e+02,1.52400000e+03,3.40937196e+06,-3.69773970e+06,3.91150095e+06,0.000000e+00,0.000000e+00,0.000000e+00,0.000000e+00,0.000000e+00,1.528983e+03,4.257712e-13,1.490027e+00,1.528983e+03,4.257712e-13,1.490027e+00,,,,,,,,0,,,,radar1.1,simple_radar,WSF_GEOMETRIC_SENSOR,default
9.150000e+01,SENSOR_DETECTION_ATTEMPT,radar1,red,target1,simple_radar,default,1,,,,,,,,,,,,WSF_GEOMETRIC_SENSOR,3.806833e+01,-1.172333e+02,-4.00468707e-08,3.40874485e+06,-3.69678917e+06,3.91046430e+06,0.000000e+00,0.000000e+00,0.000000e+00,0.000000e+00,TARGET,3.806944e+01,-1.172333e+02,1.52400000e+03,3.40950679e+06,-3.69761543e+06,3.91150091e+06,0.000000e+00,0.000000e+00,0.000000e+00,0.000000e+00,,,,,,,,,,,,,,,,,,,,,1.528983e+03,4.265784e-13,1.490027e+00,,,1.528983e+03,3.141593e+00,-1.490047e+00,,,,,,,,,,,,,,,,,,,,,,,,,,,,,,,,,,,,,,,,,,,,,,,,,,,,,,,,,1.000000e+00,1.715271e-01,1
9.150000e+01,SENSOR_TRACK_UPDATED,radar1,red,simple_radar,radar1.1,0.000000e+00,9.150000e+01,183,5.000000e-01,land,M,,,target1,TARGET,blue,3.806833e+01,-1.172333e+02,-4.00468707e-08,3.40874486e+06,-3.69678917e+06,3.91046430e+06,3.806944e+01,-1.172333e+02,1.52400000e+03,3.40950679e+06,-3.69761543e+06,3.91150090e+06,L,3,,B,,3.806944e+01,-1.172333e+02,1.52400000e+03,3.40950679e+06,-3.69761543e+06,3.91150091e+06,0.000000e+00,0.000000e+00,0.000000e+00,0.000000e+00,0.000000e+00,1.528983e+03,4.257712e-13,1.490027e+00,1.528983e+03,4.257712e-13,1.490027e+00,,,,,,,,0,,,
9.150000e+01,LOCAL_TRACK_UPDATED,radar1,red,radar1.2,0.000000e+00,9.150000e+01,183,5.000000e-01,land,P,,,target1,TARGET,blue,3.806833e+01,-1.172333e+02,-4.00468707e-08,3.40874486e+06,-3.69678917e+06,3.91046430e+06,3.806944e+01,-1.172333e+02,1.52400000e+03,3.40950679e+06,-3.69761543e+06,3.91150090e+06,L,3,,B,,3.806944e+01,-1.172333e+02,1.52400000e+03,3.40950679e+06,-3.69761543e+06,3.91150091e+06,0.000000e+00,0.000000e+00,0.000000e+00,0.000000e+00,0.000000e+00,1.528983e+03,4.257712e-13,1.490027e+00,1.528983e+03,4.257712e-13,1.490027e+00,,,,,,,,0,,,,radar1.1,simple_radar,WSF_GEOMETRIC_SENSOR,default
9.200000e+01,SENSOR_DETECTION_ATTEMPT,radar1,red,target1,simple_radar,default,1,,,,,,,,,,,,WSF_GEOMETRIC_SENSOR,3.806833e+01,-1.172333e+02,-4.00468707e-08,3.40887964e+06,-3.69666493e+06,3.91046426e+06,0.000000e+00,0.000000e+00,0.000000e+00,0.000000e+00,TARGET,3.806944e+01,-1.172333e+02,1.52400000e+03,3.40964160e+06,-3.69749116e+06,3.91150086e+06,0.000000e+00,0.000000e+00,0.000000e+00,0.000000e+00,,,,,,,,,,,,,,,,,,,,,1.528983e+03,4.265784e-13,1.490027e+00,,,1.528983e+03,3.141593e+00,-1.490047e+00,,,,,,,,,,,,,,,,,,,,,,,,,,,,,,,,,,,,,,,,,,,,,,,,,,,,,,,,,1.000000e+00,7.929832e-01,1
9.200000e+01,SENSOR_TRACK_UPDATED,radar1,red,simple_radar,radar1.1,0.000000e+00,9.200000e+01,184,5.000000e-01,land,M,,,target1,TARGET,blue,3.806833e+01,-1.172333e+02,-4.00468707e-08,3.40887964e+06,-3.69666493e+06,3.91046426e+06,3.806944e+01,-1.172333e+02,1.52400000e+03,3.40964160e+06,-3.69749116e+06,3.91150086e+06,L,3,,B,,3.806944e+01,-1.172333e+02,1.52400000e+03,3.40964160e+06,-3.69749116e+06,3.91150086e+06,0.000000e+00,0.000000e+00,0.000000e+00,0.000000e+00,0.000000e+00,1.528983e+03,4.257712e-13,1.490027e+00,1.528983e+03,4.257712e-13,1.490027e+00,,,,,,,,0,,,
9.200000e+01,LOCAL_TRACK_UPDATED,radar1,red,radar1.2,0.000000e+00,9.200000e+01,184,5.000000e-01,land,P,,,target1,TARGET,blue,3.806833e+01,-1.172333e+02,-4.00468707e-08,3.40887964e+06,-3.69666493e+06,3.91046426e+06,3.806944e+01,-1.172333e+02,1.52400000e+03,3.40964160e+06,-3.69749116e+06,3.91150086e+06,L,3,,B,,3.806944e+01,-1.172333e+02,1.52400000e+03,3.40964160e+06,-3.69749116e+06,3.91150086e+06,0.000000e+00,0.000000e+00,0.000000e+00,0.000000e+00,0.000000e+00,1.528983e+03,4.257712e-13,1.490027e+00,1.528983e+03,4.257712e-13,1.490027e+00,,,,,,,,0,,,,radar1.1,simple_radar,WSF_GEOMETRIC_SENSOR,default
9.250000e+01,SENSOR_DETECTION_ATTEMPT,radar1,red,target1,simple_radar,default,1,,,,,,,,,,,,WSF_GEOMETRIC_SENSOR,3.806833e+01,-1.172333e+02,-4.00468707e-08,3.40901443e+06,-3.69654068e+06,3.91046422e+06,0.000000e+00,0.000000e+00,0.000000e+00,0.000000e+00,TARGET,3.806944e+01,-1.172333e+02,1.52400000e+03,3.40977642e+06,-3.69736688e+06,3.91150082e+06,0.000000e+00,0.000000e+00,0.000000e+00,0.000000e+00,,,,,,,,,,,,,,,,,,,,,1.528983e+03,4.265784e-13,1.490027e+00,,,1.528983e+03,3.141593e+00,-1.490047e+00,,,,,,,,,,,,,,,,,,,,,,,,,,,,,,,,,,,,,,,,,,,,,,,,,,,,,,,,,1.000000e+00,4.264376e-01,1
9.250000e+01,SENSOR_TRACK_UPDATED,radar1,red,simple_radar,radar1.1,0.000000e+00,9.250000e+01,185,5.000000e-01,land,M,,,target1,TARGET,blue,3.806833e+01,-1.172333e+02,-4.00468707e-08,3.40901443e+06,-3.69654068e+06,3.91046421e+06,3.806944e+01,-1.172333e+02,1.52400000e+03,3.40977642e+06,-3.69736688e+06,3.91150082e+06,L,3,,B,,3.806944e+01,-1.172333e+02,1.52400000e+03,3.40977642e+06,-3.69736688e+06,3.91150082e+06,0.000000e+00,0.000000e+00,0.000000e+00,0.000000e+00,0.000000e+00,1.528983e+03,4.257712e-13,1.490027e+00,1.528983e+03,4.257712e-13,1.490027e+00,,,,,,,,0,,,
9.250000e+01,LOCAL_TRACK_UPDATED,radar1,red,radar1.2,0.000000e+00,9.250000e+01,185,5.000000e-01,land,P,,,target1,TARGET,blue,3.806833e+01,-1.172333e+02,-4.00468707e-08,3.40901443e+06,-3.69654068e+06,3.91046421e+06,3.806944e+01,-1.172333e+02,1.52400000e+03,3.40977642e+06,-3.69736688e+06,3.91150082e+06,L,3,,B,,3.806944e+01,-1.172333e+02,1.52400000e+03,3.40977642e+06,-3.69736688e+06,3.91150082e+06,0.000000e+00,0.000000e+00,0.000000e+00,0.000000e+00,0.000000e+00,1.528983e+03,4.257712e-13,1.490027e+00,1.528983e+03,4.257712e-13,1.490027e+00,,,,,,,,0,,,,radar1.1,simple_radar,WSF_GEOMETRIC_SENSOR,default
9.300000e+01,SENSOR_DETECTION_ATTEMPT,radar1,red,target1,simple_radar,default,1,,,,,,,,,,,,WSF_GEOMETRIC_SENSOR,3.806833e+01,-1.172333e+02,-4.00468707e-08,3.40914920e+06,-3.69641643e+06,3.91046417e+06,0.000000e+00,0.000000e+00,0.000000e+00,0.000000e+00,TARGET,3.806944e+01,-1.172333e+02,1.52400000e+03,3.40991123e+06,-3.69724260e+06,3.91150078e+06,0.000000e+00,0.000000e+00,0.000000e+00,0.000000e+00,,,,,,,,,,,,,,,,,,,,,1.528983e+03,4.265784e-13,1.490027e+00,,,1.528983e+03,3.141593e+00,-1.490047e+00,,,,,,,,,,,,,,,,,,,,,,,,,,,,,,,,,,,,,,,,,,,,,,,,,,,,,,,,,1.000000e+00,9.431748e-01,1
9.300000e+01,SENSOR_TRACK_UPDATED,radar1,red,simple_radar,radar1.1,0.000000e+00,9.300000e+01,186,5.000000e-01,land,M,,,target1,TARGET,blue,3.806833e+01,-1.172333e+02,-4.00468707e-08,3.40914921e+06,-3.69641643e+06,3.91046417e+06,3.806944e+01,-1.172333e+02,1.52400000e+03,3.40991123e+06,-3.69724260e+06,3.91150078e+06,L,3,,B,,3.806944e+01,-1.172333e+02,1.52400000e+03,3.40991123e+06,-3.69724260e+06,3.91150078e+06,0.000000e+00,0.000000e+00,0.000000e+00,0.000000e+00,0.000000e+00,1.528983e+03,4.257712e-13,1.490027e+00,1.528983e+03,4.257712e-13,1.490027e+00,,,,,,,,0,,,
9.300000e+01,LOCAL_TRACK_UPDATED,radar1,red,radar1.2,0.000000e+00,9.300000e+01,186,5.000000e-01,land,P,,,target1,TARGET,blue,3.806833e+01,-1.172333e+02,-4.00468707e-08,3.40914921e+06,-3.69641643e+06,3.91046417e+06,3.806944e+01,-1.172333e+02,1.52400000e+03,3.40991123e+06,-3.69724260e+06,3.91150078e+06,L,3,,B,,3.806944e+01,-1.172333e+02,1.52400000e+03,3.40991123e+06,-3.69724260e+06,3.91150078e+06,0.000000e+00,0.000000e+00,0.000000e+00,0.000000e+00,0.000000e+00,1.528983e+03,4.257712e-13,1.490027e+00,1.528983e+03,4.257712e-13,1.490027e+00,,,,,,,,0,,,,radar1.1,simple_radar,WSF_GEOMETRIC_SENSOR,default
9.350000e+01,SENSOR_DETECTION_ATTEMPT,radar1,red,target1,simple_radar,default,1,,,,,,,,,,,,WSF_GEOMETRIC_SENSOR,3.806833e+01,-1.172333e+02,-4.00468707e-08,3.40928398e+06,-3.69629217e+06,3.91046413e+06,0.000000e+00,0.000000e+00,0.000000e+00,0.000000e+00,TARGET,3.806944e+01,-1.172333e+02,1.52400000e+03,3.41004603e+06,-3.69711832e+06,3.91150073e+06,0.000000e+00,0.000000e+00,0.000000e+00,0.000000e+00,,,,,,,,,,,,,,,,,,,,,1.528983e+03,4.265784e-13,1.490027e+00,,,1.528983e+03,3.141593e+00,-1.490047e+00,,,,,,,,,,,,,,,,,,,,,,,,,,,,,,,,,,,,,,,,,,,,,,,,,,,,,,,,,1.000000e+00,3.958313e-01,1
9.350000e+01,SENSOR_TRACK_UPDATED,radar1,red,simple_radar,radar1.1,0.000000e+00,9.350000e+01,187,5.000000e-01,land,M,,,target1,TARGET,blue,3.806833e+01,-1.172333e+02,-4.00468707e-08,3.40928398e+06,-3.69629217e+06,3.91046413e+06,3.806944e+01,-1.172333e+02,1.52400000e+03,3.41004603e+06,-3.69711832e+06,3.91150073e+06,L,3,,B,,3.806944e+01,-1.172333e+02,1.52400000e+03,3.41004603e+06,-3.69711832e+06,3.91150073e+06,0.000000e+00,0.000000e+00,0.000000e+00,0.000000e+00,0.000000e+00,1.528983e+03,4.257712e-13,1.490027e+00,1.528983e+03,4.257712e-13,1.490027e+00,,,,,,,,0,,,
9.350000e+01,LOCAL_TRACK_UPDATED,radar1,red,radar1.2,0.000000e+00,9.350000e+01,187,5.000000e-01,land,P,,,target1,TARGET,blue,3.806833e+01,-1.172333e+02,-4.00468707e-08,3.40928398e+06,-3.69629217e+06,3.91046413e+06,3.806944e+01,-1.172333e+02,1.52400000e+03,3.41004603e+06,-3.69711832e+06,3.91150073e+06,L,3,,B,,3.806944e+01,-1.172333e+02,1.52400000e+03,3.41004603e+06,-3.69711832e+06,3.91150073e+06,0.000000e+00,0.000000e+00,0.000000e+00,0.000000e+00,0.000000e+00,1.528983e+03,4.257712e-13,1.490027e+00,1.528983e+03,4.257712e-13,1.490027e+00,,,,,,,,0,,,,radar1.1,simple_radar,WSF_GEOMETRIC_SENSOR,default
9.400000e+01,SENSOR_DETECTION_ATTEMPT,radar1,red,target1,simple_radar,default,1,,,,,,,,,,,,WSF_GEOMETRIC_SENSOR,3.806833e+01,-1.172333e+02,-4.00468707e-08,3.40941875e+06,-3.69616790e+06,3.91046409e+06,0.000000e+00,0.000000e+00,0.000000e+00,0.000000e+00,TARGET,3.806944e+01,-1.172333e+02,1.52400000e+03,3.41018083e+06,-3.69699402e+06,3.91150069e+06,0.000000e+00,0.000000e+00,0.000000e+00,0.000000e+00,,,,,,,,,,,,,,,,,,,,,1.528983e+03,4.265784e-13,1.490027e+00,,,1.528983e+03,3.141593e+00,-1.490047e+00,,,,,,,,,,,,,,,,,,,,,,,,,,,,,,,,,,,,,,,,,,,,,,,,,,,,,,,,,1.000000e+00,8.024884e-02,1
9.400000e+01,SENSOR_TRACK_UPDATED,radar1,red,simple_radar,radar1.1,0.000000e+00,9.400000e+01,188,5.000000e-01,land,M,,,target1,TARGET,blue,3.806833e+01,-1.172333e+02,-4.00468707e-08,3.40941875e+06,-3.69616790e+06,3.91046408e+06,3.806944e+01,-1.172333e+02,1.52400000e+03,3.41018083e+06,-3.69699402e+06,3.91150069e+06,L,3,,B,,3.806944e+01,-1.172333e+02,1.52400000e+03,3.41018083e+06,-3.69699402e+06,3.91150069e+06,0.000000e+00,0.000000e+00,0.000000e+00,0.000000e+00,0.000000e+00,1.528983e+03,4.257712e-13,1.490027e+00,1.528983e+03,4.257712e-13,1.490027e+00,,,,,,,,0,,,
9.400000e+01,LOCAL_TRACK_UPDATED,radar1,red,radar1.2,0.000000e+00,9.400000e+01,188,5.000000e-01,land,P,,,target1,TARGET,blue,3.806833e+01,-1.172333e+02,-4.00468707e-08,3.40941875e+06,-3.69616790e+06,3.91046408e+06,3.806944e+01,-1.172333e+02,1.52400000e+03,3.41018083e+06,-3.69699402e+06,3.91150069e+06,L,3,,B,,3.806944e+01,-1.172333e+02,1.52400000e+03,3.41018083e+06,-3.69699402e+06,3.91150069e+06,0.000000e+00,0.000000e+00,0.000000e+00,0.000000e+00,0.000000e+00,1.528983e+03,4.257712e-13,1.490027e+00,1.528983e+03,4.257712e-13,1.490027e+00,,,,,,,,0,,,,radar1.1,simple_radar,WSF_GEOMETRIC_SENSOR,default
9.450000e+01,SENSOR_DETECTION_ATTEMPT,radar1,red,target1,simple_radar,default,1,,,,,,,,,,,,WSF_GEOMETRIC_SENSOR,3.806833e+01,-1.172333e+02,-4.00468707e-08,3.40955351e+06,-3.69604364e+06,3.91046404e+06,0.000000e+00,0.000000e+00,0.000000e+00,0.000000e+00,TARGET,3.806944e+01,-1.172333e+02,1.52400000e+03,3.41031562e+06,-3.69686973e+06,3.91150065e+06,0.000000e+00,0.000000e+00,0.000000e+00,0.000000e+00,,,,,,,,,,,,,,,,,,,,,1.528983e+03,4.265784e-13,1.490027e+00,,,1.528983e+03,3.141593e+00,-1.490047e+00,,,,,,,,,,,,,,,,,,,,,,,,,,,,,,,,,,,,,,,,,,,,,,,,,,,,,,,,,1.000000e+00,7.468621e-01,1
9.450000e+01,SENSOR_TRACK_UPDATED,radar1,red,simple_radar,radar1.1,0.000000e+00,9.450000e+01,189,5.000000e-01,land,M,,,target1,TARGET,blue,3.806833e+01,-1.172333e+02,-4.00468707e-08,3.40955351e+06,-3.69604364e+06,3.91046404e+06,3.806944e+01,-1.172333e+02,1.52400000e+03,3.41031563e+06,-3.69686973e+06,3.91150065e+06,L,3,,B,,3.806944e+01,-1.172333e+02,1.52400000e+03,3.41031562e+06,-3.69686973e+06,3.91150065e+06,0.000000e+00,0.000000e+00,0.000000e+00,0.000000e+00,0.000000e+00,1.528983e+03,4.257712e-13,1.490027e+00,1.528983e+03,4.257712e-13,1.490027e+00,,,,,,,,0,,,
9.450000e+01,LOCAL_TRACK_UPDATED,radar1,red,radar1.2,0.000000e+00,9.450000e+01,189,5.000000e-01,land,P,,,target1,TARGET,blue,3.806833e+01,-1.172333e+02,-4.00468707e-08,3.40955351e+06,-3.69604364e+06,3.91046404e+06,3.806944e+01,-1.172333e+02,1.52400000e+03,3.41031563e+06,-3.69686973e+06,3.91150065e+06,L,3,,B,,3.806944e+01,-1.172333e+02,1.52400000e+03,3.41031562e+06,-3.69686973e+06,3.91150065e+06,0.000000e+00,0.000000e+00,0.000000e+00,0.000000e+00,0.000000e+00,1.528983e+03,4.257712e-13,1.490027e+00,1.528983e+03,4.257712e-13,1.490027e+00,,,,,,,,0,,,,radar1.1,simple_radar,WSF_GEOMETRIC_SENSOR,default
9.500000e+01,SENSOR_DETECTION_ATTEMPT,radar1,red,target1,simple_radar,default,1,,,,,,,,,,,,WSF_GEOMETRIC_SENSOR,3.806833e+01,-1.172333e+02,-4.00468707e-08,3.40968827e+06,-3.69591936e+06,3.91046400e+06,0.000000e+00,0.000000e+00,0.000000e+00,0.000000e+00,TARGET,3.806944e+01,-1.172333e+02,1.52400000e+03,3.41045042e+06,-3.69674543e+06,3.91150060e+06,0.000000e+00,0.000000e+00,0.000000e+00,0.000000e+00,,,,,,,,,,,,,,,,,,,,,1.528983e+03,4.265784e-13,1.490027e+00,,,1.528983e+03,3.141593e+00,-1.490047e+00,,,,,,,,,,,,,,,,,,,,,,,,,,,,,,,,,,,,,,,,,,,,,,,,,,,,,,,,,1.000000e+00,2.140280e-01,1
9.500000e+01,SENSOR_TRACK_UPDATED,radar1,red,simple_radar,radar1.1,0.000000e+00,9.500000e+01,190,5.000000e-01,land,M,,,target1,TARGET,blue,3.806833e+01,-1.172333e+02,-4.00468707e-08,3.40968827e+06,-3.69591936e+06,3.91046400e+06,3.806944e+01,-1.172333e+02,1.52400000e+03,3.41045042e+06,-3.69674543e+06,3.91150060e+06,L,3,,B,,3.806944e+01,-1.172333e+02,1.52400000e+03,3.41045042e+06,-3.69674543e+06,3.91150060e+06,0.000000e+00,0.000000e+00,0.000000e+00,0.000000e+00,0.000000e+00,1.528983e+03,4.257712e-13,1.490027e+00,1.528983e+03,4.257712e-13,1.490027e+00,,,,,,,,0,,,
9.500000e+01,LOCAL_TRACK_UPDATED,radar1,red,radar1.2,0.000000e+00,9.500000e+01,190,5.000000e-01,land,P,,,target1,TARGET,blue,3.806833e+01,-1.172333e+02,-4.00468707e-08,3.40968827e+06,-3.69591936e+06,3.91046400e+06,3.806944e+01,-1.172333e+02,1.52400000e+03,3.41045042e+06,-3.69674543e+06,3.91150060e+06,L,3,,B,,3.806944e+01,-1.172333e+02,1.52400000e+03,3.41045042e+06,-3.69674543e+06,3.91150060e+06,0.000000e+00,0.000000e+00,0.000000e+00,0.000000e+00,0.000000e+00,1.528983e+03,4.257712e-13,1.490027e+00,1.528983e+03,4.257712e-13,1.490027e+00,,,,,,,,0,,,,radar1.1,simple_radar,WSF_GEOMETRIC_SENSOR,default
9.550000e+01,SENSOR_DETECTION_ATTEMPT,radar1,red,target1,simple_radar,default,1,,,,,,,,,,,,WSF_GEOMETRIC_SENSOR,3.806833e+01,-1.172333e+02,-4.00468707e-08,3.40982303e+06,-3.69579508e+06,3.91046396e+06,0.000000e+00,0.000000e+00,0.000000e+00,0.000000e+00,TARGET,3.806944e+01,-1.172333e+02,1.52400000e+03,3.41058520e+06,-3.69662112e+06,3.91150056e+06,0.000000e+00,0.000000e+00,0.000000e+00,0.000000e+00,,,,,,,,,,,,,,,,,,,,,1.528983e+03,4.265784e-13,1.490027e+00,,,1.528983e+03,3.141593e+00,-1.490047e+00,,,,,,,,,,,,,,,,,,,,,,,,,,,,,,,,,,,,,,,,,,,,,,,,,,,,,,,,,1.000000e+00,6.106468e-01,1
9.550000e+01,SENSOR_TRACK_UPDATED,radar1,red,simple_radar,radar1.1,0.000000e+00,9.550000e+01,191,5.000000e-01,land,M,,,target1,TARGET,blue,3.806833e+01,-1.172333e+02,-4.00468707e-08,3.40982303e+06,-3.69579508e+06,3.91046395e+06,3.806944e+01,-1.172333e+02,1.52400000e+03,3.41058520e+06,-3.69662112e+06,3.91150056e+06,L,3,,B,,3.806944e+01,-1.172333e+02,1.52400000e+03,3.41058520e+06,-3.69662112e+06,3.91150056e+06,0.000000e+00,0.000000e+00,0.000000e+00,0.000000e+00,0.000000e+00,1.528983e+03,4.257712e-13,1.490027e+00,1.528983e+03,4.257712e-13,1.490027e+00,,,,,,,,0,,,
9.550000e+01,LOCAL_TRACK_UPDATED,radar1,red,radar1.2,0.000000e+00,9.550000e+01,191,5.000000e-01,land,P,,,target1,TARGET,blue,3.806833e+01,-1.172333e+02,-4.00468707e-08,3.40982303e+06,-3.69579508e+06,3.91046395e+06,3.806944e+01,-1.172333e+02,1.52400000e+03,3.41058520e+06,-3.69662112e+06,3.91150056e+06,L,3,,B,,3.806944e+01,-1.172333e+02,1.52400000e+03,3.41058520e+06,-3.69662112e+06,3.91150056e+06,0.000000e+00,0.000000e+00,0.000000e+00,0.000000e+00,0.000000e+00,1.528983e+03,4.257712e-13,1.490027e+00,1.528983e+03,4.257712e-13,1.490027e+00,,,,,,,,0,,,,radar1.1,simple_radar,WSF_GEOMETRIC_SENSOR,default
9.600000e+01,SENSOR_DETECTION_ATTEMPT,radar1,red,target1,simple_radar,default,1,,,,,,,,,,,,WSF_GEOMETRIC_SENSOR,3.806833e+01,-1.172333e+02,-4.00468707e-08,3.40995778e+06,-3.69567080e+06,3.91046391e+06,0.000000e+00,0.000000e+00,0.000000e+00,0.000000e+00,TARGET,3.806944e+01,-1.172333e+02,1.52400000e+03,3.41071998e+06,-3.69649681e+06,3.91150052e+06,0.000000e+00,0.000000e+00,0.000000e+00,0.000000e+00,,,,,,,,,,,,,,,,,,,,,1.528983e+03,4.265784e-13,1.490027e+00,,,1.528983e+03,3.141593e+00,-1.490047e+00,,,,,,,,,,,,,,,,,,,,,,,,,,,,,,,,,,,,,,,,,,,,,,,,,,,,,,,,,1.000000e+00,3.791726e-01,1
9.600000e+01,SENSOR_TRACK_UPDATED,radar1,red,simple_radar,radar1.1,0.000000e+00,9.600000e+01,192,5.000000e-01,land,M,,,target1,TARGET,blue,3.806833e+01,-1.172333e+02,-4.00468707e-08,3.40995778e+06,-3.69567080e+06,3.91046391e+06,3.806944e+01,-1.172333e+02,1.52400000e+03,3.41071998e+06,-3.69649681e+06,3.91150052e+06,L,3,,B,,3.806944e+01,-1.172333e+02,1.52400000e+03,3.41071998e+06,-3.69649681e+06,3.91150052e+06,0.000000e+00,0.000000e+00,0.000000e+00,0.000000e+00,0.000000e+00,1.528983e+03,4.257712e-13,1.490027e+00,1.528983e+03,4.257712e-13,1.490027e+00,,,,,,,,0,,,
9.600000e+01,LOCAL_TRACK_UPDATED,radar1,red,radar1.2,0.000000e+00,9.600000e+01,192,5.000000e-01,land,P,,,target1,TARGET,blue,3.806833e+01,-1.172333e+02,-4.00468707e-08,3.40995778e+06,-3.69567080e+06,3.91046391e+06,3.806944e+01,-1.172333e+02,1.52400000e+03,3.41071998e+06,-3.69649681e+06,3.91150052e+06,L,3,,B,,3.806944e+01,-1.172333e+02,1.52400000e+03,3.41071998e+06,-3.69649681e+06,3.91150052e+06,0.000000e+00,0.000000e+00,0.000000e+00,0.000000e+00,0.000000e+00,1.528983e+03,4.257712e-13,1.490027e+00,1.528983e+03,4.257712e-13,1.490027e+00,,,,,,,,0,,,,radar1.1,simple_radar,WSF_GEOMETRIC_SENSOR,default
9.650000e+01,SENSOR_DETECTION_ATTEMPT,radar1,red,target1,simple_radar,default,1,,,,,,,,,,,,WSF_GEOMETRIC_SENSOR,3.806833e+01,-1.172333e+02,-4.00468707e-08,3.41009253e+06,-3.69554651e+06,3.91046387e+06,0.000000e+00,0.000000e+00,0.000000e+00,0.000000e+00,TARGET,3.806944e+01,-1.172333e+02,1.52400000e+03,3.41085476e+06,-3.69637249e+06,3.91150047e+06,0.000000e+00,0.000000e+00,0.000000e+00,0.000000e+00,,,,,,,,,,,,,,,,,,,,,1.528983e+03,4.265784e-13,1.490027e+00,,,1.528983e+03,3.141593e+00,-1.490047e+00,,,,,,,,,,,,,,,,,,,,,,,,,,,,,,,,,,,,,,,,,,,,,,,,,,,,,,,,,1.000000e+00,2.127750e-01,1
9.650000e+01,SENSOR_TRACK_UPDATED,radar1,red,simple_radar,radar1.1,0.000000e+00,9.650000e+01,193,5.000000e-01,land,M,,,target1,TARGET,blue,3.806833e+01,-1.172333e+02,-4.00468707e-08,3.41009253e+06,-3.69554651e+06,3.91046387e+06,3.806944e+01,-1.172333e+02,1.52400000e+03,3.41085476e+06,-3.69637249e+06,3.91150047e+06,L,3,,B,,3.806944e+01,-1.172333e+02,1.52400000e+03,3.41085476e+06,-3.69637249e+06,3.91150047e+06,0.000000e+00,0.000000e+00,0.000000e+00,0.000000e+00,0.000000e+00,1.528983e+03,4.257712e-13,1.490027e+00,1.528983e+03,4.257712e-13,1.490027e+00,,,,,,,,0,,,
9.650000e+01,LOCAL_TRACK_UPDATED,radar1,red,radar1.2,0.000000e+00,9.650000e+01,193,5.000000e-01,land,P,,,target1,TARGET,blue,3.806833e+01,-1.172333e+02,-4.00468707e-08,3.41009253e+06,-3.69554651e+06,3.91046387e+06,3.806944e+01,-1.172333e+02,1.52400000e+03,3.41085476e+06,-3.69637249e+06,3.91150047e+06,L,3,,B,,3.806944e+01,-1.172333e+02,1.52400000e+03,3.41085476e+06,-3.69637249e+06,3.91150047e+06,0.000000e+00,0.000000e+00,0.000000e+00,0.000000e+00,0.000000e+00,1.528983e+03,4.257712e-13,1.490027e+00,1.528983e+03,4.257712e-13,1.490027e+00,,,,,,,,0,,,,radar1.1,simple_radar,WSF_GEOMETRIC_SENSOR,default
9.700000e+01,SENSOR_DETECTION_ATTEMPT,radar1,red,target1,simple_radar,default,1,,,,,,,,,,,,WSF_GEOMETRIC_SENSOR,3.806833e+01,-1.172333e+02,-4.00468707e-08,3.41022727e+06,-3.69542222e+06,3.91046383e+06,0.000000e+00,0.000000e+00,0.000000e+00,0.000000e+00,TARGET,3.806944e+01,-1.172333e+02,1.52400000e+03,3.41098953e+06,-3.69624817e+06,3.91150043e+06,0.000000e+00,0.000000e+00,0.000000e+00,0.000000e+00,,,,,,,,,,,,,,,,,,,,,1.528983e+03,4.265784e-13,1.490027e+00,,,1.528983e+03,3.141593e+00,-1.490047e+00,,,,,,,,,,,,,,,,,,,,,,,,,,,,,,,,,,,,,,,,,,,,,,,,,,,,,,,,,1.000000e+00,9.223387e-02,1
9.700000e+01,SENSOR_TRACK_UPDATED,radar1,red,simple_radar,radar1.1,0.000000e+00,9.700000e+01,194,5.000000e-01,land,M,,,target1,TARGET,blue,3.806833e+01,-1.172333e+02,-4.00468707e-08,3.41022727e+06,-3.69542222e+06,3.91046382e+06,3.806944e+01,-1.172333e+02,1.52400000e+03,3.41098953e+06,-3.69624817e+06,3.91150043e+06,L,3,,B,,3.806944e+01,-1.172333e+02,1.52400000e+03,3.41098953e+06,-3.69624817e+06,3.91150043e+06,0.000000e+00,0.000000e+00,0.000000e+00,0.000000e+00,0.000000e+00,1.528983e+03,4.257712e-13,1.490027e+00,1.528983e+03,4.257712e-13,1.490027e+00,,,,,,,,0,,,
9.700000e+01,LOCAL_TRACK_UPDATED,radar1,red,radar1.2,0.000000e+00,9.700000e+01,194,5.000000e-01,land,P,,,target1,TARGET,blue,3.806833e+01,-1.172333e+02,-4.00468707e-08,3.41022727e+06,-3.69542222e+06,3.91046382e+06,3.806944e+01,-1.172333e+02,1.52400000e+03,3.41098953e+06,-3.69624817e+06,3.91150043e+06,L,3,,B,,3.806944e+01,-1.172333e+02,1.52400000e+03,3.41098953e+06,-3.69624817e+06,3.91150043e+06,0.000000e+00,0.000000e+00,0.000000e+00,0.000000e+00,0.000000e+00,1.528983e+03,4.257712e-13,1.490027e+00,1.528983e+03,4.257712e-13,1.490027e+00,,,,,,,,0,,,,radar1.1,simple_radar,WSF_GEOMETRIC_SENSOR,default
9.750000e+01,SENSOR_DETECTION_ATTEMPT,radar1,red,target1,simple_radar,default,1,,,,,,,,,,,,WSF_GEOMETRIC_SENSOR,3.806833e+01,-1.172333e+02,-4.00468707e-08,3.41036201e+06,-3.69529792e+06,3.91046378e+06,0.000000e+00,0.000000e+00,0.000000e+00,0.000000e+00,TARGET,3.806944e+01,-1.172333e+02,1.52400000e+03,3.41112430e+06,-3.69612384e+06,3.91150039e+06,0.000000e+00,0.000000e+00,0.000000e+00,0.000000e+00,,,,,,,,,,,,,,,,,,,,,1.528983e+03,4.265784e-13,1.490027e+00,,,1.528983e+03,3.141593e+00,-1.490047e+00,,,,,,,,,,,,,,,,,,,,,,,,,,,,,,,,,,,,,,,,,,,,,,,,,,,,,,,,,1.000000e+00,2.274990e-01,1
9.750000e+01,SENSOR_TRACK_UPDATED,radar1,red,simple_radar,radar1.1,0.000000e+00,9.750000e+01,195,5.000000e-01,land,M,,,target1,TARGET,blue,3.806833e+01,-1.172333e+02,-4.00468707e-08,3.41036201e+06,-3.69529792e+06,3.91046378e+06,3.806944e+01,-1.172333e+02,1.52400000e+03,3.41112430e+06,-3.69612385e+06,3.91150039e+06,L,3,,B,,3.806944e+01,-1.172333e+02,1.52400000e+03,3.41112430e+06,-3.69612384e+06,3.91150039e+06,0.000000e+00,0.000000e+00,0.000000e+00,0.000000e+00,0.000000e+00,1.528983e+03,4.257712e-13,1.490027e+00,1.528983e+03,4.257712e-13,1.490027e+00,,,,,,,,0,,,
9.750000e+01,LOCAL_TRACK_UPDATED,radar1,red,radar1.2,0.000000e+00,9.750000e+01,195,5.000000e-01,land,P,,,target1,TARGET,blue,3.806833e+01,-1.172333e+02,-4.00468707e-08,3.41036201e+06,-3.69529792e+06,3.91046378e+06,3.806944e+01,-1.172333e+02,1.52400000e+03,3.41112430e+06,-3.69612385e+06,3.91150039e+06,L,3,,B,,3.806944e+01,-1.172333e+02,1.52400000e+03,3.41112430e+06,-3.69612384e+06,3.91150039e+06,0.000000e+00,0.000000e+00,0.000000e+00,0.000000e+00,0.000000e+00,1.528983e+03,4.257712e-13,1.490027e+00,1.528983e+03,4.257712e-13,1.490027e+00,,,,,,,,0,,,,radar1.1,simple_radar,WSF_GEOMETRIC_SENSOR,default
9.800000e+01,SENSOR_DETECTION_ATTEMPT,radar1,red,target1,simple_radar,default,1,,,,,,,,,,,,WSF_GEOMETRIC_SENSOR,3.806833e+01,-1.172333e+02,-4.00468707e-08,3.41049674e+06,-3.69517362e+06,3.91046374e+06,0.000000e+00,0.000000e+00,0.000000e+00,0.000000e+00,TARGET,3.806944e+01,-1.172333e+02,1.52400000e+03,3.41125906e+06,-3.69599951e+06,3.91150034e+06,0.000000e+00,0.000000e+00,0.000000e+00,0.000000e+00,,,,,,,,,,,,,,,,,,,,,1.528983e+03,4.265784e-13,1.490027e+00,,,1.528983e+03,3.141593e+00,-1.490047e+00,,,,,,,,,,,,,,,,,,,,,,,,,,,,,,,,,,,,,,,,,,,,,,,,,,,,,,,,,1.000000e+00,5.610486e-01,1
9.800000e+01,SENSOR_TRACK_UPDATED,radar1,red,simple_radar,radar1.1,0.000000e+00,9.800000e+01,196,5.000000e-01,land,M,,,target1,TARGET,blue,3.806833e+01,-1.172333e+02,-4.00468707e-08,3.41049674e+06,-3.69517362e+06,3.91046374e+06,3.806944e+01,-1.172333e+02,1.52400000e+03,3.41125906e+06,-3.69599951e+06,3.91150034e+06,L,3,,B,,3.806944e+01,-1.172333e+02,1.52400000e+03,3.41125906e+06,-3.69599951e+06,3.91150034e+06,0.000000e+00,0.000000e+00,0.000000e+00,0.000000e+00,0.000000e+00,1.528983e+03,4.257712e-13,1.490027e+00,1.528983e+03,4.257712e-13,1.490027e+00,,,,,,,,0,,,
9.800000e+01,LOCAL_TRACK_UPDATED,radar1,red,radar1.2,0.000000e+00,9.800000e+01,196,5.000000e-01,land,P,,,target1,TARGET,blue,3.806833e+01,-1.172333e+02,-4.00468707e-08,3.41049674e+06,-3.69517362e+06,3.91046374e+06,3.806944e+01,-1.172333e+02,1.52400000e+03,3.41125906e+06,-3.69599951e+06,3.91150034e+06,L,3,,B,,3.806944e+01,-1.172333e+02,1.52400000e+03,3.41125906e+06,-3.69599951e+06,3.91150034e+06,0.000000e+00,0.000000e+00,0.000000e+00,0.000000e+00,0.000000e+00,1.528983e+03,4.257712e-13,1.490027e+00,1.528983e+03,4.257712e-13,1.490027e+00,,,,,,,,0,,,,radar1.1,simple_radar,WSF_GEOMETRIC_SENSOR,default
9.850000e+01,SENSOR_DETECTION_ATTEMPT,radar1,red,target1,simple_radar,default,1,,,,,,,,,,,,WSF_GEOMETRIC_SENSOR,3.806833e+01,-1.172333e+02,-4.00468707e-08,3.41063147e+06,-3.69504931e+06,3.91046370e+06,0.000000e+00,0.000000e+00,0.000000e+00,0.000000e+00,TARGET,3.806944e+01,-1.172333e+02,1.52400000e+03,3.41139382e+06,-3.69587518e+06,3.91150030e+06,0.000000e+00,0.000000e+00,0.000000e+00,0.000000e+00,,,,,,,,,,,,,,,,,,,,,1.528983e+03,4.265784e-13,1.490027e+00,,,1.528983e+03,3.141593e+00,-1.490047e+00,,,,,,,,,,,,,,,,,,,,,,,,,,,,,,,,,,,,,,,,,,,,,,,,,,,,,,,,,1.000000e+00,4.553170e-01,1
9.850000e+01,SENSOR_TRACK_UPDATED,radar1,red,simple_radar,radar1.1,0.000000e+00,9.850000e+01,197,5.000000e-01,land,M,,,target1,TARGET,blue,3.806833e+01,-1.172333e+02,-4.00468707e-08,3.41063147e+06,-3.69504931e+06,3.91046369e+06,3.806944e+01,-1.172333e+02,1.52400000e+03,3.41139382e+06,-3.69587518e+06,3.91150030e+06,L,3,,B,,3.806944e+01,-1.172333e+02,1.52400000e+03,3.41139382e+06,-3.69587518e+06,3.91150030e+06,0.000000e+00,0.000000e+00,0.000000e+00,0.000000e+00,0.000000e+00,1.528983e+03,4.257712e-13,1.490027e+00,1.528983e+03,4.257712e-13,1.490027e+00,,,,,,,,0,,,
9.850000e+01,LOCAL_TRACK_UPDATED,radar1,red,radar1.2,0.000000e+00,9.850000e+01,197,5.000000e-01,land,P,,,target1,TARGET,blue,3.806833e+01,-1.172333e+02,-4.00468707e-08,3.41063147e+06,-3.69504931e+06,3.91046369e+06,3.806944e+01,-1.172333e+02,1.52400000e+03,3.41139382e+06,-3.69587518e+06,3.91150030e+06,L,3,,B,,3.806944e+01,-1.172333e+02,1.52400000e+03,3.41139382e+06,-3.69587518e+06,3.91150030e+06,0.000000e+00,0.000000e+00,0.000000e+00,0.000000e+00,0.000000e+00,1.528983e+03,4.257712e-13,1.490027e+00,1.528983e+03,4.257712e-13,1.490027e+00,,,,,,,,0,,,,radar1.1,simple_radar,WSF_GEOMETRIC_SENSOR,default
9.900000e+01,SENSOR_DETECTION_ATTEMPT,radar1,red,target1,simple_radar,default,1,,,,,,,,,,,,WSF_GEOMETRIC_SENSOR,3.806833e+01,-1.172333e+02,-4.00468707e-08,3.41076619e+06,-3.69492500e+06,3.91046365e+06,0.000000e+00,0.000000e+00,0.000000e+00,0.000000e+00,TARGET,3.806944e+01,-1.172333e+02,1.52400000e+03,3.41152858e+06,-3.69575084e+06,3.91150026e+06,0.000000e+00,0.000000e+00,0.000000e+00,0.000000e+00,,,,,,,,,,,,,,,,,,,,,1.528983e+03,4.265784e-13,1.490027e+00,,,1.528983e+03,3.141593e+00,-1.490047e+00,,,,,,,,,,,,,,,,,,,,,,,,,,,,,,,,,,,,,,,,,,,,,,,,,,,,,,,,,1.000000e+00,5.096782e-01,1
9.900000e+01,SENSOR_TRACK_UPDATED,radar1,red,simple_radar,radar1.1,0.000000e+00,9.900000e+01,198,5.000000e-01,land,M,,,target1,TARGET,blue,3.806833e+01,-1.172333e+02,-4.00468707e-08,3.41076620e+06,-3.69492500e+06,3.91046365e+06,3.806944e+01,-1.172333e+02,1.52400000e+03,3.41152858e+06,-3.69575084e+06,3.91150026e+06,L,3,,B,,3.806944e+01,-1.172333e+02,1.52400000e+03,3.41152858e+06,-3.69575084e+06,3.91150026e+06,0.000000e+00,0.000000e+00,0.000000e+00,0.000000e+00,0.000000e+00,1.528983e+03,4.257712e-13,1.490027e+00,1.528983e+03,4.257712e-13,1.490027e+00,,,,,,,,0,,,
9.900000e+01,LOCAL_TRACK_UPDATED,radar1,red,radar1.2,0.000000e+00,9.900000e+01,198,5.000000e-01,land,P,,,target1,TARGET,blue,3.806833e+01,-1.172333e+02,-4.00468707e-08,3.41076620e+06,-3.69492500e+06,3.91046365e+06,3.806944e+01,-1.172333e+02,1.52400000e+03,3.41152858e+06,-3.69575084e+06,3.91150026e+06,L,3,,B,,3.806944e+01,-1.172333e+02,1.52400000e+03,3.41152858e+06,-3.69575084e+06,3.91150026e+06,0.000000e+00,0.000000e+00,0.000000e+00,0.000000e+00,0.000000e+00,1.528983e+03,4.257712e-13,1.490027e+00,1.528983e+03,4.257712e-13,1.490027e+00,,,,,,,,0,,,,radar1.1,simple_radar,WSF_GEOMETRIC_SENSOR,default
9.950000e+01,SENSOR_DETECTION_ATTEMPT,radar1,red,target1,simple_radar,default,1,,,,,,,,,,,,WSF_GEOMETRIC_SENSOR,3.806833e+01,-1.172333e+02,-4.00468707e-08,3.41090091e+06,-3.69480068e+06,3.91046361e+06,0.000000e+00,0.000000e+00,0.000000e+00,0.000000e+00,TARGET,3.806944e+01,-1.172333e+02,1.52400000e+03,3.41166333e+06,-3.69562649e+06,3.91150021e+06,0.000000e+00,0.000000e+00,0.000000e+00,0.000000e+00,,,,,,,,,,,,,,,,,,,,,1.528983e+03,4.265784e-13,1.490027e+00,,,1.528983e+03,3.141593e+00,-1.490047e+00,,,,,,,,,,,,,,,,,,,,,,,,,,,,,,,,,,,,,,,,,,,,,,,,,,,,,,,,,1.000000e+00,2.896861e-01,1
9.950000e+01,SENSOR_TRACK_UPDATED,radar1,red,simple_radar,radar1.1,0.000000e+00,9.950000e+01,199,5.000000e-01,land,M,,,target1,TARGET,blue,3.806833e+01,-1.172333e+02,-4.00468707e-08,3.41090092e+06,-3.69480068e+06,3.91046361e+06,3.806944e+01,-1.172333e+02,1.52400000e+03,3.41166333e+06,-3.69562649e+06,3.91150021e+06,L,3,,B,,3.806944e+01,-1.172333e+02,1.52400000e+03,3.41166333e+06,-3.69562649e+06,3.91150021e+06,0.000000e+00,0.000000e+00,0.000000e+00,0.000000e+00,0.000000e+00,1.528983e+03,4.257712e-13,1.490027e+00,1.528983e+03,4.257712e-13,1.490027e+00,,,,,,,,0,,,
9.950000e+01,LOCAL_TRACK_UPDATED,radar1,red,radar1.2,0.000000e+00,9.950000e+01,199,5.000000e-01,land,P,,,target1,TARGET,blue,3.806833e+01,-1.172333e+02,-4.00468707e-08,3.41090092e+06,-3.69480068e+06,3.91046361e+06,3.806944e+01,-1.172333e+02,1.52400000e+03,3.41166333e+06,-3.69562649e+06,3.91150021e+06,L,3,,B,,3.806944e+01,-1.172333e+02,1.52400000e+03,3.41166333e+06,-3.69562649e+06,3.91150021e+06,0.000000e+00,0.000000e+00,0.000000e+00,0.000000e+00,0.000000e+00,1.528983e+03,4.257712e-13,1.490027e+00,1.528983e+03,4.257712e-13,1.490027e+00,,,,,,,,0,,,,radar1.1,simple_radar,WSF_GEOMETRIC_SENSOR,default
1.000000e+02,SENSOR_DETECTION_ATTEMPT,radar1,red,target1,simple_radar,default,1,,,,,,,,,,,,WSF_GEOMETRIC_SENSOR,3.806833e+01,-1.172333e+02,-4.00468707e-08,3.41103563e+06,-3.69467635e+06,3.91046357e+06,0.000000e+00,0.000000e+00,0.000000e+00,0.000000e+00,TARGET,3.806944e+01,-1.172333e+02,1.52400000e+03,3.41179807e+06,-3.69550214e+06,3.91150017e+06,0.000000e+00,0.000000e+00,0.000000e+00,0.000000e+00,,,,,,,,,,,,,,,,,,,,,1.528983e+03,4.265784e-13,1.490027e+00,,,1.528983e+03,3.141593e+00,-1.490047e+00,,,,,,,,,,,,,,,,,,,,,,,,,,,,,,,,,,,,,,,,,,,,,,,,,,,,,,,,,1.000000e+00,6.224804e-01,1
1.000000e+02,SENSOR_TRACK_UPDATED,radar1,red,simple_radar,radar1.1,0.000000e+00,1.000000e+02,200,5.000000e-01,land,M,,,target1,TARGET,blue,3.806833e+01,-1.172333e+02,-4.00468707e-08,3.41103563e+06,-3.69467636e+06,3.91046357e+06,3.806944e+01,-1.172333e+02,1.52400000e+03,3.41179807e+06,-3.69550214e+06,3.91150017e+06,L,3,,B,,3.806944e+01,-1.172333e+02,1.52400000e+03,3.41179807e+06,-3.69550214e+06,3.91150017e+06,0.000000e+00,0.000000e+00,0.000000e+00,0.000000e+00,0.000000e+00,1.528983e+03,4.257712e-13,1.490027e+00,1.528983e+03,4.257712e-13,1.490027e+00,,,,,,,,0,,,
1.000000e+02,LOCAL_TRACK_UPDATED,radar1,red,radar1.2,0.000000e+00,1.000000e+02,200,5.000000e-01,land,P,,,target1,TARGET,blue,3.806833e+01,-1.172333e+02,-4.00468707e-08,3.41103563e+06,-3.69467636e+06,3.91046357e+06,3.806944e+01,-1.172333e+02,1.52400000e+03,3.41179807e+06,-3.69550214e+06,3.91150017e+06,L,3,,B,,3.806944e+01,-1.172333e+02,1.52400000e+03,3.41179807e+06,-3.69550214e+06,3.91150017e+06,0.000000e+00,0.000000e+00,0.000000e+00,0.000000e+00,0.000000e+00,1.528983e+03,4.257712e-13,1.490027e+00,1.528983e+03,4.257712e-13,1.490027e+00,,,,,,,,0,,,,radar1.1,simple_radar,WSF_GEOMETRIC_SENSOR,default
1.005000e+02,SENSOR_DETECTION_ATTEMPT,radar1,red,target1,simple_radar,default,1,,,,,,,,,,,,WSF_GEOMETRIC_SENSOR,3.806833e+01,-1.172333e+02,-4.00468707e-08,3.41117034e+06,-3.69455203e+06,3.91046352e+06,0.000000e+00,0.000000e+00,0.000000e+00,0.000000e+00,TARGET,3.806944e+01,-1.172333e+02,1.52400000e+03,3.41193281e+06,-3.69537779e+06,3.91150013e+06,0.000000e+00,0.000000e+00,0.000000e+00,0.000000e+00,,,,,,,,,,,,,,,,,,,,,1.528983e+03,4.265784e-13,1.490027e+00,,,1.528983e+03,3.141593e+00,-1.490047e+00,,,,,,,,,,,,,,,,,,,,,,,,,,,,,,,,,,,,,,,,,,,,,,,,,,,,,,,,,1.000000e+00,1.607706e-01,1
1.005000e+02,SENSOR_TRACK_UPDATED,radar1,red,simple_radar,radar1.1,0.000000e+00,1.005000e+02,201,5.000000e-01,land,M,,,target1,TARGET,blue,3.806833e+01,-1.172333e+02,-4.00468707e-08,3.41117034e+06,-3.69455203e+06,3.91046352e+06,3.806944e+01,-1.172333e+02,1.52400000e+03,3.41193281e+06,-3.69537779e+06,3.91150013e+06,L,3,,B,,3.806944e+01,-1.172333e+02,1.52400000e+03,3.41193281e+06,-3.69537779e+06,3.91150013e+06,0.000000e+00,0.000000e+00,0.000000e+00,0.000000e+00,0.000000e+00,1.528983e+03,4.257712e-13,1.490027e+00,1.528983e+03,4.257712e-13,1.490027e+00,,,,,,,,0,,,
1.005000e+02,LOCAL_TRACK_UPDATED,radar1,red,radar1.2,0.000000e+00,1.005000e+02,201,5.000000e-01,land,P,,,target1,TARGET,blue,3.806833e+01,-1.172333e+02,-4.00468707e-08,3.41117034e+06,-3.69455203e+06,3.91046352e+06,3.806944e+01,-1.172333e+02,1.52400000e+03,3.41193281e+06,-3.69537779e+06,3.91150013e+06,L,3,,B,,3.806944e+01,-1.172333e+02,1.52400000e+03,3.41193281e+06,-3.69537779e+06,3.91150013e+06,0.000000e+00,0.000000e+00,0.000000e+00,0.000000e+00,0.000000e+00,1.528983e+03,4.257712e-13,1.490027e+00,1.528983e+03,4.257712e-13,1.490027e+00,,,,,,,,0,,,,radar1.1,simple_radar,WSF_GEOMETRIC_SENSOR,default
1.010000e+02,SENSOR_DETECTION_ATTEMPT,radar1,red,target1,simple_radar,default,1,,,,,,,,,,,,WSF_GEOMETRIC_SENSOR,3.806833e+01,-1.172333e+02,-4.00468707e-08,3.41130505e+06,-3.69442769e+06,3.91046348e+06,0.000000e+00,0.000000e+00,0.000000e+00,0.000000e+00,TARGET,3.806944e+01,-1.172333e+02,1.52400000e+03,3.41206755e+06,-3.69525343e+06,3.91150008e+06,0.000000e+00,0.000000e+00,0.000000e+00,0.000000e+00,,,,,,,,,,,,,,,,,,,,,1.528983e+03,4.265784e-13,1.490027e+00,,,1.528983e+03,3.141593e+00,-1.490047e+00,,,,,,,,,,,,,,,,,,,,,,,,,,,,,,,,,,,,,,,,,,,,,,,,,,,,,,,,,1.000000e+00,6.496170e-01,1
1.010000e+02,SENSOR_TRACK_UPDATED,radar1,red,simple_radar,radar1.1,0.000000e+00,1.010000e+02,202,5.000000e-01,land,M,,,target1,TARGET,blue,3.806833e+01,-1.172333e+02,-4.00468707e-08,3.41130505e+06,-3.69442769e+06,3.91046348e+06,3.806944e+01,-1.172333e+02,1.52400000e+03,3.41206755e+06,-3.69525343e+06,3.91150008e+06,L,3,,B,,3.806944e+01,-1.172333e+02,1.52400000e+03,3.41206755e+06,-3.69525343e+06,3.91150008e+06,0.000000e+00,0.000000e+00,0.000000e+00,0.000000e+00,0.000000e+00,1.528983e+03,4.257712e-13,1.490027e+00,1.528983e+03,4.257712e-13,1.490027e+00,,,,,,,,0,,,
1.010000e+02,LOCAL_TRACK_UPDATED,radar1,red,radar1.2,0.000000e+00,1.010000e+02,202,5.000000e-01,land,P,,,target1,TARGET,blue,3.806833e+01,-1.172333e+02,-4.00468707e-08,3.41130505e+06,-3.69442769e+06,3.91046348e+06,3.806944e+01,-1.172333e+02,1.52400000e+03,3.41206755e+06,-3.69525343e+06,3.91150008e+06,L,3,,B,,3.806944e+01,-1.172333e+02,1.52400000e+03,3.41206755e+06,-3.69525343e+06,3.91150008e+06,0.000000e+00,0.000000e+00,0.000000e+00,0.000000e+00,0.000000e+00,1.528983e+03,4.257712e-13,1.490027e+00,1.528983e+03,4.257712e-13,1.490027e+00,,,,,,,,0,,,,radar1.1,simple_radar,WSF_GEOMETRIC_SENSOR,default
1.015000e+02,SENSOR_DETECTION_ATTEMPT,radar1,red,target1,simple_radar,default,1,,,,,,,,,,,,WSF_GEOMETRIC_SENSOR,3.806833e+01,-1.172333e+02,-4.00468707e-08,3.41143975e+06,-3.69430336e+06,3.91046344e+06,0.000000e+00,0.000000e+00,0.000000e+00,0.000000e+00,TARGET,3.806944e+01,-1.172333e+02,1.52400000e+03,3.41220228e+06,-3.69512906e+06,3.91150004e+06,0.000000e+00,0.000000e+00,0.000000e+00,0.000000e+00,,,,,,,,,,,,,,,,,,,,,1.528983e+03,4.265784e-13,1.490027e+00,,,1.528983e+03,3.141593e+00,-1.490047e+00,,,,,,,,,,,,,,,,,,,,,,,,,,,,,,,,,,,,,,,,,,,,,,,,,,,,,,,,,1.000000e+00,6.078874e-01,1
1.015000e+02,SENSOR_TRACK_UPDATED,radar1,red,simple_radar,radar1.1,0.000000e+00,1.015000e+02,203,5.000000e-01,land,M,,,target1,TARGET,blue,3.806833e+01,-1.172333e+02,-4.00468707e-08,3.41143975e+06,-3.69430336e+06,3.91046344e+06,3.806944e+01,-1.172333e+02,1.52400000e+03,3.41220228e+06,-3.69512906e+06,3.91150004e+06,L,3,,B,,3.806944e+01,-1.172333e+02,1.52400000e+03,3.41220228e+06,-3.69512906e+06,3.91150004e+06,0.000000e+00,0.000000e+00,0.000000e+00,0.000000e+00,0.000000e+00,1.528983e+03,4.257712e-13,1.490027e+00,1.528983e+03,4.257712e-13,1.490027e+00,,,,,,,,0,,,
1.015000e+02,LOCAL_TRACK_UPDATED,radar1,red,radar1.2,0.000000e+00,1.015000e+02,203,5.000000e-01,land,P,,,target1,TARGET,blue,3.806833e+01,-1.172333e+02,-4.00468707e-08,3.41143975e+06,-3.69430336e+06,3.91046344e+06,3.806944e+01,-1.172333e+02,1.52400000e+03,3.41220228e+06,-3.69512906e+06,3.91150004e+06,L,3,,B,,3.806944e+01,-1.172333e+02,1.52400000e+03,3.41220228e+06,-3.69512906e+06,3.91150004e+06,0.000000e+00,0.000000e+00,0.000000e+00,0.000000e+00,0.000000e+00,1.528983e+03,4.257712e-13,1.490027e+00,1.528983e+03,4.257712e-13,1.490027e+00,,,,,,,,0,,,,radar1.1,simple_radar,WSF_GEOMETRIC_SENSOR,default
1.020000e+02,SENSOR_DETECTION_ATTEMPT,radar1,red,target1,simple_radar,default,1,,,,,,,,,,,,WSF_GEOMETRIC_SENSOR,3.806833e+01,-1.172333e+02,-4.00468707e-08,3.41157445e+06,-3.69417901e+06,3.91046339e+06,0.000000e+00,0.000000e+00,0.000000e+00,0.000000e+00,TARGET,3.806944e+01,-1.172333e+02,1.52400000e+03,3.41233701e+06,-3.69500469e+06,3.91150000e+06,0.000000e+00,0.000000e+00,0.000000e+00,0.000000e+00,,,,,,,,,,,,,,,,,,,,,1.528983e+03,4.265784e-13,1.490027e+00,,,1.528983e+03,3.141593e+00,-1.490047e+00,,,,,,,,,,,,,,,,,,,,,,,,,,,,,,,,,,,,,,,,,,,,,,,,,,,,,,,,,1.000000e+00,5.087871e-01,1
1.020000e+02,SENSOR_TRACK_UPDATED,radar1,red,simple_radar,radar1.1,0.000000e+00,1.020000e+02,204,5.000000e-01,land,M,,,target1,TARGET,blue,3.806833e+01,-1.172333e+02,-4.00468707e-08,3.41157445e+06,-3.69417901e+06,3.91046339e+06,3.806944e+01,-1.172333e+02,1.52400000e+03,3.41233701e+06,-3.69500469e+06,3.91150000e+06,L,3,,B,,3.806944e+01,-1.172333e+02,1.52400000e+03,3.41233701e+06,-3.69500469e+06,3.91150000e+06,0.000000e+00,0.000000e+00,0.000000e+00,0.000000e+00,0.000000e+00,1.528983e+03,4.257712e-13,1.490027e+00,1.528983e+03,4.257712e-13,1.490027e+00,,,,,,,,0,,,
1.020000e+02,LOCAL_TRACK_UPDATED,radar1,red,radar1.2,0.000000e+00,1.020000e+02,204,5.000000e-01,land,P,,,target1,TARGET,blue,3.806833e+01,-1.172333e+02,-4.00468707e-08,3.41157445e+06,-3.69417901e+06,3.91046339e+06,3.806944e+01,-1.172333e+02,1.52400000e+03,3.41233701e+06,-3.69500469e+06,3.91150000e+06,L,3,,B,,3.806944e+01,-1.172333e+02,1.52400000e+03,3.41233701e+06,-3.69500469e+06,3.91150000e+06,0.000000e+00,0.000000e+00,0.000000e+00,0.000000e+00,0.000000e+00,1.528983e+03,4.257712e-13,1.490027e+00,1.528983e+03,4.257712e-13,1.490027e+00,,,,,,,,0,,,,radar1.1,simple_radar,WSF_GEOMETRIC_SENSOR,default
1.025000e+02,SENSOR_DETECTION_ATTEMPT,radar1,red,target1,simple_radar,default,1,,,,,,,,,,,,WSF_GEOMETRIC_SENSOR,3.806833e+01,-1.172333e+02,-4.00468707e-08,3.41170914e+06,-3.69405467e+06,3.91046335e+06,0.000000e+00,0.000000e+00,0.000000e+00,0.000000e+00,TARGET,3.806944e+01,-1.172333e+02,1.52400000e+03,3.41247173e+06,-3.69488031e+06,3.91149995e+06,0.000000e+00,0.000000e+00,0.000000e+00,0.000000e+00,,,,,,,,,,,,,,,,,,,,,1.528983e+03,4.265784e-13,1.490027e+00,,,1.528983e+03,3.141593e+00,-1.490047e+00,,,,,,,,,,,,,,,,,,,,,,,,,,,,,,,,,,,,,,,,,,,,,,,,,,,,,,,,,1.000000e+00,3.656686e-01,1
1.025000e+02,SENSOR_TRACK_UPDATED,radar1,red,simple_radar,radar1.1,0.000000e+00,1.025000e+02,205,5.000000e-01,land,M,,,target1,TARGET,blue,3.806833e+01,-1.172333e+02,-4.00468707e-08,3.41170914e+06,-3.69405467e+06,3.91046335e+06,3.806944e+01,-1.172333e+02,1.52400000e+03,3.41247173e+06,-3.69488031e+06,3.91149995e+06,L,3,,B,,3.806944e+01,-1.172333e+02,1.52400000e+03,3.41247173e+06,-3.69488031e+06,3.91149995e+06,0.000000e+00,0.000000e+00,0.000000e+00,0.000000e+00,0.000000e+00,1.528983e+03,4.257712e-13,1.490027e+00,1.528983e+03,4.257712e-13,1.490027e+00,,,,,,,,0,,,
1.025000e+02,LOCAL_TRACK_UPDATED,radar1,red,radar1.2,0.000000e+00,1.025000e+02,205,5.000000e-01,land,P,,,target1,TARGET,blue,3.806833e+01,-1.172333e+02,-4.00468707e-08,3.41170914e+06,-3.69405467e+06,3.91046335e+06,3.806944e+01,-1.172333e+02,1.52400000e+03,3.41247173e+06,-3.69488031e+06,3.91149995e+06,L,3,,B,,3.806944e+01,-1.172333e+02,1.52400000e+03,3.41247173e+06,-3.69488031e+06,3.91149995e+06,0.000000e+00,0.000000e+00,0.000000e+00,0.000000e+00,0.000000e+00,1.528983e+03,4.257712e-13,1.490027e+00,1.528983e+03,4.257712e-13,1.490027e+00,,,,,,,,0,,,,radar1.1,simple_radar,WSF_GEOMETRIC_SENSOR,default
1.030000e+02,SENSOR_DETECTION_ATTEMPT,radar1,red,target1,simple_radar,default,1,,,,,,,,,,,,WSF_GEOMETRIC_SENSOR,3.806833e+01,-1.172333e+02,-4.00468707e-08,3.41184383e+06,-3.69393031e+06,3.91046331e+06,0.000000e+00,0.000000e+00,0.000000e+00,0.000000e+00,TARGET,3.806944e+01,-1.172333e+02,1.52400000e+03,3.41260645e+06,-3.69475593e+06,3.91149991e+06,0.000000e+00,0.000000e+00,0.000000e+00,0.000000e+00,,,,,,,,,,,,,,,,,,,,,1.528983e+03,4.265784e-13,1.490027e+00,,,1.528983e+03,3.141593e+00,-1.490047e+00,,,,,,,,,,,,,,,,,,,,,,,,,,,,,,,,,,,,,,,,,,,,,,,,,,,,,,,,,1.000000e+00,3.270410e-02,1
1.030000e+02,SENSOR_TRACK_UPDATED,radar1,red,simple_radar,radar1.1,0.000000e+00,1.030000e+02,206,5.000000e-01,land,M,,,target1,TARGET,blue,3.806833e+01,-1.172333e+02,-4.00468707e-08,3.41184383e+06,-3.69393032e+06,3.91046331e+06,3.806944e+01,-1.172333e+02,1.52400000e+03,3.41260645e+06,-3.69475593e+06,3.91149991e+06,L,3,,B,,3.806944e+01,-1.172333e+02,1.52400000e+03,3.41260645e+06,-3.69475593e+06,3.91149991e+06,0.000000e+00,0.000000e+00,0.000000e+00,0.000000e+00,0.000000e+00,1.528983e+03,4.257712e-13,1.490027e+00,1.528983e+03,4.257712e-13,1.490027e+00,,,,,,,,0,,,
1.030000e+02,LOCAL_TRACK_UPDATED,radar1,red,radar1.2,0.000000e+00,1.030000e+02,206,5.000000e-01,land,P,,,target1,TARGET,blue,3.806833e+01,-1.172333e+02,-4.00468707e-08,3.41184383e+06,-3.69393032e+06,3.91046331e+06,3.806944e+01,-1.172333e+02,1.52400000e+03,3.41260645e+06,-3.69475593e+06,3.91149991e+06,L,3,,B,,3.806944e+01,-1.172333e+02,1.52400000e+03,3.41260645e+06,-3.69475593e+06,3.91149991e+06,0.000000e+00,0.000000e+00,0.000000e+00,0.000000e+00,0.000000e+00,1.528983e+03,4.257712e-13,1.490027e+00,1.528983e+03,4.257712e-13,1.490027e+00,,,,,,,,0,,,,radar1.1,simple_radar,WSF_GEOMETRIC_SENSOR,default
1.035000e+02,SENSOR_DETECTION_ATTEMPT,radar1,red,target1,simple_radar,default,1,,,,,,,,,,,,WSF_GEOMETRIC_SENSOR,3.806833e+01,-1.172333e+02,-4.00468707e-08,3.41197851e+06,-3.69380596e+06,3.91046326e+06,0.000000e+00,0.000000e+00,0.000000e+00,0.000000e+00,TARGET,3.806944e+01,-1.172333e+02,1.52400000e+03,3.41274116e+06,-3.69463155e+06,3.91149987e+06,0.000000e+00,0.000000e+00,0.000000e+00,0.000000e+00,,,,,,,,,,,,,,,,,,,,,1.528983e+03,4.265784e-13,1.490027e+00,,,1.528983e+03,3.141593e+00,-1.490047e+00,,,,,,,,,,,,,,,,,,,,,,,,,,,,,,,,,,,,,,,,,,,,,,,,,,,,,,,,,1.000000e+00,5.332273e-01,1
1.035000e+02,SENSOR_TRACK_UPDATED,radar1,red,simple_radar,radar1.1,0.000000e+00,1.035000e+02,207,5.000000e-01,land,M,,,target1,TARGET,blue,3.806833e+01,-1.172333e+02,-4.00468707e-08,3.41197851e+06,-3.69380596e+06,3.91046326e+06,3.806944e+01,-1.172333e+02,1.52400000e+03,3.41274116e+06,-3.69463155e+06,3.91149987e+06,L,3,,B,,3.806944e+01,-1.172333e+02,1.52400000e+03,3.41274116e+06,-3.69463155e+06,3.91149987e+06,0.000000e+00,0.000000e+00,0.000000e+00,0.000000e+00,0.000000e+00,1.528983e+03,4.257712e-13,1.490027e+00,1.528983e+03,4.257712e-13,1.490027e+00,,,,,,,,0,,,
1.035000e+02,LOCAL_TRACK_UPDATED,radar1,red,radar1.2,0.000000e+00,1.035000e+02,207,5.000000e-01,land,P,,,target1,TARGET,blue,3.806833e+01,-1.172333e+02,-4.00468707e-08,3.41197851e+06,-3.69380596e+06,3.91046326e+06,3.806944e+01,-1.172333e+02,1.52400000e+03,3.41274116e+06,-3.69463155e+06,3.91149987e+06,L,3,,B,,3.806944e+01,-1.172333e+02,1.52400000e+03,3.41274116e+06,-3.69463155e+06,3.91149987e+06,0.000000e+00,0.000000e+00,0.000000e+00,0.000000e+00,0.000000e+00,1.528983e+03,4.257712e-13,1.490027e+00,1.528983e+03,4.257712e-13,1.490027e+00,,,,,,,,0,,,,radar1.1,simple_radar,WSF_GEOMETRIC_SENSOR,default
1.040000e+02,SENSOR_DETECTION_ATTEMPT,radar1,red,target1,simple_radar,default,1,,,,,,,,,,,,WSF_GEOMETRIC_SENSOR,3.806833e+01,-1.172333e+02,-4.00468707e-08,3.41211319e+06,-3.69368160e+06,3.91046322e+06,0.000000e+00,0.000000e+00,0.000000e+00,0.000000e+00,TARGET,3.806944e+01,-1.172333e+02,1.52400000e+03,3.41287587e+06,-3.69450716e+06,3.91149983e+06,0.000000e+00,0.000000e+00,0.000000e+00,0.000000e+00,,,,,,,,,,,,,,,,,,,,,1.528983e+03,4.265784e-13,1.490027e+00,,,1.528983e+03,3.141593e+00,-1.490047e+00,,,,,,,,,,,,,,,,,,,,,,,,,,,,,,,,,,,,,,,,,,,,,,,,,,,,,,,,,1.000000e+00,3.293822e-01,1
1.040000e+02,SENSOR_TRACK_UPDATED,radar1,red,simple_radar,radar1.1,0.000000e+00,1.040000e+02,208,5.000000e-01,land,M,,,target1,TARGET,blue,3.806833e+01,-1.172333e+02,-4.00468707e-08,3.41211319e+06,-3.69368160e+06,3.91046322e+06,3.806944e+01,-1.172333e+02,1.52400000e+03,3.41287587e+06,-3.69450716e+06,3.91149982e+06,L,3,,B,,3.806944e+01,-1.172333e+02,1.52400000e+03,3.41287587e+06,-3.69450716e+06,3.91149983e+06,0.000000e+00,0.000000e+00,0.000000e+00,0.000000e+00,0.000000e+00,1.528983e+03,4.257712e-13,1.490027e+00,1.528983e+03,4.257712e-13,1.490027e+00,,,,,,,,0,,,
1.040000e+02,LOCAL_TRACK_UPDATED,radar1,red,radar1.2,0.000000e+00,1.040000e+02,208,5.000000e-01,land,P,,,target1,TARGET,blue,3.806833e+01,-1.172333e+02,-4.00468707e-08,3.41211319e+06,-3.69368160e+06,3.91046322e+06,3.806944e+01,-1.172333e+02,1.52400000e+03,3.41287587e+06,-3.69450716e+06,3.91149982e+06,L,3,,B,,3.806944e+01,-1.172333e+02,1.52400000e+03,3.41287587e+06,-3.69450716e+06,3.91149983e+06,0.000000e+00,0.000000e+00,0.000000e+00,0.000000e+00,0.000000e+00,1.528983e+03,4.257712e-13,1.490027e+00,1.528983e+03,4.257712e-13,1.490027e+00,,,,,,,,0,,,,radar1.1,simple_radar,WSF_GEOMETRIC_SENSOR,default
1.045000e+02,SENSOR_DETECTION_ATTEMPT,radar1,red,target1,simple_radar,default,1,,,,,,,,,,,,WSF_GEOMETRIC_SENSOR,3.806833e+01,-1.172333e+02,-4.00468707e-08,3.41224786e+06,-3.69355723e+06,3.91046318e+06,0.000000e+00,0.000000e+00,0.000000e+00,0.000000e+00,TARGET,3.806944e+01,-1.172333e+02,1.52400000e+03,3.41301058e+06,-3.69438276e+06,3.91149978e+06,0.000000e+00,0.000000e+00,0.000000e+00,0.000000e+00,,,,,,,,,,,,,,,,,,,,,1.528983e+03,4.265784e-13,1.490027e+00,,,1.528983e+03,3.141593e+00,-1.490047e+00,,,,,,,,,,,,,,,,,,,,,,,,,,,,,,,,,,,,,,,,,,,,,,,,,,,,,,,,,1.000000e+00,6.973367e-01,1
1.045000e+02,SENSOR_TRACK_UPDATED,radar1,red,simple_radar,radar1.1,0.000000e+00,1.045000e+02,209,5.000000e-01,land,M,,,target1,TARGET,blue,3.806833e+01,-1.172333e+02,-4.00468707e-08,3.41224786e+06,-3.69355723e+06,3.91046318e+06,3.806944e+01,-1.172333e+02,1.52400000e+03,3.41301058e+06,-3.69438277e+06,3.91149978e+06,L,3,,B,,3.806944e+01,-1.172333e+02,1.52400000e+03,3.41301058e+06,-3.69438276e+06,3.91149978e+06,0.000000e+00,0.000000e+00,0.000000e+00,0.000000e+00,0.000000e+00,1.528983e+03,4.257712e-13,1.490027e+00,1.528983e+03,4.257712e-13,1.490027e+00,,,,,,,,0,,,
1.045000e+02,LOCAL_TRACK_UPDATED,radar1,red,radar1.2,0.000000e+00,1.045000e+02,209,5.000000e-01,land,P,,,target1,TARGET,blue,3.806833e+01,-1.172333e+02,-4.00468707e-08,3.41224786e+06,-3.69355723e+06,3.91046318e+06,3.806944e+01,-1.172333e+02,1.52400000e+03,3.41301058e+06,-3.69438277e+06,3.91149978e+06,L,3,,B,,3.806944e+01,-1.172333e+02,1.52400000e+03,3.41301058e+06,-3.69438276e+06,3.91149978e+06,0.000000e+00,0.000000e+00,0.000000e+00,0.000000e+00,0.000000e+00,1.528983e+03,4.257712e-13,1.490027e+00,1.528983e+03,4.257712e-13,1.490027e+00,,,,,,,,0,,,,radar1.1,simple_radar,WSF_GEOMETRIC_SENSOR,default
1.050000e+02,SENSOR_DETECTION_ATTEMPT,radar1,red,target1,simple_radar,default,1,,,,,,,,,,,,WSF_GEOMETRIC_SENSOR,3.806833e+01,-1.172333e+02,-4.00468707e-08,3.41238253e+06,-3.69343286e+06,3.91046313e+06,0.000000e+00,0.000000e+00,0.000000e+00,0.000000e+00,TARGET,3.806944e+01,-1.172333e+02,1.52400000e+03,3.41314528e+06,-3.69425836e+06,3.91149974e+06,0.000000e+00,0.000000e+00,0.000000e+00,0.000000e+00,,,,,,,,,,,,,,,,,,,,,1.528983e+03,4.265784e-13,1.490027e+00,,,1.528983e+03,3.141593e+00,-1.490047e+00,,,,,,,,,,,,,,,,,,,,,,,,,,,,,,,,,,,,,,,,,,,,,,,,,,,,,,,,,1.000000e+00,3.699170e-01,1
1.050000e+02,SENSOR_TRACK_UPDATED,radar1,red,simple_radar,radar1.1,0.000000e+00,1.050000e+02,210,5.000000e-01,land,M,,,target1,TARGET,blue,3.806833e+01,-1.172333e+02,-4.00468707e-08,3.41238253e+06,-3.69343286e+06,3.91046313e+06,3.806944e+01,-1.172333e+02,1.52400000e+03,3.41314528e+06,-3.69425837e+06,3.91149974e+06,L,3,,B,,3.806944e+01,-1.172333e+02,1.52400000e+03,3.41314528e+06,-3.69425836e+06,3.91149974e+06,0.000000e+00,0.000000e+00,0.000000e+00,0.000000e+00,0.000000e+00,1.528983e+03,4.257712e-13,1.490027e+00,1.528983e+03,4.257712e-13,1.490027e+00,,,,,,,,0,,,
1.050000e+02,LOCAL_TRACK_UPDATED,radar1,red,radar1.2,0.000000e+00,1.050000e+02,210,5.000000e-01,land,P,,,target1,TARGET,blue,3.806833e+01,-1.172333e+02,-4.00468707e-08,3.41238253e+06,-3.69343286e+06,3.91046313e+06,3.806944e+01,-1.172333e+02,1.52400000e+03,3.41314528e+06,-3.69425837e+06,3.91149974e+06,L,3,,B,,3.806944e+01,-1.172333e+02,1.52400000e+03,3.41314528e+06,-3.69425836e+06,3.91149974e+06,0.000000e+00,0.000000e+00,0.000000e+00,0.000000e+00,0.000000e+00,1.528983e+03,4.257712e-13,1.490027e+00,1.528983e+03,4.257712e-13,1.490027e+00,,,,,,,,0,,,,radar1.1,simple_radar,WSF_GEOMETRIC_SENSOR,default
1.055000e+02,SENSOR_DETECTION_ATTEMPT,radar1,red,target1,simple_radar,default,1,,,,,,,,,,,,WSF_GEOMETRIC_SENSOR,3.806833e+01,-1.172333e+02,-4.00468707e-08,3.41251720e+06,-3.69330848e+06,3.91046309e+06,0.000000e+00,0.000000e+00,0.000000e+00,0.000000e+00,TARGET,3.806944e+01,-1.172333e+02,1.52400000e+03,3.41327997e+06,-3.69413396e+06,3.91149970e+06,0.000000e+00,0.000000e+00,0.000000e+00,0.000000e+00,,,,,,,,,,,,,,,,,,,,,1.528983e+03,4.265784e-13,1.490027e+00,,,1.528983e+03,3.141593e+00,-1.490047e+00,,,,,,,,,,,,,,,,,,,,,,,,,,,,,,,,,,,,,,,,,,,,,,,,,,,,,,,,,1.000000e+00,4.999167e-01,1
1.055000e+02,SENSOR_TRACK_UPDATED,radar1,red,simple_radar,radar1.1,0.000000e+00,1.055000e+02,211,5.000000e-01,land,M,,,target1,TARGET,blue,3.806833e+01,-1.172333e+02,-4.00468707e-08,3.41251720e+06,-3.69330848e+06,3.91046309e+06,3.806944e+01,-1.172333e+02,1.52400000e+03,3.41327997e+06,-3.69413396e+06,3.91149969e+06,L,3,,B,,3.806944e+01,-1.172333e+02,1.52400000e+03,3.41327997e+06,-3.69413396e+06,3.91149970e+06,0.000000e+00,0.000000e+00,0.000000e+00,0.000000e+00,0.000000e+00,1.528983e+03,4.257712e-13,1.490027e+00,1.528983e+03,4.257712e-13,1.490027e+00,,,,,,,,0,,,
1.055000e+02,LOCAL_TRACK_UPDATED,radar1,red,radar1.2,0.000000e+00,1.055000e+02,211,5.000000e-01,land,P,,,target1,TARGET,blue,3.806833e+01,-1.172333e+02,-4.00468707e-08,3.41251720e+06,-3.69330848e+06,3.91046309e+06,3.806944e+01,-1.172333e+02,1.52400000e+03,3.41327997e+06,-3.69413396e+06,3.91149969e+06,L,3,,B,,3.806944e+01,-1.172333e+02,1.52400000e+03,3.41327997e+06,-3.69413396e+06,3.91149970e+06,0.000000e+00,0.000000e+00,0.000000e+00,0.000000e+00,0.000000e+00,1.528983e+03,4.257712e-13,1.490027e+00,1.528983e+03,4.257712e-13,1.490027e+00,,,,,,,,0,,,,radar1.1,simple_radar,WSF_GEOMETRIC_SENSOR,default
1.060000e+02,SENSOR_DETECTION_ATTEMPT,radar1,red,target1,simple_radar,default,1,,,,,,,,,,,,WSF_GEOMETRIC_SENSOR,3.806833e+01,-1.172333e+02,-4.00468707e-08,3.41265186e+06,-3.69318410e+06,3.91046305e+06,0.000000e+00,0.000000e+00,0.000000e+00,0.000000e+00,TARGET,3.806944e+01,-1.172333e+02,1.52400000e+03,3.41341466e+06,-3.69400955e+06,3.91149965e+06,0.000000e+00,0.000000e+00,0.000000e+00,0.000000e+00,,,,,,,,,,,,,,,,,,,,,1.528983e+03,4.265784e-13,1.490027e+00,,,1.528983e+03,3.141593e+00,-1.490047e+00,,,,,,,,,,,,,,,,,,,,,,,,,,,,,,,,,,,,,,,,,,,,,,,,,,,,,,,,,1.000000e+00,8.189166e-01,1
1.060000e+02,SENSOR_TRACK_UPDATED,radar1,red,simple_radar,radar1.1,0.000000e+00,1.060000e+02,212,5.000000e-01,land,M,,,target1,TARGET,blue,3.806833e+01,-1.172333e+02,-4.00468707e-08,3.41265186e+06,-3.69318410e+06,3.91046305e+06,3.806944e+01,-1.172333e+02,1.52400000e+03,3.41341466e+06,-3.69400955e+06,3.91149965e+06,L,3,,B,,3.806944e+01,-1.172333e+02,1.52400000e+03,3.41341466e+06,-3.69400955e+06,3.91149965e+06,0.000000e+00,0.000000e+00,0.000000e+00,0.000000e+00,0.000000e+00,1.528983e+03,4.257712e-13,1.490027e+00,1.528983e+03,4.257712e-13,1.490027e+00,,,,,,,,0,,,
1.060000e+02,LOCAL_TRACK_UPDATED,radar1,red,radar1.2,0.000000e+00,1.060000e+02,212,5.000000e-01,land,P,,,target1,TARGET,blue,3.806833e+01,-1.172333e+02,-4.00468707e-08,3.41265186e+06,-3.69318410e+06,3.91046305e+06,3.806944e+01,-1.172333e+02,1.52400000e+03,3.41341466e+06,-3.69400955e+06,3.91149965e+06,L,3,,B,,3.806944e+01,-1.172333e+02,1.52400000e+03,3.41341466e+06,-3.69400955e+06,3.91149965e+06,0.000000e+00,0.000000e+00,0.000000e+00,0.000000e+00,0.000000e+00,1.528983e+03,4.257712e-13,1.490027e+00,1.528983e+03,4.257712e-13,1.490027e+00,,,,,,,,0,,,,radar1.1,simple_radar,WSF_GEOMETRIC_SENSOR,default
1.065000e+02,SENSOR_DETECTION_ATTEMPT,radar1,red,target1,simple_radar,default,1,,,,,,,,,,,,WSF_GEOMETRIC_SENSOR,3.806833e+01,-1.172333e+02,-4.00468707e-08,3.41278651e+06,-3.69305971e+06,3.91046300e+06,0.000000e+00,0.000000e+00,0.000000e+00,0.000000e+00,TARGET,3.806944e+01,-1.172333e+02,1.52400000e+03,3.41354935e+06,-3.69388514e+06,3.91149961e+06,0.000000e+00,0.000000e+00,0.000000e+00,0.000000e+00,,,,,,,,,,,,,,,,,,,,,1.528983e+03,4.265784e-13,1.490027e+00,,,1.528983e+03,3.141593e+00,-1.490047e+00,,,,,,,,,,,,,,,,,,,,,,,,,,,,,,,,,,,,,,,,,,,,,,,,,,,,,,,,,1.000000e+00,6.662533e-01,1
1.065000e+02,SENSOR_TRACK_UPDATED,radar1,red,simple_radar,radar1.1,0.000000e+00,1.065000e+02,213,5.000000e-01,land,M,,,target1,TARGET,blue,3.806833e+01,-1.172333e+02,-4.00468707e-08,3.41278652e+06,-3.69305971e+06,3.91046300e+06,3.806944e+01,-1.172333e+02,1.52400000e+03,3.41354935e+06,-3.69388514e+06,3.91149961e+06,L,3,,B,,3.806944e+01,-1.172333e+02,1.52400000e+03,3.41354935e+06,-3.69388514e+06,3.91149961e+06,0.000000e+00,0.000000e+00,0.000000e+00,0.000000e+00,0.000000e+00,1.528983e+03,4.257712e-13,1.490027e+00,1.528983e+03,4.257712e-13,1.490027e+00,,,,,,,,0,,,
1.065000e+02,LOCAL_TRACK_UPDATED,radar1,red,radar1.2,0.000000e+00,1.065000e+02,213,5.000000e-01,land,P,,,target1,TARGET,blue,3.806833e+01,-1.172333e+02,-4.00468707e-08,3.41278652e+06,-3.69305971e+06,3.91046300e+06,3.806944e+01,-1.172333e+02,1.52400000e+03,3.41354935e+06,-3.69388514e+06,3.91149961e+06,L,3,,B,,3.806944e+01,-1.172333e+02,1.52400000e+03,3.41354935e+06,-3.69388514e+06,3.91149961e+06,0.000000e+00,0.000000e+00,0.000000e+00,0.000000e+00,0.000000e+00,1.528983e+03,4.257712e-13,1.490027e+00,1.528983e+03,4.257712e-13,1.490027e+00,,,,,,,,0,,,,radar1.1,simple_radar,WSF_GEOMETRIC_SENSOR,default
1.070000e+02,SENSOR_DETECTION_ATTEMPT,radar1,red,target1,simple_radar,default,1,,,,,,,,,,,,WSF_GEOMETRIC_SENSOR,3.806833e+01,-1.172333e+02,-4.00468707e-08,3.41292117e+06,-3.69293532e+06,3.91046296e+06,0.000000e+00,0.000000e+00,0.000000e+00,0.000000e+00,TARGET,3.806944e+01,-1.172333e+02,1.52400000e+03,3.41368403e+06,-3.69376072e+06,3.91149957e+06,0.000000e+00,0.000000e+00,0.000000e+00,0.000000e+00,,,,,,,,,,,,,,,,,,,,,1.528983e+03,4.265784e-13,1.490027e+00,,,1.528983e+03,3.141593e+00,-1.490047e+00,,,,,,,,,,,,,,,,,,,,,,,,,,,,,,,,,,,,,,,,,,,,,,,,,,,,,,,,,1.000000e+00,3.173275e-01,1
1.070000e+02,SENSOR_TRACK_UPDATED,radar1,red,simple_radar,radar1.1,0.000000e+00,1.070000e+02,214,5.000000e-01,land,M,,,target1,TARGET,blue,3.806833e+01,-1.172333e+02,-4.00468707e-08,3.41292117e+06,-3.69293532e+06,3.91046296e+06,3.806944e+01,-1.172333e+02,1.52400000e+03,3.41368403e+06,-3.69376072e+06,3.91149956e+06,L,3,,B,,3.806944e+01,-1.172333e+02,1.52400000e+03,3.41368403e+06,-3.69376072e+06,3.91149957e+06,0.000000e+00,0.000000e+00,0.000000e+00,0.000000e+00,0.000000e+00,1.528983e+03,4.257712e-13,1.490027e+00,1.528983e+03,4.257712e-13,1.490027e+00,,,,,,,,0,,,
1.070000e+02,LOCAL_TRACK_UPDATED,radar1,red,radar1.2,0.000000e+00,1.070000e+02,214,5.000000e-01,land,P,,,target1,TARGET,blue,3.806833e+01,-1.172333e+02,-4.00468707e-08,3.41292117e+06,-3.69293532e+06,3.91046296e+06,3.806944e+01,-1.172333e+02,1.52400000e+03,3.41368403e+06,-3.69376072e+06,3.91149956e+06,L,3,,B,,3.806944e+01,-1.172333e+02,1.52400000e+03,3.41368403e+06,-3.69376072e+06,3.91149957e+06,0.000000e+00,0.000000e+00,0.000000e+00,0.000000e+00,0.000000e+00,1.528983e+03,4.257712e-13,1.490027e+00,1.528983e+03,4.257712e-13,1.490027e+00,,,,,,,,0,,,,radar1.1,simple_radar,WSF_GEOMETRIC_SENSOR,default
1.075000e+02,SENSOR_DETECTION_ATTEMPT,radar1,red,target1,simple_radar,default,1,,,,,,,,,,,,WSF_GEOMETRIC_SENSOR,3.806833e+01,-1.172333e+02,-4.00468707e-08,3.41305581e+06,-3.69281092e+06,3.91046292e+06,0.000000e+00,0.000000e+00,0.000000e+00,0.000000e+00,TARGET,3.806944e+01,-1.172333e+02,1.52400000e+03,3.41381871e+06,-3.69363629e+06,3.91149952e+06,0.000000e+00,0.000000e+00,0.000000e+00,0.000000e+00,,,,,,,,,,,,,,,,,,,,,1.528983e+03,4.265784e-13,1.490027e+00,,,1.528983e+03,3.141593e+00,-1.490047e+00,,,,,,,,,,,,,,,,,,,,,,,,,,,,,,,,,,,,,,,,,,,,,,,,,,,,,,,,,1.000000e+00,1.662324e-01,1
1.075000e+02,SENSOR_TRACK_UPDATED,radar1,red,simple_radar,radar1.1,0.000000e+00,1.075000e+02,215,5.000000e-01,land,M,,,target1,TARGET,blue,3.806833e+01,-1.172333e+02,-4.00468707e-08,3.41305581e+06,-3.69281092e+06,3.91046292e+06,3.806944e+01,-1.172333e+02,1.52400000e+03,3.41381871e+06,-3.69363629e+06,3.91149952e+06,L,3,,B,,3.806944e+01,-1.172333e+02,1.52400000e+03,3.41381871e+06,-3.69363629e+06,3.91149952e+06,0.000000e+00,0.000000e+00,0.000000e+00,0.000000e+00,0.000000e+00,1.528983e+03,4.257712e-13,1.490027e+00,1.528983e+03,4.257712e-13,1.490027e+00,,,,,,,,0,,,
1.075000e+02,LOCAL_TRACK_UPDATED,radar1,red,radar1.2,0.000000e+00,1.075000e+02,215,5.000000e-01,land,P,,,target1,TARGET,blue,3.806833e+01,-1.172333e+02,-4.00468707e-08,3.41305581e+06,-3.69281092e+06,3.91046292e+06,3.806944e+01,-1.172333e+02,1.52400000e+03,3.41381871e+06,-3.69363629e+06,3.91149952e+06,L,3,,B,,3.806944e+01,-1.172333e+02,1.52400000e+03,3.41381871e+06,-3.69363629e+06,3.91149952e+06,0.000000e+00,0.000000e+00,0.000000e+00,0.000000e+00,0.000000e+00,1.528983e+03,4.257712e-13,1.490027e+00,1.528983e+03,4.257712e-13,1.490027e+00,,,,,,,,0,,,,radar1.1,simple_radar,WSF_GEOMETRIC_SENSOR,default
1.080000e+02,SENSOR_DETECTION_ATTEMPT,radar1,red,target1,simple_radar,default,1,,,,,,,,,,,,WSF_GEOMETRIC_SENSOR,3.806833e+01,-1.172333e+02,-4.00468707e-08,3.41319046e+06,-3.69268652e+06,3.91046288e+06,0.000000e+00,0.000000e+00,0.000000e+00,0.000000e+00,TARGET,3.806944e+01,-1.172333e+02,1.52400000e+03,3.41395338e+06,-3.69351186e+06,3.91149948e+06,0.000000e+00,0.000000e+00,0.000000e+00,0.000000e+00,,,,,,,,,,,,,,,,,,,,,1.528983e+03,4.265784e-13,1.490027e+00,,,1.528983e+03,3.141593e+00,-1.490047e+00,,,,,,,,,,,,,,,,,,,,,,,,,,,,,,,,,,,,,,,,,,,,,,,,,,,,,,,,,1.000000e+00,3.378949e-01,1
1.080000e+02,SENSOR_TRACK_UPDATED,radar1,red,simple_radar,radar1.1,0.000000e+00,1.080000e+02,216,5.000000e-01,land,M,,,target1,TARGET,blue,3.806833e+01,-1.172333e+02,-4.00468707e-08,3.41319046e+06,-3.69268652e+06,3.91046287e+06,3.806944e+01,-1.172333e+02,1.52400000e+03,3.41395338e+06,-3.69351186e+06,3.91149948e+06,L,3,,B,,3.806944e+01,-1.172333e+02,1.52400000e+03,3.41395338e+06,-3.69351186e+06,3.91149948e+06,0.000000e+00,0.000000e+00,0.000000e+00,0.000000e+00,0.000000e+00,1.528983e+03,4.257712e-13,1.490027e+00,1.528983e+03,4.257712e-13,1.490027e+00,,,,,,,,0,,,
1.080000e+02,LOCAL_TRACK_UPDATED,radar1,red,radar1.2,0.000000e+00,1.080000e+02,216,5.000000e-01,land,P,,,target1,TARGET,blue,3.806833e+01,-1.172333e+02,-4.00468707e-08,3.41319046e+06,-3.69268652e+06,3.91046287e+06,3.806944e+01,-1.172333e+02,1.52400000e+03,3.41395338e+06,-3.69351186e+06,3.91149948e+06,L,3,,B,,3.806944e+01,-1.172333e+02,1.52400000e+03,3.41395338e+06,-3.69351186e+06,3.91149948e+06,0.000000e+00,0.000000e+00,0.000000e+00,0.000000e+00,0.000000e+00,1.528983e+03,4.257712e-13,1.490027e+00,1.528983e+03,4.257712e-13,1.490027e+00,,,,,,,,0,,,,radar1.1,simple_radar,WSF_GEOMETRIC_SENSOR,default
1.085000e+02,SENSOR_DETECTION_ATTEMPT,radar1,red,target1,simple_radar,default,1,,,,,,,,,,,,WSF_GEOMETRIC_SENSOR,3.806833e+01,-1.172333e+02,-4.00468707e-08,3.41332509e+06,-3.69256212e+06,3.91046283e+06,0.000000e+00,0.000000e+00,0.000000e+00,0.000000e+00,TARGET,3.806944e+01,-1.172333e+02,1.52400000e+03,3.41408805e+06,-3.69338743e+06,3.91149944e+06,0.000000e+00,0.000000e+00,0.000000e+00,0.000000e+00,,,,,,,,,,,,,,,,,,,,,1.528983e+03,4.265784e-13,1.490027e+00,,,1.528983e+03,3.141593e+00,-1.490047e+00,,,,,,,,,,,,,,,,,,,,,,,,,,,,,,,,,,,,,,,,,,,,,,,,,,,,,,,,,1.000000e+00,8.074836e-01,1
1.085000e+02,SENSOR_TRACK_UPDATED,radar1,red,simple_radar,radar1.1,0.000000e+00,1.085000e+02,217,5.000000e-01,land,M,,,target1,TARGET,blue,3.806833e+01,-1.172333e+02,-4.00468707e-08,3.41332510e+06,-3.69256212e+06,3.91046283e+06,3.806944e+01,-1.172333e+02,1.52400000e+03,3.41408805e+06,-3.69338743e+06,3.91149943e+06,L,3,,B,,3.806944e+01,-1.172333e+02,1.52400000e+03,3.41408805e+06,-3.69338743e+06,3.91149944e+06,0.000000e+00,0.000000e+00,0.000000e+00,0.000000e+00,0.000000e+00,1.528983e+03,4.257712e-13,1.490027e+00,1.528983e+03,4.257712e-13,1.490027e+00,,,,,,,,0,,,
1.085000e+02,LOCAL_TRACK_UPDATED,radar1,red,radar1.2,0.000000e+00,1.085000e+02,217,5.000000e-01,land,P,,,target1,TARGET,blue,3.806833e+01,-1.172333e+02,-4.00468707e-08,3.41332510e+06,-3.69256212e+06,3.91046283e+06,3.806944e+01,-1.172333e+02,1.52400000e+03,3.41408805e+06,-3.69338743e+06,3.91149943e+06,L,3,,B,,3.806944e+01,-1.172333e+02,1.52400000e+03,3.41408805e+06,-3.69338743e+06,3.91149944e+06,0.000000e+00,0.000000e+00,0.000000e+00,0.000000e+00,0.000000e+00,1.528983e+03,4.257712e-13,1.490027e+00,1.528983e+03,4.257712e-13,1.490027e+00,,,,,,,,0,,,,radar1.1,simple_radar,WSF_GEOMETRIC_SENSOR,default
1.090000e+02,SENSOR_DETECTION_ATTEMPT,radar1,red,target1,simple_radar,default,1,,,,,,,,,,,,WSF_GEOMETRIC_SENSOR,3.806833e+01,-1.172333e+02,-4.00468707e-08,3.41345973e+06,-3.69243770e+06,3.91046279e+06,0.000000e+00,0.000000e+00,0.000000e+00,0.000000e+00,TARGET,3.806944e+01,-1.172333e+02,1.52400000e+03,3.41422271e+06,-3.69326299e+06,3.91149939e+06,0.000000e+00,0.000000e+00,0.000000e+00,0.000000e+00,,,,,,,,,,,,,,,,,,,,,1.528983e+03,4.265784e-13,1.490027e+00,,,1.528983e+03,3.141593e+00,-1.490047e+00,,,,,,,,,,,,,,,,,,,,,,,,,,,,,,,,,,,,,,,,,,,,,,,,,,,,,,,,,1.000000e+00,6.964167e-01,1
1.090000e+02,SENSOR_TRACK_UPDATED,radar1,red,simple_radar,radar1.1,0.000000e+00,1.090000e+02,218,5.000000e-01,land,M,,,target1,TARGET,blue,3.806833e+01,-1.172333e+02,-4.00468707e-08,3.41345973e+06,-3.69243771e+06,3.91046279e+06,3.806944e+01,-1.172333e+02,1.52400000e+03,3.41422271e+06,-3.69326299e+06,3.91149939e+06,L,3,,B,,3.806944e+01,-1.172333e+02,1.52400000e+03,3.41422271e+06,-3.69326299e+06,3.91149939e+06,0.000000e+00,0.000000e+00,0.000000e+00,0.000000e+00,0.000000e+00,1.528983e+03,4.257712e-13,1.490027e+00,1.528983e+03,4.257712e-13,1.490027e+00,,,,,,,,0,,,
1.090000e+02,LOCAL_TRACK_UPDATED,radar1,red,radar1.2,0.000000e+00,1.090000e+02,218,5.000000e-01,land,P,,,target1,TARGET,blue,3.806833e+01,-1.172333e+02,-4.00468707e-08,3.41345973e+06,-3.69243771e+06,3.91046279e+06,3.806944e+01,-1.172333e+02,1.52400000e+03,3.41422271e+06,-3.69326299e+06,3.91149939e+06,L,3,,B,,3.806944e+01,-1.172333e+02,1.52400000e+03,3.41422271e+06,-3.69326299e+06,3.91149939e+06,0.000000e+00,0.000000e+00,0.000000e+00,0.000000e+00,0.000000e+00,1.528983e+03,4.257712e-13,1.490027e+00,1.528983e+03,4.257712e-13,1.490027e+00,,,,,,,,0,,,,radar1.1,simple_radar,WSF_GEOMETRIC_SENSOR,default
1.095000e+02,SENSOR_DETECTION_ATTEMPT,radar1,red,target1,simple_radar,default,1,,,,,,,,,,,,WSF_GEOMETRIC_SENSOR,3.806833e+01,-1.172333e+02,-4.00468707e-08,3.41359436e+06,-3.69231329e+06,3.91046275e+06,0.000000e+00,0.000000e+00,0.000000e+00,0.000000e+00,TARGET,3.806944e+01,-1.172333e+02,1.52400000e+03,3.41435737e+06,-3.69313855e+06,3.91149935e+06,0.000000e+00,0.000000e+00,0.000000e+00,0.000000e+00,,,,,,,,,,,,,,,,,,,,,1.528983e+03,4.265784e-13,1.490027e+00,,,1.528983e+03,3.141593e+00,-1.490047e+00,,,,,,,,,,,,,,,,,,,,,,,,,,,,,,,,,,,,,,,,,,,,,,,,,,,,,,,,,1.000000e+00,4.296101e-01,1
1.095000e+02,SENSOR_TRACK_UPDATED,radar1,red,simple_radar,radar1.1,0.000000e+00,1.095000e+02,219,5.000000e-01,land,M,,,target1,TARGET,blue,3.806833e+01,-1.172333e+02,-4.00468707e-08,3.41359436e+06,-3.69231329e+06,3.91046274e+06,3.806944e+01,-1.172333e+02,1.52400000e+03,3.41435737e+06,-3.69313855e+06,3.91149935e+06,L,3,,B,,3.806944e+01,-1.172333e+02,1.52400000e+03,3.41435737e+06,-3.69313855e+06,3.91149935e+06,0.000000e+00,0.000000e+00,0.000000e+00,0.000000e+00,0.000000e+00,1.528983e+03,4.257712e-13,1.490027e+00,1.528983e+03,4.257712e-13,1.490027e+00,,,,,,,,0,,,
1.095000e+02,LOCAL_TRACK_UPDATED,radar1,red,radar1.2,0.000000e+00,1.095000e+02,219,5.000000e-01,land,P,,,target1,TARGET,blue,3.806833e+01,-1.172333e+02,-4.00468707e-08,3.41359436e+06,-3.69231329e+06,3.91046274e+06,3.806944e+01,-1.172333e+02,1.52400000e+03,3.41435737e+06,-3.69313855e+06,3.91149935e+06,L,3,,B,,3.806944e+01,-1.172333e+02,1.52400000e+03,3.41435737e+06,-3.69313855e+06,3.91149935e+06,0.000000e+00,0.000000e+00,0.000000e+00,0.000000e+00,0.000000e+00,1.528983e+03,4.257712e-13,1.490027e+00,1.528983e+03,4.257712e-13,1.490027e+00,,,,,,,,0,,,,radar1.1,simple_radar,WSF_GEOMETRIC_SENSOR,default
1.100000e+02,SENSOR_DETECTION_ATTEMPT,radar1,red,target1,simple_radar,default,1,,,,,,,,,,,,WSF_GEOMETRIC_SENSOR,3.806833e+01,-1.172333e+02,-4.00468707e-08,3.41372898e+06,-3.69218887e+06,3.91046270e+06,0.000000e+00,0.000000e+00,0.000000e+00,0.000000e+00,TARGET,3.806944e+01,-1.172333e+02,1.52400000e+03,3.41449203e+06,-3.69301410e+06,3.91149931e+06,0.000000e+00,0.000000e+00,0.000000e+00,0.000000e+00,,,,,,,,,,,,,,,,,,,,,1.528983e+03,4.265784e-13,1.490027e+00,,,1.528983e+03,3.141593e+00,-1.490047e+00,,,,,,,,,,,,,,,,,,,,,,,,,,,,,,,,,,,,,,,,,,,,,,,,,,,,,,,,,1.000000e+00,2.768348e-02,1
1.100000e+02,SENSOR_TRACK_UPDATED,radar1,red,simple_radar,radar1.1,0.000000e+00,1.100000e+02,220,5.000000e-01,land,M,,,target1,TARGET,blue,3.806833e+01,-1.172333e+02,-4.00468707e-08,3.41372898e+06,-3.69218887e+06,3.91046270e+06,3.806944e+01,-1.172333e+02,1.52400000e+03,3.41449203e+06,-3.69301410e+06,3.91149931e+06,L,3,,B,,3.806944e+01,-1.172333e+02,1.52400000e+03,3.41449203e+06,-3.69301410e+06,3.91149931e+06,0.000000e+00,0.000000e+00,0.000000e+00,0.000000e+00,0.000000e+00,1.528983e+03,4.257712e-13,1.490027e+00,1.528983e+03,4.257712e-13,1.490027e+00,,,,,,,,0,,,
1.100000e+02,LOCAL_TRACK_UPDATED,radar1,red,radar1.2,0.000000e+00,1.100000e+02,220,5.000000e-01,land,P,,,target1,TARGET,blue,3.806833e+01,-1.172333e+02,-4.00468707e-08,3.41372898e+06,-3.69218887e+06,3.91046270e+06,3.806944e+01,-1.172333e+02,1.52400000e+03,3.41449203e+06,-3.69301410e+06,3.91149931e+06,L,3,,B,,3.806944e+01,-1.172333e+02,1.52400000e+03,3.41449203e+06,-3.69301410e+06,3.91149931e+06,0.000000e+00,0.000000e+00,0.000000e+00,0.000000e+00,0.000000e+00,1.528983e+03,4.257712e-13,1.490027e+00,1.528983e+03,4.257712e-13,1.490027e+00,,,,,,,,0,,,,radar1.1,simple_radar,WSF_GEOMETRIC_SENSOR,default
1.105000e+02,SENSOR_DETECTION_ATTEMPT,radar1,red,target1,simple_radar,default,1,,,,,,,,,,,,WSF_GEOMETRIC_SENSOR,3.806833e+01,-1.172333e+02,-4.00468707e-08,3.41386360e+06,-3.69206444e+06,3.91046266e+06,0.000000e+00,0.000000e+00,0.000000e+00,0.000000e+00,TARGET,3.806944e+01,-1.172333e+02,1.52400000e+03,3.41462668e+06,-3.69288964e+06,3.91149926e+06,0.000000e+00,0.000000e+00,0.000000e+00,0.000000e+00,,,,,,,,,,,,,,,,,,,,,1.528983e+03,4.265784e-13,1.490027e+00,,,1.528983e+03,3.141593e+00,-1.490047e+00,,,,,,,,,,,,,,,,,,,,,,,,,,,,,,,,,,,,,,,,,,,,,,,,,,,,,,,,,1.000000e+00,4.196910e-02,1
1.105000e+02,SENSOR_TRACK_UPDATED,radar1,red,simple_radar,radar1.1,0.000000e+00,1.105000e+02,221,5.000000e-01,land,M,,,target1,TARGET,blue,3.806833e+01,-1.172333e+02,-4.00468707e-08,3.41386360e+06,-3.69206444e+06,3.91046266e+06,3.806944e+01,-1.172333e+02,1.52400000e+03,3.41462668e+06,-3.69288964e+06,3.91149926e+06,L,3,,B,,3.806944e+01,-1.172333e+02,1.52400000e+03,3.41462668e+06,-3.69288964e+06,3.91149926e+06,0.000000e+00,0.000000e+00,0.000000e+00,0.000000e+00,0.000000e+00,1.528983e+03,4.257712e-13,1.490027e+00,1.528983e+03,4.257712e-13,1.490027e+00,,,,,,,,0,,,
1.105000e+02,LOCAL_TRACK_UPDATED,radar1,red,radar1.2,0.000000e+00,1.105000e+02,221,5.000000e-01,land,P,,,target1,TARGET,blue,3.806833e+01,-1.172333e+02,-4.00468707e-08,3.41386360e+06,-3.69206444e+06,3.91046266e+06,3.806944e+01,-1.172333e+02,1.52400000e+03,3.41462668e+06,-3.69288964e+06,3.91149926e+06,L,3,,B,,3.806944e+01,-1.172333e+02,1.52400000e+03,3.41462668e+06,-3.69288964e+06,3.91149926e+06,0.000000e+00,0.000000e+00,0.000000e+00,0.000000e+00,0.000000e+00,1.528983e+03,4.257712e-13,1.490027e+00,1.528983e+03,4.257712e-13,1.490027e+00,,,,,,,,0,,,,radar1.1,simple_radar,WSF_GEOMETRIC_SENSOR,default
1.110000e+02,SENSOR_DETECTION_ATTEMPT,radar1,red,target1,simple_radar,default,1,,,,,,,,,,,,WSF_GEOMETRIC_SENSOR,3.806833e+01,-1.172333e+02,-4.00468707e-08,3.41399822e+06,-3.69194001e+06,3.91046262e+06,0.000000e+00,0.000000e+00,0.000000e+00,0.000000e+00,TARGET,3.806944e+01,-1.172333e+02,1.52400000e+03,3.41476132e+06,-3.69276519e+06,3.91149922e+06,0.000000e+00,0.000000e+00,0.000000e+00,0.000000e+00,,,,,,,,,,,,,,,,,,,,,1.528983e+03,4.265784e-13,1.490027e+00,,,1.528983e+03,3.141593e+00,-1.490047e+00,,,,,,,,,,,,,,,,,,,,,,,,,,,,,,,,,,,,,,,,,,,,,,,,,,,,,,,,,1.000000e+00,3.905611e-01,1
1.110000e+02,SENSOR_TRACK_UPDATED,radar1,red,simple_radar,radar1.1,0.000000e+00,1.110000e+02,222,5.000000e-01,land,M,,,target1,TARGET,blue,3.806833e+01,-1.172333e+02,-4.00468707e-08,3.41399822e+06,-3.69194001e+06,3.91046261e+06,3.806944e+01,-1.172333e+02,1.52400000e+03,3.41476132e+06,-3.69276519e+06,3.91149922e+06,L,3,,B,,3.806944e+01,-1.172333e+02,1.52400000e+03,3.41476132e+06,-3.69276519e+06,3.91149922e+06,0.000000e+00,0.000000e+00,0.000000e+00,0.000000e+00,0.000000e+00,1.528983e+03,4.257712e-13,1.490027e+00,1.528983e+03,4.257712e-13,1.490027e+00,,,,,,,,0,,,
1.110000e+02,LOCAL_TRACK_UPDATED,radar1,red,radar1.2,0.000000e+00,1.110000e+02,222,5.000000e-01,land,P,,,target1,TARGET,blue,3.806833e+01,-1.172333e+02,-4.00468707e-08,3.41399822e+06,-3.69194001e+06,3.91046261e+06,3.806944e+01,-1.172333e+02,1.52400000e+03,3.41476132e+06,-3.69276519e+06,3.91149922e+06,L,3,,B,,3.806944e+01,-1.172333e+02,1.52400000e+03,3.41476132e+06,-3.69276519e+06,3.91149922e+06,0.000000e+00,0.000000e+00,0.000000e+00,0.000000e+00,0.000000e+00,1.528983e+03,4.257712e-13,1.490027e+00,1.528983e+03,4.257712e-13,1.490027e+00,,,,,,,,0,,,,radar1.1,simple_radar,WSF_GEOMETRIC_SENSOR,default
1.115000e+02,SENSOR_DETECTION_ATTEMPT,radar1,red,target1,simple_radar,default,1,,,,,,,,,,,,WSF_GEOMETRIC_SENSOR,3.806833e+01,-1.172333e+02,-4.00468707e-08,3.41413283e+06,-3.69181558e+06,3.91046257e+06,0.000000e+00,0.000000e+00,0.000000e+00,0.000000e+00,TARGET,3.806944e+01,-1.172333e+02,1.52400000e+03,3.41489596e+06,-3.69264072e+06,3.91149918e+06,0.000000e+00,0.000000e+00,0.000000e+00,0.000000e+00,,,,,,,,,,,,,,,,,,,,,1.528983e+03,4.265784e-13,1.490027e+00,,,1.528983e+03,3.141593e+00,-1.490047e+00,,,,,,,,,,,,,,,,,,,,,,,,,,,,,,,,,,,,,,,,,,,,,,,,,,,,,,,,,1.000000e+00,9.127742e-01,1
1.115000e+02,SENSOR_TRACK_UPDATED,radar1,red,simple_radar,radar1.1,0.000000e+00,1.115000e+02,223,5.000000e-01,land,M,,,target1,TARGET,blue,3.806833e+01,-1.172333e+02,-4.00468707e-08,3.41413283e+06,-3.69181558e+06,3.91046257e+06,3.806944e+01,-1.172333e+02,1.52400000e+03,3.41489596e+06,-3.69264072e+06,3.91149918e+06,L,3,,B,,3.806944e+01,-1.172333e+02,1.52400000e+03,3.41489596e+06,-3.69264072e+06,3.91149918e+06,0.000000e+00,0.000000e+00,0.000000e+00,0.000000e+00,0.000000e+00,1.528983e+03,4.257712e-13,1.490027e+00,1.528983e+03,4.257712e-13,1.490027e+00,,,,,,,,0,,,
1.115000e+02,LOCAL_TRACK_UPDATED,radar1,red,radar1.2,0.000000e+00,1.115000e+02,223,5.000000e-01,land,P,,,target1,TARGET,blue,3.806833e+01,-1.172333e+02,-4.00468707e-08,3.41413283e+06,-3.69181558e+06,3.91046257e+06,3.806944e+01,-1.172333e+02,1.52400000e+03,3.41489596e+06,-3.69264072e+06,3.91149918e+06,L,3,,B,,3.806944e+01,-1.172333e+02,1.52400000e+03,3.41489596e+06,-3.69264072e+06,3.91149918e+06,0.000000e+00,0.000000e+00,0.000000e+00,0.000000e+00,0.000000e+00,1.528983e+03,4.257712e-13,1.490027e+00,1.528983e+03,4.257712e-13,1.490027e+00,,,,,,,,0,,,,radar1.1,simple_radar,WSF_GEOMETRIC_SENSOR,default
1.120000e+02,SENSOR_DETECTION_ATTEMPT,radar1,red,target1,simple_radar,default,1,,,,,,,,,,,,WSF_GEOMETRIC_SENSOR,3.806833e+01,-1.172333e+02,-4.00468707e-08,3.41426743e+06,-3.69169113e+06,3.91046253e+06,0.000000e+00,0.000000e+00,0.000000e+00,0.000000e+00,TARGET,3.806944e+01,-1.172333e+02,1.52400000e+03,3.41503060e+06,-3.69251625e+06,3.91149913e+06,0.000000e+00,0.000000e+00,0.000000e+00,0.000000e+00,,,,,,,,,,,,,,,,,,,,,1.528983e+03,4.265784e-13,1.490027e+00,,,1.528983e+03,3.141593e+00,-1.490047e+00,,,,,,,,,,,,,,,,,,,,,,,,,,,,,,,,,,,,,,,,,,,,,,,,,,,,,,,,,1.000000e+00,4.386275e-01,1
1.120000e+02,SENSOR_TRACK_UPDATED,radar1,red,simple_radar,radar1.1,0.000000e+00,1.120000e+02,224,5.000000e-01,land,M,,,target1,TARGET,blue,3.806833e+01,-1.172333e+02,-4.00468707e-08,3.41426744e+06,-3.69169113e+06,3.91046253e+06,3.806944e+01,-1.172333e+02,1.52400000e+03,3.41503060e+06,-3.69251625e+06,3.91149913e+06,L,3,,B,,3.806944e+01,-1.172333e+02,1.52400000e+03,3.41503060e+06,-3.69251625e+06,3.91149913e+06,0.000000e+00,0.000000e+00,0.000000e+00,0.000000e+00,0.000000e+00,1.528983e+03,4.257712e-13,1.490027e+00,1.528983e+03,4.257712e-13,1.490027e+00,,,,,,,,0,,,
1.120000e+02,LOCAL_TRACK_UPDATED,radar1,red,radar1.2,0.000000e+00,1.120000e+02,224,5.000000e-01,land,P,,,target1,TARGET,blue,3.806833e+01,-1.172333e+02,-4.00468707e-08,3.41426744e+06,-3.69169113e+06,3.91046253e+06,3.806944e+01,-1.172333e+02,1.52400000e+03,3.41503060e+06,-3.69251625e+06,3.91149913e+06,L,3,,B,,3.806944e+01,-1.172333e+02,1.52400000e+03,3.41503060e+06,-3.69251625e+06,3.91149913e+06,0.000000e+00,0.000000e+00,0.000000e+00,0.000000e+00,0.000000e+00,1.528983e+03,4.257712e-13,1.490027e+00,1.528983e+03,4.257712e-13,1.490027e+00,,,,,,,,0,,,,radar1.1,simple_radar,WSF_GEOMETRIC_SENSOR,default
1.125000e+02,SENSOR_DETECTION_ATTEMPT,radar1,red,target1,simple_radar,default,1,,,,,,,,,,,,WSF_GEOMETRIC_SENSOR,3.806833e+01,-1.172333e+02,-4.00468707e-08,3.41440204e+06,-3.69156669e+06,3.91046249e+06,0.000000e+00,0.000000e+00,0.000000e+00,0.000000e+00,TARGET,3.806944e+01,-1.172333e+02,1.52400000e+03,3.41516523e+06,-3.69239178e+06,3.91149909e+06,0.000000e+00,0.000000e+00,0.000000e+00,0.000000e+00,,,,,,,,,,,,,,,,,,,,,1.528983e+03,4.265784e-13,1.490027e+00,,,1.528983e+03,3.141593e+00,-1.490047e+00,,,,,,,,,,,,,,,,,,,,,,,,,,,,,,,,,,,,,,,,,,,,,,,,,,,,,,,,,1.000000e+00,1.278824e-01,1
1.125000e+02,SENSOR_TRACK_UPDATED,radar1,red,simple_radar,radar1.1,0.000000e+00,1.125000e+02,225,5.000000e-01,land,M,,,target1,TARGET,blue,3.806833e+01,-1.172333e+02,-4.00468707e-08,3.41440204e+06,-3.69156669e+06,3.91046248e+06,3.806944e+01,-1.172333e+02,1.52400000e+03,3.41516523e+06,-3.69239178e+06,3.91149909e+06,L,3,,B,,3.806944e+01,-1.172333e+02,1.52400000e+03,3.41516523e+06,-3.69239178e+06,3.91149909e+06,0.000000e+00,0.000000e+00,0.000000e+00,0.000000e+00,0.000000e+00,1.528983e+03,4.257712e-13,1.490027e+00,1.528983e+03,4.257712e-13,1.490027e+00,,,,,,,,0,,,
1.125000e+02,LOCAL_TRACK_UPDATED,radar1,red,radar1.2,0.000000e+00,1.125000e+02,225,5.000000e-01,land,P,,,target1,TARGET,blue,3.806833e+01,-1.172333e+02,-4.00468707e-08,3.41440204e+06,-3.69156669e+06,3.91046248e+06,3.806944e+01,-1.172333e+02,1.52400000e+03,3.41516523e+06,-3.69239178e+06,3.91149909e+06,L,3,,B,,3.806944e+01,-1.172333e+02,1.52400000e+03,3.41516523e+06,-3.69239178e+06,3.91149909e+06,0.000000e+00,0.000000e+00,0.000000e+00,0.000000e+00,0.000000e+00,1.528983e+03,4.257712e-13,1.490027e+00,1.528983e+03,4.257712e-13,1.490027e+00,,,,,,,,0,,,,radar1.1,simple_radar,WSF_GEOMETRIC_SENSOR,default
1.130000e+02,SENSOR_DETECTION_ATTEMPT,radar1,red,target1,simple_radar,default,1,,,,,,,,,,,,WSF_GEOMETRIC_SENSOR,3.806833e+01,-1.172333e+02,-4.00468707e-08,3.41453663e+06,-3.69144224e+06,3.91046244e+06,0.000000e+00,0.000000e+00,0.000000e+00,0.000000e+00,TARGET,3.806944e+01,-1.172333e+02,1.52400000e+03,3.41529986e+06,-3.69226730e+06,3.91149905e+06,0.000000e+00,0.000000e+00,0.000000e+00,0.000000e+00,,,,,,,,,,,,,,,,,,,,,1.528983e+03,4.265784e-13,1.490027e+00,,,1.528983e+03,3.141593e+00,-1.490047e+00,,,,,,,,,,,,,,,,,,,,,,,,,,,,,,,,,,,,,,,,,,,,,,,,,,,,,,,,,1.000000e+00,6.042213e-01,1
1.130000e+02,SENSOR_TRACK_UPDATED,radar1,red,simple_radar,radar1.1,0.000000e+00,1.130000e+02,226,5.000000e-01,land,M,,,target1,TARGET,blue,3.806833e+01,-1.172333e+02,-4.00468707e-08,3.41453663e+06,-3.69144224e+06,3.91046244e+06,3.806944e+01,-1.172333e+02,1.52400000e+03,3.41529986e+06,-3.69226730e+06,3.91149905e+06,L,3,,B,,3.806944e+01,-1.172333e+02,1.52400000e+03,3.41529986e+06,-3.69226730e+06,3.91149905e+06,0.000000e+00,0.000000e+00,0.000000e+00,0.000000e+00,0.000000e+00,1.528983e+03,4.257712e-13,1.490027e+00,1.528983e+03,4.257712e-13,1.490027e+00,,,,,,,,0,,,
1.130000e+02,LOCAL_TRACK_UPDATED,radar1,red,radar1.2,0.000000e+00,1.130000e+02,226,5.000000e-01,land,P,,,target1,TARGET,blue,3.806833e+01,-1.172333e+02,-4.00468707e-08,3.41453663e+06,-3.69144224e+06,3.91046244e+06,3.806944e+01,-1.172333e+02,1.52400000e+03,3.41529986e+06,-3.69226730e+06,3.91149905e+06,L,3,,B,,3.806944e+01,-1.172333e+02,1.52400000e+03,3.41529986e+06,-3.69226730e+06,3.91149905e+06,0.000000e+00,0.000000e+00,0.000000e+00,0.000000e+00,0.000000e+00,1.528983e+03,4.257712e-13,1.490027e+00,1.528983e+03,4.257712e-13,1.490027e+00,,,,,,,,0,,,,radar1.1,simple_radar,WSF_GEOMETRIC_SENSOR,default
1.135000e+02,SENSOR_DETECTION_ATTEMPT,radar1,red,target1,simple_radar,default,1,,,,,,,,,,,,WSF_GEOMETRIC_SENSOR,3.806833e+01,-1.172333e+02,-4.00468707e-08,3.41467123e+06,-3.69131778e+06,3.91046240e+06,0.000000e+00,0.000000e+00,0.000000e+00,0.000000e+00,TARGET,3.806944e+01,-1.172333e+02,1.52400000e+03,3.41543448e+06,-3.69214282e+06,3.91149900e+06,0.000000e+00,0.000000e+00,0.000000e+00,0.000000e+00,,,,,,,,,,,,,,,,,,,,,1.528983e+03,4.265784e-13,1.490027e+00,,,1.528983e+03,3.141593e+00,-1.490047e+00,,,,,,,,,,,,,,,,,,,,,,,,,,,,,,,,,,,,,,,,,,,,,,,,,,,,,,,,,1.000000e+00,1.633649e-01,1
1.135000e+02,SENSOR_TRACK_UPDATED,radar1,red,simple_radar,radar1.1,0.000000e+00,1.135000e+02,227,5.000000e-01,land,M,,,target1,TARGET,blue,3.806833e+01,-1.172333e+02,-4.00468707e-08,3.41467123e+06,-3.69131778e+06,3.91046240e+06,3.806944e+01,-1.172333e+02,1.52400000e+03,3.41543448e+06,-3.69214282e+06,3.91149900e+06,L,3,,B,,3.806944e+01,-1.172333e+02,1.52400000e+03,3.41543448e+06,-3.69214282e+06,3.91149900e+06,0.000000e+00,0.000000e+00,0.000000e+00,0.000000e+00,0.000000e+00,1.528983e+03,4.257712e-13,1.490027e+00,1.528983e+03,4.257712e-13,1.490027e+00,,,,,,,,0,,,
1.135000e+02,LOCAL_TRACK_UPDATED,radar1,red,radar1.2,0.000000e+00,1.135000e+02,227,5.000000e-01,land,P,,,target1,TARGET,blue,3.806833e+01,-1.172333e+02,-4.00468707e-08,3.41467123e+06,-3.69131778e+06,3.91046240e+06,3.806944e+01,-1.172333e+02,1.52400000e+03,3.41543448e+06,-3.69214282e+06,3.91149900e+06,L,3,,B,,3.806944e+01,-1.172333e+02,1.52400000e+03,3.41543448e+06,-3.69214282e+06,3.91149900e+06,0.000000e+00,0.000000e+00,0.000000e+00,0.000000e+00,0.000000e+00,1.528983e+03,4.257712e-13,1.490027e+00,1.528983e+03,4.257712e-13,1.490027e+00,,,,,,,,0,,,,radar1.1,simple_radar,WSF_GEOMETRIC_SENSOR,default
1.140000e+02,SENSOR_DETECTION_ATTEMPT,radar1,red,target1,simple_radar,default,1,,,,,,,,,,,,WSF_GEOMETRIC_SENSOR,3.806833e+01,-1.172333e+02,-4.00468707e-08,3.41480581e+06,-3.69119332e+06,3.91046236e+06,0.000000e+00,0.000000e+00,0.000000e+00,0.000000e+00,TARGET,3.806944e+01,-1.172333e+02,1.52400000e+03,3.41556910e+06,-3.69201833e+06,3.91149896e+06,0.000000e+00,0.000000e+00,0.000000e+00,0.000000e+00,,,,,,,,,,,,,,,,,,,,,1.528983e+03,4.265784e-13,1.490027e+00,,,1.528983e+03,3.141593e+00,-1.490047e+00,,,,,,,,,,,,,,,,,,,,,,,,,,,,,,,,,,,,,,,,,,,,,,,,,,,,,,,,,1.000000e+00,9.799300e-01,1
1.140000e+02,SENSOR_TRACK_UPDATED,radar1,red,simple_radar,radar1.1,0.000000e+00,1.140000e+02,228,5.000000e-01,land,M,,,target1,TARGET,blue,3.806833e+01,-1.172333e+02,-4.00468707e-08,3.41480582e+06,-3.69119332e+06,3.91046236e+06,3.806944e+01,-1.172333e+02,1.52400000e+03,3.41556910e+06,-3.69201833e+06,3.91149896e+06,L,3,,B,,3.806944e+01,-1.172333e+02,1.52400000e+03,3.41556910e+06,-3.69201833e+06,3.91149896e+06,0.000000e+00,0.000000e+00,0.000000e+00,0.000000e+00,0.000000e+00,1.528983e+03,4.257712e-13,1.490027e+00,1.528983e+03,4.257712e-13,1.490027e+00,,,,,,,,0,,,
1.140000e+02,LOCAL_TRACK_UPDATED,radar1,red,radar1.2,0.000000e+00,1.140000e+02,228,5.000000e-01,land,P,,,target1,TARGET,blue,3.806833e+01,-1.172333e+02,-4.00468707e-08,3.41480582e+06,-3.69119332e+06,3.91046236e+06,3.806944e+01,-1.172333e+02,1.52400000e+03,3.41556910e+06,-3.69201833e+06,3.91149896e+06,L,3,,B,,3.806944e+01,-1.172333e+02,1.52400000e+03,3.41556910e+06,-3.69201833e+06,3.91149896e+06,0.000000e+00,0.000000e+00,0.000000e+00,0.000000e+00,0.000000e+00,1.528983e+03,4.257712e-13,1.490027e+00,1.528983e+03,4.257712e-13,1.490027e+00,,,,,,,,0,,,,radar1.1,simple_radar,WSF_GEOMETRIC_SENSOR,default
1.145000e+02,SENSOR_DETECTION_ATTEMPT,radar1,red,target1,simple_radar,default,1,,,,,,,,,,,,WSF_GEOMETRIC_SENSOR,3.806833e+01,-1.172333e+02,-4.00468707e-08,3.41494040e+06,-3.69106886e+06,3.91046231e+06,0.000000e+00,0.000000e+00,0.000000e+00,0.000000e+00,TARGET,3.806944e+01,-1.172333e+02,1.52400000e+03,3.41570371e+06,-3.69189384e+06,3.91149892e+06,0.000000e+00,0.000000e+00,0.000000e+00,0.000000e+00,,,,,,,,,,,,,,,,,,,,,1.528983e+03,4.265784e-13,1.490027e+00,,,1.528983e+03,3.141593e+00,-1.490047e+00,,,,,,,,,,,,,,,,,,,,,,,,,,,,,,,,,,,,,,,,,,,,,,,,,,,,,,,,,1.000000e+00,5.906937e-01,1
1.145000e+02,SENSOR_TRACK_UPDATED,radar1,red,simple_radar,radar1.1,0.000000e+00,1.145000e+02,229,5.000000e-01,land,M,,,target1,TARGET,blue,3.806833e+01,-1.172333e+02,-4.00468707e-08,3.41494040e+06,-3.69106886e+06,3.91046231e+06,3.806944e+01,-1.172333e+02,1.52400000e+03,3.41570371e+06,-3.69189384e+06,3.91149892e+06,L,3,,B,,3.806944e+01,-1.172333e+02,1.52400000e+03,3.41570371e+06,-3.69189384e+06,3.91149892e+06,0.000000e+00,0.000000e+00,0.000000e+00,0.000000e+00,0.000000e+00,1.528983e+03,4.257712e-13,1.490027e+00,1.528983e+03,4.257712e-13,1.490027e+00,,,,,,,,0,,,
1.145000e+02,LOCAL_TRACK_UPDATED,radar1,red,radar1.2,0.000000e+00,1.145000e+02,229,5.000000e-01,land,P,,,target1,TARGET,blue,3.806833e+01,-1.172333e+02,-4.00468707e-08,3.41494040e+06,-3.69106886e+06,3.91046231e+06,3.806944e+01,-1.172333e+02,1.52400000e+03,3.41570371e+06,-3.69189384e+06,3.91149892e+06,L,3,,B,,3.806944e+01,-1.172333e+02,1.52400000e+03,3.41570371e+06,-3.69189384e+06,3.91149892e+06,0.000000e+00,0.000000e+00,0.000000e+00,0.000000e+00,0.000000e+00,1.528983e+03,4.257712e-13,1.490027e+00,1.528983e+03,4.257712e-13,1.490027e+00,,,,,,,,0,,,,radar1.1,simple_radar,WSF_GEOMETRIC_SENSOR,default
1.150000e+02,SENSOR_DETECTION_ATTEMPT,radar1,red,target1,simple_radar,default,1,,,,,,,,,,,,WSF_GEOMETRIC_SENSOR,3.806833e+01,-1.172333e+02,-4.00468707e-08,3.41507498e+06,-3.69094439e+06,3.91046227e+06,0.000000e+00,0.000000e+00,0.000000e+00,0.000000e+00,TARGET,3.806944e+01,-1.172333e+02,1.52400000e+03,3.41583832e+06,-3.69176934e+06,3.91149887e+06,0.000000e+00,0.000000e+00,0.000000e+00,0.000000e+00,,,,,,,,,,,,,,,,,,,,,1.528983e+03,4.265784e-13,1.490027e+00,,,1.528983e+03,3.141593e+00,-1.490047e+00,,,,,,,,,,,,,,,,,,,,,,,,,,,,,,,,,,,,,,,,,,,,,,,,,,,,,,,,,1.000000e+00,5.395916e-01,1
1.150000e+02,SENSOR_TRACK_UPDATED,radar1,red,simple_radar,radar1.1,0.000000e+00,1.150000e+02,230,5.000000e-01,land,M,,,target1,TARGET,blue,3.806833e+01,-1.172333e+02,-4.00468707e-08,3.41507498e+06,-3.69094439e+06,3.91046227e+06,3.806944e+01,-1.172333e+02,1.52400000e+03,3.41583832e+06,-3.69176934e+06,3.91149887e+06,L,3,,B,,3.806944e+01,-1.172333e+02,1.52400000e+03,3.41583832e+06,-3.69176934e+06,3.91149887e+06,0.000000e+00,0.000000e+00,0.000000e+00,0.000000e+00,0.000000e+00,1.528983e+03,4.257712e-13,1.490027e+00,1.528983e+03,4.257712e-13,1.490027e+00,,,,,,,,0,,,
1.150000e+02,LOCAL_TRACK_UPDATED,radar1,red,radar1.2,0.000000e+00,1.150000e+02,230,5.000000e-01,land,P,,,target1,TARGET,blue,3.806833e+01,-1.172333e+02,-4.00468707e-08,3.41507498e+06,-3.69094439e+06,3.91046227e+06,3.806944e+01,-1.172333e+02,1.52400000e+03,3.41583832e+06,-3.69176934e+06,3.91149887e+06,L,3,,B,,3.806944e+01,-1.172333e+02,1.52400000e+03,3.41583832e+06,-3.69176934e+06,3.91149887e+06,0.000000e+00,0.000000e+00,0.000000e+00,0.000000e+00,0.000000e+00,1.528983e+03,4.257712e-13,1.490027e+00,1.528983e+03,4.257712e-13,1.490027e+00,,,,,,,,0,,,,radar1.1,simple_radar,WSF_GEOMETRIC_SENSOR,default
1.155000e+02,SENSOR_DETECTION_ATTEMPT,radar1,red,target1,simple_radar,default,1,,,,,,,,,,,,WSF_GEOMETRIC_SENSOR,3.806833e+01,-1.172333e+02,-4.00468707e-08,3.41520955e+06,-3.69081991e+06,3.91046223e+06,0.000000e+00,0.000000e+00,0.000000e+00,0.000000e+00,TARGET,3.806944e+01,-1.172333e+02,1.52400000e+03,3.41597293e+06,-3.69164484e+06,3.91149883e+06,0.000000e+00,0.000000e+00,0.000000e+00,0.000000e+00,,,,,,,,,,,,,,,,,,,,,1.528983e+03,4.265784e-13,1.490027e+00,,,1.528983e+03,3.141593e+00,-1.490047e+00,,,,,,,,,,,,,,,,,,,,,,,,,,,,,,,,,,,,,,,,,,,,,,,,,,,,,,,,,1.000000e+00,2.711475e-01,1
1.155000e+02,SENSOR_TRACK_UPDATED,radar1,red,simple_radar,radar1.1,0.000000e+00,1.155000e+02,231,5.000000e-01,land,M,,,target1,TARGET,blue,3.806833e+01,-1.172333e+02,-4.00468707e-08,3.41520955e+06,-3.69081991e+06,3.91046223e+06,3.806944e+01,-1.172333e+02,1.52400000e+03,3.41597293e+06,-3.69164484e+06,3.91149883e+06,L,3,,B,,3.806944e+01,-1.172333e+02,1.52400000e+03,3.41597293e+06,-3.69164484e+06,3.91149883e+06,0.000000e+00,0.000000e+00,0.000000e+00,0.000000e+00,0.000000e+00,1.528983e+03,4.257712e-13,1.490027e+00,1.528983e+03,4.257712e-13,1.490027e+00,,,,,,,,0,,,
1.155000e+02,LOCAL_TRACK_UPDATED,radar1,red,radar1.2,0.000000e+00,1.155000e+02,231,5.000000e-01,land,P,,,target1,TARGET,blue,3.806833e+01,-1.172333e+02,-4.00468707e-08,3.41520955e+06,-3.69081991e+06,3.91046223e+06,3.806944e+01,-1.172333e+02,1.52400000e+03,3.41597293e+06,-3.69164484e+06,3.91149883e+06,L,3,,B,,3.806944e+01,-1.172333e+02,1.52400000e+03,3.41597293e+06,-3.69164484e+06,3.91149883e+06,0.000000e+00,0.000000e+00,0.000000e+00,0.000000e+00,0.000000e+00,1.528983e+03,4.257712e-13,1.490027e+00,1.528983e+03,4.257712e-13,1.490027e+00,,,,,,,,0,,,,radar1.1,simple_radar,WSF_GEOMETRIC_SENSOR,default
1.160000e+02,SENSOR_DETECTION_ATTEMPT,radar1,red,target1,simple_radar,default,1,,,,,,,,,,,,WSF_GEOMETRIC_SENSOR,3.806833e+01,-1.172333e+02,-4.00468707e-08,3.41534412e+06,-3.69069543e+06,3.91046218e+06,0.000000e+00,0.000000e+00,0.000000e+00,0.000000e+00,TARGET,3.806944e+01,-1.172333e+02,1.52400000e+03,3.41610753e+06,-3.69152033e+06,3.91149879e+06,0.000000e+00,0.000000e+00,0.000000e+00,0.000000e+00,,,,,,,,,,,,,,,,,,,,,1.528983e+03,4.265784e-13,1.490027e+00,,,1.528983e+03,3.141593e+00,-1.490047e+00,,,,,,,,,,,,,,,,,,,,,,,,,,,,,,,,,,,,,,,,,,,,,,,,,,,,,,,,,1.000000e+00,7.571265e-01,1
1.160000e+02,SENSOR_TRACK_UPDATED,radar1,red,simple_radar,radar1.1,0.000000e+00,1.160000e+02,232,5.000000e-01,land,M,,,target1,TARGET,blue,3.806833e+01,-1.172333e+02,-4.00468707e-08,3.41534412e+06,-3.69069543e+06,3.91046218e+06,3.806944e+01,-1.172333e+02,1.52400000e+03,3.41610753e+06,-3.69152033e+06,3.91149879e+06,L,3,,B,,3.806944e+01,-1.172333e+02,1.52400000e+03,3.41610753e+06,-3.69152033e+06,3.91149879e+06,0.000000e+00,0.000000e+00,0.000000e+00,0.000000e+00,0.000000e+00,1.528983e+03,4.257712e-13,1.490027e+00,1.528983e+03,4.257712e-13,1.490027e+00,,,,,,,,0,,,
1.160000e+02,LOCAL_TRACK_UPDATED,radar1,red,radar1.2,0.000000e+00,1.160000e+02,232,5.000000e-01,land,P,,,target1,TARGET,blue,3.806833e+01,-1.172333e+02,-4.00468707e-08,3.41534412e+06,-3.69069543e+06,3.91046218e+06,3.806944e+01,-1.172333e+02,1.52400000e+03,3.41610753e+06,-3.69152033e+06,3.91149879e+06,L,3,,B,,3.806944e+01,-1.172333e+02,1.52400000e+03,3.41610753e+06,-3.69152033e+06,3.91149879e+06,0.000000e+00,0.000000e+00,0.000000e+00,0.000000e+00,0.000000e+00,1.528983e+03,4.257712e-13,1.490027e+00,1.528983e+03,4.257712e-13,1.490027e+00,,,,,,,,0,,,,radar1.1,simple_radar,WSF_GEOMETRIC_SENSOR,default
1.165000e+02,SENSOR_DETECTION_ATTEMPT,radar1,red,target1,simple_radar,default,1,,,,,,,,,,,,WSF_GEOMETRIC_SENSOR,3.806833e+01,-1.172333e+02,-4.00468707e-08,3.41547869e+06,-3.69057095e+06,3.91046214e+06,0.000000e+00,0.000000e+00,0.000000e+00,0.000000e+00,TARGET,3.806944e+01,-1.172333e+02,1.52400000e+03,3.41624212e+06,-3.69139582e+06,3.91149875e+06,0.000000e+00,0.000000e+00,0.000000e+00,0.000000e+00,,,,,,,,,,,,,,,,,,,,,1.528983e+03,4.265784e-13,1.490027e+00,,,1.528983e+03,3.141593e+00,-1.490047e+00,,,,,,,,,,,,,,,,,,,,,,,,,,,,,,,,,,,,,,,,,,,,,,,,,,,,,,,,,1.000000e+00,3.787422e-01,1
1.165000e+02,SENSOR_TRACK_UPDATED,radar1,red,simple_radar,radar1.1,0.000000e+00,1.165000e+02,233,5.000000e-01,land,M,,,target1,TARGET,blue,3.806833e+01,-1.172333e+02,-4.00468707e-08,3.41547869e+06,-3.69057095e+06,3.91046214e+06,3.806944e+01,-1.172333e+02,1.52400000e+03,3.41624212e+06,-3.69139582e+06,3.91149874e+06,L,3,,B,,3.806944e+01,-1.172333e+02,1.52400000e+03,3.41624212e+06,-3.69139582e+06,3.91149875e+06,0.000000e+00,0.000000e+00,0.000000e+00,0.000000e+00,0.000000e+00,1.528983e+03,4.257712e-13,1.490027e+00,1.528983e+03,4.257712e-13,1.490027e+00,,,,,,,,0,,,
1.165000e+02,LOCAL_TRACK_UPDATED,radar1,red,radar1.2,0.000000e+00,1.165000e+02,233,5.000000e-01,land,P,,,target1,TARGET,blue,3.806833e+01,-1.172333e+02,-4.00468707e-08,3.41547869e+06,-3.69057095e+06,3.91046214e+06,3.806944e+01,-1.172333e+02,1.52400000e+03,3.41624212e+06,-3.69139582e+06,3.91149874e+06,L,3,,B,,3.806944e+01,-1.172333e+02,1.52400000e+03,3.41624212e+06,-3.69139582e+06,3.91149875e+06,0.000000e+00,0.000000e+00,0.000000e+00,0.000000e+00,0.000000e+00,1.528983e+03,4.257712e-13,1.490027e+00,1.528983e+03,4.257712e-13,1.490027e+00,,,,,,,,0,,,,radar1.1,simple_radar,WSF_GEOMETRIC_SENSOR,default
1.170000e+02,SENSOR_DETECTION_ATTEMPT,radar1,red,target1,simple_radar,default,1,,,,,,,,,,,,WSF_GEOMETRIC_SENSOR,3.806833e+01,-1.172333e+02,-4.00468707e-08,3.41561325e+06,-3.69044646e+06,3.91046210e+06,0.000000e+00,0.000000e+00,0.000000e+00,0.000000e+00,TARGET,3.806944e+01,-1.172333e+02,1.52400000e+03,3.41637671e+06,-3.69127130e+06,3.91149870e+06,0.000000e+00,0.000000e+00,0.000000e+00,0.000000e+00,,,,,,,,,,,,,,,,,,,,,1.528983e+03,4.265784e-13,1.490027e+00,,,1.528983e+03,3.141593e+00,-1.490047e+00,,,,,,,,,,,,,,,,,,,,,,,,,,,,,,,,,,,,,,,,,,,,,,,,,,,,,,,,,1.000000e+00,7.657116e-01,1
1.170000e+02,SENSOR_TRACK_UPDATED,radar1,red,simple_radar,radar1.1,0.000000e+00,1.170000e+02,234,5.000000e-01,land,M,,,target1,TARGET,blue,3.806833e+01,-1.172333e+02,-4.00468707e-08,3.41561325e+06,-3.69044646e+06,3.91046210e+06,3.806944e+01,-1.172333e+02,1.52400000e+03,3.41637672e+06,-3.69127130e+06,3.91149870e+06,L,3,,B,,3.806944e+01,-1.172333e+02,1.52400000e+03,3.41637671e+06,-3.69127130e+06,3.91149870e+06,0.000000e+00,0.000000e+00,0.000000e+00,0.000000e+00,0.000000e+00,1.528983e+03,4.257712e-13,1.490027e+00,1.528983e+03,4.257712e-13,1.490027e+00,,,,,,,,0,,,
1.170000e+02,LOCAL_TRACK_UPDATED,radar1,red,radar1.2,0.000000e+00,1.170000e+02,234,5.000000e-01,land,P,,,target1,TARGET,blue,3.806833e+01,-1.172333e+02,-4.00468707e-08,3.41561325e+06,-3.69044646e+06,3.91046210e+06,3.806944e+01,-1.172333e+02,1.52400000e+03,3.41637672e+06,-3.69127130e+06,3.91149870e+06,L,3,,B,,3.806944e+01,-1.172333e+02,1.52400000e+03,3.41637671e+06,-3.69127130e+06,3.91149870e+06,0.000000e+00,0.000000e+00,0.000000e+00,0.000000e+00,0.000000e+00,1.528983e+03,4.257712e-13,1.490027e+00,1.528983e+03,4.257712e-13,1.490027e+00,,,,,,,,0,,,,radar1.1,simple_radar,WSF_GEOMETRIC_SENSOR,default
1.175000e+02,SENSOR_DETECTION_ATTEMPT,radar1,red,target1,simple_radar,default,1,,,,,,,,,,,,WSF_GEOMETRIC_SENSOR,3.806833e+01,-1.172333e+02,-4.00468707e-08,3.41574780e+06,-3.69032196e+06,3.91046205e+06,0.000000e+00,0.000000e+00,0.000000e+00,0.000000e+00,TARGET,3.806944e+01,-1.172333e+02,1.52400000e+03,3.41651130e+06,-3.69114678e+06,3.91149866e+06,0.000000e+00,0.000000e+00,0.000000e+00,0.000000e+00,,,,,,,,,,,,,,,,,,,,,1.528983e+03,4.265784e-13,1.490027e+00,,,1.528983e+03,3.141593e+00,-1.490047e+00,,,,,,,,,,,,,,,,,,,,,,,,,,,,,,,,,,,,,,,,,,,,,,,,,,,,,,,,,1.000000e+00,3.443235e-02,1
1.175000e+02,SENSOR_TRACK_UPDATED,radar1,red,simple_radar,radar1.1,0.000000e+00,1.175000e+02,235,5.000000e-01,land,M,,,target1,TARGET,blue,3.806833e+01,-1.172333e+02,-4.00468707e-08,3.41574781e+06,-3.69032196e+06,3.91046205e+06,3.806944e+01,-1.172333e+02,1.52400000e+03,3.41651130e+06,-3.69114678e+06,3.91149866e+06,L,3,,B,,3.806944e+01,-1.172333e+02,1.52400000e+03,3.41651130e+06,-3.69114678e+06,3.91149866e+06,0.000000e+00,0.000000e+00,0.000000e+00,0.000000e+00,0.000000e+00,1.528983e+03,4.257712e-13,1.490027e+00,1.528983e+03,4.257712e-13,1.490027e+00,,,,,,,,0,,,
1.175000e+02,LOCAL_TRACK_UPDATED,radar1,red,radar1.2,0.000000e+00,1.175000e+02,235,5.000000e-01,land,P,,,target1,TARGET,blue,3.806833e+01,-1.172333e+02,-4.00468707e-08,3.41574781e+06,-3.69032196e+06,3.91046205e+06,3.806944e+01,-1.172333e+02,1.52400000e+03,3.41651130e+06,-3.69114678e+06,3.91149866e+06,L,3,,B,,3.806944e+01,-1.172333e+02,1.52400000e+03,3.41651130e+06,-3.69114678e+06,3.91149866e+06,0.000000e+00,0.000000e+00,0.000000e+00,0.000000e+00,0.000000e+00,1.528983e+03,4.257712e-13,1.490027e+00,1.528983e+03,4.257712e-13,1.490027e+00,,,,,,,,0,,,,radar1.1,simple_radar,WSF_GEOMETRIC_SENSOR,default
1.180000e+02,SENSOR_DETECTION_ATTEMPT,radar1,red,target1,simple_radar,default,1,,,,,,,,,,,,WSF_GEOMETRIC_SENSOR,3.806833e+01,-1.172333e+02,-4.00468707e-08,3.41588236e+06,-3.69019746e+06,3.91046201e+06,0.000000e+00,0.000000e+00,0.000000e+00,0.000000e+00,TARGET,3.806944e+01,-1.172333e+02,1.52400000e+03,3.41664588e+06,-3.69102225e+06,3.91149862e+06,0.000000e+00,0.000000e+00,0.000000e+00,0.000000e+00,,,,,,,,,,,,,,,,,,,,,1.528983e+03,4.265784e-13,1.490027e+00,,,1.528983e+03,3.141593e+00,-1.490047e+00,,,,,,,,,,,,,,,,,,,,,,,,,,,,,,,,,,,,,,,,,,,,,,,,,,,,,,,,,1.000000e+00,2.952381e-01,1
1.180000e+02,SENSOR_TRACK_UPDATED,radar1,red,simple_radar,radar1.1,0.000000e+00,1.180000e+02,236,5.000000e-01,land,M,,,target1,TARGET,blue,3.806833e+01,-1.172333e+02,-4.00468707e-08,3.41588236e+06,-3.69019746e+06,3.91046201e+06,3.806944e+01,-1.172333e+02,1.52400000e+03,3.41664588e+06,-3.69102225e+06,3.91149861e+06,L,3,,B,,3.806944e+01,-1.172333e+02,1.52400000e+03,3.41664588e+06,-3.69102225e+06,3.91149862e+06,0.000000e+00,0.000000e+00,0.000000e+00,0.000000e+00,0.000000e+00,1.528983e+03,4.257712e-13,1.490027e+00,1.528983e+03,4.257712e-13,1.490027e+00,,,,,,,,0,,,
1.180000e+02,LOCAL_TRACK_UPDATED,radar1,red,radar1.2,0.000000e+00,1.180000e+02,236,5.000000e-01,land,P,,,target1,TARGET,blue,3.806833e+01,-1.172333e+02,-4.00468707e-08,3.41588236e+06,-3.69019746e+06,3.91046201e+06,3.806944e+01,-1.172333e+02,1.52400000e+03,3.41664588e+06,-3.69102225e+06,3.91149861e+06,L,3,,B,,3.806944e+01,-1.172333e+02,1.52400000e+03,3.41664588e+06,-3.69102225e+06,3.91149862e+06,0.000000e+00,0.000000e+00,0.000000e+00,0.000000e+00,0.000000e+00,1.528983e+03,4.257712e-13,1.490027e+00,1.528983e+03,4.257712e-13,1.490027e+00,,,,,,,,0,,,,radar1.1,simple_radar,WSF_GEOMETRIC_SENSOR,default
1.185000e+02,SENSOR_DETECTION_ATTEMPT,radar1,red,target1,simple_radar,default,1,,,,,,,,,,,,WSF_GEOMETRIC_SENSOR,3.806833e+01,-1.172333e+02,-4.00468707e-08,3.41601690e+06,-3.69007296e+06,3.91046197e+06,0.000000e+00,0.000000e+00,0.000000e+00,0.000000e+00,TARGET,3.806944e+01,-1.172333e+02,1.52400000e+03,3.41678046e+06,-3.69089772e+06,3.91149857e+06,0.000000e+00,0.000000e+00,0.000000e+00,0.000000e+00,,,,,,,,,,,,,,,,,,,,,1.528983e+03,4.265784e-13,1.490027e+00,,,1.528983e+03,3.141593e+00,-1.490047e+00,,,,,,,,,,,,,,,,,,,,,,,,,,,,,,,,,,,,,,,,,,,,,,,,,,,,,,,,,1.000000e+00,5.005001e-01,1
1.185000e+02,SENSOR_TRACK_UPDATED,radar1,red,simple_radar,radar1.1,0.000000e+00,1.185000e+02,237,5.000000e-01,land,M,,,target1,TARGET,blue,3.806833e+01,-1.172333e+02,-4.00468707e-08,3.41601691e+06,-3.69007296e+06,3.91046197e+06,3.806944e+01,-1.172333e+02,1.52400000e+03,3.41678046e+06,-3.69089772e+06,3.91149857e+06,L,3,,B,,3.806944e+01,-1.172333e+02,1.52400000e+03,3.41678046e+06,-3.69089772e+06,3.91149857e+06,0.000000e+00,0.000000e+00,0.000000e+00,0.000000e+00,0.000000e+00,1.528983e+03,4.257712e-13,1.490027e+00,1.528983e+03,4.257712e-13,1.490027e+00,,,,,,,,0,,,
1.185000e+02,LOCAL_TRACK_UPDATED,radar1,red,radar1.2,0.000000e+00,1.185000e+02,237,5.000000e-01,land,P,,,target1,TARGET,blue,3.806833e+01,-1.172333e+02,-4.00468707e-08,3.41601691e+06,-3.69007296e+06,3.91046197e+06,3.806944e+01,-1.172333e+02,1.52400000e+03,3.41678046e+06,-3.69089772e+06,3.91149857e+06,L,3,,B,,3.806944e+01,-1.172333e+02,1.52400000e+03,3.41678046e+06,-3.69089772e+06,3.91149857e+06,0.000000e+00,0.000000e+00,0.000000e+00,0.000000e+00,0.000000e+00,1.528983e+03,4.257712e-13,1.490027e+00,1.528983e+03,4.257712e-13,1.490027e+00,,,,,,,,0,,,,radar1.1,simple_radar,WSF_GEOMETRIC_SENSOR,default
1.190000e+02,SENSOR_DETECTION_ATTEMPT,radar1,red,target1,simple_radar,default,1,,,,,,,,,,,,WSF_GEOMETRIC_SENSOR,3.806833e+01,-1.172333e+02,-4.00468707e-08,3.41615145e+06,-3.68994845e+06,3.91046193e+06,0.000000e+00,0.000000e+00,0.000000e+00,0.000000e+00,TARGET,3.806944e+01,-1.172333e+02,1.52400000e+03,3.41691503e+06,-3.69077318e+06,3.91149853e+06,0.000000e+00,0.000000e+00,0.000000e+00,0.000000e+00,,,,,,,,,,,,,,,,,,,,,1.528983e+03,4.265784e-13,1.490027e+00,,,1.528983e+03,3.141593e+00,-1.490047e+00,,,,,,,,,,,,,,,,,,,,,,,,,,,,,,,,,,,,,,,,,,,,,,,,,,,,,,,,,1.000000e+00,1.082523e-01,1
1.190000e+02,SENSOR_TRACK_UPDATED,radar1,red,simple_radar,radar1.1,0.000000e+00,1.190000e+02,238,5.000000e-01,land,M,,,target1,TARGET,blue,3.806833e+01,-1.172333e+02,-4.00468707e-08,3.41615145e+06,-3.68994845e+06,3.91046192e+06,3.806944e+01,-1.172333e+02,1.52400000e+03,3.41691503e+06,-3.69077318e+06,3.91149853e+06,L,3,,B,,3.806944e+01,-1.172333e+02,1.52400000e+03,3.41691503e+06,-3.69077318e+06,3.91149853e+06,0.000000e+00,0.000000e+00,0.000000e+00,0.000000e+00,0.000000e+00,1.528983e+03,4.257712e-13,1.490027e+00,1.528983e+03,4.257712e-13,1.490027e+00,,,,,,,,0,,,
1.190000e+02,LOCAL_TRACK_UPDATED,radar1,red,radar1.2,0.000000e+00,1.190000e+02,238,5.000000e-01,land,P,,,target1,TARGET,blue,3.806833e+01,-1.172333e+02,-4.00468707e-08,3.41615145e+06,-3.68994845e+06,3.91046192e+06,3.806944e+01,-1.172333e+02,1.52400000e+03,3.41691503e+06,-3.69077318e+06,3.91149853e+06,L,3,,B,,3.806944e+01,-1.172333e+02,1.52400000e+03,3.41691503e+06,-3.69077318e+06,3.91149853e+06,0.000000e+00,0.000000e+00,0.000000e+00,0.000000e+00,0.000000e+00,1.528983e+03,4.257712e-13,1.490027e+00,1.528983e+03,4.257712e-13,1.490027e+00,,,,,,,,0,,,,radar1.1,simple_radar,WSF_GEOMETRIC_SENSOR,default
1.195000e+02,SENSOR_DETECTION_ATTEMPT,radar1,red,target1,simple_radar,default,1,,,,,,,,,,,,WSF_GEOMETRIC_SENSOR,3.806833e+01,-1.172333e+02,-4.00468707e-08,3.41628598e+06,-3.68982394e+06,3.91046188e+06,0.000000e+00,0.000000e+00,0.000000e+00,0.000000e+00,TARGET,3.806944e+01,-1.172333e+02,1.52400000e+03,3.41704960e+06,-3.69064864e+06,3.91149849e+06,0.000000e+00,0.000000e+00,0.000000e+00,0.000000e+00,,,,,,,,,,,,,,,,,,,,,1.528983e+03,4.265784e-13,1.490027e+00,,,1.528983e+03,3.141593e+00,-1.490047e+00,,,,,,,,,,,,,,,,,,,,,,,,,,,,,,,,,,,,,,,,,,,,,,,,,,,,,,,,,1.000000e+00,4.662163e-02,1
1.195000e+02,SENSOR_TRACK_UPDATED,radar1,red,simple_radar,radar1.1,0.000000e+00,1.195000e+02,239,5.000000e-01,land,M,,,target1,TARGET,blue,3.806833e+01,-1.172333e+02,-4.00468707e-08,3.41628599e+06,-3.68982394e+06,3.91046188e+06,3.806944e+01,-1.172333e+02,1.52400000e+03,3.41704960e+06,-3.69064864e+06,3.91149848e+06,L,3,,B,,3.806944e+01,-1.172333e+02,1.52400000e+03,3.41704960e+06,-3.69064864e+06,3.91149849e+06,0.000000e+00,0.000000e+00,0.000000e+00,0.000000e+00,0.000000e+00,1.528983e+03,4.257712e-13,1.490027e+00,1.528983e+03,4.257712e-13,1.490027e+00,,,,,,,,0,,,
1.195000e+02,LOCAL_TRACK_UPDATED,radar1,red,radar1.2,0.000000e+00,1.195000e+02,239,5.000000e-01,land,P,,,target1,TARGET,blue,3.806833e+01,-1.172333e+02,-4.00468707e-08,3.41628599e+06,-3.68982394e+06,3.91046188e+06,3.806944e+01,-1.172333e+02,1.52400000e+03,3.41704960e+06,-3.69064864e+06,3.91149848e+06,L,3,,B,,3.806944e+01,-1.172333e+02,1.52400000e+03,3.41704960e+06,-3.69064864e+06,3.91149849e+06,0.000000e+00,0.000000e+00,0.000000e+00,0.000000e+00,0.000000e+00,1.528983e+03,4.257712e-13,1.490027e+00,1.528983e+03,4.257712e-13,1.490027e+00,,,,,,,,0,,,,radar1.1,simple_radar,WSF_GEOMETRIC_SENSOR,default
1.200000e+02,SENSOR_DETECTION_ATTEMPT,radar1,red,target1,simple_radar,default,1,,,,,,,,,,,,WSF_GEOMETRIC_SENSOR,3.806833e+01,-1.172333e+02,-4.00468707e-08,3.41642052e+06,-3.68969942e+06,3.91046184e+06,0.000000e+00,0.000000e+00,0.000000e+00,0.000000e+00,TARGET,3.806944e+01,-1.172333e+02,1.52400000e+03,3.41718416e+06,-3.69052409e+06,3.91149844e+06,0.000000e+00,0.000000e+00,0.000000e+00,0.000000e+00,,,,,,,,,,,,,,,,,,,,,1.528983e+03,4.265784e-13,1.490027e+00,,,1.528983e+03,3.141593e+00,-1.490047e+00,,,,,,,,,,,,,,,,,,,,,,,,,,,,,,,,,,,,,,,,,,,,,,,,,,,,,,,,,1.000000e+00,7.113269e-01,1
1.200000e+02,SENSOR_TRACK_UPDATED,radar1,red,simple_radar,radar1.1,0.000000e+00,1.200000e+02,240,5.000000e-01,land,M,,,target1,TARGET,blue,3.806833e+01,-1.172333e+02,-4.00468707e-08,3.41642052e+06,-3.68969942e+06,3.91046184e+06,3.806944e+01,-1.172333e+02,1.52400000e+03,3.41718417e+06,-3.69052409e+06,3.91149844e+06,L,3,,B,,3.806944e+01,-1.172333e+02,1.52400000e+03,3.41718416e+06,-3.69052409e+06,3.91149844e+06,0.000000e+00,0.000000e+00,0.000000e+00,0.000000e+00,0.000000e+00,1.528983e+03,4.257712e-13,1.490027e+00,1.528983e+03,4.257712e-13,1.490027e+00,,,,,,,,0,,,
1.200000e+02,LOCAL_TRACK_UPDATED,radar1,red,radar1.2,0.000000e+00,1.200000e+02,240,5.000000e-01,land,P,,,target1,TARGET,blue,3.806833e+01,-1.172333e+02,-4.00468707e-08,3.41642052e+06,-3.68969942e+06,3.91046184e+06,3.806944e+01,-1.172333e+02,1.52400000e+03,3.41718417e+06,-3.69052409e+06,3.91149844e+06,L,3,,B,,3.806944e+01,-1.172333e+02,1.52400000e+03,3.41718416e+06,-3.69052409e+06,3.91149844e+06,0.000000e+00,0.000000e+00,0.000000e+00,0.000000e+00,0.000000e+00,1.528983e+03,4.257712e-13,1.490027e+00,1.528983e+03,4.257712e-13,1.490027e+00,,,,,,,,0,,,,radar1.1,simple_radar,WSF_GEOMETRIC_SENSOR,default
1.205000e+02,SENSOR_DETECTION_ATTEMPT,radar1,red,target1,simple_radar,default,1,,,,,,,,,,,,WSF_GEOMETRIC_SENSOR,3.806833e+01,-1.172333e+02,-4.00468707e-08,3.41655505e+06,-3.68957489e+06,3.91046180e+06,0.000000e+00,0.000000e+00,0.000000e+00,0.000000e+00,TARGET,3.806944e+01,-1.172333e+02,1.52400000e+03,3.41731872e+06,-3.69039954e+06,3.91149840e+06,0.000000e+00,0.000000e+00,0.000000e+00,0.000000e+00,,,,,,,,,,,,,,,,,,,,,1.528983e+03,4.265784e-13,1.490027e+00,,,1.528983e+03,3.141593e+00,-1.490047e+00,,,,,,,,,,,,,,,,,,,,,,,,,,,,,,,,,,,,,,,,,,,,,,,,,,,,,,,,,1.000000e+00,1.006324e-01,1
1.205000e+02,SENSOR_TRACK_UPDATED,radar1,red,simple_radar,radar1.1,0.000000e+00,1.205000e+02,241,5.000000e-01,land,M,,,target1,TARGET,blue,3.806833e+01,-1.172333e+02,-4.00468707e-08,3.41655505e+06,-3.68957489e+06,3.91046179e+06,3.806944e+01,-1.172333e+02,1.52400000e+03,3.41731873e+06,-3.69039954e+06,3.91149840e+06,L,3,,B,,3.806944e+01,-1.172333e+02,1.52400000e+03,3.41731872e+06,-3.69039954e+06,3.91149840e+06,0.000000e+00,0.000000e+00,0.000000e+00,0.000000e+00,0.000000e+00,1.528983e+03,4.257712e-13,1.490027e+00,1.528983e+03,4.257712e-13,1.490027e+00,,,,,,,,0,,,
1.205000e+02,LOCAL_TRACK_UPDATED,radar1,red,radar1.2,0.000000e+00,1.205000e+02,241,5.000000e-01,land,P,,,target1,TARGET,blue,3.806833e+01,-1.172333e+02,-4.00468707e-08,3.41655505e+06,-3.68957489e+06,3.91046179e+06,3.806944e+01,-1.172333e+02,1.52400000e+03,3.41731873e+06,-3.69039954e+06,3.91149840e+06,L,3,,B,,3.806944e+01,-1.172333e+02,1.52400000e+03,3.41731872e+06,-3.69039954e+06,3.91149840e+06,0.000000e+00,0.000000e+00,0.000000e+00,0.000000e+00,0.000000e+00,1.528983e+03,4.257712e-13,1.490027e+00,1.528983e+03,4.257712e-13,1.490027e+00,,,,,,,,0,,,,radar1.1,simple_radar,WSF_GEOMETRIC_SENSOR,default
1.210000e+02,SENSOR_DETECTION_ATTEMPT,radar1,red,target1,simple_radar,default,1,,,,,,,,,,,,WSF_GEOMETRIC_SENSOR,3.806833e+01,-1.172333e+02,-4.00468707e-08,3.41668957e+06,-3.68945036e+06,3.91046175e+06,0.000000e+00,0.000000e+00,0.000000e+00,0.000000e+00,TARGET,3.806944e+01,-1.172333e+02,1.52400000e+03,3.41745328e+06,-3.69027498e+06,3.91149836e+06,0.000000e+00,0.000000e+00,0.000000e+00,0.000000e+00,,,,,,,,,,,,,,,,,,,,,1.528983e+03,4.265784e-13,1.490027e+00,,,1.528983e+03,3.141593e+00,-1.490047e+00,,,,,,,,,,,,,,,,,,,,,,,,,,,,,,,,,,,,,,,,,,,,,,,,,,,,,,,,,1.000000e+00,1.272537e-01,1
1.210000e+02,SENSOR_TRACK_UPDATED,radar1,red,simple_radar,radar1.1,0.000000e+00,1.210000e+02,242,5.000000e-01,land,M,,,target1,TARGET,blue,3.806833e+01,-1.172333e+02,-4.00468707e-08,3.41668957e+06,-3.68945036e+06,3.91046175e+06,3.806944e+01,-1.172333e+02,1.52400000e+03,3.41745328e+06,-3.69027498e+06,3.91149835e+06,L,3,,B,,3.806944e+01,-1.172333e+02,1.52400000e+03,3.41745328e+06,-3.69027498e+06,3.91149836e+06,0.000000e+00,0.000000e+00,0.000000e+00,0.000000e+00,0.000000e+00,1.528983e+03,4.257712e-13,1.490027e+00,1.528983e+03,4.257712e-13,1.490027e+00,,,,,,,,0,,,
1.210000e+02,LOCAL_TRACK_UPDATED,radar1,red,radar1.2,0.000000e+00,1.210000e+02,242,5.000000e-01,land,P,,,target1,TARGET,blue,3.806833e+01,-1.172333e+02,-4.00468707e-08,3.41668957e+06,-3.68945036e+06,3.91046175e+06,3.806944e+01,-1.172333e+02,1.52400000e+03,3.41745328e+06,-3.69027498e+06,3.91149835e+06,L,3,,B,,3.806944e+01,-1.172333e+02,1.52400000e+03,3.41745328e+06,-3.69027498e+06,3.91149836e+06,0.000000e+00,0.000000e+00,0.000000e+00,0.000000e+00,0.000000e+00,1.528983e+03,4.257712e-13,1.490027e+00,1.528983e+03,4.257712e-13,1.490027e+00,,,,,,,,0,,,,radar1.1,simple_radar,WSF_GEOMETRIC_SENSOR,default
1.215000e+02,SENSOR_DETECTION_ATTEMPT,radar1,red,target1,simple_radar,default,1,,,,,,,,,,,,WSF_GEOMETRIC_SENSOR,3.806833e+01,-1.172333e+02,-4.00468707e-08,3.41682409e+06,-3.68932583e+06,3.91046171e+06,0.000000e+00,0.000000e+00,0.000000e+00,0.000000e+00,TARGET,3.806944e+01,-1.172333e+02,1.52400000e+03,3.41758783e+06,-3.69015042e+06,3.91149831e+06,0.000000e+00,0.000000e+00,0.000000e+00,0.000000e+00,,,,,,,,,,,,,,,,,,,,,1.528983e+03,4.265784e-13,1.490027e+00,,,1.528983e+03,3.141593e+00,-1.490047e+00,,,,,,,,,,,,,,,,,,,,,,,,,,,,,,,,,,,,,,,,,,,,,,,,,,,,,,,,,1.000000e+00,6.099075e-01,1
1.215000e+02,SENSOR_TRACK_UPDATED,radar1,red,simple_radar,radar1.1,0.000000e+00,1.215000e+02,243,5.000000e-01,land,M,,,target1,TARGET,blue,3.806833e+01,-1.172333e+02,-4.00468707e-08,3.41682409e+06,-3.68932583e+06,3.91046171e+06,3.806944e+01,-1.172333e+02,1.52400000e+03,3.41758783e+06,-3.69015042e+06,3.91149831e+06,L,3,,B,,3.806944e+01,-1.172333e+02,1.52400000e+03,3.41758783e+06,-3.69015042e+06,3.91149831e+06,0.000000e+00,0.000000e+00,0.000000e+00,0.000000e+00,0.000000e+00,1.528983e+03,4.257712e-13,1.490027e+00,1.528983e+03,4.257712e-13,1.490027e+00,,,,,,,,0,,,
1.215000e+02,LOCAL_TRACK_UPDATED,radar1,red,radar1.2,0.000000e+00,1.215000e+02,243,5.000000e-01,land,P,,,target1,TARGET,blue,3.806833e+01,-1.172333e+02,-4.00468707e-08,3.41682409e+06,-3.68932583e+06,3.91046171e+06,3.806944e+01,-1.172333e+02,1.52400000e+03,3.41758783e+06,-3.69015042e+06,3.91149831e+06,L,3,,B,,3.806944e+01,-1.172333e+02,1.52400000e+03,3.41758783e+06,-3.69015042e+06,3.91149831e+06,0.000000e+00,0.000000e+00,0.000000e+00,0.000000e+00,0.000000e+00,1.528983e+03,4.257712e-13,1.490027e+00,1.528983e+03,4.257712e-13,1.490027e+00,,,,,,,,0,,,,radar1.1,simple_radar,WSF_GEOMETRIC_SENSOR,default
1.220000e+02,SENSOR_DETECTION_ATTEMPT,radar1,red,target1,simple_radar,default,1,,,,,,,,,,,,WSF_GEOMETRIC_SENSOR,3.806833e+01,-1.172333e+02,-4.00468707e-08,3.41695861e+06,-3.68920129e+06,3.91046167e+06,0.000000e+00,0.000000e+00,0.000000e+00,0.000000e+00,TARGET,3.806944e+01,-1.172333e+02,1.52400000e+03,3.41772237e+06,-3.69002585e+06,3.91149827e+06,0.000000e+00,0.000000e+00,0.000000e+00,0.000000e+00,,,,,,,,,,,,,,,,,,,,,1.528983e+03,4.265784e-13,1.490027e+00,,,1.528983e+03,3.141593e+00,-1.490047e+00,,,,,,,,,,,,,,,,,,,,,,,,,,,,,,,,,,,,,,,,,,,,,,,,,,,,,,,,,1.000000e+00,9.356696e-01,1
1.220000e+02,SENSOR_TRACK_UPDATED,radar1,red,simple_radar,radar1.1,0.000000e+00,1.220000e+02,244,5.000000e-01,land,M,,,target1,TARGET,blue,3.806833e+01,-1.172333e+02,-4.00468707e-08,3.41695861e+06,-3.68920129e+06,3.91046166e+06,3.806944e+01,-1.172333e+02,1.52400000e+03,3.41772238e+06,-3.69002585e+06,3.91149827e+06,L,3,,B,,3.806944e+01,-1.172333e+02,1.52400000e+03,3.41772237e+06,-3.69002585e+06,3.91149827e+06,0.000000e+00,0.000000e+00,0.000000e+00,0.000000e+00,0.000000e+00,1.528983e+03,4.257712e-13,1.490027e+00,1.528983e+03,4.257712e-13,1.490027e+00,,,,,,,,0,,,
1.220000e+02,LOCAL_TRACK_UPDATED,radar1,red,radar1.2,0.000000e+00,1.220000e+02,244,5.000000e-01,land,P,,,target1,TARGET,blue,3.806833e+01,-1.172333e+02,-4.00468707e-08,3.41695861e+06,-3.68920129e+06,3.91046166e+06,3.806944e+01,-1.172333e+02,1.52400000e+03,3.41772238e+06,-3.69002585e+06,3.91149827e+06,L,3,,B,,3.806944e+01,-1.172333e+02,1.52400000e+03,3.41772237e+06,-3.69002585e+06,3.91149827e+06,0.000000e+00,0.000000e+00,0.000000e+00,0.000000e+00,0.000000e+00,1.528983e+03,4.257712e-13,1.490027e+00,1.528983e+03,4.257712e-13,1.490027e+00,,,,,,,,0,,,,radar1.1,simple_radar,WSF_GEOMETRIC_SENSOR,default
1.225000e+02,SENSOR_DETECTION_ATTEMPT,radar1,red,target1,simple_radar,default,1,,,,,,,,,,,,WSF_GEOMETRIC_SENSOR,3.806833e+01,-1.172333e+02,-4.00468707e-08,3.41709312e+06,-3.68907675e+06,3.91046162e+06,0.000000e+00,0.000000e+00,0.000000e+00,0.000000e+00,TARGET,3.806944e+01,-1.172333e+02,1.52400000e+03,3.41785692e+06,-3.68990128e+06,3.91149823e+06,0.000000e+00,0.000000e+00,0.000000e+00,0.000000e+00,,,,,,,,,,,,,,,,,,,,,1.528983e+03,4.265784e-13,1.490027e+00,,,1.528983e+03,3.141593e+00,-1.490047e+00,,,,,,,,,,,,,,,,,,,,,,,,,,,,,,,,,,,,,,,,,,,,,,,,,,,,,,,,,1.000000e+00,1.528532e-01,1
1.225000e+02,SENSOR_TRACK_UPDATED,radar1,red,simple_radar,radar1.1,0.000000e+00,1.225000e+02,245,5.000000e-01,land,M,,,target1,TARGET,blue,3.806833e+01,-1.172333e+02,-4.00468707e-08,3.41709312e+06,-3.68907675e+06,3.91046162e+06,3.806944e+01,-1.172333e+02,1.52400000e+03,3.41785692e+06,-3.68990128e+06,3.91149823e+06,L,3,,B,,3.806944e+01,-1.172333e+02,1.52400000e+03,3.41785692e+06,-3.68990128e+06,3.91149823e+06,0.000000e+00,0.000000e+00,0.000000e+00,0.000000e+00,0.000000e+00,1.528983e+03,4.257712e-13,1.490027e+00,1.528983e+03,4.257712e-13,1.490027e+00,,,,,,,,0,,,
1.225000e+02,LOCAL_TRACK_UPDATED,radar1,red,radar1.2,0.000000e+00,1.225000e+02,245,5.000000e-01,land,P,,,target1,TARGET,blue,3.806833e+01,-1.172333e+02,-4.00468707e-08,3.41709312e+06,-3.68907675e+06,3.91046162e+06,3.806944e+01,-1.172333e+02,1.52400000e+03,3.41785692e+06,-3.68990128e+06,3.91149823e+06,L,3,,B,,3.806944e+01,-1.172333e+02,1.52400000e+03,3.41785692e+06,-3.68990128e+06,3.91149823e+06,0.000000e+00,0.000000e+00,0.000000e+00,0.000000e+00,0.000000e+00,1.528983e+03,4.257712e-13,1.490027e+00,1.528983e+03,4.257712e-13,1.490027e+00,,,,,,,,0,,,,radar1.1,simple_radar,WSF_GEOMETRIC_SENSOR,default
1.230000e+02,SENSOR_DETECTION_ATTEMPT,radar1,red,target1,simple_radar,default,1,,,,,,,,,,,,WSF_GEOMETRIC_SENSOR,3.806833e+01,-1.172333e+02,-4.00468707e-08,3.41722763e+06,-3.68895220e+06,3.91046158e+06,0.000000e+00,0.000000e+00,0.000000e+00,0.000000e+00,TARGET,3.806944e+01,-1.172333e+02,1.52400000e+03,3.41799145e+06,-3.68977671e+06,3.91149818e+06,0.000000e+00,0.000000e+00,0.000000e+00,0.000000e+00,,,,,,,,,,,,,,,,,,,,,1.528983e+03,4.265784e-13,1.490027e+00,,,1.528983e+03,3.141593e+00,-1.490047e+00,,,,,,,,,,,,,,,,,,,,,,,,,,,,,,,,,,,,,,,,,,,,,,,,,,,,,,,,,1.000000e+00,3.901863e-01,1
1.230000e+02,SENSOR_TRACK_UPDATED,radar1,red,simple_radar,radar1.1,0.000000e+00,1.230000e+02,246,5.000000e-01,land,M,,,target1,TARGET,blue,3.806833e+01,-1.172333e+02,-4.00468707e-08,3.41722763e+06,-3.68895220e+06,3.91046158e+06,3.806944e+01,-1.172333e+02,1.52400000e+03,3.41799145e+06,-3.68977671e+06,3.91149818e+06,L,3,,B,,3.806944e+01,-1.172333e+02,1.52400000e+03,3.41799145e+06,-3.68977671e+06,3.91149818e+06,0.000000e+00,0.000000e+00,0.000000e+00,0.000000e+00,0.000000e+00,1.528983e+03,4.257712e-13,1.490027e+00,1.528983e+03,4.257712e-13,1.490027e+00,,,,,,,,0,,,
1.230000e+02,LOCAL_TRACK_UPDATED,radar1,red,radar1.2,0.000000e+00,1.230000e+02,246,5.000000e-01,land,P,,,target1,TARGET,blue,3.806833e+01,-1.172333e+02,-4.00468707e-08,3.41722763e+06,-3.68895220e+06,3.91046158e+06,3.806944e+01,-1.172333e+02,1.52400000e+03,3.41799145e+06,-3.68977671e+06,3.91149818e+06,L,3,,B,,3.806944e+01,-1.172333e+02,1.52400000e+03,3.41799145e+06,-3.68977671e+06,3.91149818e+06,0.000000e+00,0.000000e+00,0.000000e+00,0.000000e+00,0.000000e+00,1.528983e+03,4.257712e-13,1.490027e+00,1.528983e+03,4.257712e-13,1.490027e+00,,,,,,,,0,,,,radar1.1,simple_radar,WSF_GEOMETRIC_SENSOR,default
1.235000e+02,SENSOR_DETECTION_ATTEMPT,radar1,red,target1,simple_radar,default,1,,,,,,,,,,,,WSF_GEOMETRIC_SENSOR,3.806833e+01,-1.172333e+02,-4.00468707e-08,3.41736213e+06,-3.68882765e+06,3.91046154e+06,0.000000e+00,0.000000e+00,0.000000e+00,0.000000e+00,TARGET,3.806944e+01,-1.172333e+02,1.52400000e+03,3.41812598e+06,-3.68965212e+06,3.91149814e+06,0.000000e+00,0.000000e+00,0.000000e+00,0.000000e+00,,,,,,,,,,,,,,,,,,,,,1.528983e+03,4.265784e-13,1.490027e+00,,,1.528983e+03,3.141593e+00,-1.490047e+00,,,,,,,,,,,,,,,,,,,,,,,,,,,,,,,,,,,,,,,,,,,,,,,,,,,,,,,,,1.000000e+00,3.526443e-01,1
1.235000e+02,SENSOR_TRACK_UPDATED,radar1,red,simple_radar,radar1.1,0.000000e+00,1.235000e+02,247,5.000000e-01,land,M,,,target1,TARGET,blue,3.806833e+01,-1.172333e+02,-4.00468707e-08,3.41736213e+06,-3.68882765e+06,3.91046153e+06,3.806944e+01,-1.172333e+02,1.52400000e+03,3.41812599e+06,-3.68965212e+06,3.91149814e+06,L,3,,B,,3.806944e+01,-1.172333e+02,1.52400000e+03,3.41812598e+06,-3.68965212e+06,3.91149814e+06,0.000000e+00,0.000000e+00,0.000000e+00,0.000000e+00,0.000000e+00,1.528983e+03,4.257712e-13,1.490027e+00,1.528983e+03,4.257712e-13,1.490027e+00,,,,,,,,0,,,
1.235000e+02,LOCAL_TRACK_UPDATED,radar1,red,radar1.2,0.000000e+00,1.235000e+02,247,5.000000e-01,land,P,,,target1,TARGET,blue,3.806833e+01,-1.172333e+02,-4.00468707e-08,3.41736213e+06,-3.68882765e+06,3.91046153e+06,3.806944e+01,-1.172333e+02,1.52400000e+03,3.41812599e+06,-3.68965212e+06,3.91149814e+06,L,3,,B,,3.806944e+01,-1.172333e+02,1.52400000e+03,3.41812598e+06,-3.68965212e+06,3.91149814e+06,0.000000e+00,0.000000e+00,0.000000e+00,0.000000e+00,0.000000e+00,1.528983e+03,4.257712e-13,1.490027e+00,1.528983e+03,4.257712e-13,1.490027e+00,,,,,,,,0,,,,radar1.1,simple_radar,WSF_GEOMETRIC_SENSOR,default
1.240000e+02,SENSOR_DETECTION_ATTEMPT,radar1,red,target1,simple_radar,default,1,,,,,,,,,,,,WSF_GEOMETRIC_SENSOR,3.806833e+01,-1.172333e+02,-4.00468707e-08,3.41749663e+06,-3.68870309e+06,3.91046149e+06,0.000000e+00,0.000000e+00,0.000000e+00,0.000000e+00,TARGET,3.806944e+01,-1.172333e+02,1.52400000e+03,3.41826051e+06,-3.68952754e+06,3.91149810e+06,0.000000e+00,0.000000e+00,0.000000e+00,0.000000e+00,,,,,,,,,,,,,,,,,,,,,1.528983e+03,4.265784e-13,1.490027e+00,,,1.528983e+03,3.141593e+00,-1.490047e+00,,,,,,,,,,,,,,,,,,,,,,,,,,,,,,,,,,,,,,,,,,,,,,,,,,,,,,,,,1.000000e+00,3.009009e-01,1
1.240000e+02,SENSOR_TRACK_UPDATED,radar1,red,simple_radar,radar1.1,0.000000e+00,1.240000e+02,248,5.000000e-01,land,M,,,target1,TARGET,blue,3.806833e+01,-1.172333e+02,-4.00468707e-08,3.41749663e+06,-3.68870309e+06,3.91046149e+06,3.806944e+01,-1.172333e+02,1.52400000e+03,3.41826051e+06,-3.68952754e+06,3.91149810e+06,L,3,,B,,3.806944e+01,-1.172333e+02,1.52400000e+03,3.41826051e+06,-3.68952754e+06,3.91149810e+06,0.000000e+00,0.000000e+00,0.000000e+00,0.000000e+00,0.000000e+00,1.528983e+03,4.257712e-13,1.490027e+00,1.528983e+03,4.257712e-13,1.490027e+00,,,,,,,,0,,,
1.240000e+02,LOCAL_TRACK_UPDATED,radar1,red,radar1.2,0.000000e+00,1.240000e+02,248,5.000000e-01,land,P,,,target1,TARGET,blue,3.806833e+01,-1.172333e+02,-4.00468707e-08,3.41749663e+06,-3.68870309e+06,3.91046149e+06,3.806944e+01,-1.172333e+02,1.52400000e+03,3.41826051e+06,-3.68952754e+06,3.91149810e+06,L,3,,B,,3.806944e+01,-1.172333e+02,1.52400000e+03,3.41826051e+06,-3.68952754e+06,3.91149810e+06,0.000000e+00,0.000000e+00,0.000000e+00,0.000000e+00,0.000000e+00,1.528983e+03,4.257712e-13,1.490027e+00,1.528983e+03,4.257712e-13,1.490027e+00,,,,,,,,0,,,,radar1.1,simple_radar,WSF_GEOMETRIC_SENSOR,default
1.245000e+02,SENSOR_DETECTION_ATTEMPT,radar1,red,target1,simple_radar,default,1,,,,,,,,,,,,WSF_GEOMETRIC_SENSOR,3.806833e+01,-1.172333e+02,-4.00468707e-08,3.41763112e+06,-3.68857852e+06,3.91046145e+06,0.000000e+00,0.000000e+00,0.000000e+00,0.000000e+00,TARGET,3.806944e+01,-1.172333e+02,1.52400000e+03,3.41839503e+06,-3.68940295e+06,3.91149805e+06,0.000000e+00,0.000000e+00,0.000000e+00,0.000000e+00,,,,,,,,,,,,,,,,,,,,,1.528983e+03,4.265784e-13,1.490027e+00,,,1.528983e+03,3.141593e+00,-1.490047e+00,,,,,,,,,,,,,,,,,,,,,,,,,,,,,,,,,,,,,,,,,,,,,,,,,,,,,,,,,1.000000e+00,1.972760e-01,1
1.245000e+02,SENSOR_TRACK_UPDATED,radar1,red,simple_radar,radar1.1,0.000000e+00,1.245000e+02,249,5.000000e-01,land,M,,,target1,TARGET,blue,3.806833e+01,-1.172333e+02,-4.00468707e-08,3.41763112e+06,-3.68857852e+06,3.91046145e+06,3.806944e+01,-1.172333e+02,1.52400000e+03,3.41839504e+06,-3.68940295e+06,3.91149805e+06,L,3,,B,,3.806944e+01,-1.172333e+02,1.52400000e+03,3.41839503e+06,-3.68940295e+06,3.91149805e+06,0.000000e+00,0.000000e+00,0.000000e+00,0.000000e+00,0.000000e+00,1.528983e+03,4.257712e-13,1.490027e+00,1.528983e+03,4.257712e-13,1.490027e+00,,,,,,,,0,,,
1.245000e+02,LOCAL_TRACK_UPDATED,radar1,red,radar1.2,0.000000e+00,1.245000e+02,249,5.000000e-01,land,P,,,target1,TARGET,blue,3.806833e+01,-1.172333e+02,-4.00468707e-08,3.41763112e+06,-3.68857852e+06,3.91046145e+06,3.806944e+01,-1.172333e+02,1.52400000e+03,3.41839504e+06,-3.68940295e+06,3.91149805e+06,L,3,,B,,3.806944e+01,-1.172333e+02,1.52400000e+03,3.41839503e+06,-3.68940295e+06,3.91149805e+06,0.000000e+00,0.000000e+00,0.000000e+00,0.000000e+00,0.000000e+00,1.528983e+03,4.257712e-13,1.490027e+00,1.528983e+03,4.257712e-13,1.490027e+00,,,,,,,,0,,,,radar1.1,simple_radar,WSF_GEOMETRIC_SENSOR,default
1.250000e+02,SENSOR_DETECTION_ATTEMPT,radar1,red,target1,simple_radar,default,1,,,,,,,,,,,,WSF_GEOMETRIC_SENSOR,3.806833e+01,-1.172333e+02,-4.00468707e-08,3.41776561e+06,-3.68845396e+06,3.91046141e+06,0.000000e+00,0.000000e+00,0.000000e+00,0.000000e+00,TARGET,3.806944e+01,-1.172333e+02,1.52400000e+03,3.41852955e+06,-3.68927835e+06,3.91149801e+06,0.000000e+00,0.000000e+00,0.000000e+00,0.000000e+00,,,,,,,,,,,,,,,,,,,,,1.528983e+03,4.265784e-13,1.490027e+00,,,1.528983e+03,3.141593e+00,-1.490047e+00,,,,,,,,,,,,,,,,,,,,,,,,,,,,,,,,,,,,,,,,,,,,,,,,,,,,,,,,,1.000000e+00,3.768946e-02,1
1.250000e+02,SENSOR_TRACK_UPDATED,radar1,red,simple_radar,radar1.1,0.000000e+00,1.250000e+02,250,5.000000e-01,land,M,,,target1,TARGET,blue,3.806833e+01,-1.172333e+02,-4.00468707e-08,3.41776561e+06,-3.68845396e+06,3.91046141e+06,3.806944e+01,-1.172333e+02,1.52400000e+03,3.41852955e+06,-3.68927835e+06,3.91149801e+06,L,3,,B,,3.806944e+01,-1.172333e+02,1.52400000e+03,3.41852955e+06,-3.68927835e+06,3.91149801e+06,0.000000e+00,0.000000e+00,0.000000e+00,0.000000e+00,0.000000e+00,1.528983e+03,4.257712e-13,1.490027e+00,1.528983e+03,4.257712e-13,1.490027e+00,,,,,,,,0,,,
1.250000e+02,LOCAL_TRACK_UPDATED,radar1,red,radar1.2,0.000000e+00,1.250000e+02,250,5.000000e-01,land,P,,,target1,TARGET,blue,3.806833e+01,-1.172333e+02,-4.00468707e-08,3.41776561e+06,-3.68845396e+06,3.91046141e+06,3.806944e+01,-1.172333e+02,1.52400000e+03,3.41852955e+06,-3.68927835e+06,3.91149801e+06,L,3,,B,,3.806944e+01,-1.172333e+02,1.52400000e+03,3.41852955e+06,-3.68927835e+06,3.91149801e+06,0.000000e+00,0.000000e+00,0.000000e+00,0.000000e+00,0.000000e+00,1.528983e+03,4.257712e-13,1.490027e+00,1.528983e+03,4.257712e-13,1.490027e+00,,,,,,,,0,,,,radar1.1,simple_radar,WSF_GEOMETRIC_SENSOR,default
1.255000e+02,SENSOR_DETECTION_ATTEMPT,radar1,red,target1,simple_radar,default,1,,,,,,,,,,,,WSF_GEOMETRIC_SENSOR,3.806833e+01,-1.172333e+02,-4.00468707e-08,3.41790009e+06,-3.68832938e+06,3.91046136e+06,0.000000e+00,0.000000e+00,0.000000e+00,0.000000e+00,TARGET,3.806944e+01,-1.172333e+02,1.52400000e+03,3.41866407e+06,-3.68915375e+06,3.91149797e+06,0.000000e+00,0.000000e+00,0.000000e+00,0.000000e+00,,,,,,,,,,,,,,,,,,,,,1.528983e+03,4.265784e-13,1.490027e+00,,,1.528983e+03,3.141593e+00,-1.490047e+00,,,,,,,,,,,,,,,,,,,,,,,,,,,,,,,,,,,,,,,,,,,,,,,,,,,,,,,,,1.000000e+00,8.976934e-01,1
1.255000e+02,SENSOR_TRACK_UPDATED,radar1,red,simple_radar,radar1.1,0.000000e+00,1.255000e+02,251,5.000000e-01,land,M,,,target1,TARGET,blue,3.806833e+01,-1.172333e+02,-4.00468707e-08,3.41790009e+06,-3.68832938e+06,3.91046136e+06,3.806944e+01,-1.172333e+02,1.52400000e+03,3.41866407e+06,-3.68915375e+06,3.91149797e+06,L,3,,B,,3.806944e+01,-1.172333e+02,1.52400000e+03,3.41866407e+06,-3.68915375e+06,3.91149797e+06,0.000000e+00,0.000000e+00,0.000000e+00,0.000000e+00,0.000000e+00,1.528983e+03,4.257712e-13,1.490027e+00,1.528983e+03,4.257712e-13,1.490027e+00,,,,,,,,0,,,
1.255000e+02,LOCAL_TRACK_UPDATED,radar1,red,radar1.2,0.000000e+00,1.255000e+02,251,5.000000e-01,land,P,,,target1,TARGET,blue,3.806833e+01,-1.172333e+02,-4.00468707e-08,3.41790009e+06,-3.68832938e+06,3.91046136e+06,3.806944e+01,-1.172333e+02,1.52400000e+03,3.41866407e+06,-3.68915375e+06,3.91149797e+06,L,3,,B,,3.806944e+01,-1.172333e+02,1.52400000e+03,3.41866407e+06,-3.68915375e+06,3.91149797e+06,0.000000e+00,0.000000e+00,0.000000e+00,0.000000e+00,0.000000e+00,1.528983e+03,4.257712e-13,1.490027e+00,1.528983e+03,4.257712e-13,1.490027e+00,,,,,,,,0,,,,radar1.1,simple_radar,WSF_GEOMETRIC_SENSOR,default
1.260000e+02,SENSOR_DETECTION_ATTEMPT,radar1,red,target1,simple_radar,default,1,,,,,,,,,,,,WSF_GEOMETRIC_SENSOR,3.806833e+01,-1.172333e+02,-4.00468707e-08,3.41803457e+06,-3.68820480e+06,3.91046132e+06,0.000000e+00,0.000000e+00,0.000000e+00,0.000000e+00,TARGET,3.806944e+01,-1.172333e+02,1.52400000e+03,3.41879858e+06,-3.68902914e+06,3.91149792e+06,0.000000e+00,0.000000e+00,0.000000e+00,0.000000e+00,,,,,,,,,,,,,,,,,,,,,1.528983e+03,4.265784e-13,1.490027e+00,,,1.528983e+03,3.141593e+00,-1.490047e+00,,,,,,,,,,,,,,,,,,,,,,,,,,,,,,,,,,,,,,,,,,,,,,,,,,,,,,,,,1.000000e+00,2.471867e-01,1
1.260000e+02,SENSOR_TRACK_UPDATED,radar1,red,simple_radar,radar1.1,0.000000e+00,1.260000e+02,252,5.000000e-01,land,M,,,target1,TARGET,blue,3.806833e+01,-1.172333e+02,-4.00468707e-08,3.41803457e+06,-3.68820481e+06,3.91046132e+06,3.806944e+01,-1.172333e+02,1.52400000e+03,3.41879858e+06,-3.68902914e+06,3.91149792e+06,L,3,,B,,3.806944e+01,-1.172333e+02,1.52400000e+03,3.41879858e+06,-3.68902914e+06,3.91149792e+06,0.000000e+00,0.000000e+00,0.000000e+00,0.000000e+00,0.000000e+00,1.528983e+03,4.257712e-13,1.490027e+00,1.528983e+03,4.257712e-13,1.490027e+00,,,,,,,,0,,,
1.260000e+02,LOCAL_TRACK_UPDATED,radar1,red,radar1.2,0.000000e+00,1.260000e+02,252,5.000000e-01,land,P,,,target1,TARGET,blue,3.806833e+01,-1.172333e+02,-4.00468707e-08,3.41803457e+06,-3.68820481e+06,3.91046132e+06,3.806944e+01,-1.172333e+02,1.52400000e+03,3.41879858e+06,-3.68902914e+06,3.91149792e+06,L,3,,B,,3.806944e+01,-1.172333e+02,1.52400000e+03,3.41879858e+06,-3.68902914e+06,3.91149792e+06,0.000000e+00,0.000000e+00,0.000000e+00,0.000000e+00,0.000000e+00,1.528983e+03,4.257712e-13,1.490027e+00,1.528983e+03,4.257712e-13,1.490027e+00,,,,,,,,0,,,,radar1.1,simple_radar,WSF_GEOMETRIC_SENSOR,default
1.265000e+02,SENSOR_DETECTION_ATTEMPT,radar1,red,target1,simple_radar,default,1,,,,,,,,,,,,WSF_GEOMETRIC_SENSOR,3.806833e+01,-1.172333e+02,-4.00468707e-08,3.41816904e+06,-3.68808022e+06,3.91046128e+06,0.000000e+00,0.000000e+00,0.000000e+00,0.000000e+00,TARGET,3.806944e+01,-1.172333e+02,1.52400000e+03,3.41893308e+06,-3.68890453e+06,3.91149788e+06,0.000000e+00,0.000000e+00,0.000000e+00,0.000000e+00,,,,,,,,,,,,,,,,,,,,,1.528983e+03,4.265784e-13,1.490027e+00,,,1.528983e+03,3.141593e+00,-1.490047e+00,,,,,,,,,,,,,,,,,,,,,,,,,,,,,,,,,,,,,,,,,,,,,,,,,,,,,,,,,1.000000e+00,3.002826e-01,1
1.265000e+02,SENSOR_TRACK_UPDATED,radar1,red,simple_radar,radar1.1,0.000000e+00,1.265000e+02,253,5.000000e-01,land,M,,,target1,TARGET,blue,3.806833e+01,-1.172333e+02,-4.00468707e-08,3.41816905e+06,-3.68808022e+06,3.91046128e+06,3.806944e+01,-1.172333e+02,1.52400000e+03,3.41893308e+06,-3.68890453e+06,3.91149788e+06,L,3,,B,,3.806944e+01,-1.172333e+02,1.52400000e+03,3.41893308e+06,-3.68890453e+06,3.91149788e+06,0.000000e+00,0.000000e+00,0.000000e+00,0.000000e+00,0.000000e+00,1.528983e+03,4.257712e-13,1.490027e+00,1.528983e+03,4.257712e-13,1.490027e+00,,,,,,,,0,,,
1.265000e+02,LOCAL_TRACK_UPDATED,radar1,red,radar1.2,0.000000e+00,1.265000e+02,253,5.000000e-01,land,P,,,target1,TARGET,blue,3.806833e+01,-1.172333e+02,-4.00468707e-08,3.41816905e+06,-3.68808022e+06,3.91046128e+06,3.806944e+01,-1.172333e+02,1.52400000e+03,3.41893308e+06,-3.68890453e+06,3.91149788e+06,L,3,,B,,3.806944e+01,-1.172333e+02,1.52400000e+03,3.41893308e+06,-3.68890453e+06,3.91149788e+06,0.000000e+00,0.000000e+00,0.000000e+00,0.000000e+00,0.000000e+00,1.528983e+03,4.257712e-13,1.490027e+00,1.528983e+03,4.257712e-13,1.490027e+00,,,,,,,,0,,,,radar1.1,simple_radar,WSF_GEOMETRIC_SENSOR,default
1.270000e+02,SENSOR_DETECTION_ATTEMPT,radar1,red,target1,simple_radar,default,1,,,,,,,,,,,,WSF_GEOMETRIC_SENSOR,3.806833e+01,-1.172333e+02,-4.00468707e-08,3.41830351e+06,-3.68795563e+06,3.91046123e+06,0.000000e+00,0.000000e+00,0.000000e+00,0.000000e+00,TARGET,3.806944e+01,-1.172333e+02,1.52400000e+03,3.41906758e+06,-3.68877992e+06,3.91149784e+06,0.000000e+00,0.000000e+00,0.000000e+00,0.000000e+00,,,,,,,,,,,,,,,,,,,,,1.528983e+03,4.265784e-13,1.490027e+00,,,1.528983e+03,3.141593e+00,-1.490047e+00,,,,,,,,,,,,,,,,,,,,,,,,,,,,,,,,,,,,,,,,,,,,,,,,,,,,,,,,,1.000000e+00,5.733898e-02,1
1.270000e+02,SENSOR_TRACK_UPDATED,radar1,red,simple_radar,radar1.1,0.000000e+00,1.270000e+02,254,5.000000e-01,land,M,,,target1,TARGET,blue,3.806833e+01,-1.172333e+02,-4.00468707e-08,3.41830352e+06,-3.68795563e+06,3.91046123e+06,3.806944e+01,-1.172333e+02,1.52400000e+03,3.41906758e+06,-3.68877992e+06,3.91149784e+06,L,3,,B,,3.806944e+01,-1.172333e+02,1.52400000e+03,3.41906758e+06,-3.68877992e+06,3.91149784e+06,0.000000e+00,0.000000e+00,0.000000e+00,0.000000e+00,0.000000e+00,1.528983e+03,4.257712e-13,1.490027e+00,1.528983e+03,4.257712e-13,1.490027e+00,,,,,,,,0,,,
1.270000e+02,LOCAL_TRACK_UPDATED,radar1,red,radar1.2,0.000000e+00,1.270000e+02,254,5.000000e-01,land,P,,,target1,TARGET,blue,3.806833e+01,-1.172333e+02,-4.00468707e-08,3.41830352e+06,-3.68795563e+06,3.91046123e+06,3.806944e+01,-1.172333e+02,1.52400000e+03,3.41906758e+06,-3.68877992e+06,3.91149784e+06,L,3,,B,,3.806944e+01,-1.172333e+02,1.52400000e+03,3.41906758e+06,-3.68877992e+06,3.91149784e+06,0.000000e+00,0.000000e+00,0.000000e+00,0.000000e+00,0.000000e+00,1.528983e+03,4.257712e-13,1.490027e+00,1.528983e+03,4.257712e-13,1.490027e+00,,,,,,,,0,,,,radar1.1,simple_radar,WSF_GEOMETRIC_SENSOR,default
1.275000e+02,SENSOR_DETECTION_ATTEMPT,radar1,red,target1,simple_radar,default,1,,,,,,,,,,,,WSF_GEOMETRIC_SENSOR,3.806833e+01,-1.172333e+02,-4.00468707e-08,3.41843798e+06,-3.68783104e+06,3.91046119e+06,0.000000e+00,0.000000e+00,0.000000e+00,0.000000e+00,TARGET,3.806944e+01,-1.172333e+02,1.52400000e+03,3.41920208e+06,-3.68865530e+06,3.91149780e+06,0.000000e+00,0.000000e+00,0.000000e+00,0.000000e+00,,,,,,,,,,,,,,,,,,,,,1.528983e+03,4.265784e-13,1.490027e+00,,,1.528983e+03,3.141593e+00,-1.490047e+00,,,,,,,,,,,,,,,,,,,,,,,,,,,,,,,,,,,,,,,,,,,,,,,,,,,,,,,,,1.000000e+00,4.345725e-01,1
1.275000e+02,SENSOR_TRACK_UPDATED,radar1,red,simple_radar,radar1.1,0.000000e+00,1.275000e+02,255,5.000000e-01,land,M,,,target1,TARGET,blue,3.806833e+01,-1.172333e+02,-4.00468707e-08,3.41843798e+06,-3.68783104e+06,3.91046119e+06,3.806944e+01,-1.172333e+02,1.52400000e+03,3.41920208e+06,-3.68865530e+06,3.91149779e+06,L,3,,B,,3.806944e+01,-1.172333e+02,1.52400000e+03,3.41920208e+06,-3.68865530e+06,3.91149780e+06,0.000000e+00,0.000000e+00,0.000000e+00,0.000000e+00,0.000000e+00,1.528983e+03,4.257712e-13,1.490027e+00,1.528983e+03,4.257712e-13,1.490027e+00,,,,,,,,0,,,
1.275000e+02,LOCAL_TRACK_UPDATED,radar1,red,radar1.2,0.000000e+00,1.275000e+02,255,5.000000e-01,land,P,,,target1,TARGET,blue,3.806833e+01,-1.172333e+02,-4.00468707e-08,3.41843798e+06,-3.68783104e+06,3.91046119e+06,3.806944e+01,-1.172333e+02,1.52400000e+03,3.41920208e+06,-3.68865530e+06,3.91149779e+06,L,3,,B,,3.806944e+01,-1.172333e+02,1.52400000e+03,3.41920208e+06,-3.68865530e+06,3.91149780e+06,0.000000e+00,0.000000e+00,0.000000e+00,0.000000e+00,0.000000e+00,1.528983e+03,4.257712e-13,1.490027e+00,1.528983e+03,4.257712e-13,1.490027e+00,,,,,,,,0,,,,radar1.1,simple_radar,WSF_GEOMETRIC_SENSOR,default
1.280000e+02,SENSOR_DETECTION_ATTEMPT,radar1,red,target1,simple_radar,default,1,,,,,,,,,,,,WSF_GEOMETRIC_SENSOR,3.806833e+01,-1.172333e+02,-4.00468707e-08,3.41857244e+06,-3.68770644e+06,3.91046115e+06,0.000000e+00,0.000000e+00,0.000000e+00,0.000000e+00,TARGET,3.806944e+01,-1.172333e+02,1.52400000e+03,3.41933657e+06,-3.68853067e+06,3.91149775e+06,0.000000e+00,0.000000e+00,0.000000e+00,0.000000e+00,,,,,,,,,,,,,,,,,,,,,1.528983e+03,4.265784e-13,1.490027e+00,,,1.528983e+03,3.141593e+00,-1.490047e+00,,,,,,,,,,,,,,,,,,,,,,,,,,,,,,,,,,,,,,,,,,,,,,,,,,,,,,,,,1.000000e+00,4.432484e-01,1
1.280000e+02,SENSOR_TRACK_UPDATED,radar1,red,simple_radar,radar1.1,0.000000e+00,1.280000e+02,256,5.000000e-01,land,M,,,target1,TARGET,blue,3.806833e+01,-1.172333e+02,-4.00468707e-08,3.41857244e+06,-3.68770644e+06,3.91046115e+06,3.806944e+01,-1.172333e+02,1.52400000e+03,3.41933657e+06,-3.68853067e+06,3.91149775e+06,L,3,,B,,3.806944e+01,-1.172333e+02,1.52400000e+03,3.41933657e+06,-3.68853067e+06,3.91149775e+06,0.000000e+00,0.000000e+00,0.000000e+00,0.000000e+00,0.000000e+00,1.528983e+03,4.257712e-13,1.490027e+00,1.528983e+03,4.257712e-13,1.490027e+00,,,,,,,,0,,,
1.280000e+02,LOCAL_TRACK_UPDATED,radar1,red,radar1.2,0.000000e+00,1.280000e+02,256,5.000000e-01,land,P,,,target1,TARGET,blue,3.806833e+01,-1.172333e+02,-4.00468707e-08,3.41857244e+06,-3.68770644e+06,3.91046115e+06,3.806944e+01,-1.172333e+02,1.52400000e+03,3.41933657e+06,-3.68853067e+06,3.91149775e+06,L,3,,B,,3.806944e+01,-1.172333e+02,1.52400000e+03,3.41933657e+06,-3.68853067e+06,3.91149775e+06,0.000000e+00,0.000000e+00,0.000000e+00,0.000000e+00,0.000000e+00,1.528983e+03,4.257712e-13,1.490027e+00,1.528983e+03,4.257712e-13,1.490027e+00,,,,,,,,0,,,,radar1.1,simple_radar,WSF_GEOMETRIC_SENSOR,default
1.285000e+02,SENSOR_DETECTION_ATTEMPT,radar1,red,target1,simple_radar,default,1,,,,,,,,,,,,WSF_GEOMETRIC_SENSOR,3.806833e+01,-1.172333e+02,-4.00468707e-08,3.41870690e+06,-3.68758184e+06,3.91046111e+06,0.000000e+00,0.000000e+00,0.000000e+00,0.000000e+00,TARGET,3.806944e+01,-1.172333e+02,1.52400000e+03,3.41947105e+06,-3.68840604e+06,3.91149771e+06,0.000000e+00,0.000000e+00,0.000000e+00,0.000000e+00,,,,,,,,,,,,,,,,,,,,,1.528983e+03,4.265784e-13,1.490027e+00,,,1.528983e+03,3.141593e+00,-1.490047e+00,,,,,,,,,,,,,,,,,,,,,,,,,,,,,,,,,,,,,,,,,,,,,,,,,,,,,,,,,1.000000e+00,3.662961e-01,1
1.285000e+02,SENSOR_TRACK_UPDATED,radar1,red,simple_radar,radar1.1,0.000000e+00,1.285000e+02,257,5.000000e-01,land,M,,,target1,TARGET,blue,3.806833e+01,-1.172333e+02,-4.00468707e-08,3.41870690e+06,-3.68758184e+06,3.91046110e+06,3.806944e+01,-1.172333e+02,1.52400000e+03,3.41947106e+06,-3.68840604e+06,3.91149771e+06,L,3,,B,,3.806944e+01,-1.172333e+02,1.52400000e+03,3.41947105e+06,-3.68840604e+06,3.91149771e+06,0.000000e+00,0.000000e+00,0.000000e+00,0.000000e+00,0.000000e+00,1.528983e+03,4.257712e-13,1.490027e+00,1.528983e+03,4.257712e-13,1.490027e+00,,,,,,,,0,,,
1.285000e+02,LOCAL_TRACK_UPDATED,radar1,red,radar1.2,0.000000e+00,1.285000e+02,257,5.000000e-01,land,P,,,target1,TARGET,blue,3.806833e+01,-1.172333e+02,-4.00468707e-08,3.41870690e+06,-3.68758184e+06,3.91046110e+06,3.806944e+01,-1.172333e+02,1.52400000e+03,3.41947106e+06,-3.68840604e+06,3.91149771e+06,L,3,,B,,3.806944e+01,-1.172333e+02,1.52400000e+03,3.41947105e+06,-3.68840604e+06,3.91149771e+06,0.000000e+00,0.000000e+00,0.000000e+00,0.000000e+00,0.000000e+00,1.528983e+03,4.257712e-13,1.490027e+00,1.528983e+03,4.257712e-13,1.490027e+00,,,,,,,,0,,,,radar1.1,simple_radar,WSF_GEOMETRIC_SENSOR,default
1.290000e+02,SENSOR_DETECTION_ATTEMPT,radar1,red,target1,simple_radar,default,1,,,,,,,,,,,,WSF_GEOMETRIC_SENSOR,3.806833e+01,-1.172333e+02,-4.00468707e-08,3.41884135e+06,-3.68745723e+06,3.91046106e+06,0.000000e+00,0.000000e+00,0.000000e+00,0.000000e+00,TARGET,3.806944e+01,-1.172333e+02,1.52400000e+03,3.41960554e+06,-3.68828141e+06,3.91149767e+06,0.000000e+00,0.000000e+00,0.000000e+00,0.000000e+00,,,,,,,,,,,,,,,,,,,,,1.528983e+03,4.265784e-13,1.490027e+00,,,1.528983e+03,3.141593e+00,-1.490047e+00,,,,,,,,,,,,,,,,,,,,,,,,,,,,,,,,,,,,,,,,,,,,,,,,,,,,,,,,,1.000000e+00,4.725076e-01,1
1.290000e+02,SENSOR_TRACK_UPDATED,radar1,red,simple_radar,radar1.1,0.000000e+00,1.290000e+02,258,5.000000e-01,land,M,,,target1,TARGET,blue,3.806833e+01,-1.172333e+02,-4.00468707e-08,3.41884135e+06,-3.68745723e+06,3.91046106e+06,3.806944e+01,-1.172333e+02,1.52400000e+03,3.41960554e+06,-3.68828141e+06,3.91149766e+06,L,3,,B,,3.806944e+01,-1.172333e+02,1.52400000e+03,3.41960554e+06,-3.68828141e+06,3.91149767e+06,0.000000e+00,0.000000e+00,0.000000e+00,0.000000e+00,0.000000e+00,1.528983e+03,4.257712e-13,1.490027e+00,1.528983e+03,4.257712e-13,1.490027e+00,,,,,,,,0,,,
1.290000e+02,LOCAL_TRACK_UPDATED,radar1,red,radar1.2,0.000000e+00,1.290000e+02,258,5.000000e-01,land,P,,,target1,TARGET,blue,3.806833e+01,-1.172333e+02,-4.00468707e-08,3.41884135e+06,-3.68745723e+06,3.91046106e+06,3.806944e+01,-1.172333e+02,1.52400000e+03,3.41960554e+06,-3.68828141e+06,3.91149766e+06,L,3,,B,,3.806944e+01,-1.172333e+02,1.52400000e+03,3.41960554e+06,-3.68828141e+06,3.91149767e+06,0.000000e+00,0.000000e+00,0.000000e+00,0.000000e+00,0.000000e+00,1.528983e+03,4.257712e-13,1.490027e+00,1.528983e+03,4.257712e-13,1.490027e+00,,,,,,,,0,,,,radar1.1,simple_radar,WSF_GEOMETRIC_SENSOR,default
1.295000e+02,SENSOR_DETECTION_ATTEMPT,radar1,red,target1,simple_radar,default,1,,,,,,,,,,,,WSF_GEOMETRIC_SENSOR,3.806833e+01,-1.172333e+02,-4.00468707e-08,3.41897580e+06,-3.68733262e+06,3.91046102e+06,0.000000e+00,0.000000e+00,0.000000e+00,0.000000e+00,TARGET,3.806944e+01,-1.172333e+02,1.52400000e+03,3.41974001e+06,-3.68815677e+06,3.91149762e+06,0.000000e+00,0.000000e+00,0.000000e+00,0.000000e+00,,,,,,,,,,,,,,,,,,,,,1.528983e+03,4.265784e-13,1.490027e+00,,,1.528983e+03,3.141593e+00,-1.490047e+00,,,,,,,,,,,,,,,,,,,,,,,,,,,,,,,,,,,,,,,,,,,,,,,,,,,,,,,,,1.000000e+00,4.710523e-01,1
1.295000e+02,SENSOR_TRACK_UPDATED,radar1,red,simple_radar,radar1.1,0.000000e+00,1.295000e+02,259,5.000000e-01,land,M,,,target1,TARGET,blue,3.806833e+01,-1.172333e+02,-4.00468707e-08,3.41897580e+06,-3.68733262e+06,3.91046102e+06,3.806944e+01,-1.172333e+02,1.52400000e+03,3.41974002e+06,-3.68815677e+06,3.91149762e+06,L,3,,B,,3.806944e+01,-1.172333e+02,1.52400000e+03,3.41974001e+06,-3.68815677e+06,3.91149762e+06,0.000000e+00,0.000000e+00,0.000000e+00,0.000000e+00,0.000000e+00,1.528983e+03,4.257712e-13,1.490027e+00,1.528983e+03,4.257712e-13,1.490027e+00,,,,,,,,0,,,
1.295000e+02,LOCAL_TRACK_UPDATED,radar1,red,radar1.2,0.000000e+00,1.295000e+02,259,5.000000e-01,land,P,,,target1,TARGET,blue,3.806833e+01,-1.172333e+02,-4.00468707e-08,3.41897580e+06,-3.68733262e+06,3.91046102e+06,3.806944e+01,-1.172333e+02,1.52400000e+03,3.41974002e+06,-3.68815677e+06,3.91149762e+06,L,3,,B,,3.806944e+01,-1.172333e+02,1.52400000e+03,3.41974001e+06,-3.68815677e+06,3.91149762e+06,0.000000e+00,0.000000e+00,0.000000e+00,0.000000e+00,0.000000e+00,1.528983e+03,4.257712e-13,1.490027e+00,1.528983e+03,4.257712e-13,1.490027e+00,,,,,,,,0,,,,radar1.1,simple_radar,WSF_GEOMETRIC_SENSOR,default
1.300000e+02,SENSOR_DETECTION_ATTEMPT,radar1,red,target1,simple_radar,default,1,,,,,,,,,,,,WSF_GEOMETRIC_SENSOR,3.806833e+01,-1.172333e+02,-4.00468707e-08,3.41911024e+06,-3.68720800e+06,3.91046098e+06,0.000000e+00,0.000000e+00,0.000000e+00,0.000000e+00,TARGET,3.806944e+01,-1.172333e+02,1.52400000e+03,3.41987449e+06,-3.68803212e+06,3.91149758e+06,0.000000e+00,0.000000e+00,0.000000e+00,0.000000e+00,,,,,,,,,,,,,,,,,,,,,1.528983e+03,4.265784e-13,1.490027e+00,,,1.528983e+03,3.141593e+00,-1.490047e+00,,,,,,,,,,,,,,,,,,,,,,,,,,,,,,,,,,,,,,,,,,,,,,,,,,,,,,,,,1.000000e+00,1.798638e-02,1
1.300000e+02,SENSOR_TRACK_UPDATED,radar1,red,simple_radar,radar1.1,0.000000e+00,1.300000e+02,260,5.000000e-01,land,M,,,target1,TARGET,blue,3.806833e+01,-1.172333e+02,-4.00468707e-08,3.41911024e+06,-3.68720800e+06,3.91046097e+06,3.806944e+01,-1.172333e+02,1.52400000e+03,3.41987449e+06,-3.68803212e+06,3.91149758e+06,L,3,,B,,3.806944e+01,-1.172333e+02,1.52400000e+03,3.41987449e+06,-3.68803212e+06,3.91149758e+06,0.000000e+00,0.000000e+00,0.000000e+00,0.000000e+00,0.000000e+00,1.528983e+03,4.257712e-13,1.490027e+00,1.528983e+03,4.257712e-13,1.490027e+00,,,,,,,,0,,,
1.300000e+02,LOCAL_TRACK_UPDATED,radar1,red,radar1.2,0.000000e+00,1.300000e+02,260,5.000000e-01,land,P,,,target1,TARGET,blue,3.806833e+01,-1.172333e+02,-4.00468707e-08,3.41911024e+06,-3.68720800e+06,3.91046097e+06,3.806944e+01,-1.172333e+02,1.52400000e+03,3.41987449e+06,-3.68803212e+06,3.91149758e+06,L,3,,B,,3.806944e+01,-1.172333e+02,1.52400000e+03,3.41987449e+06,-3.68803212e+06,3.91149758e+06,0.000000e+00,0.000000e+00,0.000000e+00,0.000000e+00,0.000000e+00,1.528983e+03,4.257712e-13,1.490027e+00,1.528983e+03,4.257712e-13,1.490027e+00,,,,,,,,0,,,,radar1.1,simple_radar,WSF_GEOMETRIC_SENSOR,default
1.305000e+02,SENSOR_DETECTION_ATTEMPT,radar1,red,target1,simple_radar,default,1,,,,,,,,,,,,WSF_GEOMETRIC_SENSOR,3.806833e+01,-1.172333e+02,-4.00468707e-08,3.41924468e+06,-3.68708338e+06,3.91046093e+06,0.000000e+00,0.000000e+00,0.000000e+00,0.000000e+00,TARGET,3.806944e+01,-1.172333e+02,1.52400000e+03,3.42000896e+06,-3.68790747e+06,3.91149754e+06,0.000000e+00,0.000000e+00,0.000000e+00,0.000000e+00,,,,,,,,,,,,,,,,,,,,,1.528983e+03,4.265784e-13,1.490027e+00,,,1.528983e+03,3.141593e+00,-1.490047e+00,,,,,,,,,,,,,,,,,,,,,,,,,,,,,,,,,,,,,,,,,,,,,,,,,,,,,,,,,1.000000e+00,7.012555e-01,1
1.305000e+02,SENSOR_TRACK_UPDATED,radar1,red,simple_radar,radar1.1,0.000000e+00,1.305000e+02,261,5.000000e-01,land,M,,,target1,TARGET,blue,3.806833e+01,-1.172333e+02,-4.00468707e-08,3.41924468e+06,-3.68708338e+06,3.91046093e+06,3.806944e+01,-1.172333e+02,1.52400000e+03,3.42000896e+06,-3.68790747e+06,3.91149753e+06,L,3,,B,,3.806944e+01,-1.172333e+02,1.52400000e+03,3.42000896e+06,-3.68790747e+06,3.91149754e+06,0.000000e+00,0.000000e+00,0.000000e+00,0.000000e+00,0.000000e+00,1.528983e+03,4.257712e-13,1.490027e+00,1.528983e+03,4.257712e-13,1.490027e+00,,,,,,,,0,,,
1.305000e+02,LOCAL_TRACK_UPDATED,radar1,red,radar1.2,0.000000e+00,1.305000e+02,261,5.000000e-01,land,P,,,target1,TARGET,blue,3.806833e+01,-1.172333e+02,-4.00468707e-08,3.41924468e+06,-3.68708338e+06,3.91046093e+06,3.806944e+01,-1.172333e+02,1.52400000e+03,3.42000896e+06,-3.68790747e+06,3.91149753e+06,L,3,,B,,3.806944e+01,-1.172333e+02,1.52400000e+03,3.42000896e+06,-3.68790747e+06,3.91149754e+06,0.000000e+00,0.000000e+00,0.000000e+00,0.000000e+00,0.000000e+00,1.528983e+03,4.257712e-13,1.490027e+00,1.528983e+03,4.257712e-13,1.490027e+00,,,,,,,,0,,,,radar1.1,simple_radar,WSF_GEOMETRIC_SENSOR,default
1.310000e+02,SENSOR_DETECTION_ATTEMPT,radar1,red,target1,simple_radar,default,1,,,,,,,,,,,,WSF_GEOMETRIC_SENSOR,3.806833e+01,-1.172333e+02,-4.00468707e-08,3.41937911e+06,-3.68695875e+06,3.91046089e+06,0.000000e+00,0.000000e+00,0.000000e+00,0.000000e+00,TARGET,3.806944e+01,-1.172333e+02,1.52400000e+03,3.42014342e+06,-3.68778282e+06,3.91149749e+06,0.000000e+00,0.000000e+00,0.000000e+00,0.000000e+00,,,,,,,,,,,,,,,,,,,,,1.528983e+03,4.265784e-13,1.490027e+00,,,1.528983e+03,3.141593e+00,-1.490047e+00,,,,,,,,,,,,,,,,,,,,,,,,,,,,,,,,,,,,,,,,,,,,,,,,,,,,,,,,,1.000000e+00,9.846229e-01,1
1.310000e+02,SENSOR_TRACK_UPDATED,radar1,red,simple_radar,radar1.1,0.000000e+00,1.310000e+02,262,5.000000e-01,land,M,,,target1,TARGET,blue,3.806833e+01,-1.172333e+02,-4.00468707e-08,3.41937911e+06,-3.68695876e+06,3.91046089e+06,3.806944e+01,-1.172333e+02,1.52400000e+03,3.42014342e+06,-3.68778282e+06,3.91149749e+06,L,3,,B,,3.806944e+01,-1.172333e+02,1.52400000e+03,3.42014342e+06,-3.68778282e+06,3.91149749e+06,0.000000e+00,0.000000e+00,0.000000e+00,0.000000e+00,0.000000e+00,1.528983e+03,4.257712e-13,1.490027e+00,1.528983e+03,4.257712e-13,1.490027e+00,,,,,,,,0,,,
1.310000e+02,LOCAL_TRACK_UPDATED,radar1,red,radar1.2,0.000000e+00,1.310000e+02,262,5.000000e-01,land,P,,,target1,TARGET,blue,3.806833e+01,-1.172333e+02,-4.00468707e-08,3.41937911e+06,-3.68695876e+06,3.91046089e+06,3.806944e+01,-1.172333e+02,1.52400000e+03,3.42014342e+06,-3.68778282e+06,3.91149749e+06,L,3,,B,,3.806944e+01,-1.172333e+02,1.52400000e+03,3.42014342e+06,-3.68778282e+06,3.91149749e+06,0.000000e+00,0.000000e+00,0.000000e+00,0.000000e+00,0.000000e+00,1.528983e+03,4.257712e-13,1.490027e+00,1.528983e+03,4.257712e-13,1.490027e+00,,,,,,,,0,,,,radar1.1,simple_radar,WSF_GEOMETRIC_SENSOR,default
1.315000e+02,SENSOR_DETECTION_ATTEMPT,radar1,red,target1,simple_radar,default,1,,,,,,,,,,,,WSF_GEOMETRIC_SENSOR,3.806833e+01,-1.172333e+02,-4.00468707e-08,3.41951354e+06,-3.68683412e+06,3.91046085e+06,0.000000e+00,0.000000e+00,0.000000e+00,0.000000e+00,TARGET,3.806944e+01,-1.172333e+02,1.52400000e+03,3.42027788e+06,-3.68765816e+06,3.91149745e+06,0.000000e+00,0.000000e+00,0.000000e+00,0.000000e+00,,,,,,,,,,,,,,,,,,,,,1.528983e+03,4.265784e-13,1.490027e+00,,,1.528983e+03,3.141593e+00,-1.490047e+00,,,,,,,,,,,,,,,,,,,,,,,,,,,,,,,,,,,,,,,,,,,,,,,,,,,,,,,,,1.000000e+00,2.083399e-01,1
1.315000e+02,SENSOR_TRACK_UPDATED,radar1,red,simple_radar,radar1.1,0.000000e+00,1.315000e+02,263,5.000000e-01,land,M,,,target1,TARGET,blue,3.806833e+01,-1.172333e+02,-4.00468707e-08,3.41951354e+06,-3.68683412e+06,3.91046084e+06,3.806944e+01,-1.172333e+02,1.52400000e+03,3.42027788e+06,-3.68765816e+06,3.91149745e+06,L,3,,B,,3.806944e+01,-1.172333e+02,1.52400000e+03,3.42027788e+06,-3.68765816e+06,3.91149745e+06,0.000000e+00,0.000000e+00,0.000000e+00,0.000000e+00,0.000000e+00,1.528983e+03,4.257712e-13,1.490027e+00,1.528983e+03,4.257712e-13,1.490027e+00,,,,,,,,0,,,
1.315000e+02,LOCAL_TRACK_UPDATED,radar1,red,radar1.2,0.000000e+00,1.315000e+02,263,5.000000e-01,land,P,,,target1,TARGET,blue,3.806833e+01,-1.172333e+02,-4.00468707e-08,3.41951354e+06,-3.68683412e+06,3.91046084e+06,3.806944e+01,-1.172333e+02,1.52400000e+03,3.42027788e+06,-3.68765816e+06,3.91149745e+06,L,3,,B,,3.806944e+01,-1.172333e+02,1.52400000e+03,3.42027788e+06,-3.68765816e+06,3.91149745e+06,0.000000e+00,0.000000e+00,0.000000e+00,0.000000e+00,0.000000e+00,1.528983e+03,4.257712e-13,1.490027e+00,1.528983e+03,4.257712e-13,1.490027e+00,,,,,,,,0,,,,radar1.1,simple_radar,WSF_GEOMETRIC_SENSOR,default
1.320000e+02,SENSOR_DETECTION_ATTEMPT,radar1,red,target1,simple_radar,default,1,,,,,,,,,,,,WSF_GEOMETRIC_SENSOR,3.806833e+01,-1.172333e+02,-4.00468707e-08,3.41964797e+06,-3.68670949e+06,3.91046080e+06,0.000000e+00,0.000000e+00,0.000000e+00,0.000000e+00,TARGET,3.806944e+01,-1.172333e+02,1.52400000e+03,3.42041233e+06,-3.68753349e+06,3.91149741e+06,0.000000e+00,0.000000e+00,0.000000e+00,0.000000e+00,,,,,,,,,,,,,,,,,,,,,1.528983e+03,4.265784e-13,1.490027e+00,,,1.528983e+03,3.141593e+00,-1.490047e+00,,,,,,,,,,,,,,,,,,,,,,,,,,,,,,,,,,,,,,,,,,,,,,,,,,,,,,,,,1.000000e+00,3.025174e-01,1
1.320000e+02,SENSOR_TRACK_UPDATED,radar1,red,simple_radar,radar1.1,0.000000e+00,1.320000e+02,264,5.000000e-01,land,M,,,target1,TARGET,blue,3.806833e+01,-1.172333e+02,-4.00468707e-08,3.41964797e+06,-3.68670949e+06,3.91046080e+06,3.806944e+01,-1.172333e+02,1.52400000e+03,3.42041234e+06,-3.68753349e+06,3.91149740e+06,L,3,,B,,3.806944e+01,-1.172333e+02,1.52400000e+03,3.42041233e+06,-3.68753349e+06,3.91149741e+06,0.000000e+00,0.000000e+00,0.000000e+00,0.000000e+00,0.000000e+00,1.528983e+03,4.257712e-13,1.490027e+00,1.528983e+03,4.257712e-13,1.490027e+00,,,,,,,,0,,,
1.320000e+02,LOCAL_TRACK_UPDATED,radar1,red,radar1.2,0.000000e+00,1.320000e+02,264,5.000000e-01,land,P,,,target1,TARGET,blue,3.806833e+01,-1.172333e+02,-4.00468707e-08,3.41964797e+06,-3.68670949e+06,3.91046080e+06,3.806944e+01,-1.172333e+02,1.52400000e+03,3.42041234e+06,-3.68753349e+06,3.91149740e+06,L,3,,B,,3.806944e+01,-1.172333e+02,1.52400000e+03,3.42041233e+06,-3.68753349e+06,3.91149741e+06,0.000000e+00,0.000000e+00,0.000000e+00,0.000000e+00,0.000000e+00,1.528983e+03,4.257712e-13,1.490027e+00,1.528983e+03,4.257712e-13,1.490027e+00,,,,,,,,0,,,,radar1.1,simple_radar,WSF_GEOMETRIC_SENSOR,default
1.325000e+02,SENSOR_DETECTION_ATTEMPT,radar1,red,target1,simple_radar,default,1,,,,,,,,,,,,WSF_GEOMETRIC_SENSOR,3.806833e+01,-1.172333e+02,-4.00468707e-08,3.41978239e+06,-3.68658484e+06,3.91046076e+06,0.000000e+00,0.000000e+00,0.000000e+00,0.000000e+00,TARGET,3.806944e+01,-1.172333e+02,1.52400000e+03,3.42054678e+06,-3.68740882e+06,3.91149736e+06,0.000000e+00,0.000000e+00,0.000000e+00,0.000000e+00,,,,,,,,,,,,,,,,,,,,,1.528983e+03,4.265784e-13,1.490027e+00,,,1.528983e+03,3.141593e+00,-1.490047e+00,,,,,,,,,,,,,,,,,,,,,,,,,,,,,,,,,,,,,,,,,,,,,,,,,,,,,,,,,1.000000e+00,3.413635e-01,1
1.325000e+02,SENSOR_TRACK_UPDATED,radar1,red,simple_radar,radar1.1,0.000000e+00,1.325000e+02,265,5.000000e-01,land,M,,,target1,TARGET,blue,3.806833e+01,-1.172333e+02,-4.00468707e-08,3.41978239e+06,-3.68658484e+06,3.91046076e+06,3.806944e+01,-1.172333e+02,1.52400000e+03,3.42054679e+06,-3.68740882e+06,3.91149736e+06,L,3,,B,,3.806944e+01,-1.172333e+02,1.52400000e+03,3.42054678e+06,-3.68740882e+06,3.91149736e+06,0.000000e+00,0.000000e+00,0.000000e+00,0.000000e+00,0.000000e+00,1.528983e+03,4.257712e-13,1.490027e+00,1.528983e+03,4.257712e-13,1.490027e+00,,,,,,,,0,,,
1.325000e+02,LOCAL_TRACK_UPDATED,radar1,red,radar1.2,0.000000e+00,1.325000e+02,265,5.000000e-01,land,P,,,target1,TARGET,blue,3.806833e+01,-1.172333e+02,-4.00468707e-08,3.41978239e+06,-3.68658484e+06,3.91046076e+06,3.806944e+01,-1.172333e+02,1.52400000e+03,3.42054679e+06,-3.68740882e+06,3.91149736e+06,L,3,,B,,3.806944e+01,-1.172333e+02,1.52400000e+03,3.42054678e+06,-3.68740882e+06,3.91149736e+06,0.000000e+00,0.000000e+00,0.000000e+00,0.000000e+00,0.000000e+00,1.528983e+03,4.257712e-13,1.490027e+00,1.528983e+03,4.257712e-13,1.490027e+00,,,,,,,,0,,,,radar1.1,simple_radar,WSF_GEOMETRIC_SENSOR,default
1.330000e+02,SENSOR_DETECTION_ATTEMPT,radar1,red,target1,simple_radar,default,1,,,,,,,,,,,,WSF_GEOMETRIC_SENSOR,3.806833e+01,-1.172333e+02,-4.00468707e-08,3.41991680e+06,-3.68646020e+06,3.91046072e+06,0.000000e+00,0.000000e+00,0.000000e+00,0.000000e+00,TARGET,3.806944e+01,-1.172333e+02,1.52400000e+03,3.42068123e+06,-3.68728415e+06,3.91149732e+06,0.000000e+00,0.000000e+00,0.000000e+00,0.000000e+00,,,,,,,,,,,,,,,,,,,,,1.528983e+03,4.265784e-13,1.490027e+00,,,1.528983e+03,3.141593e+00,-1.490047e+00,,,,,,,,,,,,,,,,,,,,,,,,,,,,,,,,,,,,,,,,,,,,,,,,,,,,,,,,,1.000000e+00,4.629217e-01,1
1.330000e+02,SENSOR_TRACK_UPDATED,radar1,red,simple_radar,radar1.1,0.000000e+00,1.330000e+02,266,5.000000e-01,land,M,,,target1,TARGET,blue,3.806833e+01,-1.172333e+02,-4.00468707e-08,3.41991680e+06,-3.68646020e+06,3.91046072e+06,3.806944e+01,-1.172333e+02,1.52400000e+03,3.42068123e+06,-3.68728415e+06,3.91149732e+06,L,3,,B,,3.806944e+01,-1.172333e+02,1.52400000e+03,3.42068123e+06,-3.68728415e+06,3.91149732e+06,0.000000e+00,0.000000e+00,0.000000e+00,0.000000e+00,0.000000e+00,1.528983e+03,4.257712e-13,1.490027e+00,1.528983e+03,4.257712e-13,1.490027e+00,,,,,,,,0,,,
1.330000e+02,LOCAL_TRACK_UPDATED,radar1,red,radar1.2,0.000000e+00,1.330000e+02,266,5.000000e-01,land,P,,,target1,TARGET,blue,3.806833e+01,-1.172333e+02,-4.00468707e-08,3.41991680e+06,-3.68646020e+06,3.91046072e+06,3.806944e+01,-1.172333e+02,1.52400000e+03,3.42068123e+06,-3.68728415e+06,3.91149732e+06,L,3,,B,,3.806944e+01,-1.172333e+02,1.52400000e+03,3.42068123e+06,-3.68728415e+06,3.91149732e+06,0.000000e+00,0.000000e+00,0.000000e+00,0.000000e+00,0.000000e+00,1.528983e+03,4.257712e-13,1.490027e+00,1.528983e+03,4.257712e-13,1.490027e+00,,,,,,,,0,,,,radar1.1,simple_radar,WSF_GEOMETRIC_SENSOR,default
1.335000e+02,SENSOR_DETECTION_ATTEMPT,radar1,red,target1,simple_radar,default,1,,,,,,,,,,,,WSF_GEOMETRIC_SENSOR,3.806833e+01,-1.172333e+02,-4.00468707e-08,3.42005121e+06,-3.68633555e+06,3.91046067e+06,0.000000e+00,0.000000e+00,0.000000e+00,0.000000e+00,TARGET,3.806944e+01,-1.172333e+02,1.52400000e+03,3.42081567e+06,-3.68715947e+06,3.91149728e+06,0.000000e+00,0.000000e+00,0.000000e+00,0.000000e+00,,,,,,,,,,,,,,,,,,,,,1.528983e+03,4.265784e-13,1.490027e+00,,,1.528983e+03,3.141593e+00,-1.490047e+00,,,,,,,,,,,,,,,,,,,,,,,,,,,,,,,,,,,,,,,,,,,,,,,,,,,,,,,,,1.000000e+00,8.081946e-01,1
1.335000e+02,SENSOR_TRACK_UPDATED,radar1,red,simple_radar,radar1.1,0.000000e+00,1.335000e+02,267,5.000000e-01,land,M,,,target1,TARGET,blue,3.806833e+01,-1.172333e+02,-4.00468707e-08,3.42005121e+06,-3.68633555e+06,3.91046067e+06,3.806944e+01,-1.172333e+02,1.52400000e+03,3.42081567e+06,-3.68715947e+06,3.91149728e+06,L,3,,B,,3.806944e+01,-1.172333e+02,1.52400000e+03,3.42081567e+06,-3.68715947e+06,3.91149728e+06,0.000000e+00,0.000000e+00,0.000000e+00,0.000000e+00,0.000000e+00,1.528983e+03,4.257712e-13,1.490027e+00,1.528983e+03,4.257712e-13,1.490027e+00,,,,,,,,0,,,
1.335000e+02,LOCAL_TRACK_UPDATED,radar1,red,radar1.2,0.000000e+00,1.335000e+02,267,5.000000e-01,land,P,,,target1,TARGET,blue,3.806833e+01,-1.172333e+02,-4.00468707e-08,3.42005121e+06,-3.68633555e+06,3.91046067e+06,3.806944e+01,-1.172333e+02,1.52400000e+03,3.42081567e+06,-3.68715947e+06,3.91149728e+06,L,3,,B,,3.806944e+01,-1.172333e+02,1.52400000e+03,3.42081567e+06,-3.68715947e+06,3.91149728e+06,0.000000e+00,0.000000e+00,0.000000e+00,0.000000e+00,0.000000e+00,1.528983e+03,4.257712e-13,1.490027e+00,1.528983e+03,4.257712e-13,1.490027e+00,,,,,,,,0,,,,radar1.1,simple_radar,WSF_GEOMETRIC_SENSOR,default
1.340000e+02,SENSOR_DETECTION_ATTEMPT,radar1,red,target1,simple_radar,default,1,,,,,,,,,,,,WSF_GEOMETRIC_SENSOR,3.806833e+01,-1.172333e+02,-4.00468707e-08,3.42018562e+06,-3.68621089e+06,3.91046063e+06,0.000000e+00,0.000000e+00,0.000000e+00,0.000000e+00,TARGET,3.806944e+01,-1.172333e+02,1.52400000e+03,3.42095011e+06,-3.68703478e+06,3.91149723e+06,0.000000e+00,0.000000e+00,0.000000e+00,0.000000e+00,,,,,,,,,,,,,,,,,,,,,1.528983e+03,4.265784e-13,1.490027e+00,,,1.528983e+03,3.141593e+00,-1.490047e+00,,,,,,,,,,,,,,,,,,,,,,,,,,,,,,,,,,,,,,,,,,,,,,,,,,,,,,,,,1.000000e+00,2.395500e-01,1
1.340000e+02,SENSOR_TRACK_UPDATED,radar1,red,simple_radar,radar1.1,0.000000e+00,1.340000e+02,268,5.000000e-01,land,M,,,target1,TARGET,blue,3.806833e+01,-1.172333e+02,-4.00468707e-08,3.42018562e+06,-3.68621089e+06,3.91046063e+06,3.806944e+01,-1.172333e+02,1.52400000e+03,3.42095011e+06,-3.68703478e+06,3.91149723e+06,L,3,,B,,3.806944e+01,-1.172333e+02,1.52400000e+03,3.42095011e+06,-3.68703478e+06,3.91149723e+06,0.000000e+00,0.000000e+00,0.000000e+00,0.000000e+00,0.000000e+00,1.528983e+03,4.257712e-13,1.490027e+00,1.528983e+03,4.257712e-13,1.490027e+00,,,,,,,,0,,,
1.340000e+02,LOCAL_TRACK_UPDATED,radar1,red,radar1.2,0.000000e+00,1.340000e+02,268,5.000000e-01,land,P,,,target1,TARGET,blue,3.806833e+01,-1.172333e+02,-4.00468707e-08,3.42018562e+06,-3.68621089e+06,3.91046063e+06,3.806944e+01,-1.172333e+02,1.52400000e+03,3.42095011e+06,-3.68703478e+06,3.91149723e+06,L,3,,B,,3.806944e+01,-1.172333e+02,1.52400000e+03,3.42095011e+06,-3.68703478e+06,3.91149723e+06,0.000000e+00,0.000000e+00,0.000000e+00,0.000000e+00,0.000000e+00,1.528983e+03,4.257712e-13,1.490027e+00,1.528983e+03,4.257712e-13,1.490027e+00,,,,,,,,0,,,,radar1.1,simple_radar,WSF_GEOMETRIC_SENSOR,default
1.345000e+02,SENSOR_DETECTION_ATTEMPT,radar1,red,target1,simple_radar,default,1,,,,,,,,,,,,WSF_GEOMETRIC_SENSOR,3.806833e+01,-1.172333e+02,-4.00468707e-08,3.42032002e+06,-3.68608623e+06,3.91046059e+06,0.000000e+00,0.000000e+00,0.000000e+00,0.000000e+00,TARGET,3.806944e+01,-1.172333e+02,1.52400000e+03,3.42108454e+06,-3.68691009e+06,3.91149719e+06,0.000000e+00,0.000000e+00,0.000000e+00,0.000000e+00,,,,,,,,,,,,,,,,,,,,,1.528983e+03,4.265784e-13,1.490027e+00,,,1.528983e+03,3.141593e+00,-1.490047e+00,,,,,,,,,,,,,,,,,,,,,,,,,,,,,,,,,,,,,,,,,,,,,,,,,,,,,,,,,1.000000e+00,7.263619e-01,1
1.345000e+02,SENSOR_TRACK_UPDATED,radar1,red,simple_radar,radar1.1,0.000000e+00,1.345000e+02,269,5.000000e-01,land,M,,,target1,TARGET,blue,3.806833e+01,-1.172333e+02,-4.00468707e-08,3.42032002e+06,-3.68608623e+06,3.91046059e+06,3.806944e+01,-1.172333e+02,1.52400000e+03,3.42108454e+06,-3.68691010e+06,3.91149719e+06,L,3,,B,,3.806944e+01,-1.172333e+02,1.52400000e+03,3.42108454e+06,-3.68691009e+06,3.91149719e+06,0.000000e+00,0.000000e+00,0.000000e+00,0.000000e+00,0.000000e+00,1.528983e+03,4.257712e-13,1.490027e+00,1.528983e+03,4.257712e-13,1.490027e+00,,,,,,,,0,,,
1.345000e+02,LOCAL_TRACK_UPDATED,radar1,red,radar1.2,0.000000e+00,1.345000e+02,269,5.000000e-01,land,P,,,target1,TARGET,blue,3.806833e+01,-1.172333e+02,-4.00468707e-08,3.42032002e+06,-3.68608623e+06,3.91046059e+06,3.806944e+01,-1.172333e+02,1.52400000e+03,3.42108454e+06,-3.68691010e+06,3.91149719e+06,L,3,,B,,3.806944e+01,-1.172333e+02,1.52400000e+03,3.42108454e+06,-3.68691009e+06,3.91149719e+06,0.000000e+00,0.000000e+00,0.000000e+00,0.000000e+00,0.000000e+00,1.528983e+03,4.257712e-13,1.490027e+00,1.528983e+03,4.257712e-13,1.490027e+00,,,,,,,,0,,,,radar1.1,simple_radar,WSF_GEOMETRIC_SENSOR,default
1.350000e+02,SENSOR_DETECTION_ATTEMPT,radar1,red,target1,simple_radar,default,1,,,,,,,,,,,,WSF_GEOMETRIC_SENSOR,3.806833e+01,-1.172333e+02,-4.00468707e-08,3.42045442e+06,-3.68596156e+06,3.91046054e+06,0.000000e+00,0.000000e+00,0.000000e+00,0.000000e+00,TARGET,3.806944e+01,-1.172333e+02,1.52400000e+03,3.42121897e+06,-3.68678540e+06,3.91149715e+06,0.000000e+00,0.000000e+00,0.000000e+00,0.000000e+00,,,,,,,,,,,,,,,,,,,,,1.528983e+03,4.265784e-13,1.490027e+00,,,1.528983e+03,3.141593e+00,-1.490047e+00,,,,,,,,,,,,,,,,,,,,,,,,,,,,,,,,,,,,,,,,,,,,,,,,,,,,,,,,,1.000000e+00,9.496750e-01,1
1.350000e+02,SENSOR_TRACK_UPDATED,radar1,red,simple_radar,radar1.1,0.000000e+00,1.350000e+02,270,5.000000e-01,land,M,,,target1,TARGET,blue,3.806833e+01,-1.172333e+02,-4.00468707e-08,3.42045442e+06,-3.68596156e+06,3.91046054e+06,3.806944e+01,-1.172333e+02,1.52400000e+03,3.42121897e+06,-3.68678540e+06,3.91149715e+06,L,3,,B,,3.806944e+01,-1.172333e+02,1.52400000e+03,3.42121897e+06,-3.68678540e+06,3.91149715e+06,0.000000e+00,0.000000e+00,0.000000e+00,0.000000e+00,0.000000e+00,1.528983e+03,4.257712e-13,1.490027e+00,1.528983e+03,4.257712e-13,1.490027e+00,,,,,,,,0,,,
1.350000e+02,LOCAL_TRACK_UPDATED,radar1,red,radar1.2,0.000000e+00,1.350000e+02,270,5.000000e-01,land,P,,,target1,TARGET,blue,3.806833e+01,-1.172333e+02,-4.00468707e-08,3.42045442e+06,-3.68596156e+06,3.91046054e+06,3.806944e+01,-1.172333e+02,1.52400000e+03,3.42121897e+06,-3.68678540e+06,3.91149715e+06,L,3,,B,,3.806944e+01,-1.172333e+02,1.52400000e+03,3.42121897e+06,-3.68678540e+06,3.91149715e+06,0.000000e+00,0.000000e+00,0.000000e+00,0.000000e+00,0.000000e+00,1.528983e+03,4.257712e-13,1.490027e+00,1.528983e+03,4.257712e-13,1.490027e+00,,,,,,,,0,,,,radar1.1,simple_radar,WSF_GEOMETRIC_SENSOR,default
1.355000e+02,SENSOR_DETECTION_ATTEMPT,radar1,red,target1,simple_radar,default,1,,,,,,,,,,,,WSF_GEOMETRIC_SENSOR,3.806833e+01,-1.172333e+02,-4.00468707e-08,3.42058881e+06,-3.68583689e+06,3.91046050e+06,0.000000e+00,0.000000e+00,0.000000e+00,0.000000e+00,TARGET,3.806944e+01,-1.172333e+02,1.52400000e+03,3.42135339e+06,-3.68666070e+06,3.91149710e+06,0.000000e+00,0.000000e+00,0.000000e+00,0.000000e+00,,,,,,,,,,,,,,,,,,,,,1.528983e+03,4.265784e-13,1.490027e+00,,,1.528983e+03,3.141593e+00,-1.490047e+00,,,,,,,,,,,,,,,,,,,,,,,,,,,,,,,,,,,,,,,,,,,,,,,,,,,,,,,,,1.000000e+00,8.774782e-01,1
1.355000e+02,SENSOR_TRACK_UPDATED,radar1,red,simple_radar,radar1.1,0.000000e+00,1.355000e+02,271,5.000000e-01,land,M,,,target1,TARGET,blue,3.806833e+01,-1.172333e+02,-4.00468707e-08,3.42058881e+06,-3.68583689e+06,3.91046050e+06,3.806944e+01,-1.172333e+02,1.52400000e+03,3.42135339e+06,-3.68666070e+06,3.91149710e+06,L,3,,B,,3.806944e+01,-1.172333e+02,1.52400000e+03,3.42135339e+06,-3.68666070e+06,3.91149710e+06,0.000000e+00,0.000000e+00,0.000000e+00,0.000000e+00,0.000000e+00,1.528983e+03,4.257712e-13,1.490027e+00,1.528983e+03,4.257712e-13,1.490027e+00,,,,,,,,0,,,
1.355000e+02,LOCAL_TRACK_UPDATED,radar1,red,radar1.2,0.000000e+00,1.355000e+02,271,5.000000e-01,land,P,,,target1,TARGET,blue,3.806833e+01,-1.172333e+02,-4.00468707e-08,3.42058881e+06,-3.68583689e+06,3.91046050e+06,3.806944e+01,-1.172333e+02,1.52400000e+03,3.42135339e+06,-3.68666070e+06,3.91149710e+06,L,3,,B,,3.806944e+01,-1.172333e+02,1.52400000e+03,3.42135339e+06,-3.68666070e+06,3.91149710e+06,0.000000e+00,0.000000e+00,0.000000e+00,0.000000e+00,0.000000e+00,1.528983e+03,4.257712e-13,1.490027e+00,1.528983e+03,4.257712e-13,1.490027e+00,,,,,,,,0,,,,radar1.1,simple_radar,WSF_GEOMETRIC_SENSOR,default
1.360000e+02,SENSOR_DETECTION_ATTEMPT,radar1,red,target1,simple_radar,default,1,,,,,,,,,,,,WSF_GEOMETRIC_SENSOR,3.806833e+01,-1.172333e+02,-4.00468707e-08,3.42072320e+06,-3.68571222e+06,3.91046046e+06,0.000000e+00,0.000000e+00,0.000000e+00,0.000000e+00,TARGET,3.806944e+01,-1.172333e+02,1.52400000e+03,3.42148781e+06,-3.68653600e+06,3.91149706e+06,0.000000e+00,0.000000e+00,0.000000e+00,0.000000e+00,,,,,,,,,,,,,,,,,,,,,1.528983e+03,4.265784e-13,1.490027e+00,,,1.528983e+03,3.141593e+00,-1.490047e+00,,,,,,,,,,,,,,,,,,,,,,,,,,,,,,,,,,,,,,,,,,,,,,,,,,,,,,,,,1.000000e+00,9.165545e-01,1
1.360000e+02,SENSOR_TRACK_UPDATED,radar1,red,simple_radar,radar1.1,0.000000e+00,1.360000e+02,272,5.000000e-01,land,M,,,target1,TARGET,blue,3.806833e+01,-1.172333e+02,-4.00468707e-08,3.42072320e+06,-3.68571222e+06,3.91046046e+06,3.806944e+01,-1.172333e+02,1.52400000e+03,3.42148781e+06,-3.68653600e+06,3.91149706e+06,L,3,,B,,3.806944e+01,-1.172333e+02,1.52400000e+03,3.42148781e+06,-3.68653600e+06,3.91149706e+06,0.000000e+00,0.000000e+00,0.000000e+00,0.000000e+00,0.000000e+00,1.528983e+03,4.257712e-13,1.490027e+00,1.528983e+03,4.257712e-13,1.490027e+00,,,,,,,,0,,,
1.360000e+02,LOCAL_TRACK_UPDATED,radar1,red,radar1.2,0.000000e+00,1.360000e+02,272,5.000000e-01,land,P,,,target1,TARGET,blue,3.806833e+01,-1.172333e+02,-4.00468707e-08,3.42072320e+06,-3.68571222e+06,3.91046046e+06,3.806944e+01,-1.172333e+02,1.52400000e+03,3.42148781e+06,-3.68653600e+06,3.91149706e+06,L,3,,B,,3.806944e+01,-1.172333e+02,1.52400000e+03,3.42148781e+06,-3.68653600e+06,3.91149706e+06,0.000000e+00,0.000000e+00,0.000000e+00,0.000000e+00,0.000000e+00,1.528983e+03,4.257712e-13,1.490027e+00,1.528983e+03,4.257712e-13,1.490027e+00,,,,,,,,0,,,,radar1.1,simple_radar,WSF_GEOMETRIC_SENSOR,default
1.365000e+02,SENSOR_DETECTION_ATTEMPT,radar1,red,target1,simple_radar,default,1,,,,,,,,,,,,WSF_GEOMETRIC_SENSOR,3.806833e+01,-1.172333e+02,-4.00468707e-08,3.42085758e+06,-3.68558753e+06,3.91046041e+06,0.000000e+00,0.000000e+00,0.000000e+00,0.000000e+00,TARGET,3.806944e+01,-1.172333e+02,1.52400000e+03,3.42162222e+06,-3.68641129e+06,3.91149702e+06,0.000000e+00,0.000000e+00,0.000000e+00,0.000000e+00,,,,,,,,,,,,,,,,,,,,,1.528983e+03,4.265784e-13,1.490027e+00,,,1.528983e+03,3.141593e+00,-1.490047e+00,,,,,,,,,,,,,,,,,,,,,,,,,,,,,,,,,,,,,,,,,,,,,,,,,,,,,,,,,1.000000e+00,8.913804e-01,1
1.365000e+02,SENSOR_TRACK_UPDATED,radar1,red,simple_radar,radar1.1,0.000000e+00,1.365000e+02,273,5.000000e-01,land,M,,,target1,TARGET,blue,3.806833e+01,-1.172333e+02,-4.00468707e-08,3.42085759e+06,-3.68558753e+06,3.91046041e+06,3.806944e+01,-1.172333e+02,1.52400000e+03,3.42162222e+06,-3.68641129e+06,3.91149702e+06,L,3,,B,,3.806944e+01,-1.172333e+02,1.52400000e+03,3.42162222e+06,-3.68641129e+06,3.91149702e+06,0.000000e+00,0.000000e+00,0.000000e+00,0.000000e+00,0.000000e+00,1.528983e+03,4.257712e-13,1.490027e+00,1.528983e+03,4.257712e-13,1.490027e+00,,,,,,,,0,,,
1.365000e+02,LOCAL_TRACK_UPDATED,radar1,red,radar1.2,0.000000e+00,1.365000e+02,273,5.000000e-01,land,P,,,target1,TARGET,blue,3.806833e+01,-1.172333e+02,-4.00468707e-08,3.42085759e+06,-3.68558753e+06,3.91046041e+06,3.806944e+01,-1.172333e+02,1.52400000e+03,3.42162222e+06,-3.68641129e+06,3.91149702e+06,L,3,,B,,3.806944e+01,-1.172333e+02,1.52400000e+03,3.42162222e+06,-3.68641129e+06,3.91149702e+06,0.000000e+00,0.000000e+00,0.000000e+00,0.000000e+00,0.000000e+00,1.528983e+03,4.257712e-13,1.490027e+00,1.528983e+03,4.257712e-13,1.490027e+00,,,,,,,,0,,,,radar1.1,simple_radar,WSF_GEOMETRIC_SENSOR,default
1.370000e+02,SENSOR_DETECTION_ATTEMPT,radar1,red,target1,simple_radar,default,1,,,,,,,,,,,,WSF_GEOMETRIC_SENSOR,3.806833e+01,-1.172333e+02,-4.00468707e-08,3.42099196e+06,-3.68546285e+06,3.91046037e+06,0.000000e+00,0.000000e+00,0.000000e+00,0.000000e+00,TARGET,3.806944e+01,-1.172333e+02,1.52400000e+03,3.42175663e+06,-3.68628658e+06,3.91149698e+06,0.000000e+00,0.000000e+00,0.000000e+00,0.000000e+00,,,,,,,,,,,,,,,,,,,,,1.528983e+03,4.265784e-13,1.490027e+00,,,1.528983e+03,3.141593e+00,-1.490047e+00,,,,,,,,,,,,,,,,,,,,,,,,,,,,,,,,,,,,,,,,,,,,,,,,,,,,,,,,,1.000000e+00,7.709877e-01,1
1.370000e+02,SENSOR_TRACK_UPDATED,radar1,red,simple_radar,radar1.1,0.000000e+00,1.370000e+02,274,5.000000e-01,land,M,,,target1,TARGET,blue,3.806833e+01,-1.172333e+02,-4.00468707e-08,3.42099196e+06,-3.68546285e+06,3.91046037e+06,3.806944e+01,-1.172333e+02,1.52400000e+03,3.42175663e+06,-3.68628658e+06,3.91149697e+06,L,3,,B,,3.806944e+01,-1.172333e+02,1.52400000e+03,3.42175663e+06,-3.68628658e+06,3.91149698e+06,0.000000e+00,0.000000e+00,0.000000e+00,0.000000e+00,0.000000e+00,1.528983e+03,4.257712e-13,1.490027e+00,1.528983e+03,4.257712e-13,1.490027e+00,,,,,,,,0,,,
1.370000e+02,LOCAL_TRACK_UPDATED,radar1,red,radar1.2,0.000000e+00,1.370000e+02,274,5.000000e-01,land,P,,,target1,TARGET,blue,3.806833e+01,-1.172333e+02,-4.00468707e-08,3.42099196e+06,-3.68546285e+06,3.91046037e+06,3.806944e+01,-1.172333e+02,1.52400000e+03,3.42175663e+06,-3.68628658e+06,3.91149697e+06,L,3,,B,,3.806944e+01,-1.172333e+02,1.52400000e+03,3.42175663e+06,-3.68628658e+06,3.91149698e+06,0.000000e+00,0.000000e+00,0.000000e+00,0.000000e+00,0.000000e+00,1.528983e+03,4.257712e-13,1.490027e+00,1.528983e+03,4.257712e-13,1.490027e+00,,,,,,,,0,,,,radar1.1,simple_radar,WSF_GEOMETRIC_SENSOR,default
1.375000e+02,SENSOR_DETECTION_ATTEMPT,radar1,red,target1,simple_radar,default,1,,,,,,,,,,,,WSF_GEOMETRIC_SENSOR,3.806833e+01,-1.172333e+02,-4.00468707e-08,3.42112634e+06,-3.68533816e+06,3.91046033e+06,0.000000e+00,0.000000e+00,0.000000e+00,0.000000e+00,TARGET,3.806944e+01,-1.172333e+02,1.52400000e+03,3.42189104e+06,-3.68616186e+06,3.91149693e+06,0.000000e+00,0.000000e+00,0.000000e+00,0.000000e+00,,,,,,,,,,,,,,,,,,,,,1.528983e+03,4.265784e-13,1.490027e+00,,,1.528983e+03,3.141593e+00,-1.490047e+00,,,,,,,,,,,,,,,,,,,,,,,,,,,,,,,,,,,,,,,,,,,,,,,,,,,,,,,,,1.000000e+00,7.138969e-01,1
1.375000e+02,SENSOR_TRACK_UPDATED,radar1,red,simple_radar,radar1.1,0.000000e+00,1.375000e+02,275,5.000000e-01,land,M,,,target1,TARGET,blue,3.806833e+01,-1.172333e+02,-4.00468707e-08,3.42112634e+06,-3.68533816e+06,3.91046033e+06,3.806944e+01,-1.172333e+02,1.52400000e+03,3.42189104e+06,-3.68616186e+06,3.91149693e+06,L,3,,B,,3.806944e+01,-1.172333e+02,1.52400000e+03,3.42189104e+06,-3.68616186e+06,3.91149693e+06,0.000000e+00,0.000000e+00,0.000000e+00,0.000000e+00,0.000000e+00,1.528983e+03,4.257712e-13,1.490027e+00,1.528983e+03,4.257712e-13,1.490027e+00,,,,,,,,0,,,
1.375000e+02,LOCAL_TRACK_UPDATED,radar1,red,radar1.2,0.000000e+00,1.375000e+02,275,5.000000e-01,land,P,,,target1,TARGET,blue,3.806833e+01,-1.172333e+02,-4.00468707e-08,3.42112634e+06,-3.68533816e+06,3.91046033e+06,3.806944e+01,-1.172333e+02,1.52400000e+03,3.42189104e+06,-3.68616186e+06,3.91149693e+06,L,3,,B,,3.806944e+01,-1.172333e+02,1.52400000e+03,3.42189104e+06,-3.68616186e+06,3.91149693e+06,0.000000e+00,0.000000e+00,0.000000e+00,0.000000e+00,0.000000e+00,1.528983e+03,4.257712e-13,1.490027e+00,1.528983e+03,4.257712e-13,1.490027e+00,,,,,,,,0,,,,radar1.1,simple_radar,WSF_GEOMETRIC_SENSOR,default
1.380000e+02,SENSOR_DETECTION_ATTEMPT,radar1,red,target1,simple_radar,default,1,,,,,,,,,,,,WSF_GEOMETRIC_SENSOR,3.806833e+01,-1.172333e+02,-4.00468707e-08,3.42126071e+06,-3.68521346e+06,3.91046029e+06,0.000000e+00,0.000000e+00,0.000000e+00,0.000000e+00,TARGET,3.806944e+01,-1.172333e+02,1.52400000e+03,3.42202544e+06,-3.68603713e+06,3.91149689e+06,0.000000e+00,0.000000e+00,0.000000e+00,0.000000e+00,,,,,,,,,,,,,,,,,,,,,1.528983e+03,4.265784e-13,1.490027e+00,,,1.528983e+03,3.141593e+00,-1.490047e+00,,,,,,,,,,,,,,,,,,,,,,,,,,,,,,,,,,,,,,,,,,,,,,,,,,,,,,,,,1.000000e+00,9.550124e-01,1
1.380000e+02,SENSOR_TRACK_UPDATED,radar1,red,simple_radar,radar1.1,0.000000e+00,1.380000e+02,276,5.000000e-01,land,M,,,target1,TARGET,blue,3.806833e+01,-1.172333e+02,-4.00468707e-08,3.42126071e+06,-3.68521346e+06,3.91046028e+06,3.806944e+01,-1.172333e+02,1.52400000e+03,3.42202544e+06,-3.68603713e+06,3.91149689e+06,L,3,,B,,3.806944e+01,-1.172333e+02,1.52400000e+03,3.42202544e+06,-3.68603713e+06,3.91149689e+06,0.000000e+00,0.000000e+00,0.000000e+00,0.000000e+00,0.000000e+00,1.528983e+03,4.257712e-13,1.490027e+00,1.528983e+03,4.257712e-13,1.490027e+00,,,,,,,,0,,,
1.380000e+02,LOCAL_TRACK_UPDATED,radar1,red,radar1.2,0.000000e+00,1.380000e+02,276,5.000000e-01,land,P,,,target1,TARGET,blue,3.806833e+01,-1.172333e+02,-4.00468707e-08,3.42126071e+06,-3.68521346e+06,3.91046028e+06,3.806944e+01,-1.172333e+02,1.52400000e+03,3.42202544e+06,-3.68603713e+06,3.91149689e+06,L,3,,B,,3.806944e+01,-1.172333e+02,1.52400000e+03,3.42202544e+06,-3.68603713e+06,3.91149689e+06,0.000000e+00,0.000000e+00,0.000000e+00,0.000000e+00,0.000000e+00,1.528983e+03,4.257712e-13,1.490027e+00,1.528983e+03,4.257712e-13,1.490027e+00,,,,,,,,0,,,,radar1.1,simple_radar,WSF_GEOMETRIC_SENSOR,default
1.385000e+02,SENSOR_DETECTION_ATTEMPT,radar1,red,target1,simple_radar,default,1,,,,,,,,,,,,WSF_GEOMETRIC_SENSOR,3.806833e+01,-1.172333e+02,-4.00468707e-08,3.42139507e+06,-3.68508876e+06,3.91046024e+06,0.000000e+00,0.000000e+00,0.000000e+00,0.000000e+00,TARGET,3.806944e+01,-1.172333e+02,1.52400000e+03,3.42215983e+06,-3.68591240e+06,3.91149685e+06,0.000000e+00,0.000000e+00,0.000000e+00,0.000000e+00,,,,,,,,,,,,,,,,,,,,,1.528983e+03,4.265784e-13,1.490027e+00,,,1.528983e+03,3.141593e+00,-1.490047e+00,,,,,,,,,,,,,,,,,,,,,,,,,,,,,,,,,,,,,,,,,,,,,,,,,,,,,,,,,1.000000e+00,8.340685e-01,1
1.385000e+02,SENSOR_TRACK_UPDATED,radar1,red,simple_radar,radar1.1,0.000000e+00,1.385000e+02,277,5.000000e-01,land,M,,,target1,TARGET,blue,3.806833e+01,-1.172333e+02,-4.00468707e-08,3.42139508e+06,-3.68508876e+06,3.91046024e+06,3.806944e+01,-1.172333e+02,1.52400000e+03,3.42215983e+06,-3.68591241e+06,3.91149684e+06,L,3,,B,,3.806944e+01,-1.172333e+02,1.52400000e+03,3.42215983e+06,-3.68591240e+06,3.91149685e+06,0.000000e+00,0.000000e+00,0.000000e+00,0.000000e+00,0.000000e+00,1.528983e+03,4.257712e-13,1.490027e+00,1.528983e+03,4.257712e-13,1.490027e+00,,,,,,,,0,,,
1.385000e+02,LOCAL_TRACK_UPDATED,radar1,red,radar1.2,0.000000e+00,1.385000e+02,277,5.000000e-01,land,P,,,target1,TARGET,blue,3.806833e+01,-1.172333e+02,-4.00468707e-08,3.42139508e+06,-3.68508876e+06,3.91046024e+06,3.806944e+01,-1.172333e+02,1.52400000e+03,3.42215983e+06,-3.68591241e+06,3.91149684e+06,L,3,,B,,3.806944e+01,-1.172333e+02,1.52400000e+03,3.42215983e+06,-3.68591240e+06,3.91149685e+06,0.000000e+00,0.000000e+00,0.000000e+00,0.000000e+00,0.000000e+00,1.528983e+03,4.257712e-13,1.490027e+00,1.528983e+03,4.257712e-13,1.490027e+00,,,,,,,,0,,,,radar1.1,simple_radar,WSF_GEOMETRIC_SENSOR,default
1.390000e+02,SENSOR_DETECTION_ATTEMPT,radar1,red,target1,simple_radar,default,1,,,,,,,,,,,,WSF_GEOMETRIC_SENSOR,3.806833e+01,-1.172333e+02,-4.00468707e-08,3.42152944e+06,-3.68496406e+06,3.91046020e+06,0.000000e+00,0.000000e+00,0.000000e+00,0.000000e+00,TARGET,3.806944e+01,-1.172333e+02,1.52400000e+03,3.42229422e+06,-3.68578767e+06,3.91149680e+06,0.000000e+00,0.000000e+00,0.000000e+00,0.000000e+00,,,,,,,,,,,,,,,,,,,,,1.528983e+03,4.265784e-13,1.490027e+00,,,1.528983e+03,3.141593e+00,-1.490047e+00,,,,,,,,,,,,,,,,,,,,,,,,,,,,,,,,,,,,,,,,,,,,,,,,,,,,,,,,,1.000000e+00,1.499316e-01,1
1.390000e+02,SENSOR_TRACK_UPDATED,radar1,red,simple_radar,radar1.1,0.000000e+00,1.390000e+02,278,5.000000e-01,land,M,,,target1,TARGET,blue,3.806833e+01,-1.172333e+02,-4.00468707e-08,3.42152944e+06,-3.68496406e+06,3.91046020e+06,3.806944e+01,-1.172333e+02,1.52400000e+03,3.42229422e+06,-3.68578767e+06,3.91149680e+06,L,3,,B,,3.806944e+01,-1.172333e+02,1.52400000e+03,3.42229422e+06,-3.68578767e+06,3.91149680e+06,0.000000e+00,0.000000e+00,0.000000e+00,0.000000e+00,0.000000e+00,1.528983e+03,4.257712e-13,1.490027e+00,1.528983e+03,4.257712e-13,1.490027e+00,,,,,,,,0,,,
1.390000e+02,LOCAL_TRACK_UPDATED,radar1,red,radar1.2,0.000000e+00,1.390000e+02,278,5.000000e-01,land,P,,,target1,TARGET,blue,3.806833e+01,-1.172333e+02,-4.00468707e-08,3.42152944e+06,-3.68496406e+06,3.91046020e+06,3.806944e+01,-1.172333e+02,1.52400000e+03,3.42229422e+06,-3.68578767e+06,3.91149680e+06,L,3,,B,,3.806944e+01,-1.172333e+02,1.52400000e+03,3.42229422e+06,-3.68578767e+06,3.91149680e+06,0.000000e+00,0.000000e+00,0.000000e+00,0.000000e+00,0.000000e+00,1.528983e+03,4.257712e-13,1.490027e+00,1.528983e+03,4.257712e-13,1.490027e+00,,,,,,,,0,,,,radar1.1,simple_radar,WSF_GEOMETRIC_SENSOR,default
1.395000e+02,SENSOR_DETECTION_ATTEMPT,radar1,red,target1,simple_radar,default,1,,,,,,,,,,,,WSF_GEOMETRIC_SENSOR,3.806833e+01,-1.172333e+02,-4.00468707e-08,3.42166379e+06,-3.68483935e+06,3.91046016e+06,0.000000e+00,0.000000e+00,0.000000e+00,0.000000e+00,TARGET,3.806944e+01,-1.172333e+02,1.52400000e+03,3.42242861e+06,-3.68566293e+06,3.91149676e+06,0.000000e+00,0.000000e+00,0.000000e+00,0.000000e+00,,,,,,,,,,,,,,,,,,,,,1.528983e+03,4.265784e-13,1.490027e+00,,,1.528983e+03,3.141593e+00,-1.490047e+00,,,,,,,,,,,,,,,,,,,,,,,,,,,,,,,,,,,,,,,,,,,,,,,,,,,,,,,,,1.000000e+00,7.515656e-01,1
1.395000e+02,SENSOR_TRACK_UPDATED,radar1,red,simple_radar,radar1.1,0.000000e+00,1.395000e+02,279,5.000000e-01,land,M,,,target1,TARGET,blue,3.806833e+01,-1.172333e+02,-4.00468707e-08,3.42166379e+06,-3.68483935e+06,3.91046015e+06,3.806944e+01,-1.172333e+02,1.52400000e+03,3.42242861e+06,-3.68566293e+06,3.91149676e+06,L,3,,B,,3.806944e+01,-1.172333e+02,1.52400000e+03,3.42242861e+06,-3.68566293e+06,3.91149676e+06,0.000000e+00,0.000000e+00,0.000000e+00,0.000000e+00,0.000000e+00,1.528983e+03,4.257712e-13,1.490027e+00,1.528983e+03,4.257712e-13,1.490027e+00,,,,,,,,0,,,
1.395000e+02,LOCAL_TRACK_UPDATED,radar1,red,radar1.2,0.000000e+00,1.395000e+02,279,5.000000e-01,land,P,,,target1,TARGET,blue,3.806833e+01,-1.172333e+02,-4.00468707e-08,3.42166379e+06,-3.68483935e+06,3.91046015e+06,3.806944e+01,-1.172333e+02,1.52400000e+03,3.42242861e+06,-3.68566293e+06,3.91149676e+06,L,3,,B,,3.806944e+01,-1.172333e+02,1.52400000e+03,3.42242861e+06,-3.68566293e+06,3.91149676e+06,0.000000e+00,0.000000e+00,0.000000e+00,0.000000e+00,0.000000e+00,1.528983e+03,4.257712e-13,1.490027e+00,1.528983e+03,4.257712e-13,1.490027e+00,,,,,,,,0,,,,radar1.1,simple_radar,WSF_GEOMETRIC_SENSOR,default
1.400000e+02,SENSOR_DETECTION_ATTEMPT,radar1,red,target1,simple_radar,default,1,,,,,,,,,,,,WSF_GEOMETRIC_SENSOR,3.806833e+01,-1.172333e+02,-4.00468707e-08,3.42179814e+06,-3.68471463e+06,3.91046011e+06,0.000000e+00,0.000000e+00,0.000000e+00,0.000000e+00,TARGET,3.806944e+01,-1.172333e+02,1.52400000e+03,3.42256299e+06,-3.68553819e+06,3.91149672e+06,0.000000e+00,0.000000e+00,0.000000e+00,0.000000e+00,,,,,,,,,,,,,,,,,,,,,1.528983e+03,4.265784e-13,1.490027e+00,,,1.528983e+03,3.141593e+00,-1.490047e+00,,,,,,,,,,,,,,,,,,,,,,,,,,,,,,,,,,,,,,,,,,,,,,,,,,,,,,,,,1.000000e+00,2.710695e-01,1
1.400000e+02,SENSOR_TRACK_UPDATED,radar1,red,simple_radar,radar1.1,0.000000e+00,1.400000e+02,280,5.000000e-01,land,M,,,target1,TARGET,blue,3.806833e+01,-1.172333e+02,-4.00468707e-08,3.42179815e+06,-3.68471463e+06,3.91046011e+06,3.806944e+01,-1.172333e+02,1.52400000e+03,3.42256299e+06,-3.68553819e+06,3.91149671e+06,L,3,,B,,3.806944e+01,-1.172333e+02,1.52400000e+03,3.42256299e+06,-3.68553819e+06,3.91149672e+06,0.000000e+00,0.000000e+00,0.000000e+00,0.000000e+00,0.000000e+00,1.528983e+03,4.257712e-13,1.490027e+00,1.528983e+03,4.257712e-13,1.490027e+00,,,,,,,,0,,,
1.400000e+02,LOCAL_TRACK_UPDATED,radar1,red,radar1.2,0.000000e+00,1.400000e+02,280,5.000000e-01,land,P,,,target1,TARGET,blue,3.806833e+01,-1.172333e+02,-4.00468707e-08,3.42179815e+06,-3.68471463e+06,3.91046011e+06,3.806944e+01,-1.172333e+02,1.52400000e+03,3.42256299e+06,-3.68553819e+06,3.91149671e+06,L,3,,B,,3.806944e+01,-1.172333e+02,1.52400000e+03,3.42256299e+06,-3.68553819e+06,3.91149672e+06,0.000000e+00,0.000000e+00,0.000000e+00,0.000000e+00,0.000000e+00,1.528983e+03,4.257712e-13,1.490027e+00,1.528983e+03,4.257712e-13,1.490027e+00,,,,,,,,0,,,,radar1.1,simple_radar,WSF_GEOMETRIC_SENSOR,default
1.405000e+02,SENSOR_DETECTION_ATTEMPT,radar1,red,target1,simple_radar,default,1,,,,,,,,,,,,WSF_GEOMETRIC_SENSOR,3.806833e+01,-1.172333e+02,-4.00468707e-08,3.42193249e+06,-3.68458991e+06,3.91046007e+06,0.000000e+00,0.000000e+00,0.000000e+00,0.000000e+00,TARGET,3.806944e+01,-1.172333e+02,1.52400000e+03,3.42269737e+06,-3.68541344e+06,3.91149667e+06,0.000000e+00,0.000000e+00,0.000000e+00,0.000000e+00,,,,,,,,,,,,,,,,,,,,,1.528983e+03,4.265784e-13,1.490027e+00,,,1.528983e+03,3.141593e+00,-1.490047e+00,,,,,,,,,,,,,,,,,,,,,,,,,,,,,,,,,,,,,,,,,,,,,,,,,,,,,,,,,1.000000e+00,5.841262e-03,1
1.405000e+02,SENSOR_TRACK_UPDATED,radar1,red,simple_radar,radar1.1,0.000000e+00,1.405000e+02,281,5.000000e-01,land,M,,,target1,TARGET,blue,3.806833e+01,-1.172333e+02,-4.00468707e-08,3.42193249e+06,-3.68458991e+06,3.91046007e+06,3.806944e+01,-1.172333e+02,1.52400000e+03,3.42269737e+06,-3.68541344e+06,3.91149667e+06,L,3,,B,,3.806944e+01,-1.172333e+02,1.52400000e+03,3.42269737e+06,-3.68541344e+06,3.91149667e+06,0.000000e+00,0.000000e+00,0.000000e+00,0.000000e+00,0.000000e+00,1.528983e+03,4.257712e-13,1.490027e+00,1.528983e+03,4.257712e-13,1.490027e+00,,,,,,,,0,,,
1.405000e+02,LOCAL_TRACK_UPDATED,radar1,red,radar1.2,0.000000e+00,1.405000e+02,281,5.000000e-01,land,P,,,target1,TARGET,blue,3.806833e+01,-1.172333e+02,-4.00468707e-08,3.42193249e+06,-3.68458991e+06,3.91046007e+06,3.806944e+01,-1.172333e+02,1.52400000e+03,3.42269737e+06,-3.68541344e+06,3.91149667e+06,L,3,,B,,3.806944e+01,-1.172333e+02,1.52400000e+03,3.42269737e+06,-3.68541344e+06,3.91149667e+06,0.000000e+00,0.000000e+00,0.000000e+00,0.000000e+00,0.000000e+00,1.528983e+03,4.257712e-13,1.490027e+00,1.528983e+03,4.257712e-13,1.490027e+00,,,,,,,,0,,,,radar1.1,simple_radar,WSF_GEOMETRIC_SENSOR,default
1.410000e+02,SENSOR_DETECTION_ATTEMPT,radar1,red,target1,simple_radar,default,1,,,,,,,,,,,,WSF_GEOMETRIC_SENSOR,3.806833e+01,-1.172333e+02,-4.00468707e-08,3.42206683e+06,-3.68446519e+06,3.91046003e+06,0.000000e+00,0.000000e+00,0.000000e+00,0.000000e+00,TARGET,3.806944e+01,-1.172333e+02,1.52400000e+03,3.42283174e+06,-3.68528869e+06,3.91149663e+06,0.000000e+00,0.000000e+00,0.000000e+00,0.000000e+00,,,,,,,,,,,,,,,,,,,,,1.528983e+03,4.265784e-13,1.490027e+00,,,1.528983e+03,3.141593e+00,-1.490047e+00,,,,,,,,,,,,,,,,,,,,,,,,,,,,,,,,,,,,,,,,,,,,,,,,,,,,,,,,,1.000000e+00,6.181590e-01,1
1.410000e+02,SENSOR_TRACK_UPDATED,radar1,red,simple_radar,radar1.1,0.000000e+00,1.410000e+02,282,5.000000e-01,land,M,,,target1,TARGET,blue,3.806833e+01,-1.172333e+02,-4.00468707e-08,3.42206684e+06,-3.68446519e+06,3.91046002e+06,3.806944e+01,-1.172333e+02,1.52400000e+03,3.42283174e+06,-3.68528869e+06,3.91149663e+06,L,3,,B,,3.806944e+01,-1.172333e+02,1.52400000e+03,3.42283174e+06,-3.68528869e+06,3.91149663e+06,0.000000e+00,0.000000e+00,0.000000e+00,0.000000e+00,0.000000e+00,1.528983e+03,4.257712e-13,1.490027e+00,1.528983e+03,4.257712e-13,1.490027e+00,,,,,,,,0,,,
1.410000e+02,LOCAL_TRACK_UPDATED,radar1,red,radar1.2,0.000000e+00,1.410000e+02,282,5.000000e-01,land,P,,,target1,TARGET,blue,3.806833e+01,-1.172333e+02,-4.00468707e-08,3.42206684e+06,-3.68446519e+06,3.91046002e+06,3.806944e+01,-1.172333e+02,1.52400000e+03,3.42283174e+06,-3.68528869e+06,3.91149663e+06,L,3,,B,,3.806944e+01,-1.172333e+02,1.52400000e+03,3.42283174e+06,-3.68528869e+06,3.91149663e+06,0.000000e+00,0.000000e+00,0.000000e+00,0.000000e+00,0.000000e+00,1.528983e+03,4.257712e-13,1.490027e+00,1.528983e+03,4.257712e-13,1.490027e+00,,,,,,,,0,,,,radar1.1,simple_radar,WSF_GEOMETRIC_SENSOR,default
1.415000e+02,SENSOR_DETECTION_ATTEMPT,radar1,red,target1,simple_radar,default,1,,,,,,,,,,,,WSF_GEOMETRIC_SENSOR,3.806833e+01,-1.172333e+02,-4.00468707e-08,3.42220117e+06,-3.68434046e+06,3.91045998e+06,0.000000e+00,0.000000e+00,0.000000e+00,0.000000e+00,TARGET,3.806944e+01,-1.172333e+02,1.52400000e+03,3.42296611e+06,-3.68516393e+06,3.91149659e+06,0.000000e+00,0.000000e+00,0.000000e+00,0.000000e+00,,,,,,,,,,,,,,,,,,,,,1.528983e+03,4.265784e-13,1.490027e+00,,,1.528983e+03,3.141593e+00,-1.490047e+00,,,,,,,,,,,,,,,,,,,,,,,,,,,,,,,,,,,,,,,,,,,,,,,,,,,,,,,,,1.000000e+00,3.835762e-01,1
1.415000e+02,SENSOR_TRACK_UPDATED,radar1,red,simple_radar,radar1.1,0.000000e+00,1.415000e+02,283,5.000000e-01,land,M,,,target1,TARGET,blue,3.806833e+01,-1.172333e+02,-4.00468707e-08,3.42220117e+06,-3.68434046e+06,3.91045998e+06,3.806944e+01,-1.172333e+02,1.52400000e+03,3.42296611e+06,-3.68516393e+06,3.91149659e+06,L,3,,B,,3.806944e+01,-1.172333e+02,1.52400000e+03,3.42296611e+06,-3.68516393e+06,3.91149659e+06,0.000000e+00,0.000000e+00,0.000000e+00,0.000000e+00,0.000000e+00,1.528983e+03,4.257712e-13,1.490027e+00,1.528983e+03,4.257712e-13,1.490027e+00,,,,,,,,0,,,
1.415000e+02,LOCAL_TRACK_UPDATED,radar1,red,radar1.2,0.000000e+00,1.415000e+02,283,5.000000e-01,land,P,,,target1,TARGET,blue,3.806833e+01,-1.172333e+02,-4.00468707e-08,3.42220117e+06,-3.68434046e+06,3.91045998e+06,3.806944e+01,-1.172333e+02,1.52400000e+03,3.42296611e+06,-3.68516393e+06,3.91149659e+06,L,3,,B,,3.806944e+01,-1.172333e+02,1.52400000e+03,3.42296611e+06,-3.68516393e+06,3.91149659e+06,0.000000e+00,0.000000e+00,0.000000e+00,0.000000e+00,0.000000e+00,1.528983e+03,4.257712e-13,1.490027e+00,1.528983e+03,4.257712e-13,1.490027e+00,,,,,,,,0,,,,radar1.1,simple_radar,WSF_GEOMETRIC_SENSOR,default
1.420000e+02,SENSOR_DETECTION_ATTEMPT,radar1,red,target1,simple_radar,default,1,,,,,,,,,,,,WSF_GEOMETRIC_SENSOR,3.806833e+01,-1.172333e+02,-4.00468707e-08,3.42233551e+06,-3.68421572e+06,3.91045994e+06,0.000000e+00,0.000000e+00,0.000000e+00,0.000000e+00,TARGET,3.806944e+01,-1.172333e+02,1.52400000e+03,3.42310047e+06,-3.68503917e+06,3.91149654e+06,0.000000e+00,0.000000e+00,0.000000e+00,0.000000e+00,,,,,,,,,,,,,,,,,,,,,1.528983e+03,4.265784e-13,1.490027e+00,,,1.528983e+03,3.141593e+00,-1.490047e+00,,,,,,,,,,,,,,,,,,,,,,,,,,,,,,,,,,,,,,,,,,,,,,,,,,,,,,,,,1.000000e+00,3.939266e-01,1
1.420000e+02,SENSOR_TRACK_UPDATED,radar1,red,simple_radar,radar1.1,0.000000e+00,1.420000e+02,284,5.000000e-01,land,M,,,target1,TARGET,blue,3.806833e+01,-1.172333e+02,-4.00468707e-08,3.42233551e+06,-3.68421572e+06,3.91045994e+06,3.806944e+01,-1.172333e+02,1.52400000e+03,3.42310048e+06,-3.68503917e+06,3.91149654e+06,L,3,,B,,3.806944e+01,-1.172333e+02,1.52400000e+03,3.42310047e+06,-3.68503917e+06,3.91149654e+06,0.000000e+00,0.000000e+00,0.000000e+00,0.000000e+00,0.000000e+00,1.528983e+03,4.257712e-13,1.490027e+00,1.528983e+03,4.257712e-13,1.490027e+00,,,,,,,,0,,,
1.420000e+02,LOCAL_TRACK_UPDATED,radar1,red,radar1.2,0.000000e+00,1.420000e+02,284,5.000000e-01,land,P,,,target1,TARGET,blue,3.806833e+01,-1.172333e+02,-4.00468707e-08,3.42233551e+06,-3.68421572e+06,3.91045994e+06,3.806944e+01,-1.172333e+02,1.52400000e+03,3.42310048e+06,-3.68503917e+06,3.91149654e+06,L,3,,B,,3.806944e+01,-1.172333e+02,1.52400000e+03,3.42310047e+06,-3.68503917e+06,3.91149654e+06,0.000000e+00,0.000000e+00,0.000000e+00,0.000000e+00,0.000000e+00,1.528983e+03,4.257712e-13,1.490027e+00,1.528983e+03,4.257712e-13,1.490027e+00,,,,,,,,0,,,,radar1.1,simple_radar,WSF_GEOMETRIC_SENSOR,default
1.425000e+02,SENSOR_DETECTION_ATTEMPT,radar1,red,target1,simple_radar,default,1,,,,,,,,,,,,WSF_GEOMETRIC_SENSOR,3.806833e+01,-1.172333e+02,-4.00468707e-08,3.42246984e+06,-3.68409098e+06,3.91045990e+06,0.000000e+00,0.000000e+00,0.000000e+00,0.000000e+00,TARGET,3.806944e+01,-1.172333e+02,1.52400000e+03,3.42323483e+06,-3.68491440e+06,3.91149650e+06,0.000000e+00,0.000000e+00,0.000000e+00,0.000000e+00,,,,,,,,,,,,,,,,,,,,,1.528983e+03,4.265784e-13,1.490027e+00,,,1.528983e+03,3.141593e+00,-1.490047e+00,,,,,,,,,,,,,,,,,,,,,,,,,,,,,,,,,,,,,,,,,,,,,,,,,,,,,,,,,1.000000e+00,4.239661e-01,1
1.425000e+02,SENSOR_TRACK_UPDATED,radar1,red,simple_radar,radar1.1,0.000000e+00,1.425000e+02,285,5.000000e-01,land,M,,,target1,TARGET,blue,3.806833e+01,-1.172333e+02,-4.00468707e-08,3.42246984e+06,-3.68409098e+06,3.91045990e+06,3.806944e+01,-1.172333e+02,1.52400000e+03,3.42323484e+06,-3.68491440e+06,3.91149650e+06,L,3,,B,,3.806944e+01,-1.172333e+02,1.52400000e+03,3.42323483e+06,-3.68491440e+06,3.91149650e+06,0.000000e+00,0.000000e+00,0.000000e+00,0.000000e+00,0.000000e+00,1.528983e+03,4.257712e-13,1.490027e+00,1.528983e+03,4.257712e-13,1.490027e+00,,,,,,,,0,,,
1.425000e+02,LOCAL_TRACK_UPDATED,radar1,red,radar1.2,0.000000e+00,1.425000e+02,285,5.000000e-01,land,P,,,target1,TARGET,blue,3.806833e+01,-1.172333e+02,-4.00468707e-08,3.42246984e+06,-3.68409098e+06,3.91045990e+06,3.806944e+01,-1.172333e+02,1.52400000e+03,3.42323484e+06,-3.68491440e+06,3.91149650e+06,L,3,,B,,3.806944e+01,-1.172333e+02,1.52400000e+03,3.42323483e+06,-3.68491440e+06,3.91149650e+06,0.000000e+00,0.000000e+00,0.000000e+00,0.000000e+00,0.000000e+00,1.528983e+03,4.257712e-13,1.490027e+00,1.528983e+03,4.257712e-13,1.490027e+00,,,,,,,,0,,,,radar1.1,simple_radar,WSF_GEOMETRIC_SENSOR,default
1.430000e+02,SENSOR_DETECTION_ATTEMPT,radar1,red,target1,simple_radar,default,1,,,,,,,,,,,,WSF_GEOMETRIC_SENSOR,3.806833e+01,-1.172333e+02,-4.00468707e-08,3.42260416e+06,-3.68396624e+06,3.91045985e+06,0.000000e+00,0.000000e+00,0.000000e+00,0.000000e+00,TARGET,3.806944e+01,-1.172333e+02,1.52400000e+03,3.42336919e+06,-3.68478963e+06,3.91149646e+06,0.000000e+00,0.000000e+00,0.000000e+00,0.000000e+00,,,,,,,,,,,,,,,,,,,,,1.528983e+03,4.265784e-13,1.490027e+00,,,1.528983e+03,3.141593e+00,-1.490047e+00,,,,,,,,,,,,,,,,,,,,,,,,,,,,,,,,,,,,,,,,,,,,,,,,,,,,,,,,,1.000000e+00,3.410718e-01,1
1.430000e+02,SENSOR_TRACK_UPDATED,radar1,red,simple_radar,radar1.1,0.000000e+00,1.430000e+02,286,5.000000e-01,land,M,,,target1,TARGET,blue,3.806833e+01,-1.172333e+02,-4.00468707e-08,3.42260416e+06,-3.68396624e+06,3.91045985e+06,3.806944e+01,-1.172333e+02,1.52400000e+03,3.42336919e+06,-3.68478963e+06,3.91149646e+06,L,3,,B,,3.806944e+01,-1.172333e+02,1.52400000e+03,3.42336919e+06,-3.68478963e+06,3.91149646e+06,0.000000e+00,0.000000e+00,0.000000e+00,0.000000e+00,0.000000e+00,1.528983e+03,4.257712e-13,1.490027e+00,1.528983e+03,4.257712e-13,1.490027e+00,,,,,,,,0,,,
1.430000e+02,LOCAL_TRACK_UPDATED,radar1,red,radar1.2,0.000000e+00,1.430000e+02,286,5.000000e-01,land,P,,,target1,TARGET,blue,3.806833e+01,-1.172333e+02,-4.00468707e-08,3.42260416e+06,-3.68396624e+06,3.91045985e+06,3.806944e+01,-1.172333e+02,1.52400000e+03,3.42336919e+06,-3.68478963e+06,3.91149646e+06,L,3,,B,,3.806944e+01,-1.172333e+02,1.52400000e+03,3.42336919e+06,-3.68478963e+06,3.91149646e+06,0.000000e+00,0.000000e+00,0.000000e+00,0.000000e+00,0.000000e+00,1.528983e+03,4.257712e-13,1.490027e+00,1.528983e+03,4.257712e-13,1.490027e+00,,,,,,,,0,,,,radar1.1,simple_radar,WSF_GEOMETRIC_SENSOR,default
1.435000e+02,SENSOR_DETECTION_ATTEMPT,radar1,red,target1,simple_radar,default,1,,,,,,,,,,,,WSF_GEOMETRIC_SENSOR,3.806833e+01,-1.172333e+02,-4.00468707e-08,3.42273848e+06,-3.68384149e+06,3.91045981e+06,0.000000e+00,0.000000e+00,0.000000e+00,0.000000e+00,TARGET,3.806944e+01,-1.172333e+02,1.52400000e+03,3.42350354e+06,-3.68466485e+06,3.91149641e+06,0.000000e+00,0.000000e+00,0.000000e+00,0.000000e+00,,,,,,,,,,,,,,,,,,,,,1.528983e+03,4.265784e-13,1.490027e+00,,,1.528983e+03,3.141593e+00,-1.490047e+00,,,,,,,,,,,,,,,,,,,,,,,,,,,,,,,,,,,,,,,,,,,,,,,,,,,,,,,,,1.000000e+00,4.262014e-01,1
1.435000e+02,SENSOR_TRACK_UPDATED,radar1,red,simple_radar,radar1.1,0.000000e+00,1.435000e+02,287,5.000000e-01,land,M,,,target1,TARGET,blue,3.806833e+01,-1.172333e+02,-4.00468707e-08,3.42273848e+06,-3.68384149e+06,3.91045981e+06,3.806944e+01,-1.172333e+02,1.52400000e+03,3.42350354e+06,-3.68466485e+06,3.91149641e+06,L,3,,B,,3.806944e+01,-1.172333e+02,1.52400000e+03,3.42350354e+06,-3.68466485e+06,3.91149641e+06,0.000000e+00,0.000000e+00,0.000000e+00,0.000000e+00,0.000000e+00,1.528983e+03,4.257712e-13,1.490027e+00,1.528983e+03,4.257712e-13,1.490027e+00,,,,,,,,0,,,
1.435000e+02,LOCAL_TRACK_UPDATED,radar1,red,radar1.2,0.000000e+00,1.435000e+02,287,5.000000e-01,land,P,,,target1,TARGET,blue,3.806833e+01,-1.172333e+02,-4.00468707e-08,3.42273848e+06,-3.68384149e+06,3.91045981e+06,3.806944e+01,-1.172333e+02,1.52400000e+03,3.42350354e+06,-3.68466485e+06,3.91149641e+06,L,3,,B,,3.806944e+01,-1.172333e+02,1.52400000e+03,3.42350354e+06,-3.68466485e+06,3.91149641e+06,0.000000e+00,0.000000e+00,0.000000e+00,0.000000e+00,0.000000e+00,1.528983e+03,4.257712e-13,1.490027e+00,1.528983e+03,4.257712e-13,1.490027e+00,,,,,,,,0,,,,radar1.1,simple_radar,WSF_GEOMETRIC_SENSOR,default
1.440000e+02,SENSOR_DETECTION_ATTEMPT,radar1,red,target1,simple_radar,default,1,,,,,,,,,,,,WSF_GEOMETRIC_SENSOR,3.806833e+01,-1.172333e+02,-4.00468707e-08,3.42287280e+06,-3.68371673e+06,3.91045977e+06,0.000000e+00,0.000000e+00,0.000000e+00,0.000000e+00,TARGET,3.806944e+01,-1.172333e+02,1.52400000e+03,3.42363788e+06,-3.68454007e+06,3.91149637e+06,0.000000e+00,0.000000e+00,0.000000e+00,0.000000e+00,,,,,,,,,,,,,,,,,,,,,1.528983e+03,4.265784e-13,1.490027e+00,,,1.528983e+03,3.141593e+00,-1.490047e+00,,,,,,,,,,,,,,,,,,,,,,,,,,,,,,,,,,,,,,,,,,,,,,,,,,,,,,,,,1.000000e+00,5.036261e-01,1
1.440000e+02,SENSOR_TRACK_UPDATED,radar1,red,simple_radar,radar1.1,0.000000e+00,1.440000e+02,288,5.000000e-01,land,M,,,target1,TARGET,blue,3.806833e+01,-1.172333e+02,-4.00468707e-08,3.42287280e+06,-3.68371673e+06,3.91045977e+06,3.806944e+01,-1.172333e+02,1.52400000e+03,3.42363789e+06,-3.68454007e+06,3.91149637e+06,L,3,,B,,3.806944e+01,-1.172333e+02,1.52400000e+03,3.42363788e+06,-3.68454007e+06,3.91149637e+06,0.000000e+00,0.000000e+00,0.000000e+00,0.000000e+00,0.000000e+00,1.528983e+03,4.257712e-13,1.490027e+00,1.528983e+03,4.257712e-13,1.490027e+00,,,,,,,,0,,,
1.440000e+02,LOCAL_TRACK_UPDATED,radar1,red,radar1.2,0.000000e+00,1.440000e+02,288,5.000000e-01,land,P,,,target1,TARGET,blue,3.806833e+01,-1.172333e+02,-4.00468707e-08,3.42287280e+06,-3.68371673e+06,3.91045977e+06,3.806944e+01,-1.172333e+02,1.52400000e+03,3.42363789e+06,-3.68454007e+06,3.91149637e+06,L,3,,B,,3.806944e+01,-1.172333e+02,1.52400000e+03,3.42363788e+06,-3.68454007e+06,3.91149637e+06,0.000000e+00,0.000000e+00,0.000000e+00,0.000000e+00,0.000000e+00,1.528983e+03,4.257712e-13,1.490027e+00,1.528983e+03,4.257712e-13,1.490027e+00,,,,,,,,0,,,,radar1.1,simple_radar,WSF_GEOMETRIC_SENSOR,default
1.445000e+02,SENSOR_DETECTION_ATTEMPT,radar1,red,target1,simple_radar,default,1,,,,,,,,,,,,WSF_GEOMETRIC_SENSOR,3.806833e+01,-1.172333e+02,-4.00468707e-08,3.42300711e+06,-3.68359197e+06,3.91045973e+06,0.000000e+00,0.000000e+00,0.000000e+00,0.000000e+00,TARGET,3.806944e+01,-1.172333e+02,1.52400000e+03,3.42377223e+06,-3.68441528e+06,3.91149633e+06,0.000000e+00,0.000000e+00,0.000000e+00,0.000000e+00,,,,,,,,,,,,,,,,,,,,,1.528983e+03,4.265784e-13,1.490027e+00,,,1.528983e+03,3.141593e+00,-1.490047e+00,,,,,,,,,,,,,,,,,,,,,,,,,,,,,,,,,,,,,,,,,,,,,,,,,,,,,,,,,1.000000e+00,6.947180e-01,1
1.445000e+02,SENSOR_TRACK_UPDATED,radar1,red,simple_radar,radar1.1,0.000000e+00,1.445000e+02,289,5.000000e-01,land,M,,,target1,TARGET,blue,3.806833e+01,-1.172333e+02,-4.00468707e-08,3.42300711e+06,-3.68359197e+06,3.91045972e+06,3.806944e+01,-1.172333e+02,1.52400000e+03,3.42377223e+06,-3.68441528e+06,3.91149633e+06,L,3,,B,,3.806944e+01,-1.172333e+02,1.52400000e+03,3.42377223e+06,-3.68441528e+06,3.91149633e+06,0.000000e+00,0.000000e+00,0.000000e+00,0.000000e+00,0.000000e+00,1.528983e+03,4.257712e-13,1.490027e+00,1.528983e+03,4.257712e-13,1.490027e+00,,,,,,,,0,,,
1.445000e+02,LOCAL_TRACK_UPDATED,radar1,red,radar1.2,0.000000e+00,1.445000e+02,289,5.000000e-01,land,P,,,target1,TARGET,blue,3.806833e+01,-1.172333e+02,-4.00468707e-08,3.42300711e+06,-3.68359197e+06,3.91045972e+06,3.806944e+01,-1.172333e+02,1.52400000e+03,3.42377223e+06,-3.68441528e+06,3.91149633e+06,L,3,,B,,3.806944e+01,-1.172333e+02,1.52400000e+03,3.42377223e+06,-3.68441528e+06,3.91149633e+06,0.000000e+00,0.000000e+00,0.000000e+00,0.000000e+00,0.000000e+00,1.528983e+03,4.257712e-13,1.490027e+00,1.528983e+03,4.257712e-13,1.490027e+00,,,,,,,,0,,,,radar1.1,simple_radar,WSF_GEOMETRIC_SENSOR,default
1.450000e+02,SENSOR_DETECTION_ATTEMPT,radar1,red,target1,simple_radar,default,1,,,,,,,,,,,,WSF_GEOMETRIC_SENSOR,3.806833e+01,-1.172333e+02,-4.00468707e-08,3.42314141e+06,-3.68346721e+06,3.91045968e+06,0.000000e+00,0.000000e+00,0.000000e+00,0.000000e+00,TARGET,3.806944e+01,-1.172333e+02,1.52400000e+03,3.42390656e+06,-3.68429049e+06,3.91149629e+06,0.000000e+00,0.000000e+00,0.000000e+00,0.000000e+00,,,,,,,,,,,,,,,,,,,,,1.528983e+03,4.265784e-13,1.490027e+00,,,1.528983e+03,3.141593e+00,-1.490047e+00,,,,,,,,,,,,,,,,,,,,,,,,,,,,,,,,,,,,,,,,,,,,,,,,,,,,,,,,,1.000000e+00,7.878146e-01,1
1.450000e+02,SENSOR_TRACK_UPDATED,radar1,red,simple_radar,radar1.1,0.000000e+00,1.450000e+02,290,5.000000e-01,land,M,,,target1,TARGET,blue,3.806833e+01,-1.172333e+02,-4.00468707e-08,3.42314142e+06,-3.68346721e+06,3.91045968e+06,3.806944e+01,-1.172333e+02,1.52400000e+03,3.42390656e+06,-3.68429049e+06,3.91149628e+06,L,3,,B,,3.806944e+01,-1.172333e+02,1.52400000e+03,3.42390656e+06,-3.68429049e+06,3.91149629e+06,0.000000e+00,0.000000e+00,0.000000e+00,0.000000e+00,0.000000e+00,1.528983e+03,4.257712e-13,1.490027e+00,1.528983e+03,4.257712e-13,1.490027e+00,,,,,,,,0,,,
1.450000e+02,LOCAL_TRACK_UPDATED,radar1,red,radar1.2,0.000000e+00,1.450000e+02,290,5.000000e-01,land,P,,,target1,TARGET,blue,3.806833e+01,-1.172333e+02,-4.00468707e-08,3.42314142e+06,-3.68346721e+06,3.91045968e+06,3.806944e+01,-1.172333e+02,1.52400000e+03,3.42390656e+06,-3.68429049e+06,3.91149628e+06,L,3,,B,,3.806944e+01,-1.172333e+02,1.52400000e+03,3.42390656e+06,-3.68429049e+06,3.91149629e+06,0.000000e+00,0.000000e+00,0.000000e+00,0.000000e+00,0.000000e+00,1.528983e+03,4.257712e-13,1.490027e+00,1.528983e+03,4.257712e-13,1.490027e+00,,,,,,,,0,,,,radar1.1,simple_radar,WSF_GEOMETRIC_SENSOR,default
1.455000e+02,SENSOR_DETECTION_ATTEMPT,radar1,red,target1,simple_radar,default,1,,,,,,,,,,,,WSF_GEOMETRIC_SENSOR,3.806833e+01,-1.172333e+02,-4.00468707e-08,3.42327572e+06,-3.68334244e+06,3.91045964e+06,0.000000e+00,0.000000e+00,0.000000e+00,0.000000e+00,TARGET,3.806944e+01,-1.172333e+02,1.52400000e+03,3.42404089e+06,-3.68416569e+06,3.91149624e+06,0.000000e+00,0.000000e+00,0.000000e+00,0.000000e+00,,,,,,,,,,,,,,,,,,,,,1.528983e+03,4.265784e-13,1.490027e+00,,,1.528983e+03,3.141593e+00,-1.490047e+00,,,,,,,,,,,,,,,,,,,,,,,,,,,,,,,,,,,,,,,,,,,,,,,,,,,,,,,,,1.000000e+00,8.361759e-01,1
1.455000e+02,SENSOR_TRACK_UPDATED,radar1,red,simple_radar,radar1.1,0.000000e+00,1.455000e+02,291,5.000000e-01,land,M,,,target1,TARGET,blue,3.806833e+01,-1.172333e+02,-4.00468707e-08,3.42327572e+06,-3.68334244e+06,3.91045964e+06,3.806944e+01,-1.172333e+02,1.52400000e+03,3.42404090e+06,-3.68416569e+06,3.91149624e+06,L,3,,B,,3.806944e+01,-1.172333e+02,1.52400000e+03,3.42404089e+06,-3.68416569e+06,3.91149624e+06,0.000000e+00,0.000000e+00,0.000000e+00,0.000000e+00,0.000000e+00,1.528983e+03,4.257712e-13,1.490027e+00,1.528983e+03,4.257712e-13,1.490027e+00,,,,,,,,0,,,
1.455000e+02,LOCAL_TRACK_UPDATED,radar1,red,radar1.2,0.000000e+00,1.455000e+02,291,5.000000e-01,land,P,,,target1,TARGET,blue,3.806833e+01,-1.172333e+02,-4.00468707e-08,3.42327572e+06,-3.68334244e+06,3.91045964e+06,3.806944e+01,-1.172333e+02,1.52400000e+03,3.42404090e+06,-3.68416569e+06,3.91149624e+06,L,3,,B,,3.806944e+01,-1.172333e+02,1.52400000e+03,3.42404089e+06,-3.68416569e+06,3.91149624e+06,0.000000e+00,0.000000e+00,0.000000e+00,0.000000e+00,0.000000e+00,1.528983e+03,4.257712e-13,1.490027e+00,1.528983e+03,4.257712e-13,1.490027e+00,,,,,,,,0,,,,radar1.1,simple_radar,WSF_GEOMETRIC_SENSOR,default
1.460000e+02,SENSOR_DETECTION_ATTEMPT,radar1,red,target1,simple_radar,default,1,,,,,,,,,,,,WSF_GEOMETRIC_SENSOR,3.806833e+01,-1.172333e+02,-4.00468707e-08,3.42341001e+06,-3.68321767e+06,3.91045960e+06,0.000000e+00,0.000000e+00,0.000000e+00,0.000000e+00,TARGET,3.806944e+01,-1.172333e+02,1.52400000e+03,3.42417522e+06,-3.68404089e+06,3.91149620e+06,0.000000e+00,0.000000e+00,0.000000e+00,0.000000e+00,,,,,,,,,,,,,,,,,,,,,1.528983e+03,4.265784e-13,1.490027e+00,,,1.528983e+03,3.141593e+00,-1.490047e+00,,,,,,,,,,,,,,,,,,,,,,,,,,,,,,,,,,,,,,,,,,,,,,,,,,,,,,,,,1.000000e+00,7.864490e-01,1
1.460000e+02,SENSOR_TRACK_UPDATED,radar1,red,simple_radar,radar1.1,0.000000e+00,1.460000e+02,292,5.000000e-01,land,M,,,target1,TARGET,blue,3.806833e+01,-1.172333e+02,-4.00468707e-08,3.42341001e+06,-3.68321767e+06,3.91045959e+06,3.806944e+01,-1.172333e+02,1.52400000e+03,3.42417522e+06,-3.68404089e+06,3.91149620e+06,L,3,,B,,3.806944e+01,-1.172333e+02,1.52400000e+03,3.42417522e+06,-3.68404089e+06,3.91149620e+06,0.000000e+00,0.000000e+00,0.000000e+00,0.000000e+00,0.000000e+00,1.528983e+03,4.257712e-13,1.490027e+00,1.528983e+03,4.257712e-13,1.490027e+00,,,,,,,,0,,,
1.460000e+02,LOCAL_TRACK_UPDATED,radar1,red,radar1.2,0.000000e+00,1.460000e+02,292,5.000000e-01,land,P,,,target1,TARGET,blue,3.806833e+01,-1.172333e+02,-4.00468707e-08,3.42341001e+06,-3.68321767e+06,3.91045959e+06,3.806944e+01,-1.172333e+02,1.52400000e+03,3.42417522e+06,-3.68404089e+06,3.91149620e+06,L,3,,B,,3.806944e+01,-1.172333e+02,1.52400000e+03,3.42417522e+06,-3.68404089e+06,3.91149620e+06,0.000000e+00,0.000000e+00,0.000000e+00,0.000000e+00,0.000000e+00,1.528983e+03,4.257712e-13,1.490027e+00,1.528983e+03,4.257712e-13,1.490027e+00,,,,,,,,0,,,,radar1.1,simple_radar,WSF_GEOMETRIC_SENSOR,default
1.465000e+02,SENSOR_DETECTION_ATTEMPT,radar1,red,target1,simple_radar,default,1,,,,,,,,,,,,WSF_GEOMETRIC_SENSOR,3.806833e+01,-1.172333e+02,-4.00468707e-08,3.42354431e+06,-3.68309289e+06,3.91045955e+06,0.000000e+00,0.000000e+00,0.000000e+00,0.000000e+00,TARGET,3.806944e+01,-1.172333e+02,1.52400000e+03,3.42430954e+06,-3.68391608e+06,3.91149616e+06,0.000000e+00,0.000000e+00,0.000000e+00,0.000000e+00,,,,,,,,,,,,,,,,,,,,,1.528983e+03,4.265784e-13,1.490027e+00,,,1.528983e+03,3.141593e+00,-1.490047e+00,,,,,,,,,,,,,,,,,,,,,,,,,,,,,,,,,,,,,,,,,,,,,,,,,,,,,,,,,1.000000e+00,2.000793e-01,1
1.465000e+02,SENSOR_TRACK_UPDATED,radar1,red,simple_radar,radar1.1,0.000000e+00,1.465000e+02,293,5.000000e-01,land,M,,,target1,TARGET,blue,3.806833e+01,-1.172333e+02,-4.00468707e-08,3.42354431e+06,-3.68309289e+06,3.91045955e+06,3.806944e+01,-1.172333e+02,1.52400000e+03,3.42430955e+06,-3.68391608e+06,3.91149615e+06,L,3,,B,,3.806944e+01,-1.172333e+02,1.52400000e+03,3.42430954e+06,-3.68391608e+06,3.91149616e+06,0.000000e+00,0.000000e+00,0.000000e+00,0.000000e+00,0.000000e+00,1.528983e+03,4.257712e-13,1.490027e+00,1.528983e+03,4.257712e-13,1.490027e+00,,,,,,,,0,,,
1.465000e+02,LOCAL_TRACK_UPDATED,radar1,red,radar1.2,0.000000e+00,1.465000e+02,293,5.000000e-01,land,P,,,target1,TARGET,blue,3.806833e+01,-1.172333e+02,-4.00468707e-08,3.42354431e+06,-3.68309289e+06,3.91045955e+06,3.806944e+01,-1.172333e+02,1.52400000e+03,3.42430955e+06,-3.68391608e+06,3.91149615e+06,L,3,,B,,3.806944e+01,-1.172333e+02,1.52400000e+03,3.42430954e+06,-3.68391608e+06,3.91149616e+06,0.000000e+00,0.000000e+00,0.000000e+00,0.000000e+00,0.000000e+00,1.528983e+03,4.257712e-13,1.490027e+00,1.528983e+03,4.257712e-13,1.490027e+00,,,,,,,,0,,,,radar1.1,simple_radar,WSF_GEOMETRIC_SENSOR,default
1.470000e+02,SENSOR_DETECTION_ATTEMPT,radar1,red,target1,simple_radar,default,1,,,,,,,,,,,,WSF_GEOMETRIC_SENSOR,3.806833e+01,-1.172333e+02,-4.00468707e-08,3.42367859e+06,-3.68296810e+06,3.91045951e+06,0.000000e+00,0.000000e+00,0.000000e+00,0.000000e+00,TARGET,3.806944e+01,-1.172333e+02,1.52400000e+03,3.42444386e+06,-3.68379127e+06,3.91149611e+06,0.000000e+00,0.000000e+00,0.000000e+00,0.000000e+00,,,,,,,,,,,,,,,,,,,,,1.528983e+03,4.265784e-13,1.490027e+00,,,1.528983e+03,3.141593e+00,-1.490047e+00,,,,,,,,,,,,,,,,,,,,,,,,,,,,,,,,,,,,,,,,,,,,,,,,,,,,,,,,,1.000000e+00,8.211614e-01,1
1.470000e+02,SENSOR_TRACK_UPDATED,radar1,red,simple_radar,radar1.1,0.000000e+00,1.470000e+02,294,5.000000e-01,land,M,,,target1,TARGET,blue,3.806833e+01,-1.172333e+02,-4.00468707e-08,3.42367860e+06,-3.68296810e+06,3.91045951e+06,3.806944e+01,-1.172333e+02,1.52400000e+03,3.42444386e+06,-3.68379127e+06,3.91149611e+06,L,3,,B,,3.806944e+01,-1.172333e+02,1.52400000e+03,3.42444386e+06,-3.68379127e+06,3.91149611e+06,0.000000e+00,0.000000e+00,0.000000e+00,0.000000e+00,0.000000e+00,1.528983e+03,4.257712e-13,1.490027e+00,1.528983e+03,4.257712e-13,1.490027e+00,,,,,,,,0,,,
1.470000e+02,LOCAL_TRACK_UPDATED,radar1,red,radar1.2,0.000000e+00,1.470000e+02,294,5.000000e-01,land,P,,,target1,TARGET,blue,3.806833e+01,-1.172333e+02,-4.00468707e-08,3.42367860e+06,-3.68296810e+06,3.91045951e+06,3.806944e+01,-1.172333e+02,1.52400000e+03,3.42444386e+06,-3.68379127e+06,3.91149611e+06,L,3,,B,,3.806944e+01,-1.172333e+02,1.52400000e+03,3.42444386e+06,-3.68379127e+06,3.91149611e+06,0.000000e+00,0.000000e+00,0.000000e+00,0.000000e+00,0.000000e+00,1.528983e+03,4.257712e-13,1.490027e+00,1.528983e+03,4.257712e-13,1.490027e+00,,,,,,,,0,,,,radar1.1,simple_radar,WSF_GEOMETRIC_SENSOR,default
1.475000e+02,SENSOR_DETECTION_ATTEMPT,radar1,red,target1,simple_radar,default,1,,,,,,,,,,,,WSF_GEOMETRIC_SENSOR,3.806833e+01,-1.172333e+02,-4.00468707e-08,3.42381288e+06,-3.68284331e+06,3.91045947e+06,0.000000e+00,0.000000e+00,0.000000e+00,0.000000e+00,TARGET,3.806944e+01,-1.172333e+02,1.52400000e+03,3.42457818e+06,-3.68366646e+06,3.91149607e+06,0.000000e+00,0.000000e+00,0.000000e+00,0.000000e+00,,,,,,,,,,,,,,,,,,,,,1.528983e+03,4.265784e-13,1.490027e+00,,,1.528983e+03,3.141593e+00,-1.490047e+00,,,,,,,,,,,,,,,,,,,,,,,,,,,,,,,,,,,,,,,,,,,,,,,,,,,,,,,,,1.000000e+00,8.230191e-01,1
1.475000e+02,SENSOR_TRACK_UPDATED,radar1,red,simple_radar,radar1.1,0.000000e+00,1.475000e+02,295,5.000000e-01,land,M,,,target1,TARGET,blue,3.806833e+01,-1.172333e+02,-4.00468707e-08,3.42381288e+06,-3.68284332e+06,3.91045946e+06,3.806944e+01,-1.172333e+02,1.52400000e+03,3.42457818e+06,-3.68366646e+06,3.91149607e+06,L,3,,B,,3.806944e+01,-1.172333e+02,1.52400000e+03,3.42457818e+06,-3.68366646e+06,3.91149607e+06,0.000000e+00,0.000000e+00,0.000000e+00,0.000000e+00,0.000000e+00,1.528983e+03,4.257712e-13,1.490027e+00,1.528983e+03,4.257712e-13,1.490027e+00,,,,,,,,0,,,
1.475000e+02,LOCAL_TRACK_UPDATED,radar1,red,radar1.2,0.000000e+00,1.475000e+02,295,5.000000e-01,land,P,,,target1,TARGET,blue,3.806833e+01,-1.172333e+02,-4.00468707e-08,3.42381288e+06,-3.68284332e+06,3.91045946e+06,3.806944e+01,-1.172333e+02,1.52400000e+03,3.42457818e+06,-3.68366646e+06,3.91149607e+06,L,3,,B,,3.806944e+01,-1.172333e+02,1.52400000e+03,3.42457818e+06,-3.68366646e+06,3.91149607e+06,0.000000e+00,0.000000e+00,0.000000e+00,0.000000e+00,0.000000e+00,1.528983e+03,4.257712e-13,1.490027e+00,1.528983e+03,4.257712e-13,1.490027e+00,,,,,,,,0,,,,radar1.1,simple_radar,WSF_GEOMETRIC_SENSOR,default
1.480000e+02,SENSOR_DETECTION_ATTEMPT,radar1,red,target1,simple_radar,default,1,,,,,,,,,,,,WSF_GEOMETRIC_SENSOR,3.806833e+01,-1.172333e+02,-4.00468707e-08,3.42394716e+06,-3.68271852e+06,3.91045942e+06,0.000000e+00,0.000000e+00,0.000000e+00,0.000000e+00,TARGET,3.806944e+01,-1.172333e+02,1.52400000e+03,3.42471249e+06,-3.68354163e+06,3.91149603e+06,0.000000e+00,0.000000e+00,0.000000e+00,0.000000e+00,,,,,,,,,,,,,,,,,,,,,1.528983e+03,4.265784e-13,1.490027e+00,,,1.528983e+03,3.141593e+00,-1.490047e+00,,,,,,,,,,,,,,,,,,,,,,,,,,,,,,,,,,,,,,,,,,,,,,,,,,,,,,,,,1.000000e+00,9.107453e-02,1
1.480000e+02,SENSOR_TRACK_UPDATED,radar1,red,simple_radar,radar1.1,0.000000e+00,1.480000e+02,296,5.000000e-01,land,M,,,target1,TARGET,blue,3.806833e+01,-1.172333e+02,-4.00468707e-08,3.42394716e+06,-3.68271852e+06,3.91045942e+06,3.806944e+01,-1.172333e+02,1.52400000e+03,3.42471249e+06,-3.68354164e+06,3.91149602e+06,L,3,,B,,3.806944e+01,-1.172333e+02,1.52400000e+03,3.42471249e+06,-3.68354163e+06,3.91149603e+06,0.000000e+00,0.000000e+00,0.000000e+00,0.000000e+00,0.000000e+00,1.528983e+03,4.257712e-13,1.490027e+00,1.528983e+03,4.257712e-13,1.490027e+00,,,,,,,,0,,,
1.480000e+02,LOCAL_TRACK_UPDATED,radar1,red,radar1.2,0.000000e+00,1.480000e+02,296,5.000000e-01,land,P,,,target1,TARGET,blue,3.806833e+01,-1.172333e+02,-4.00468707e-08,3.42394716e+06,-3.68271852e+06,3.91045942e+06,3.806944e+01,-1.172333e+02,1.52400000e+03,3.42471249e+06,-3.68354164e+06,3.91149602e+06,L,3,,B,,3.806944e+01,-1.172333e+02,1.52400000e+03,3.42471249e+06,-3.68354163e+06,3.91149603e+06,0.000000e+00,0.000000e+00,0.000000e+00,0.000000e+00,0.000000e+00,1.528983e+03,4.257712e-13,1.490027e+00,1.528983e+03,4.257712e-13,1.490027e+00,,,,,,,,0,,,,radar1.1,simple_radar,WSF_GEOMETRIC_SENSOR,default
1.485000e+02,SENSOR_DETECTION_ATTEMPT,radar1,red,target1,simple_radar,default,1,,,,,,,,,,,,WSF_GEOMETRIC_SENSOR,3.806833e+01,-1.172333e+02,-4.00468707e-08,3.42408143e+06,-3.68259372e+06,3.91045938e+06,0.000000e+00,0.000000e+00,0.000000e+00,0.000000e+00,TARGET,3.806944e+01,-1.172333e+02,1.52400000e+03,3.42484679e+06,-3.68341681e+06,3.91149598e+06,0.000000e+00,0.000000e+00,0.000000e+00,0.000000e+00,,,,,,,,,,,,,,,,,,,,,1.528983e+03,4.265784e-13,1.490027e+00,,,1.528983e+03,3.141593e+00,-1.490047e+00,,,,,,,,,,,,,,,,,,,,,,,,,,,,,,,,,,,,,,,,,,,,,,,,,,,,,,,,,1.000000e+00,8.963408e-01,1
1.485000e+02,SENSOR_TRACK_UPDATED,radar1,red,simple_radar,radar1.1,0.000000e+00,1.485000e+02,297,5.000000e-01,land,M,,,target1,TARGET,blue,3.806833e+01,-1.172333e+02,-4.00468707e-08,3.42408143e+06,-3.68259372e+06,3.91045938e+06,3.806944e+01,-1.172333e+02,1.52400000e+03,3.42484679e+06,-3.68341681e+06,3.91149598e+06,L,3,,B,,3.806944e+01,-1.172333e+02,1.52400000e+03,3.42484679e+06,-3.68341681e+06,3.91149598e+06,0.000000e+00,0.000000e+00,0.000000e+00,0.000000e+00,0.000000e+00,1.528983e+03,4.257712e-13,1.490027e+00,1.528983e+03,4.257712e-13,1.490027e+00,,,,,,,,0,,,
1.485000e+02,LOCAL_TRACK_UPDATED,radar1,red,radar1.2,0.000000e+00,1.485000e+02,297,5.000000e-01,land,P,,,target1,TARGET,blue,3.806833e+01,-1.172333e+02,-4.00468707e-08,3.42408143e+06,-3.68259372e+06,3.91045938e+06,3.806944e+01,-1.172333e+02,1.52400000e+03,3.42484679e+06,-3.68341681e+06,3.91149598e+06,L,3,,B,,3.806944e+01,-1.172333e+02,1.52400000e+03,3.42484679e+06,-3.68341681e+06,3.91149598e+06,0.000000e+00,0.000000e+00,0.000000e+00,0.000000e+00,0.000000e+00,1.528983e+03,4.257712e-13,1.490027e+00,1.528983e+03,4.257712e-13,1.490027e+00,,,,,,,,0,,,,radar1.1,simple_radar,WSF_GEOMETRIC_SENSOR,default
1.490000e+02,SENSOR_DETECTION_ATTEMPT,radar1,red,target1,simple_radar,default,1,,,,,,,,,,,,WSF_GEOMETRIC_SENSOR,3.806833e+01,-1.172333e+02,-4.00468707e-08,3.42421570e+06,-3.68246892e+06,3.91045934e+06,0.000000e+00,0.000000e+00,0.000000e+00,0.000000e+00,TARGET,3.806944e+01,-1.172333e+02,1.52400000e+03,3.42498109e+06,-3.68329198e+06,3.91149594e+06,0.000000e+00,0.000000e+00,0.000000e+00,0.000000e+00,,,,,,,,,,,,,,,,,,,,,1.528983e+03,4.265784e-13,1.490027e+00,,,1.528983e+03,3.141593e+00,-1.490047e+00,,,,,,,,,,,,,,,,,,,,,,,,,,,,,,,,,,,,,,,,,,,,,,,,,,,,,,,,,1.000000e+00,4.683119e-01,1
1.490000e+02,SENSOR_TRACK_UPDATED,radar1,red,simple_radar,radar1.1,0.000000e+00,1.490000e+02,298,5.000000e-01,land,M,,,target1,TARGET,blue,3.806833e+01,-1.172333e+02,-4.00468707e-08,3.42421570e+06,-3.68246892e+06,3.91045934e+06,3.806944e+01,-1.172333e+02,1.52400000e+03,3.42498109e+06,-3.68329198e+06,3.91149594e+06,L,3,,B,,3.806944e+01,-1.172333e+02,1.52400000e+03,3.42498109e+06,-3.68329198e+06,3.91149594e+06,0.000000e+00,0.000000e+00,0.000000e+00,0.000000e+00,0.000000e+00,1.528983e+03,4.257712e-13,1.490027e+00,1.528983e+03,4.257712e-13,1.490027e+00,,,,,,,,0,,,
1.490000e+02,LOCAL_TRACK_UPDATED,radar1,red,radar1.2,0.000000e+00,1.490000e+02,298,5.000000e-01,land,P,,,target1,TARGET,blue,3.806833e+01,-1.172333e+02,-4.00468707e-08,3.42421570e+06,-3.68246892e+06,3.91045934e+06,3.806944e+01,-1.172333e+02,1.52400000e+03,3.42498109e+06,-3.68329198e+06,3.91149594e+06,L,3,,B,,3.806944e+01,-1.172333e+02,1.52400000e+03,3.42498109e+06,-3.68329198e+06,3.91149594e+06,0.000000e+00,0.000000e+00,0.000000e+00,0.000000e+00,0.000000e+00,1.528983e+03,4.257712e-13,1.490027e+00,1.528983e+03,4.257712e-13,1.490027e+00,,,,,,,,0,,,,radar1.1,simple_radar,WSF_GEOMETRIC_SENSOR,default
1.495000e+02,SENSOR_DETECTION_ATTEMPT,radar1,red,target1,simple_radar,default,1,,,,,,,,,,,,WSF_GEOMETRIC_SENSOR,3.806833e+01,-1.172333e+02,-4.00468707e-08,3.42434997e+06,-3.68234411e+06,3.91045929e+06,0.000000e+00,0.000000e+00,0.000000e+00,0.000000e+00,TARGET,3.806944e+01,-1.172333e+02,1.52400000e+03,3.42511539e+06,-3.68316714e+06,3.91149590e+06,0.000000e+00,0.000000e+00,0.000000e+00,0.000000e+00,,,,,,,,,,,,,,,,,,,,,1.528983e+03,4.265784e-13,1.490027e+00,,,1.528983e+03,3.141593e+00,-1.490047e+00,,,,,,,,,,,,,,,,,,,,,,,,,,,,,,,,,,,,,,,,,,,,,,,,,,,,,,,,,1.000000e+00,5.419378e-01,1
1.495000e+02,SENSOR_TRACK_UPDATED,radar1,red,simple_radar,radar1.1,0.000000e+00,1.495000e+02,299,5.000000e-01,land,M,,,target1,TARGET,blue,3.806833e+01,-1.172333e+02,-4.00468707e-08,3.42434997e+06,-3.68234411e+06,3.91045929e+06,3.806944e+01,-1.172333e+02,1.52400000e+03,3.42511539e+06,-3.68316714e+06,3.91149590e+06,L,3,,B,,3.806944e+01,-1.172333e+02,1.52400000e+03,3.42511539e+06,-3.68316714e+06,3.91149590e+06,0.000000e+00,0.000000e+00,0.000000e+00,0.000000e+00,0.000000e+00,1.528983e+03,4.257712e-13,1.490027e+00,1.528983e+03,4.257712e-13,1.490027e+00,,,,,,,,0,,,
1.495000e+02,LOCAL_TRACK_UPDATED,radar1,red,radar1.2,0.000000e+00,1.495000e+02,299,5.000000e-01,land,P,,,target1,TARGET,blue,3.806833e+01,-1.172333e+02,-4.00468707e-08,3.42434997e+06,-3.68234411e+06,3.91045929e+06,3.806944e+01,-1.172333e+02,1.52400000e+03,3.42511539e+06,-3.68316714e+06,3.91149590e+06,L,3,,B,,3.806944e+01,-1.172333e+02,1.52400000e+03,3.42511539e+06,-3.68316714e+06,3.91149590e+06,0.000000e+00,0.000000e+00,0.000000e+00,0.000000e+00,0.000000e+00,1.528983e+03,4.257712e-13,1.490027e+00,1.528983e+03,4.257712e-13,1.490027e+00,,,,,,,,0,,,,radar1.1,simple_radar,WSF_GEOMETRIC_SENSOR,default
1.500000e+02,SENSOR_DETECTION_ATTEMPT,radar1,red,target1,simple_radar,default,1,,,,,,,,,,,,WSF_GEOMETRIC_SENSOR,3.806833e+01,-1.172333e+02,-4.00468707e-08,3.42448423e+06,-3.68221930e+06,3.91045925e+06,0.000000e+00,0.000000e+00,0.000000e+00,0.000000e+00,TARGET,3.806944e+01,-1.172333e+02,1.52400000e+03,3.42524968e+06,-3.68304230e+06,3.91149585e+06,0.000000e+00,0.000000e+00,0.000000e+00,0.000000e+00,,,,,,,,,,,,,,,,,,,,,1.528983e+03,4.265784e-13,1.490027e+00,,,1.528983e+03,3.141593e+00,-1.490047e+00,,,,,,,,,,,,,,,,,,,,,,,,,,,,,,,,,,,,,,,,,,,,,,,,,,,,,,,,,1.000000e+00,6.009353e-01,1
1.500000e+02,SENSOR_TRACK_UPDATED,radar1,red,simple_radar,radar1.1,0.000000e+00,1.500000e+02,300,5.000000e-01,land,M,,,target1,TARGET,blue,3.806833e+01,-1.172333e+02,-4.00468707e-08,3.42448423e+06,-3.68221930e+06,3.91045925e+06,3.806944e+01,-1.172333e+02,1.52400000e+03,3.42524968e+06,-3.68304230e+06,3.91149585e+06,L,3,,B,,3.806944e+01,-1.172333e+02,1.52400000e+03,3.42524968e+06,-3.68304230e+06,3.91149585e+06,0.000000e+00,0.000000e+00,0.000000e+00,0.000000e+00,0.000000e+00,1.528983e+03,4.257712e-13,1.490027e+00,1.528983e+03,4.257712e-13,1.490027e+00,,,,,,,,0,,,
1.500000e+02,LOCAL_TRACK_UPDATED,radar1,red,radar1.2,0.000000e+00,1.500000e+02,300,5.000000e-01,land,P,,,target1,TARGET,blue,3.806833e+01,-1.172333e+02,-4.00468707e-08,3.42448423e+06,-3.68221930e+06,3.91045925e+06,3.806944e+01,-1.172333e+02,1.52400000e+03,3.42524968e+06,-3.68304230e+06,3.91149585e+06,L,3,,B,,3.806944e+01,-1.172333e+02,1.52400000e+03,3.42524968e+06,-3.68304230e+06,3.91149585e+06,0.000000e+00,0.000000e+00,0.000000e+00,0.000000e+00,0.000000e+00,1.528983e+03,4.257712e-13,1.490027e+00,1.528983e+03,4.257712e-13,1.490027e+00,,,,,,,,0,,,,radar1.1,simple_radar,WSF_GEOMETRIC_SENSOR,default
1.505000e+02,SENSOR_DETECTION_ATTEMPT,radar1,red,target1,simple_radar,default,1,,,,,,,,,,,,WSF_GEOMETRIC_SENSOR,3.806833e+01,-1.172333e+02,-4.00468707e-08,3.42461848e+06,-3.68209448e+06,3.91045921e+06,0.000000e+00,0.000000e+00,0.000000e+00,0.000000e+00,TARGET,3.806944e+01,-1.172333e+02,1.52400000e+03,3.42538396e+06,-3.68291745e+06,3.91149581e+06,0.000000e+00,0.000000e+00,0.000000e+00,0.000000e+00,,,,,,,,,,,,,,,,,,,,,1.528983e+03,4.265784e-13,1.490027e+00,,,1.528983e+03,3.141593e+00,-1.490047e+00,,,,,,,,,,,,,,,,,,,,,,,,,,,,,,,,,,,,,,,,,,,,,,,,,,,,,,,,,1.000000e+00,7.523656e-01,1
1.505000e+02,SENSOR_TRACK_UPDATED,radar1,red,simple_radar,radar1.1,0.000000e+00,1.505000e+02,301,5.000000e-01,land,M,,,target1,TARGET,blue,3.806833e+01,-1.172333e+02,-4.00468707e-08,3.42461849e+06,-3.68209448e+06,3.91045921e+06,3.806944e+01,-1.172333e+02,1.52400000e+03,3.42538397e+06,-3.68291745e+06,3.91149581e+06,L,3,,B,,3.806944e+01,-1.172333e+02,1.52400000e+03,3.42538396e+06,-3.68291745e+06,3.91149581e+06,0.000000e+00,0.000000e+00,0.000000e+00,0.000000e+00,0.000000e+00,1.528983e+03,4.257712e-13,1.490027e+00,1.528983e+03,4.257712e-13,1.490027e+00,,,,,,,,0,,,
1.505000e+02,LOCAL_TRACK_UPDATED,radar1,red,radar1.2,0.000000e+00,1.505000e+02,301,5.000000e-01,land,P,,,target1,TARGET,blue,3.806833e+01,-1.172333e+02,-4.00468707e-08,3.42461849e+06,-3.68209448e+06,3.91045921e+06,3.806944e+01,-1.172333e+02,1.52400000e+03,3.42538397e+06,-3.68291745e+06,3.91149581e+06,L,3,,B,,3.806944e+01,-1.172333e+02,1.52400000e+03,3.42538396e+06,-3.68291745e+06,3.91149581e+06,0.000000e+00,0.000000e+00,0.000000e+00,0.000000e+00,0.000000e+00,1.528983e+03,4.257712e-13,1.490027e+00,1.528983e+03,4.257712e-13,1.490027e+00,,,,,,,,0,,,,radar1.1,simple_radar,WSF_GEOMETRIC_SENSOR,default
1.510000e+02,SENSOR_DETECTION_ATTEMPT,radar1,red,target1,simple_radar,default,1,,,,,,,,,,,,WSF_GEOMETRIC_SENSOR,3.806833e+01,-1.172333e+02,-4.00468707e-08,3.42475274e+06,-3.68196966e+06,3.91045916e+06,0.000000e+00,0.000000e+00,0.000000e+00,0.000000e+00,TARGET,3.806944e+01,-1.172333e+02,1.52400000e+03,3.42551825e+06,-3.68279260e+06,3.91149577e+06,0.000000e+00,0.000000e+00,0.000000e+00,0.000000e+00,,,,,,,,,,,,,,,,,,,,,1.528983e+03,4.265784e-13,1.490027e+00,,,1.528983e+03,3.141593e+00,-1.490047e+00,,,,,,,,,,,,,,,,,,,,,,,,,,,,,,,,,,,,,,,,,,,,,,,,,,,,,,,,,1.000000e+00,1.655008e-01,1
1.510000e+02,SENSOR_TRACK_UPDATED,radar1,red,simple_radar,radar1.1,0.000000e+00,1.510000e+02,302,5.000000e-01,land,M,,,target1,TARGET,blue,3.806833e+01,-1.172333e+02,-4.00468707e-08,3.42475274e+06,-3.68196966e+06,3.91045916e+06,3.806944e+01,-1.172333e+02,1.52400000e+03,3.42551825e+06,-3.68279260e+06,3.91149577e+06,L,3,,B,,3.806944e+01,-1.172333e+02,1.52400000e+03,3.42551825e+06,-3.68279260e+06,3.91149577e+06,0.000000e+00,0.000000e+00,0.000000e+00,0.000000e+00,0.000000e+00,1.528983e+03,4.257712e-13,1.490027e+00,1.528983e+03,4.257712e-13,1.490027e+00,,,,,,,,0,,,
1.510000e+02,LOCAL_TRACK_UPDATED,radar1,red,radar1.2,0.000000e+00,1.510000e+02,302,5.000000e-01,land,P,,,target1,TARGET,blue,3.806833e+01,-1.172333e+02,-4.00468707e-08,3.42475274e+06,-3.68196966e+06,3.91045916e+06,3.806944e+01,-1.172333e+02,1.52400000e+03,3.42551825e+06,-3.68279260e+06,3.91149577e+06,L,3,,B,,3.806944e+01,-1.172333e+02,1.52400000e+03,3.42551825e+06,-3.68279260e+06,3.91149577e+06,0.000000e+00,0.000000e+00,0.000000e+00,0.000000e+00,0.000000e+00,1.528983e+03,4.257712e-13,1.490027e+00,1.528983e+03,4.257712e-13,1.490027e+00,,,,,,,,0,,,,radar1.1,simple_radar,WSF_GEOMETRIC_SENSOR,default
1.515000e+02,SENSOR_DETECTION_ATTEMPT,radar1,red,target1,simple_radar,default,1,,,,,,,,,,,,WSF_GEOMETRIC_SENSOR,3.806833e+01,-1.172333e+02,-4.00468707e-08,3.42488698e+06,-3.68184483e+06,3.91045912e+06,0.000000e+00,0.000000e+00,0.000000e+00,0.000000e+00,TARGET,3.806944e+01,-1.172333e+02,1.52400000e+03,3.42565252e+06,-3.68266775e+06,3.91149572e+06,0.000000e+00,0.000000e+00,0.000000e+00,0.000000e+00,,,,,,,,,,,,,,,,,,,,,1.528983e+03,4.265784e-13,1.490027e+00,,,1.528983e+03,3.141593e+00,-1.490047e+00,,,,,,,,,,,,,,,,,,,,,,,,,,,,,,,,,,,,,,,,,,,,,,,,,,,,,,,,,1.000000e+00,2.426901e-01,1
1.515000e+02,SENSOR_TRACK_UPDATED,radar1,red,simple_radar,radar1.1,0.000000e+00,1.515000e+02,303,5.000000e-01,land,M,,,target1,TARGET,blue,3.806833e+01,-1.172333e+02,-4.00468707e-08,3.42488699e+06,-3.68184483e+06,3.91045912e+06,3.806944e+01,-1.172333e+02,1.52400000e+03,3.42565252e+06,-3.68266775e+06,3.91149572e+06,L,3,,B,,3.806944e+01,-1.172333e+02,1.52400000e+03,3.42565252e+06,-3.68266775e+06,3.91149572e+06,0.000000e+00,0.000000e+00,0.000000e+00,0.000000e+00,0.000000e+00,1.528983e+03,4.257712e-13,1.490027e+00,1.528983e+03,4.257712e-13,1.490027e+00,,,,,,,,0,,,
1.515000e+02,LOCAL_TRACK_UPDATED,radar1,red,radar1.2,0.000000e+00,1.515000e+02,303,5.000000e-01,land,P,,,target1,TARGET,blue,3.806833e+01,-1.172333e+02,-4.00468707e-08,3.42488699e+06,-3.68184483e+06,3.91045912e+06,3.806944e+01,-1.172333e+02,1.52400000e+03,3.42565252e+06,-3.68266775e+06,3.91149572e+06,L,3,,B,,3.806944e+01,-1.172333e+02,1.52400000e+03,3.42565252e+06,-3.68266775e+06,3.91149572e+06,0.000000e+00,0.000000e+00,0.000000e+00,0.000000e+00,0.000000e+00,1.528983e+03,4.257712e-13,1.490027e+00,1.528983e+03,4.257712e-13,1.490027e+00,,,,,,,,0,,,,radar1.1,simple_radar,WSF_GEOMETRIC_SENSOR,default
1.520000e+02,SENSOR_DETECTION_ATTEMPT,radar1,red,target1,simple_radar,default,1,,,,,,,,,,,,WSF_GEOMETRIC_SENSOR,3.806833e+01,-1.172333e+02,-4.00468707e-08,3.42502123e+06,-3.68172000e+06,3.91045908e+06,0.000000e+00,0.000000e+00,0.000000e+00,0.000000e+00,TARGET,3.806944e+01,-1.172333e+02,1.52400000e+03,3.42578680e+06,-3.68254289e+06,3.91149568e+06,0.000000e+00,0.000000e+00,0.000000e+00,0.000000e+00,,,,,,,,,,,,,,,,,,,,,1.528983e+03,4.265784e-13,1.490027e+00,,,1.528983e+03,3.141593e+00,-1.490047e+00,,,,,,,,,,,,,,,,,,,,,,,,,,,,,,,,,,,,,,,,,,,,,,,,,,,,,,,,,1.000000e+00,2.346161e-01,1
1.520000e+02,SENSOR_TRACK_UPDATED,radar1,red,simple_radar,radar1.1,0.000000e+00,1.520000e+02,304,5.000000e-01,land,M,,,target1,TARGET,blue,3.806833e+01,-1.172333e+02,-4.00468707e-08,3.42502123e+06,-3.68172000e+06,3.91045908e+06,3.806944e+01,-1.172333e+02,1.52400000e+03,3.42578680e+06,-3.68254289e+06,3.91149568e+06,L,3,,B,,3.806944e+01,-1.172333e+02,1.52400000e+03,3.42578680e+06,-3.68254289e+06,3.91149568e+06,0.000000e+00,0.000000e+00,0.000000e+00,0.000000e+00,0.000000e+00,1.528983e+03,4.257712e-13,1.490027e+00,1.528983e+03,4.257712e-13,1.490027e+00,,,,,,,,0,,,
1.520000e+02,LOCAL_TRACK_UPDATED,radar1,red,radar1.2,0.000000e+00,1.520000e+02,304,5.000000e-01,land,P,,,target1,TARGET,blue,3.806833e+01,-1.172333e+02,-4.00468707e-08,3.42502123e+06,-3.68172000e+06,3.91045908e+06,3.806944e+01,-1.172333e+02,1.52400000e+03,3.42578680e+06,-3.68254289e+06,3.91149568e+06,L,3,,B,,3.806944e+01,-1.172333e+02,1.52400000e+03,3.42578680e+06,-3.68254289e+06,3.91149568e+06,0.000000e+00,0.000000e+00,0.000000e+00,0.000000e+00,0.000000e+00,1.528983e+03,4.257712e-13,1.490027e+00,1.528983e+03,4.257712e-13,1.490027e+00,,,,,,,,0,,,,radar1.1,simple_radar,WSF_GEOMETRIC_SENSOR,default
1.525000e+02,SENSOR_DETECTION_ATTEMPT,radar1,red,target1,simple_radar,default,1,,,,,,,,,,,,WSF_GEOMETRIC_SENSOR,3.806833e+01,-1.172333e+02,-4.00468707e-08,3.42515547e+06,-3.68159516e+06,3.91045904e+06,0.000000e+00,0.000000e+00,0.000000e+00,0.000000e+00,TARGET,3.806944e+01,-1.172333e+02,1.52400000e+03,3.42592106e+06,-3.68241802e+06,3.91149564e+06,0.000000e+00,0.000000e+00,0.000000e+00,0.000000e+00,,,,,,,,,,,,,,,,,,,,,1.528983e+03,4.265784e-13,1.490027e+00,,,1.528983e+03,3.141593e+00,-1.490047e+00,,,,,,,,,,,,,,,,,,,,,,,,,,,,,,,,,,,,,,,,,,,,,,,,,,,,,,,,,1.000000e+00,6.375226e-01,1
1.525000e+02,SENSOR_TRACK_UPDATED,radar1,red,simple_radar,radar1.1,0.000000e+00,1.525000e+02,305,5.000000e-01,land,M,,,target1,TARGET,blue,3.806833e+01,-1.172333e+02,-4.00468707e-08,3.42515547e+06,-3.68159516e+06,3.91045903e+06,3.806944e+01,-1.172333e+02,1.52400000e+03,3.42592107e+06,-3.68241802e+06,3.91149564e+06,L,3,,B,,3.806944e+01,-1.172333e+02,1.52400000e+03,3.42592106e+06,-3.68241802e+06,3.91149564e+06,0.000000e+00,0.000000e+00,0.000000e+00,0.000000e+00,0.000000e+00,1.528983e+03,4.257712e-13,1.490027e+00,1.528983e+03,4.257712e-13,1.490027e+00,,,,,,,,0,,,
1.525000e+02,LOCAL_TRACK_UPDATED,radar1,red,radar1.2,0.000000e+00,1.525000e+02,305,5.000000e-01,land,P,,,target1,TARGET,blue,3.806833e+01,-1.172333e+02,-4.00468707e-08,3.42515547e+06,-3.68159516e+06,3.91045903e+06,3.806944e+01,-1.172333e+02,1.52400000e+03,3.42592107e+06,-3.68241802e+06,3.91149564e+06,L,3,,B,,3.806944e+01,-1.172333e+02,1.52400000e+03,3.42592106e+06,-3.68241802e+06,3.91149564e+06,0.000000e+00,0.000000e+00,0.000000e+00,0.000000e+00,0.000000e+00,1.528983e+03,4.257712e-13,1.490027e+00,1.528983e+03,4.257712e-13,1.490027e+00,,,,,,,,0,,,,radar1.1,simple_radar,WSF_GEOMETRIC_SENSOR,default
1.530000e+02,SENSOR_DETECTION_ATTEMPT,radar1,red,target1,simple_radar,default,1,,,,,,,,,,,,WSF_GEOMETRIC_SENSOR,3.806833e+01,-1.172333e+02,-4.00468707e-08,3.42528970e+06,-3.68147032e+06,3.91045899e+06,0.000000e+00,0.000000e+00,0.000000e+00,0.000000e+00,TARGET,3.806944e+01,-1.172333e+02,1.52400000e+03,3.42605533e+06,-3.68229315e+06,3.91149560e+06,0.000000e+00,0.000000e+00,0.000000e+00,0.000000e+00,,,,,,,,,,,,,,,,,,,,,1.528983e+03,4.265784e-13,1.490027e+00,,,1.528983e+03,3.141593e+00,-1.490047e+00,,,,,,,,,,,,,,,,,,,,,,,,,,,,,,,,,,,,,,,,,,,,,,,,,,,,,,,,,1.000000e+00,2.680268e-01,1
1.530000e+02,SENSOR_TRACK_UPDATED,radar1,red,simple_radar,radar1.1,0.000000e+00,1.530000e+02,306,5.000000e-01,land,M,,,target1,TARGET,blue,3.806833e+01,-1.172333e+02,-4.00468707e-08,3.42528970e+06,-3.68147032e+06,3.91045899e+06,3.806944e+01,-1.172333e+02,1.52400000e+03,3.42605533e+06,-3.68229315e+06,3.91149559e+06,L,3,,B,,3.806944e+01,-1.172333e+02,1.52400000e+03,3.42605533e+06,-3.68229315e+06,3.91149560e+06,0.000000e+00,0.000000e+00,0.000000e+00,0.000000e+00,0.000000e+00,1.528983e+03,4.257712e-13,1.490027e+00,1.528983e+03,4.257712e-13,1.490027e+00,,,,,,,,0,,,
1.530000e+02,LOCAL_TRACK_UPDATED,radar1,red,radar1.2,0.000000e+00,1.530000e+02,306,5.000000e-01,land,P,,,target1,TARGET,blue,3.806833e+01,-1.172333e+02,-4.00468707e-08,3.42528970e+06,-3.68147032e+06,3.91045899e+06,3.806944e+01,-1.172333e+02,1.52400000e+03,3.42605533e+06,-3.68229315e+06,3.91149559e+06,L,3,,B,,3.806944e+01,-1.172333e+02,1.52400000e+03,3.42605533e+06,-3.68229315e+06,3.91149560e+06,0.000000e+00,0.000000e+00,0.000000e+00,0.000000e+00,0.000000e+00,1.528983e+03,4.257712e-13,1.490027e+00,1.528983e+03,4.257712e-13,1.490027e+00,,,,,,,,0,,,,radar1.1,simple_radar,WSF_GEOMETRIC_SENSOR,default
1.535000e+02,SENSOR_DETECTION_ATTEMPT,radar1,red,target1,simple_radar,default,1,,,,,,,,,,,,WSF_GEOMETRIC_SENSOR,3.806833e+01,-1.172333e+02,-4.00468707e-08,3.42542393e+06,-3.68134547e+06,3.91045895e+06,0.000000e+00,0.000000e+00,0.000000e+00,0.000000e+00,TARGET,3.806944e+01,-1.172333e+02,1.52400000e+03,3.42618959e+06,-3.68216828e+06,3.91149555e+06,0.000000e+00,0.000000e+00,0.000000e+00,0.000000e+00,,,,,,,,,,,,,,,,,,,,,1.528983e+03,4.265784e-13,1.490027e+00,,,1.528983e+03,3.141593e+00,-1.490047e+00,,,,,,,,,,,,,,,,,,,,,,,,,,,,,,,,,,,,,,,,,,,,,,,,,,,,,,,,,1.000000e+00,5.653997e-01,1
1.535000e+02,SENSOR_TRACK_UPDATED,radar1,red,simple_radar,radar1.1,0.000000e+00,1.535000e+02,307,5.000000e-01,land,M,,,target1,TARGET,blue,3.806833e+01,-1.172333e+02,-4.00468707e-08,3.42542393e+06,-3.68134547e+06,3.91045895e+06,3.806944e+01,-1.172333e+02,1.52400000e+03,3.42618959e+06,-3.68216828e+06,3.91149555e+06,L,3,,B,,3.806944e+01,-1.172333e+02,1.52400000e+03,3.42618959e+06,-3.68216828e+06,3.91149555e+06,0.000000e+00,0.000000e+00,0.000000e+00,0.000000e+00,0.000000e+00,1.528983e+03,4.257712e-13,1.490027e+00,1.528983e+03,4.257712e-13,1.490027e+00,,,,,,,,0,,,
1.535000e+02,LOCAL_TRACK_UPDATED,radar1,red,radar1.2,0.000000e+00,1.535000e+02,307,5.000000e-01,land,P,,,target1,TARGET,blue,3.806833e+01,-1.172333e+02,-4.00468707e-08,3.42542393e+06,-3.68134547e+06,3.91045895e+06,3.806944e+01,-1.172333e+02,1.52400000e+03,3.42618959e+06,-3.68216828e+06,3.91149555e+06,L,3,,B,,3.806944e+01,-1.172333e+02,1.52400000e+03,3.42618959e+06,-3.68216828e+06,3.91149555e+06,0.000000e+00,0.000000e+00,0.000000e+00,0.000000e+00,0.000000e+00,1.528983e+03,4.257712e-13,1.490027e+00,1.528983e+03,4.257712e-13,1.490027e+00,,,,,,,,0,,,,radar1.1,simple_radar,WSF_GEOMETRIC_SENSOR,default
1.540000e+02,SENSOR_DETECTION_ATTEMPT,radar1,red,target1,simple_radar,default,1,,,,,,,,,,,,WSF_GEOMETRIC_SENSOR,3.806833e+01,-1.172333e+02,-4.00468707e-08,3.42555815e+06,-3.68122062e+06,3.91045891e+06,0.000000e+00,0.000000e+00,0.000000e+00,0.000000e+00,TARGET,3.806944e+01,-1.172333e+02,1.52400000e+03,3.42632384e+06,-3.68204339e+06,3.91149551e+06,0.000000e+00,0.000000e+00,0.000000e+00,0.000000e+00,,,,,,,,,,,,,,,,,,,,,1.528983e+03,4.265784e-13,1.490027e+00,,,1.528983e+03,3.141593e+00,-1.490047e+00,,,,,,,,,,,,,,,,,,,,,,,,,,,,,,,,,,,,,,,,,,,,,,,,,,,,,,,,,1.000000e+00,7.447452e-01,1
1.540000e+02,SENSOR_TRACK_UPDATED,radar1,red,simple_radar,radar1.1,0.000000e+00,1.540000e+02,308,5.000000e-01,land,M,,,target1,TARGET,blue,3.806833e+01,-1.172333e+02,-4.00468707e-08,3.42555815e+06,-3.68122062e+06,3.91045890e+06,3.806944e+01,-1.172333e+02,1.52400000e+03,3.42632384e+06,-3.68204340e+06,3.91149551e+06,L,3,,B,,3.806944e+01,-1.172333e+02,1.52400000e+03,3.42632384e+06,-3.68204339e+06,3.91149551e+06,0.000000e+00,0.000000e+00,0.000000e+00,0.000000e+00,0.000000e+00,1.528983e+03,4.257712e-13,1.490027e+00,1.528983e+03,4.257712e-13,1.490027e+00,,,,,,,,0,,,
1.540000e+02,LOCAL_TRACK_UPDATED,radar1,red,radar1.2,0.000000e+00,1.540000e+02,308,5.000000e-01,land,P,,,target1,TARGET,blue,3.806833e+01,-1.172333e+02,-4.00468707e-08,3.42555815e+06,-3.68122062e+06,3.91045890e+06,3.806944e+01,-1.172333e+02,1.52400000e+03,3.42632384e+06,-3.68204340e+06,3.91149551e+06,L,3,,B,,3.806944e+01,-1.172333e+02,1.52400000e+03,3.42632384e+06,-3.68204339e+06,3.91149551e+06,0.000000e+00,0.000000e+00,0.000000e+00,0.000000e+00,0.000000e+00,1.528983e+03,4.257712e-13,1.490027e+00,1.528983e+03,4.257712e-13,1.490027e+00,,,,,,,,0,,,,radar1.1,simple_radar,WSF_GEOMETRIC_SENSOR,default
1.545000e+02,SENSOR_DETECTION_ATTEMPT,radar1,red,target1,simple_radar,default,1,,,,,,,,,,,,WSF_GEOMETRIC_SENSOR,3.806833e+01,-1.172333e+02,-4.00468707e-08,3.42569237e+06,-3.68109576e+06,3.91045886e+06,0.000000e+00,0.000000e+00,0.000000e+00,0.000000e+00,TARGET,3.806944e+01,-1.172333e+02,1.52400000e+03,3.42645809e+06,-3.68191851e+06,3.91149547e+06,0.000000e+00,0.000000e+00,0.000000e+00,0.000000e+00,,,,,,,,,,,,,,,,,,,,,1.528983e+03,4.265784e-13,1.490027e+00,,,1.528983e+03,3.141593e+00,-1.490047e+00,,,,,,,,,,,,,,,,,,,,,,,,,,,,,,,,,,,,,,,,,,,,,,,,,,,,,,,,,1.000000e+00,2.657662e-01,1
1.545000e+02,SENSOR_TRACK_UPDATED,radar1,red,simple_radar,radar1.1,0.000000e+00,1.545000e+02,309,5.000000e-01,land,M,,,target1,TARGET,blue,3.806833e+01,-1.172333e+02,-4.00468707e-08,3.42569237e+06,-3.68109576e+06,3.91045886e+06,3.806944e+01,-1.172333e+02,1.52400000e+03,3.42645809e+06,-3.68191851e+06,3.91149546e+06,L,3,,B,,3.806944e+01,-1.172333e+02,1.52400000e+03,3.42645809e+06,-3.68191851e+06,3.91149547e+06,0.000000e+00,0.000000e+00,0.000000e+00,0.000000e+00,0.000000e+00,1.528983e+03,4.257712e-13,1.490027e+00,1.528983e+03,4.257712e-13,1.490027e+00,,,,,,,,0,,,
1.545000e+02,LOCAL_TRACK_UPDATED,radar1,red,radar1.2,0.000000e+00,1.545000e+02,309,5.000000e-01,land,P,,,target1,TARGET,blue,3.806833e+01,-1.172333e+02,-4.00468707e-08,3.42569237e+06,-3.68109576e+06,3.91045886e+06,3.806944e+01,-1.172333e+02,1.52400000e+03,3.42645809e+06,-3.68191851e+06,3.91149546e+06,L,3,,B,,3.806944e+01,-1.172333e+02,1.52400000e+03,3.42645809e+06,-3.68191851e+06,3.91149547e+06,0.000000e+00,0.000000e+00,0.000000e+00,0.000000e+00,0.000000e+00,1.528983e+03,4.257712e-13,1.490027e+00,1.528983e+03,4.257712e-13,1.490027e+00,,,,,,,,0,,,,radar1.1,simple_radar,WSF_GEOMETRIC_SENSOR,default
1.550000e+02,SENSOR_DETECTION_ATTEMPT,radar1,red,target1,simple_radar,default,1,,,,,,,,,,,,WSF_GEOMETRIC_SENSOR,3.806833e+01,-1.172333e+02,-4.00468707e-08,3.42582659e+06,-3.68097090e+06,3.91045882e+06,0.000000e+00,0.000000e+00,0.000000e+00,0.000000e+00,TARGET,3.806944e+01,-1.172333e+02,1.52400000e+03,3.42659234e+06,-3.68179362e+06,3.91149542e+06,0.000000e+00,0.000000e+00,0.000000e+00,0.000000e+00,,,,,,,,,,,,,,,,,,,,,1.528983e+03,4.265784e-13,1.490027e+00,,,1.528983e+03,3.141593e+00,-1.490047e+00,,,,,,,,,,,,,,,,,,,,,,,,,,,,,,,,,,,,,,,,,,,,,,,,,,,,,,,,,1.000000e+00,2.775735e-01,1
1.550000e+02,SENSOR_TRACK_UPDATED,radar1,red,simple_radar,radar1.1,0.000000e+00,1.550000e+02,310,5.000000e-01,land,M,,,target1,TARGET,blue,3.806833e+01,-1.172333e+02,-4.00468707e-08,3.42582659e+06,-3.68097090e+06,3.91045882e+06,3.806944e+01,-1.172333e+02,1.52400000e+03,3.42659234e+06,-3.68179362e+06,3.91149542e+06,L,3,,B,,3.806944e+01,-1.172333e+02,1.52400000e+03,3.42659234e+06,-3.68179362e+06,3.91149542e+06,0.000000e+00,0.000000e+00,0.000000e+00,0.000000e+00,0.000000e+00,1.528983e+03,4.257712e-13,1.490027e+00,1.528983e+03,4.257712e-13,1.490027e+00,,,,,,,,0,,,
1.550000e+02,LOCAL_TRACK_UPDATED,radar1,red,radar1.2,0.000000e+00,1.550000e+02,310,5.000000e-01,land,P,,,target1,TARGET,blue,3.806833e+01,-1.172333e+02,-4.00468707e-08,3.42582659e+06,-3.68097090e+06,3.91045882e+06,3.806944e+01,-1.172333e+02,1.52400000e+03,3.42659234e+06,-3.68179362e+06,3.91149542e+06,L,3,,B,,3.806944e+01,-1.172333e+02,1.52400000e+03,3.42659234e+06,-3.68179362e+06,3.91149542e+06,0.000000e+00,0.000000e+00,0.000000e+00,0.000000e+00,0.000000e+00,1.528983e+03,4.257712e-13,1.490027e+00,1.528983e+03,4.257712e-13,1.490027e+00,,,,,,,,0,,,,radar1.1,simple_radar,WSF_GEOMETRIC_SENSOR,default
1.555000e+02,SENSOR_DETECTION_ATTEMPT,radar1,red,target1,simple_radar,default,1,,,,,,,,,,,,WSF_GEOMETRIC_SENSOR,3.806833e+01,-1.172333e+02,-4.00468707e-08,3.42596080e+06,-3.68084603e+06,3.91045878e+06,0.000000e+00,0.000000e+00,0.000000e+00,0.000000e+00,TARGET,3.806944e+01,-1.172333e+02,1.52400000e+03,3.42672658e+06,-3.68166872e+06,3.91149538e+06,0.000000e+00,0.000000e+00,0.000000e+00,0.000000e+00,,,,,,,,,,,,,,,,,,,,,1.528983e+03,4.265784e-13,1.490027e+00,,,1.528983e+03,3.141593e+00,-1.490047e+00,,,,,,,,,,,,,,,,,,,,,,,,,,,,,,,,,,,,,,,,,,,,,,,,,,,,,,,,,1.000000e+00,5.254866e-01,1
1.555000e+02,SENSOR_TRACK_UPDATED,radar1,red,simple_radar,radar1.1,0.000000e+00,1.555000e+02,311,5.000000e-01,land,M,,,target1,TARGET,blue,3.806833e+01,-1.172333e+02,-4.00468707e-08,3.42596080e+06,-3.68084603e+06,3.91045877e+06,3.806944e+01,-1.172333e+02,1.52400000e+03,3.42672658e+06,-3.68166873e+06,3.91149538e+06,L,3,,B,,3.806944e+01,-1.172333e+02,1.52400000e+03,3.42672658e+06,-3.68166872e+06,3.91149538e+06,0.000000e+00,0.000000e+00,0.000000e+00,0.000000e+00,0.000000e+00,1.528983e+03,4.257712e-13,1.490027e+00,1.528983e+03,4.257712e-13,1.490027e+00,,,,,,,,0,,,
1.555000e+02,LOCAL_TRACK_UPDATED,radar1,red,radar1.2,0.000000e+00,1.555000e+02,311,5.000000e-01,land,P,,,target1,TARGET,blue,3.806833e+01,-1.172333e+02,-4.00468707e-08,3.42596080e+06,-3.68084603e+06,3.91045877e+06,3.806944e+01,-1.172333e+02,1.52400000e+03,3.42672658e+06,-3.68166873e+06,3.91149538e+06,L,3,,B,,3.806944e+01,-1.172333e+02,1.52400000e+03,3.42672658e+06,-3.68166872e+06,3.91149538e+06,0.000000e+00,0.000000e+00,0.000000e+00,0.000000e+00,0.000000e+00,1.528983e+03,4.257712e-13,1.490027e+00,1.528983e+03,4.257712e-13,1.490027e+00,,,,,,,,0,,,,radar1.1,simple_radar,WSF_GEOMETRIC_SENSOR,default
1.560000e+02,SENSOR_DETECTION_ATTEMPT,radar1,red,target1,simple_radar,default,1,,,,,,,,,,,,WSF_GEOMETRIC_SENSOR,3.806833e+01,-1.172333e+02,-4.00468707e-08,3.42609501e+06,-3.68072116e+06,3.91045873e+06,0.000000e+00,0.000000e+00,0.000000e+00,0.000000e+00,TARGET,3.806944e+01,-1.172333e+02,1.52400000e+03,3.42686081e+06,-3.68154383e+06,3.91149534e+06,0.000000e+00,0.000000e+00,0.000000e+00,0.000000e+00,,,,,,,,,,,,,,,,,,,,,1.528983e+03,4.265784e-13,1.490027e+00,,,1.528983e+03,3.141593e+00,-1.490047e+00,,,,,,,,,,,,,,,,,,,,,,,,,,,,,,,,,,,,,,,,,,,,,,,,,,,,,,,,,1.000000e+00,4.493343e-01,1
1.560000e+02,SENSOR_TRACK_UPDATED,radar1,red,simple_radar,radar1.1,0.000000e+00,1.560000e+02,312,5.000000e-01,land,M,,,target1,TARGET,blue,3.806833e+01,-1.172333e+02,-4.00468707e-08,3.42609501e+06,-3.68072116e+06,3.91045873e+06,3.806944e+01,-1.172333e+02,1.52400000e+03,3.42686082e+06,-3.68154383e+06,3.91149533e+06,L,3,,B,,3.806944e+01,-1.172333e+02,1.52400000e+03,3.42686081e+06,-3.68154383e+06,3.91149534e+06,0.000000e+00,0.000000e+00,0.000000e+00,0.000000e+00,0.000000e+00,1.528983e+03,4.257712e-13,1.490027e+00,1.528983e+03,4.257712e-13,1.490027e+00,,,,,,,,0,,,
1.560000e+02,LOCAL_TRACK_UPDATED,radar1,red,radar1.2,0.000000e+00,1.560000e+02,312,5.000000e-01,land,P,,,target1,TARGET,blue,3.806833e+01,-1.172333e+02,-4.00468707e-08,3.42609501e+06,-3.68072116e+06,3.91045873e+06,3.806944e+01,-1.172333e+02,1.52400000e+03,3.42686082e+06,-3.68154383e+06,3.91149533e+06,L,3,,B,,3.806944e+01,-1.172333e+02,1.52400000e+03,3.42686081e+06,-3.68154383e+06,3.91149534e+06,0.000000e+00,0.000000e+00,0.000000e+00,0.000000e+00,0.000000e+00,1.528983e+03,4.257712e-13,1.490027e+00,1.528983e+03,4.257712e-13,1.490027e+00,,,,,,,,0,,,,radar1.1,simple_radar,WSF_GEOMETRIC_SENSOR,default
1.565000e+02,SENSOR_DETECTION_ATTEMPT,radar1,red,target1,simple_radar,default,1,,,,,,,,,,,,WSF_GEOMETRIC_SENSOR,3.806833e+01,-1.172333e+02,-4.00468707e-08,3.42622921e+06,-3.68059628e+06,3.91045869e+06,0.000000e+00,0.000000e+00,0.000000e+00,0.000000e+00,TARGET,3.806944e+01,-1.172333e+02,1.52400000e+03,3.42699505e+06,-3.68141892e+06,3.91149529e+06,0.000000e+00,0.000000e+00,0.000000e+00,0.000000e+00,,,,,,,,,,,,,,,,,,,,,1.528983e+03,4.265784e-13,1.490027e+00,,,1.528983e+03,3.141593e+00,-1.490047e+00,,,,,,,,,,,,,,,,,,,,,,,,,,,,,,,,,,,,,,,,,,,,,,,,,,,,,,,,,1.000000e+00,1.400614e-01,1
1.565000e+02,SENSOR_TRACK_UPDATED,radar1,red,simple_radar,radar1.1,0.000000e+00,1.565000e+02,313,5.000000e-01,land,M,,,target1,TARGET,blue,3.806833e+01,-1.172333e+02,-4.00468707e-08,3.42622921e+06,-3.68059628e+06,3.91045869e+06,3.806944e+01,-1.172333e+02,1.52400000e+03,3.42699505e+06,-3.68141892e+06,3.91149529e+06,L,3,,B,,3.806944e+01,-1.172333e+02,1.52400000e+03,3.42699505e+06,-3.68141892e+06,3.91149529e+06,0.000000e+00,0.000000e+00,0.000000e+00,0.000000e+00,0.000000e+00,1.528983e+03,4.257712e-13,1.490027e+00,1.528983e+03,4.257712e-13,1.490027e+00,,,,,,,,0,,,
1.565000e+02,LOCAL_TRACK_UPDATED,radar1,red,radar1.2,0.000000e+00,1.565000e+02,313,5.000000e-01,land,P,,,target1,TARGET,blue,3.806833e+01,-1.172333e+02,-4.00468707e-08,3.42622921e+06,-3.68059628e+06,3.91045869e+06,3.806944e+01,-1.172333e+02,1.52400000e+03,3.42699505e+06,-3.68141892e+06,3.91149529e+06,L,3,,B,,3.806944e+01,-1.172333e+02,1.52400000e+03,3.42699505e+06,-3.68141892e+06,3.91149529e+06,0.000000e+00,0.000000e+00,0.000000e+00,0.000000e+00,0.000000e+00,1.528983e+03,4.257712e-13,1.490027e+00,1.528983e+03,4.257712e-13,1.490027e+00,,,,,,,,0,,,,radar1.1,simple_radar,WSF_GEOMETRIC_SENSOR,default
1.570000e+02,SENSOR_DETECTION_ATTEMPT,radar1,red,target1,simple_radar,default,1,,,,,,,,,,,,WSF_GEOMETRIC_SENSOR,3.806833e+01,-1.172333e+02,-4.00468707e-08,3.42636340e+06,-3.68047140e+06,3.91045865e+06,0.000000e+00,0.000000e+00,0.000000e+00,0.000000e+00,TARGET,3.806944e+01,-1.172333e+02,1.52400000e+03,3.42712927e+06,-3.68129401e+06,3.91149525e+06,0.000000e+00,0.000000e+00,0.000000e+00,0.000000e+00,,,,,,,,,,,,,,,,,,,,,1.528983e+03,4.265784e-13,1.490027e+00,,,1.528983e+03,3.141593e+00,-1.490047e+00,,,,,,,,,,,,,,,,,,,,,,,,,,,,,,,,,,,,,,,,,,,,,,,,,,,,,,,,,1.000000e+00,1.484552e-01,1
1.570000e+02,SENSOR_TRACK_UPDATED,radar1,red,simple_radar,radar1.1,0.000000e+00,1.570000e+02,314,5.000000e-01,land,M,,,target1,TARGET,blue,3.806833e+01,-1.172333e+02,-4.00468707e-08,3.42636341e+06,-3.68047140e+06,3.91045865e+06,3.806944e+01,-1.172333e+02,1.52400000e+03,3.42712928e+06,-3.68129401e+06,3.91149525e+06,L,3,,B,,3.806944e+01,-1.172333e+02,1.52400000e+03,3.42712927e+06,-3.68129401e+06,3.91149525e+06,0.000000e+00,0.000000e+00,0.000000e+00,0.000000e+00,0.000000e+00,1.528983e+03,4.257712e-13,1.490027e+00,1.528983e+03,4.257712e-13,1.490027e+00,,,,,,,,0,,,
1.570000e+02,LOCAL_TRACK_UPDATED,radar1,red,radar1.2,0.000000e+00,1.570000e+02,314,5.000000e-01,land,P,,,target1,TARGET,blue,3.806833e+01,-1.172333e+02,-4.00468707e-08,3.42636341e+06,-3.68047140e+06,3.91045865e+06,3.806944e+01,-1.172333e+02,1.52400000e+03,3.42712928e+06,-3.68129401e+06,3.91149525e+06,L,3,,B,,3.806944e+01,-1.172333e+02,1.52400000e+03,3.42712927e+06,-3.68129401e+06,3.91149525e+06,0.000000e+00,0.000000e+00,0.000000e+00,0.000000e+00,0.000000e+00,1.528983e+03,4.257712e-13,1.490027e+00,1.528983e+03,4.257712e-13,1.490027e+00,,,,,,,,0,,,,radar1.1,simple_radar,WSF_GEOMETRIC_SENSOR,default
1.575000e+02,SENSOR_DETECTION_ATTEMPT,radar1,red,target1,simple_radar,default,1,,,,,,,,,,,,WSF_GEOMETRIC_SENSOR,3.806833e+01,-1.172333e+02,-4.00468707e-08,3.42649760e+06,-3.68034651e+06,3.91045860e+06,0.000000e+00,0.000000e+00,0.000000e+00,0.000000e+00,TARGET,3.806944e+01,-1.172333e+02,1.52400000e+03,3.42726350e+06,-3.68116910e+06,3.91149521e+06,0.000000e+00,0.000000e+00,0.000000e+00,0.000000e+00,,,,,,,,,,,,,,,,,,,,,1.528983e+03,4.265784e-13,1.490027e+00,,,1.528983e+03,3.141593e+00,-1.490047e+00,,,,,,,,,,,,,,,,,,,,,,,,,,,,,,,,,,,,,,,,,,,,,,,,,,,,,,,,,1.000000e+00,5.987111e-01,1
1.575000e+02,SENSOR_TRACK_UPDATED,radar1,red,simple_radar,radar1.1,0.000000e+00,1.575000e+02,315,5.000000e-01,land,M,,,target1,TARGET,blue,3.806833e+01,-1.172333e+02,-4.00468707e-08,3.42649760e+06,-3.68034651e+06,3.91045860e+06,3.806944e+01,-1.172333e+02,1.52400000e+03,3.42726350e+06,-3.68116910e+06,3.91149521e+06,L,3,,B,,3.806944e+01,-1.172333e+02,1.52400000e+03,3.42726350e+06,-3.68116910e+06,3.91149521e+06,0.000000e+00,0.000000e+00,0.000000e+00,0.000000e+00,0.000000e+00,1.528983e+03,4.257712e-13,1.490027e+00,1.528983e+03,4.257712e-13,1.490027e+00,,,,,,,,0,,,
1.575000e+02,LOCAL_TRACK_UPDATED,radar1,red,radar1.2,0.000000e+00,1.575000e+02,315,5.000000e-01,land,P,,,target1,TARGET,blue,3.806833e+01,-1.172333e+02,-4.00468707e-08,3.42649760e+06,-3.68034651e+06,3.91045860e+06,3.806944e+01,-1.172333e+02,1.52400000e+03,3.42726350e+06,-3.68116910e+06,3.91149521e+06,L,3,,B,,3.806944e+01,-1.172333e+02,1.52400000e+03,3.42726350e+06,-3.68116910e+06,3.91149521e+06,0.000000e+00,0.000000e+00,0.000000e+00,0.000000e+00,0.000000e+00,1.528983e+03,4.257712e-13,1.490027e+00,1.528983e+03,4.257712e-13,1.490027e+00,,,,,,,,0,,,,radar1.1,simple_radar,WSF_GEOMETRIC_SENSOR,default
1.580000e+02,SENSOR_DETECTION_ATTEMPT,radar1,red,target1,simple_radar,default,1,,,,,,,,,,,,WSF_GEOMETRIC_SENSOR,3.806833e+01,-1.172333e+02,-4.00468707e-08,3.42663179e+06,-3.68022162e+06,3.91045856e+06,0.000000e+00,0.000000e+00,0.000000e+00,0.000000e+00,TARGET,3.806944e+01,-1.172333e+02,1.52400000e+03,3.42739771e+06,-3.68104418e+06,3.91149516e+06,0.000000e+00,0.000000e+00,0.000000e+00,0.000000e+00,,,,,,,,,,,,,,,,,,,,,1.528983e+03,4.265784e-13,1.490027e+00,,,1.528983e+03,3.141593e+00,-1.490047e+00,,,,,,,,,,,,,,,,,,,,,,,,,,,,,,,,,,,,,,,,,,,,,,,,,,,,,,,,,1.000000e+00,5.865601e-01,1
1.580000e+02,SENSOR_TRACK_UPDATED,radar1,red,simple_radar,radar1.1,0.000000e+00,1.580000e+02,316,5.000000e-01,land,M,,,target1,TARGET,blue,3.806833e+01,-1.172333e+02,-4.00468707e-08,3.42663179e+06,-3.68022162e+06,3.91045856e+06,3.806944e+01,-1.172333e+02,1.52400000e+03,3.42739772e+06,-3.68104418e+06,3.91149516e+06,L,3,,B,,3.806944e+01,-1.172333e+02,1.52400000e+03,3.42739771e+06,-3.68104418e+06,3.91149516e+06,0.000000e+00,0.000000e+00,0.000000e+00,0.000000e+00,0.000000e+00,1.528983e+03,4.257712e-13,1.490027e+00,1.528983e+03,4.257712e-13,1.490027e+00,,,,,,,,0,,,
1.580000e+02,LOCAL_TRACK_UPDATED,radar1,red,radar1.2,0.000000e+00,1.580000e+02,316,5.000000e-01,land,P,,,target1,TARGET,blue,3.806833e+01,-1.172333e+02,-4.00468707e-08,3.42663179e+06,-3.68022162e+06,3.91045856e+06,3.806944e+01,-1.172333e+02,1.52400000e+03,3.42739772e+06,-3.68104418e+06,3.91149516e+06,L,3,,B,,3.806944e+01,-1.172333e+02,1.52400000e+03,3.42739771e+06,-3.68104418e+06,3.91149516e+06,0.000000e+00,0.000000e+00,0.000000e+00,0.000000e+00,0.000000e+00,1.528983e+03,4.257712e-13,1.490027e+00,1.528983e+03,4.257712e-13,1.490027e+00,,,,,,,,0,,,,radar1.1,simple_radar,WSF_GEOMETRIC_SENSOR,default
1.585000e+02,SENSOR_DETECTION_ATTEMPT,radar1,red,target1,simple_radar,default,1,,,,,,,,,,,,WSF_GEOMETRIC_SENSOR,3.806833e+01,-1.172333e+02,-4.00468707e-08,3.42676597e+06,-3.68009673e+06,3.91045852e+06,0.000000e+00,0.000000e+00,0.000000e+00,0.000000e+00,TARGET,3.806944e+01,-1.172333e+02,1.52400000e+03,3.42753193e+06,-3.68091925e+06,3.91149512e+06,0.000000e+00,0.000000e+00,0.000000e+00,0.000000e+00,,,,,,,,,,,,,,,,,,,,,1.528983e+03,4.265784e-13,1.490027e+00,,,1.528983e+03,3.141593e+00,-1.490047e+00,,,,,,,,,,,,,,,,,,,,,,,,,,,,,,,,,,,,,,,,,,,,,,,,,,,,,,,,,1.000000e+00,3.234804e-01,1
1.585000e+02,SENSOR_TRACK_UPDATED,radar1,red,simple_radar,radar1.1,0.000000e+00,1.585000e+02,317,5.000000e-01,land,M,,,target1,TARGET,blue,3.806833e+01,-1.172333e+02,-4.00468707e-08,3.42676597e+06,-3.68009673e+06,3.91045852e+06,3.806944e+01,-1.172333e+02,1.52400000e+03,3.42753193e+06,-3.68091925e+06,3.91149512e+06,L,3,,B,,3.806944e+01,-1.172333e+02,1.52400000e+03,3.42753193e+06,-3.68091925e+06,3.91149512e+06,0.000000e+00,0.000000e+00,0.000000e+00,0.000000e+00,0.000000e+00,1.528983e+03,4.257712e-13,1.490027e+00,1.528983e+03,4.257712e-13,1.490027e+00,,,,,,,,0,,,
1.585000e+02,LOCAL_TRACK_UPDATED,radar1,red,radar1.2,0.000000e+00,1.585000e+02,317,5.000000e-01,land,P,,,target1,TARGET,blue,3.806833e+01,-1.172333e+02,-4.00468707e-08,3.42676597e+06,-3.68009673e+06,3.91045852e+06,3.806944e+01,-1.172333e+02,1.52400000e+03,3.42753193e+06,-3.68091925e+06,3.91149512e+06,L,3,,B,,3.806944e+01,-1.172333e+02,1.52400000e+03,3.42753193e+06,-3.68091925e+06,3.91149512e+06,0.000000e+00,0.000000e+00,0.000000e+00,0.000000e+00,0.000000e+00,1.528983e+03,4.257712e-13,1.490027e+00,1.528983e+03,4.257712e-13,1.490027e+00,,,,,,,,0,,,,radar1.1,simple_radar,WSF_GEOMETRIC_SENSOR,default
1.590000e+02,SENSOR_DETECTION_ATTEMPT,radar1,red,target1,simple_radar,default,1,,,,,,,,,,,,WSF_GEOMETRIC_SENSOR,3.806833e+01,-1.172333e+02,-4.00468707e-08,3.42690015e+06,-3.67997182e+06,3.91045848e+06,0.000000e+00,0.000000e+00,0.000000e+00,0.000000e+00,TARGET,3.806944e+01,-1.172333e+02,1.52400000e+03,3.42766614e+06,-3.68079432e+06,3.91149508e+06,0.000000e+00,0.000000e+00,0.000000e+00,0.000000e+00,,,,,,,,,,,,,,,,,,,,,1.528983e+03,4.265784e-13,1.490027e+00,,,1.528983e+03,3.141593e+00,-1.490047e+00,,,,,,,,,,,,,,,,,,,,,,,,,,,,,,,,,,,,,,,,,,,,,,,,,,,,,,,,,1.000000e+00,3.921675e-01,1
1.590000e+02,SENSOR_TRACK_UPDATED,radar1,red,simple_radar,radar1.1,0.000000e+00,1.590000e+02,318,5.000000e-01,land,M,,,target1,TARGET,blue,3.806833e+01,-1.172333e+02,-4.00468707e-08,3.42690015e+06,-3.67997182e+06,3.91045847e+06,3.806944e+01,-1.172333e+02,1.52400000e+03,3.42766614e+06,-3.68079432e+06,3.91149508e+06,L,3,,B,,3.806944e+01,-1.172333e+02,1.52400000e+03,3.42766614e+06,-3.68079432e+06,3.91149508e+06,0.000000e+00,0.000000e+00,0.000000e+00,0.000000e+00,0.000000e+00,1.528983e+03,4.257712e-13,1.490027e+00,1.528983e+03,4.257712e-13,1.490027e+00,,,,,,,,0,,,
1.590000e+02,LOCAL_TRACK_UPDATED,radar1,red,radar1.2,0.000000e+00,1.590000e+02,318,5.000000e-01,land,P,,,target1,TARGET,blue,3.806833e+01,-1.172333e+02,-4.00468707e-08,3.42690015e+06,-3.67997182e+06,3.91045847e+06,3.806944e+01,-1.172333e+02,1.52400000e+03,3.42766614e+06,-3.68079432e+06,3.91149508e+06,L,3,,B,,3.806944e+01,-1.172333e+02,1.52400000e+03,3.42766614e+06,-3.68079432e+06,3.91149508e+06,0.000000e+00,0.000000e+00,0.000000e+00,0.000000e+00,0.000000e+00,1.528983e+03,4.257712e-13,1.490027e+00,1.528983e+03,4.257712e-13,1.490027e+00,,,,,,,,0,,,,radar1.1,simple_radar,WSF_GEOMETRIC_SENSOR,default
1.595000e+02,SENSOR_DETECTION_ATTEMPT,radar1,red,target1,simple_radar,default,1,,,,,,,,,,,,WSF_GEOMETRIC_SENSOR,3.806833e+01,-1.172333e+02,-4.00468707e-08,3.42703432e+06,-3.67984692e+06,3.91045843e+06,0.000000e+00,0.000000e+00,0.000000e+00,0.000000e+00,TARGET,3.806944e+01,-1.172333e+02,1.52400000e+03,3.42780034e+06,-3.68066939e+06,3.91149504e+06,0.000000e+00,0.000000e+00,0.000000e+00,0.000000e+00,,,,,,,,,,,,,,,,,,,,,1.528983e+03,4.265784e-13,1.490027e+00,,,1.528983e+03,3.141593e+00,-1.490047e+00,,,,,,,,,,,,,,,,,,,,,,,,,,,,,,,,,,,,,,,,,,,,,,,,,,,,,,,,,1.000000e+00,8.174285e-01,1
1.595000e+02,SENSOR_TRACK_UPDATED,radar1,red,simple_radar,radar1.1,0.000000e+00,1.595000e+02,319,5.000000e-01,land,M,,,target1,TARGET,blue,3.806833e+01,-1.172333e+02,-4.00468707e-08,3.42703432e+06,-3.67984692e+06,3.91045843e+06,3.806944e+01,-1.172333e+02,1.52400000e+03,3.42780034e+06,-3.68066939e+06,3.91149503e+06,L,3,,B,,3.806944e+01,-1.172333e+02,1.52400000e+03,3.42780034e+06,-3.68066939e+06,3.91149504e+06,0.000000e+00,0.000000e+00,0.000000e+00,0.000000e+00,0.000000e+00,1.528983e+03,4.257712e-13,1.490027e+00,1.528983e+03,4.257712e-13,1.490027e+00,,,,,,,,0,,,
1.595000e+02,LOCAL_TRACK_UPDATED,radar1,red,radar1.2,0.000000e+00,1.595000e+02,319,5.000000e-01,land,P,,,target1,TARGET,blue,3.806833e+01,-1.172333e+02,-4.00468707e-08,3.42703432e+06,-3.67984692e+06,3.91045843e+06,3.806944e+01,-1.172333e+02,1.52400000e+03,3.42780034e+06,-3.68066939e+06,3.91149503e+06,L,3,,B,,3.806944e+01,-1.172333e+02,1.52400000e+03,3.42780034e+06,-3.68066939e+06,3.91149504e+06,0.000000e+00,0.000000e+00,0.000000e+00,0.000000e+00,0.000000e+00,1.528983e+03,4.257712e-13,1.490027e+00,1.528983e+03,4.257712e-13,1.490027e+00,,,,,,,,0,,,,radar1.1,simple_radar,WSF_GEOMETRIC_SENSOR,default
1.600000e+02,SENSOR_DETECTION_ATTEMPT,radar1,red,target1,simple_radar,default,1,,,,,,,,,,,,WSF_GEOMETRIC_SENSOR,3.806833e+01,-1.172333e+02,-4.00468707e-08,3.42716849e+06,-3.67972201e+06,3.91045839e+06,0.000000e+00,0.000000e+00,0.000000e+00,0.000000e+00,TARGET,3.806944e+01,-1.172333e+02,1.52400000e+03,3.42793454e+06,-3.68054445e+06,3.91149499e+06,0.000000e+00,0.000000e+00,0.000000e+00,0.000000e+00,,,,,,,,,,,,,,,,,,,,,1.528983e+03,4.265784e-13,1.490027e+00,,,1.528983e+03,3.141593e+00,-1.490047e+00,,,,,,,,,,,,,,,,,,,,,,,,,,,,,,,,,,,,,,,,,,,,,,,,,,,,,,,,,1.000000e+00,4.457452e-01,1
1.600000e+02,SENSOR_TRACK_UPDATED,radar1,red,simple_radar,radar1.1,0.000000e+00,1.600000e+02,320,5.000000e-01,land,M,,,target1,TARGET,blue,3.806833e+01,-1.172333e+02,-4.00468707e-08,3.42716849e+06,-3.67972201e+06,3.91045839e+06,3.806944e+01,-1.172333e+02,1.52400000e+03,3.42793454e+06,-3.68054445e+06,3.91149499e+06,L,3,,B,,3.806944e+01,-1.172333e+02,1.52400000e+03,3.42793454e+06,-3.68054445e+06,3.91149499e+06,0.000000e+00,0.000000e+00,0.000000e+00,0.000000e+00,0.000000e+00,1.528983e+03,4.257712e-13,1.490027e+00,1.528983e+03,4.257712e-13,1.490027e+00,,,,,,,,0,,,
1.600000e+02,LOCAL_TRACK_UPDATED,radar1,red,radar1.2,0.000000e+00,1.600000e+02,320,5.000000e-01,land,P,,,target1,TARGET,blue,3.806833e+01,-1.172333e+02,-4.00468707e-08,3.42716849e+06,-3.67972201e+06,3.91045839e+06,3.806944e+01,-1.172333e+02,1.52400000e+03,3.42793454e+06,-3.68054445e+06,3.91149499e+06,L,3,,B,,3.806944e+01,-1.172333e+02,1.52400000e+03,3.42793454e+06,-3.68054445e+06,3.91149499e+06,0.000000e+00,0.000000e+00,0.000000e+00,0.000000e+00,0.000000e+00,1.528983e+03,4.257712e-13,1.490027e+00,1.528983e+03,4.257712e-13,1.490027e+00,,,,,,,,0,,,,radar1.1,simple_radar,WSF_GEOMETRIC_SENSOR,default
1.605000e+02,SENSOR_DETECTION_ATTEMPT,radar1,red,target1,simple_radar,default,1,,,,,,,,,,,,WSF_GEOMETRIC_SENSOR,3.806833e+01,-1.172333e+02,-4.00468707e-08,3.42730266e+06,-3.67959709e+06,3.91045835e+06,0.000000e+00,0.000000e+00,0.000000e+00,0.000000e+00,TARGET,3.806944e+01,-1.172333e+02,1.52400000e+03,3.42806874e+06,-3.68041951e+06,3.91149495e+06,0.000000e+00,0.000000e+00,0.000000e+00,0.000000e+00,,,,,,,,,,,,,,,,,,,,,1.528983e+03,4.265784e-13,1.490027e+00,,,1.528983e+03,3.141593e+00,-1.490047e+00,,,,,,,,,,,,,,,,,,,,,,,,,,,,,,,,,,,,,,,,,,,,,,,,,,,,,,,,,1.000000e+00,2.128544e-01,1
1.605000e+02,SENSOR_TRACK_UPDATED,radar1,red,simple_radar,radar1.1,0.000000e+00,1.605000e+02,321,5.000000e-01,land,M,,,target1,TARGET,blue,3.806833e+01,-1.172333e+02,-4.00468707e-08,3.42730266e+06,-3.67959709e+06,3.91045834e+06,3.806944e+01,-1.172333e+02,1.52400000e+03,3.42806874e+06,-3.68041951e+06,3.91149495e+06,L,3,,B,,3.806944e+01,-1.172333e+02,1.52400000e+03,3.42806874e+06,-3.68041951e+06,3.91149495e+06,0.000000e+00,0.000000e+00,0.000000e+00,0.000000e+00,0.000000e+00,1.528983e+03,4.257712e-13,1.490027e+00,1.528983e+03,4.257712e-13,1.490027e+00,,,,,,,,0,,,
1.605000e+02,LOCAL_TRACK_UPDATED,radar1,red,radar1.2,0.000000e+00,1.605000e+02,321,5.000000e-01,land,P,,,target1,TARGET,blue,3.806833e+01,-1.172333e+02,-4.00468707e-08,3.42730266e+06,-3.67959709e+06,3.91045834e+06,3.806944e+01,-1.172333e+02,1.52400000e+03,3.42806874e+06,-3.68041951e+06,3.91149495e+06,L,3,,B,,3.806944e+01,-1.172333e+02,1.52400000e+03,3.42806874e+06,-3.68041951e+06,3.91149495e+06,0.000000e+00,0.000000e+00,0.000000e+00,0.000000e+00,0.000000e+00,1.528983e+03,4.257712e-13,1.490027e+00,1.528983e+03,4.257712e-13,1.490027e+00,,,,,,,,0,,,,radar1.1,simple_radar,WSF_GEOMETRIC_SENSOR,default
1.610000e+02,SENSOR_DETECTION_ATTEMPT,radar1,red,target1,simple_radar,default,1,,,,,,,,,,,,WSF_GEOMETRIC_SENSOR,3.806833e+01,-1.172333e+02,-4.00468707e-08,3.42743682e+06,-3.67947217e+06,3.91045830e+06,0.000000e+00,0.000000e+00,0.000000e+00,0.000000e+00,TARGET,3.806944e+01,-1.172333e+02,1.52400000e+03,3.42820293e+06,-3.68029456e+06,3.91149491e+06,0.000000e+00,0.000000e+00,0.000000e+00,0.000000e+00,,,,,,,,,,,,,,,,,,,,,1.528983e+03,4.265784e-13,1.490027e+00,,,1.528983e+03,3.141593e+00,-1.490047e+00,,,,,,,,,,,,,,,,,,,,,,,,,,,,,,,,,,,,,,,,,,,,,,,,,,,,,,,,,1.000000e+00,6.513143e-01,1
1.610000e+02,SENSOR_TRACK_UPDATED,radar1,red,simple_radar,radar1.1,0.000000e+00,1.610000e+02,322,5.000000e-01,land,M,,,target1,TARGET,blue,3.806833e+01,-1.172333e+02,-4.00468707e-08,3.42743682e+06,-3.67947217e+06,3.91045830e+06,3.806944e+01,-1.172333e+02,1.52400000e+03,3.42820293e+06,-3.68029456e+06,3.91149490e+06,L,3,,B,,3.806944e+01,-1.172333e+02,1.52400000e+03,3.42820293e+06,-3.68029456e+06,3.91149491e+06,0.000000e+00,0.000000e+00,0.000000e+00,0.000000e+00,0.000000e+00,1.528983e+03,4.257712e-13,1.490027e+00,1.528983e+03,4.257712e-13,1.490027e+00,,,,,,,,0,,,
1.610000e+02,LOCAL_TRACK_UPDATED,radar1,red,radar1.2,0.000000e+00,1.610000e+02,322,5.000000e-01,land,P,,,target1,TARGET,blue,3.806833e+01,-1.172333e+02,-4.00468707e-08,3.42743682e+06,-3.67947217e+06,3.91045830e+06,3.806944e+01,-1.172333e+02,1.52400000e+03,3.42820293e+06,-3.68029456e+06,3.91149490e+06,L,3,,B,,3.806944e+01,-1.172333e+02,1.52400000e+03,3.42820293e+06,-3.68029456e+06,3.91149491e+06,0.000000e+00,0.000000e+00,0.000000e+00,0.000000e+00,0.000000e+00,1.528983e+03,4.257712e-13,1.490027e+00,1.528983e+03,4.257712e-13,1.490027e+00,,,,,,,,0,,,,radar1.1,simple_radar,WSF_GEOMETRIC_SENSOR,default
1.615000e+02,SENSOR_DETECTION_ATTEMPT,radar1,red,target1,simple_radar,default,1,,,,,,,,,,,,WSF_GEOMETRIC_SENSOR,3.806833e+01,-1.172333e+02,-4.00468707e-08,3.42757098e+06,-3.67934724e+06,3.91045826e+06,0.000000e+00,0.000000e+00,0.000000e+00,0.000000e+00,TARGET,3.806944e+01,-1.172333e+02,1.52400000e+03,3.42833711e+06,-3.68016960e+06,3.91149486e+06,0.000000e+00,0.000000e+00,0.000000e+00,0.000000e+00,,,,,,,,,,,,,,,,,,,,,1.528983e+03,4.265784e-13,1.490027e+00,,,1.528983e+03,3.141593e+00,-1.490047e+00,,,,,,,,,,,,,,,,,,,,,,,,,,,,,,,,,,,,,,,,,,,,,,,,,,,,,,,,,1.000000e+00,6.689101e-01,1
1.615000e+02,SENSOR_TRACK_UPDATED,radar1,red,simple_radar,radar1.1,0.000000e+00,1.615000e+02,323,5.000000e-01,land,M,,,target1,TARGET,blue,3.806833e+01,-1.172333e+02,-4.00468707e-08,3.42757098e+06,-3.67934724e+06,3.91045826e+06,3.806944e+01,-1.172333e+02,1.52400000e+03,3.42833712e+06,-3.68016961e+06,3.91149486e+06,L,3,,B,,3.806944e+01,-1.172333e+02,1.52400000e+03,3.42833711e+06,-3.68016960e+06,3.91149486e+06,0.000000e+00,0.000000e+00,0.000000e+00,0.000000e+00,0.000000e+00,1.528983e+03,4.257712e-13,1.490027e+00,1.528983e+03,4.257712e-13,1.490027e+00,,,,,,,,0,,,
1.615000e+02,LOCAL_TRACK_UPDATED,radar1,red,radar1.2,0.000000e+00,1.615000e+02,323,5.000000e-01,land,P,,,target1,TARGET,blue,3.806833e+01,-1.172333e+02,-4.00468707e-08,3.42757098e+06,-3.67934724e+06,3.91045826e+06,3.806944e+01,-1.172333e+02,1.52400000e+03,3.42833712e+06,-3.68016961e+06,3.91149486e+06,L,3,,B,,3.806944e+01,-1.172333e+02,1.52400000e+03,3.42833711e+06,-3.68016960e+06,3.91149486e+06,0.000000e+00,0.000000e+00,0.000000e+00,0.000000e+00,0.000000e+00,1.528983e+03,4.257712e-13,1.490027e+00,1.528983e+03,4.257712e-13,1.490027e+00,,,,,,,,0,,,,radar1.1,simple_radar,WSF_GEOMETRIC_SENSOR,default
1.620000e+02,SENSOR_DETECTION_ATTEMPT,radar1,red,target1,simple_radar,default,1,,,,,,,,,,,,WSF_GEOMETRIC_SENSOR,3.806833e+01,-1.172333e+02,-4.00468707e-08,3.42770513e+06,-3.67922231e+06,3.91045822e+06,0.000000e+00,0.000000e+00,0.000000e+00,0.000000e+00,TARGET,3.806944e+01,-1.172333e+02,1.52400000e+03,3.42847130e+06,-3.68004465e+06,3.91149482e+06,0.000000e+00,0.000000e+00,0.000000e+00,0.000000e+00,,,,,,,,,,,,,,,,,,,,,1.528983e+03,4.265784e-13,1.490027e+00,,,1.528983e+03,3.141593e+00,-1.490047e+00,,,,,,,,,,,,,,,,,,,,,,,,,,,,,,,,,,,,,,,,,,,,,,,,,,,,,,,,,1.000000e+00,4.891934e-01,1
1.620000e+02,SENSOR_TRACK_UPDATED,radar1,red,simple_radar,radar1.1,0.000000e+00,1.620000e+02,324,5.000000e-01,land,M,,,target1,TARGET,blue,3.806833e+01,-1.172333e+02,-4.00468707e-08,3.42770513e+06,-3.67922231e+06,3.91045821e+06,3.806944e+01,-1.172333e+02,1.52400000e+03,3.42847130e+06,-3.68004465e+06,3.91149482e+06,L,3,,B,,3.806944e+01,-1.172333e+02,1.52400000e+03,3.42847130e+06,-3.68004465e+06,3.91149482e+06,0.000000e+00,0.000000e+00,0.000000e+00,0.000000e+00,0.000000e+00,1.528983e+03,4.257712e-13,1.490027e+00,1.528983e+03,4.257712e-13,1.490027e+00,,,,,,,,0,,,
1.620000e+02,LOCAL_TRACK_UPDATED,radar1,red,radar1.2,0.000000e+00,1.620000e+02,324,5.000000e-01,land,P,,,target1,TARGET,blue,3.806833e+01,-1.172333e+02,-4.00468707e-08,3.42770513e+06,-3.67922231e+06,3.91045821e+06,3.806944e+01,-1.172333e+02,1.52400000e+03,3.42847130e+06,-3.68004465e+06,3.91149482e+06,L,3,,B,,3.806944e+01,-1.172333e+02,1.52400000e+03,3.42847130e+06,-3.68004465e+06,3.91149482e+06,0.000000e+00,0.000000e+00,0.000000e+00,0.000000e+00,0.000000e+00,1.528983e+03,4.257712e-13,1.490027e+00,1.528983e+03,4.257712e-13,1.490027e+00,,,,,,,,0,,,,radar1.1,simple_radar,WSF_GEOMETRIC_SENSOR,default
1.625000e+02,SENSOR_DETECTION_ATTEMPT,radar1,red,target1,simple_radar,default,1,,,,,,,,,,,,WSF_GEOMETRIC_SENSOR,3.806833e+01,-1.172333e+02,-4.00468707e-08,3.42783927e+06,-3.67909738e+06,3.91045817e+06,0.000000e+00,0.000000e+00,0.000000e+00,0.000000e+00,TARGET,3.806944e+01,-1.172333e+02,1.52400000e+03,3.42860547e+06,-3.67991968e+06,3.91149478e+06,0.000000e+00,0.000000e+00,0.000000e+00,0.000000e+00,,,,,,,,,,,,,,,,,,,,,1.528983e+03,4.265784e-13,1.490027e+00,,,1.528983e+03,3.141593e+00,-1.490047e+00,,,,,,,,,,,,,,,,,,,,,,,,,,,,,,,,,,,,,,,,,,,,,,,,,,,,,,,,,1.000000e+00,1.435441e-02,1
1.625000e+02,SENSOR_TRACK_UPDATED,radar1,red,simple_radar,radar1.1,0.000000e+00,1.625000e+02,325,5.000000e-01,land,M,,,target1,TARGET,blue,3.806833e+01,-1.172333e+02,-4.00468707e-08,3.42783928e+06,-3.67909738e+06,3.91045817e+06,3.806944e+01,-1.172333e+02,1.52400000e+03,3.42860547e+06,-3.67991968e+06,3.91149477e+06,L,3,,B,,3.806944e+01,-1.172333e+02,1.52400000e+03,3.42860547e+06,-3.67991968e+06,3.91149478e+06,0.000000e+00,0.000000e+00,0.000000e+00,0.000000e+00,0.000000e+00,1.528983e+03,4.257712e-13,1.490027e+00,1.528983e+03,4.257712e-13,1.490027e+00,,,,,,,,0,,,
1.625000e+02,LOCAL_TRACK_UPDATED,radar1,red,radar1.2,0.000000e+00,1.625000e+02,325,5.000000e-01,land,P,,,target1,TARGET,blue,3.806833e+01,-1.172333e+02,-4.00468707e-08,3.42783928e+06,-3.67909738e+06,3.91045817e+06,3.806944e+01,-1.172333e+02,1.52400000e+03,3.42860547e+06,-3.67991968e+06,3.91149477e+06,L,3,,B,,3.806944e+01,-1.172333e+02,1.52400000e+03,3.42860547e+06,-3.67991968e+06,3.91149478e+06,0.000000e+00,0.000000e+00,0.000000e+00,0.000000e+00,0.000000e+00,1.528983e+03,4.257712e-13,1.490027e+00,1.528983e+03,4.257712e-13,1.490027e+00,,,,,,,,0,,,,radar1.1,simple_radar,WSF_GEOMETRIC_SENSOR,default
1.630000e+02,SENSOR_DETECTION_ATTEMPT,radar1,red,target1,simple_radar,default,1,,,,,,,,,,,,WSF_GEOMETRIC_SENSOR,3.806833e+01,-1.172333e+02,-4.00468707e-08,3.42797342e+06,-3.67897244e+06,3.91045813e+06,0.000000e+00,0.000000e+00,0.000000e+00,0.000000e+00,TARGET,3.806944e+01,-1.172333e+02,1.52400000e+03,3.42873965e+06,-3.67979471e+06,3.91149473e+06,0.000000e+00,0.000000e+00,0.000000e+00,0.000000e+00,,,,,,,,,,,,,,,,,,,,,1.528983e+03,4.265784e-13,1.490027e+00,,,1.528983e+03,3.141593e+00,-1.490047e+00,,,,,,,,,,,,,,,,,,,,,,,,,,,,,,,,,,,,,,,,,,,,,,,,,,,,,,,,,1.000000e+00,9.378902e-01,1
1.630000e+02,SENSOR_TRACK_UPDATED,radar1,red,simple_radar,radar1.1,0.000000e+00,1.630000e+02,326,5.000000e-01,land,M,,,target1,TARGET,blue,3.806833e+01,-1.172333e+02,-4.00468707e-08,3.42797342e+06,-3.67897244e+06,3.91045813e+06,3.806944e+01,-1.172333e+02,1.52400000e+03,3.42873965e+06,-3.67979471e+06,3.91149473e+06,L,3,,B,,3.806944e+01,-1.172333e+02,1.52400000e+03,3.42873965e+06,-3.67979471e+06,3.91149473e+06,0.000000e+00,0.000000e+00,0.000000e+00,0.000000e+00,0.000000e+00,1.528983e+03,4.257712e-13,1.490027e+00,1.528983e+03,4.257712e-13,1.490027e+00,,,,,,,,0,,,
1.630000e+02,LOCAL_TRACK_UPDATED,radar1,red,radar1.2,0.000000e+00,1.630000e+02,326,5.000000e-01,land,P,,,target1,TARGET,blue,3.806833e+01,-1.172333e+02,-4.00468707e-08,3.42797342e+06,-3.67897244e+06,3.91045813e+06,3.806944e+01,-1.172333e+02,1.52400000e+03,3.42873965e+06,-3.67979471e+06,3.91149473e+06,L,3,,B,,3.806944e+01,-1.172333e+02,1.52400000e+03,3.42873965e+06,-3.67979471e+06,3.91149473e+06,0.000000e+00,0.000000e+00,0.000000e+00,0.000000e+00,0.000000e+00,1.528983e+03,4.257712e-13,1.490027e+00,1.528983e+03,4.257712e-13,1.490027e+00,,,,,,,,0,,,,radar1.1,simple_radar,WSF_GEOMETRIC_SENSOR,default
1.635000e+02,SENSOR_DETECTION_ATTEMPT,radar1,red,target1,simple_radar,default,1,,,,,,,,,,,,WSF_GEOMETRIC_SENSOR,3.806833e+01,-1.172333e+02,-4.00468707e-08,3.42810756e+06,-3.67884749e+06,3.91045809e+06,0.000000e+00,0.000000e+00,0.000000e+00,0.000000e+00,TARGET,3.806944e+01,-1.172333e+02,1.52400000e+03,3.42887381e+06,-3.67966974e+06,3.91149469e+06,0.000000e+00,0.000000e+00,0.000000e+00,0.000000e+00,,,,,,,,,,,,,,,,,,,,,1.528983e+03,4.265784e-13,1.490027e+00,,,1.528983e+03,3.141593e+00,-1.490047e+00,,,,,,,,,,,,,,,,,,,,,,,,,,,,,,,,,,,,,,,,,,,,,,,,,,,,,,,,,1.000000e+00,1.876964e-01,1
1.635000e+02,SENSOR_TRACK_UPDATED,radar1,red,simple_radar,radar1.1,0.000000e+00,1.635000e+02,327,5.000000e-01,land,M,,,target1,TARGET,blue,3.806833e+01,-1.172333e+02,-4.00468707e-08,3.42810756e+06,-3.67884749e+06,3.91045809e+06,3.806944e+01,-1.172333e+02,1.52400000e+03,3.42887382e+06,-3.67966974e+06,3.91149469e+06,L,3,,B,,3.806944e+01,-1.172333e+02,1.52400000e+03,3.42887381e+06,-3.67966974e+06,3.91149469e+06,0.000000e+00,0.000000e+00,0.000000e+00,0.000000e+00,0.000000e+00,1.528983e+03,4.257712e-13,1.490027e+00,1.528983e+03,4.257712e-13,1.490027e+00,,,,,,,,0,,,
1.635000e+02,LOCAL_TRACK_UPDATED,radar1,red,radar1.2,0.000000e+00,1.635000e+02,327,5.000000e-01,land,P,,,target1,TARGET,blue,3.806833e+01,-1.172333e+02,-4.00468707e-08,3.42810756e+06,-3.67884749e+06,3.91045809e+06,3.806944e+01,-1.172333e+02,1.52400000e+03,3.42887382e+06,-3.67966974e+06,3.91149469e+06,L,3,,B,,3.806944e+01,-1.172333e+02,1.52400000e+03,3.42887381e+06,-3.67966974e+06,3.91149469e+06,0.000000e+00,0.000000e+00,0.000000e+00,0.000000e+00,0.000000e+00,1.528983e+03,4.257712e-13,1.490027e+00,1.528983e+03,4.257712e-13,1.490027e+00,,,,,,,,0,,,,radar1.1,simple_radar,WSF_GEOMETRIC_SENSOR,default
1.640000e+02,SENSOR_DETECTION_ATTEMPT,radar1,red,target1,simple_radar,default,1,,,,,,,,,,,,WSF_GEOMETRIC_SENSOR,3.806833e+01,-1.172333e+02,-4.00468707e-08,3.42824169e+06,-3.67872254e+06,3.91045804e+06,0.000000e+00,0.000000e+00,0.000000e+00,0.000000e+00,TARGET,3.806944e+01,-1.172333e+02,1.52400000e+03,3.42900798e+06,-3.67954476e+06,3.91149465e+06,0.000000e+00,0.000000e+00,0.000000e+00,0.000000e+00,,,,,,,,,,,,,,,,,,,,,1.528983e+03,4.265784e-13,1.490027e+00,,,1.528983e+03,3.141593e+00,-1.490047e+00,,,,,,,,,,,,,,,,,,,,,,,,,,,,,,,,,,,,,,,,,,,,,,,,,,,,,,,,,1.000000e+00,8.257860e-02,1
1.640000e+02,SENSOR_TRACK_UPDATED,radar1,red,simple_radar,radar1.1,0.000000e+00,1.640000e+02,328,5.000000e-01,land,M,,,target1,TARGET,blue,3.806833e+01,-1.172333e+02,-4.00468707e-08,3.42824169e+06,-3.67872254e+06,3.91045804e+06,3.806944e+01,-1.172333e+02,1.52400000e+03,3.42900798e+06,-3.67954476e+06,3.91149465e+06,L,3,,B,,3.806944e+01,-1.172333e+02,1.52400000e+03,3.42900798e+06,-3.67954476e+06,3.91149465e+06,0.000000e+00,0.000000e+00,0.000000e+00,0.000000e+00,0.000000e+00,1.528983e+03,4.257712e-13,1.490027e+00,1.528983e+03,4.257712e-13,1.490027e+00,,,,,,,,0,,,
1.640000e+02,LOCAL_TRACK_UPDATED,radar1,red,radar1.2,0.000000e+00,1.640000e+02,328,5.000000e-01,land,P,,,target1,TARGET,blue,3.806833e+01,-1.172333e+02,-4.00468707e-08,3.42824169e+06,-3.67872254e+06,3.91045804e+06,3.806944e+01,-1.172333e+02,1.52400000e+03,3.42900798e+06,-3.67954476e+06,3.91149465e+06,L,3,,B,,3.806944e+01,-1.172333e+02,1.52400000e+03,3.42900798e+06,-3.67954476e+06,3.91149465e+06,0.000000e+00,0.000000e+00,0.000000e+00,0.000000e+00,0.000000e+00,1.528983e+03,4.257712e-13,1.490027e+00,1.528983e+03,4.257712e-13,1.490027e+00,,,,,,,,0,,,,radar1.1,simple_radar,WSF_GEOMETRIC_SENSOR,default
1.645000e+02,SENSOR_DETECTION_ATTEMPT,radar1,red,target1,simple_radar,default,1,,,,,,,,,,,,WSF_GEOMETRIC_SENSOR,3.806833e+01,-1.172333e+02,-4.00468707e-08,3.42837582e+06,-3.67859759e+06,3.91045800e+06,0.000000e+00,0.000000e+00,0.000000e+00,0.000000e+00,TARGET,3.806944e+01,-1.172333e+02,1.52400000e+03,3.42914214e+06,-3.67941978e+06,3.91149460e+06,0.000000e+00,0.000000e+00,0.000000e+00,0.000000e+00,,,,,,,,,,,,,,,,,,,,,1.528983e+03,4.265784e-13,1.490027e+00,,,1.528983e+03,3.141593e+00,-1.490047e+00,,,,,,,,,,,,,,,,,,,,,,,,,,,,,,,,,,,,,,,,,,,,,,,,,,,,,,,,,1.000000e+00,7.884481e-01,1
1.645000e+02,SENSOR_TRACK_UPDATED,radar1,red,simple_radar,radar1.1,0.000000e+00,1.645000e+02,329,5.000000e-01,land,M,,,target1,TARGET,blue,3.806833e+01,-1.172333e+02,-4.00468707e-08,3.42837582e+06,-3.67859759e+06,3.91045800e+06,3.806944e+01,-1.172333e+02,1.52400000e+03,3.42914214e+06,-3.67941978e+06,3.91149460e+06,L,3,,B,,3.806944e+01,-1.172333e+02,1.52400000e+03,3.42914214e+06,-3.67941978e+06,3.91149460e+06,0.000000e+00,0.000000e+00,0.000000e+00,0.000000e+00,0.000000e+00,1.528983e+03,4.257712e-13,1.490027e+00,1.528983e+03,4.257712e-13,1.490027e+00,,,,,,,,0,,,
1.645000e+02,LOCAL_TRACK_UPDATED,radar1,red,radar1.2,0.000000e+00,1.645000e+02,329,5.000000e-01,land,P,,,target1,TARGET,blue,3.806833e+01,-1.172333e+02,-4.00468707e-08,3.42837582e+06,-3.67859759e+06,3.91045800e+06,3.806944e+01,-1.172333e+02,1.52400000e+03,3.42914214e+06,-3.67941978e+06,3.91149460e+06,L,3,,B,,3.806944e+01,-1.172333e+02,1.52400000e+03,3.42914214e+06,-3.67941978e+06,3.91149460e+06,0.000000e+00,0.000000e+00,0.000000e+00,0.000000e+00,0.000000e+00,1.528983e+03,4.257712e-13,1.490027e+00,1.528983e+03,4.257712e-13,1.490027e+00,,,,,,,,0,,,,radar1.1,simple_radar,WSF_GEOMETRIC_SENSOR,default
1.650000e+02,SENSOR_DETECTION_ATTEMPT,radar1,red,target1,simple_radar,default,1,,,,,,,,,,,,WSF_GEOMETRIC_SENSOR,3.806833e+01,-1.172333e+02,-4.00468707e-08,3.42850994e+06,-3.67847263e+06,3.91045796e+06,0.000000e+00,0.000000e+00,0.000000e+00,0.000000e+00,TARGET,3.806944e+01,-1.172333e+02,1.52400000e+03,3.42927629e+06,-3.67929479e+06,3.91149456e+06,0.000000e+00,0.000000e+00,0.000000e+00,0.000000e+00,,,,,,,,,,,,,,,,,,,,,1.528983e+03,4.265784e-13,1.490027e+00,,,1.528983e+03,3.141593e+00,-1.490047e+00,,,,,,,,,,,,,,,,,,,,,,,,,,,,,,,,,,,,,,,,,,,,,,,,,,,,,,,,,1.000000e+00,1.702456e-01,1
1.650000e+02,SENSOR_TRACK_UPDATED,radar1,red,simple_radar,radar1.1,0.000000e+00,1.650000e+02,330,5.000000e-01,land,M,,,target1,TARGET,blue,3.806833e+01,-1.172333e+02,-4.00468707e-08,3.42850994e+06,-3.67847263e+06,3.91045796e+06,3.806944e+01,-1.172333e+02,1.52400000e+03,3.42927629e+06,-3.67929479e+06,3.91149456e+06,L,3,,B,,3.806944e+01,-1.172333e+02,1.52400000e+03,3.42927629e+06,-3.67929479e+06,3.91149456e+06,0.000000e+00,0.000000e+00,0.000000e+00,0.000000e+00,0.000000e+00,1.528983e+03,4.257712e-13,1.490027e+00,1.528983e+03,4.257712e-13,1.490027e+00,,,,,,,,0,,,
1.650000e+02,LOCAL_TRACK_UPDATED,radar1,red,radar1.2,0.000000e+00,1.650000e+02,330,5.000000e-01,land,P,,,target1,TARGET,blue,3.806833e+01,-1.172333e+02,-4.00468707e-08,3.42850994e+06,-3.67847263e+06,3.91045796e+06,3.806944e+01,-1.172333e+02,1.52400000e+03,3.42927629e+06,-3.67929479e+06,3.91149456e+06,L,3,,B,,3.806944e+01,-1.172333e+02,1.52400000e+03,3.42927629e+06,-3.67929479e+06,3.91149456e+06,0.000000e+00,0.000000e+00,0.000000e+00,0.000000e+00,0.000000e+00,1.528983e+03,4.257712e-13,1.490027e+00,1.528983e+03,4.257712e-13,1.490027e+00,,,,,,,,0,,,,radar1.1,simple_radar,WSF_GEOMETRIC_SENSOR,default
1.655000e+02,SENSOR_DETECTION_ATTEMPT,radar1,red,target1,simple_radar,default,1,,,,,,,,,,,,WSF_GEOMETRIC_SENSOR,3.806833e+01,-1.172333e+02,-4.00468707e-08,3.42864406e+06,-3.67834766e+06,3.91045792e+06,0.000000e+00,0.000000e+00,0.000000e+00,0.000000e+00,TARGET,3.806944e+01,-1.172333e+02,1.52400000e+03,3.42941044e+06,-3.67916980e+06,3.91149452e+06,0.000000e+00,0.000000e+00,0.000000e+00,0.000000e+00,,,,,,,,,,,,,,,,,,,,,1.528983e+03,4.265784e-13,1.490027e+00,,,1.528983e+03,3.141593e+00,-1.490047e+00,,,,,,,,,,,,,,,,,,,,,,,,,,,,,,,,,,,,,,,,,,,,,,,,,,,,,,,,,1.000000e+00,2.453313e-01,1
1.655000e+02,SENSOR_TRACK_UPDATED,radar1,red,simple_radar,radar1.1,0.000000e+00,1.655000e+02,331,5.000000e-01,land,M,,,target1,TARGET,blue,3.806833e+01,-1.172333e+02,-4.00468707e-08,3.42864406e+06,-3.67834766e+06,3.91045791e+06,3.806944e+01,-1.172333e+02,1.52400000e+03,3.42941044e+06,-3.67916980e+06,3.91149452e+06,L,3,,B,,3.806944e+01,-1.172333e+02,1.52400000e+03,3.42941044e+06,-3.67916980e+06,3.91149452e+06,0.000000e+00,0.000000e+00,0.000000e+00,0.000000e+00,0.000000e+00,1.528983e+03,4.257712e-13,1.490027e+00,1.528983e+03,4.257712e-13,1.490027e+00,,,,,,,,0,,,
1.655000e+02,LOCAL_TRACK_UPDATED,radar1,red,radar1.2,0.000000e+00,1.655000e+02,331,5.000000e-01,land,P,,,target1,TARGET,blue,3.806833e+01,-1.172333e+02,-4.00468707e-08,3.42864406e+06,-3.67834766e+06,3.91045791e+06,3.806944e+01,-1.172333e+02,1.52400000e+03,3.42941044e+06,-3.67916980e+06,3.91149452e+06,L,3,,B,,3.806944e+01,-1.172333e+02,1.52400000e+03,3.42941044e+06,-3.67916980e+06,3.91149452e+06,0.000000e+00,0.000000e+00,0.000000e+00,0.000000e+00,0.000000e+00,1.528983e+03,4.257712e-13,1.490027e+00,1.528983e+03,4.257712e-13,1.490027e+00,,,,,,,,0,,,,radar1.1,simple_radar,WSF_GEOMETRIC_SENSOR,default
1.660000e+02,SENSOR_DETECTION_ATTEMPT,radar1,red,target1,simple_radar,default,1,,,,,,,,,,,,WSF_GEOMETRIC_SENSOR,3.806833e+01,-1.172333e+02,-4.00468707e-08,3.42877818e+06,-3.67822269e+06,3.91045787e+06,0.000000e+00,0.000000e+00,0.000000e+00,0.000000e+00,TARGET,3.806944e+01,-1.172333e+02,1.52400000e+03,3.42954459e+06,-3.67904480e+06,3.91149448e+06,0.000000e+00,0.000000e+00,0.000000e+00,0.000000e+00,,,,,,,,,,,,,,,,,,,,,1.528983e+03,4.265784e-13,1.490027e+00,,,1.528983e+03,3.141593e+00,-1.490047e+00,,,,,,,,,,,,,,,,,,,,,,,,,,,,,,,,,,,,,,,,,,,,,,,,,,,,,,,,,1.000000e+00,4.624799e-01,1
1.660000e+02,SENSOR_TRACK_UPDATED,radar1,red,simple_radar,radar1.1,0.000000e+00,1.660000e+02,332,5.000000e-01,land,M,,,target1,TARGET,blue,3.806833e+01,-1.172333e+02,-4.00468707e-08,3.42877818e+06,-3.67822269e+06,3.91045787e+06,3.806944e+01,-1.172333e+02,1.52400000e+03,3.42954459e+06,-3.67904480e+06,3.91149447e+06,L,3,,B,,3.806944e+01,-1.172333e+02,1.52400000e+03,3.42954459e+06,-3.67904480e+06,3.91149448e+06,0.000000e+00,0.000000e+00,0.000000e+00,0.000000e+00,0.000000e+00,1.528983e+03,4.257712e-13,1.490027e+00,1.528983e+03,4.257712e-13,1.490027e+00,,,,,,,,0,,,
1.660000e+02,LOCAL_TRACK_UPDATED,radar1,red,radar1.2,0.000000e+00,1.660000e+02,332,5.000000e-01,land,P,,,target1,TARGET,blue,3.806833e+01,-1.172333e+02,-4.00468707e-08,3.42877818e+06,-3.67822269e+06,3.91045787e+06,3.806944e+01,-1.172333e+02,1.52400000e+03,3.42954459e+06,-3.67904480e+06,3.91149447e+06,L,3,,B,,3.806944e+01,-1.172333e+02,1.52400000e+03,3.42954459e+06,-3.67904480e+06,3.91149448e+06,0.000000e+00,0.000000e+00,0.000000e+00,0.000000e+00,0.000000e+00,1.528983e+03,4.257712e-13,1.490027e+00,1.528983e+03,4.257712e-13,1.490027e+00,,,,,,,,0,,,,radar1.1,simple_radar,WSF_GEOMETRIC_SENSOR,default
1.665000e+02,SENSOR_DETECTION_ATTEMPT,radar1,red,target1,simple_radar,default,1,,,,,,,,,,,,WSF_GEOMETRIC_SENSOR,3.806833e+01,-1.172333e+02,-4.00468707e-08,3.42891229e+06,-3.67809772e+06,3.91045783e+06,0.000000e+00,0.000000e+00,0.000000e+00,0.000000e+00,TARGET,3.806944e+01,-1.172333e+02,1.52400000e+03,3.42967873e+06,-3.67891980e+06,3.91149443e+06,0.000000e+00,0.000000e+00,0.000000e+00,0.000000e+00,,,,,,,,,,,,,,,,,,,,,1.528983e+03,4.265784e-13,1.490027e+00,,,1.528983e+03,3.141593e+00,-1.490047e+00,,,,,,,,,,,,,,,,,,,,,,,,,,,,,,,,,,,,,,,,,,,,,,,,,,,,,,,,,1.000000e+00,9.828841e-01,1
1.665000e+02,SENSOR_TRACK_UPDATED,radar1,red,simple_radar,radar1.1,0.000000e+00,1.665000e+02,333,5.000000e-01,land,M,,,target1,TARGET,blue,3.806833e+01,-1.172333e+02,-4.00468707e-08,3.42891229e+06,-3.67809772e+06,3.91045783e+06,3.806944e+01,-1.172333e+02,1.52400000e+03,3.42967873e+06,-3.67891980e+06,3.91149443e+06,L,3,,B,,3.806944e+01,-1.172333e+02,1.52400000e+03,3.42967873e+06,-3.67891980e+06,3.91149443e+06,0.000000e+00,0.000000e+00,0.000000e+00,0.000000e+00,0.000000e+00,1.528983e+03,4.257712e-13,1.490027e+00,1.528983e+03,4.257712e-13,1.490027e+00,,,,,,,,0,,,
1.665000e+02,LOCAL_TRACK_UPDATED,radar1,red,radar1.2,0.000000e+00,1.665000e+02,333,5.000000e-01,land,P,,,target1,TARGET,blue,3.806833e+01,-1.172333e+02,-4.00468707e-08,3.42891229e+06,-3.67809772e+06,3.91045783e+06,3.806944e+01,-1.172333e+02,1.52400000e+03,3.42967873e+06,-3.67891980e+06,3.91149443e+06,L,3,,B,,3.806944e+01,-1.172333e+02,1.52400000e+03,3.42967873e+06,-3.67891980e+06,3.91149443e+06,0.000000e+00,0.000000e+00,0.000000e+00,0.000000e+00,0.000000e+00,1.528983e+03,4.257712e-13,1.490027e+00,1.528983e+03,4.257712e-13,1.490027e+00,,,,,,,,0,,,,radar1.1,simple_radar,WSF_GEOMETRIC_SENSOR,default
1.670000e+02,SENSOR_DETECTION_ATTEMPT,radar1,red,target1,simple_radar,default,1,,,,,,,,,,,,WSF_GEOMETRIC_SENSOR,3.806833e+01,-1.172333e+02,-4.00468707e-08,3.42904639e+06,-3.67797274e+06,3.91045779e+06,0.000000e+00,0.000000e+00,0.000000e+00,0.000000e+00,TARGET,3.806944e+01,-1.172333e+02,1.52400000e+03,3.42981286e+06,-3.67879479e+06,3.91149439e+06,0.000000e+00,0.000000e+00,0.000000e+00,0.000000e+00,,,,,,,,,,,,,,,,,,,,,1.528983e+03,4.265784e-13,1.490027e+00,,,1.528983e+03,3.141593e+00,-1.490047e+00,,,,,,,,,,,,,,,,,,,,,,,,,,,,,,,,,,,,,,,,,,,,,,,,,,,,,,,,,1.000000e+00,3.619654e-02,1
1.670000e+02,SENSOR_TRACK_UPDATED,radar1,red,simple_radar,radar1.1,0.000000e+00,1.670000e+02,334,5.000000e-01,land,M,,,target1,TARGET,blue,3.806833e+01,-1.172333e+02,-4.00468707e-08,3.42904640e+06,-3.67797274e+06,3.91045778e+06,3.806944e+01,-1.172333e+02,1.52400000e+03,3.42981286e+06,-3.67879479e+06,3.91149439e+06,L,3,,B,,3.806944e+01,-1.172333e+02,1.52400000e+03,3.42981286e+06,-3.67879479e+06,3.91149439e+06,0.000000e+00,0.000000e+00,0.000000e+00,0.000000e+00,0.000000e+00,1.528983e+03,4.257712e-13,1.490027e+00,1.528983e+03,4.257712e-13,1.490027e+00,,,,,,,,0,,,
1.670000e+02,LOCAL_TRACK_UPDATED,radar1,red,radar1.2,0.000000e+00,1.670000e+02,334,5.000000e-01,land,P,,,target1,TARGET,blue,3.806833e+01,-1.172333e+02,-4.00468707e-08,3.42904640e+06,-3.67797274e+06,3.91045778e+06,3.806944e+01,-1.172333e+02,1.52400000e+03,3.42981286e+06,-3.67879479e+06,3.91149439e+06,L,3,,B,,3.806944e+01,-1.172333e+02,1.52400000e+03,3.42981286e+06,-3.67879479e+06,3.91149439e+06,0.000000e+00,0.000000e+00,0.000000e+00,0.000000e+00,0.000000e+00,1.528983e+03,4.257712e-13,1.490027e+00,1.528983e+03,4.257712e-13,1.490027e+00,,,,,,,,0,,,,radar1.1,simple_radar,WSF_GEOMETRIC_SENSOR,default
1.675000e+02,SENSOR_DETECTION_ATTEMPT,radar1,red,target1,simple_radar,default,1,,,,,,,,,,,,WSF_GEOMETRIC_SENSOR,3.806833e+01,-1.172333e+02,-4.00468707e-08,3.42918050e+06,-3.67784775e+06,3.91045774e+06,0.000000e+00,0.000000e+00,0.000000e+00,0.000000e+00,TARGET,3.806944e+01,-1.172333e+02,1.52400000e+03,3.42994699e+06,-3.67866978e+06,3.91149435e+06,0.000000e+00,0.000000e+00,0.000000e+00,0.000000e+00,,,,,,,,,,,,,,,,,,,,,1.528983e+03,4.265784e-13,1.490027e+00,,,1.528983e+03,3.141593e+00,-1.490047e+00,,,,,,,,,,,,,,,,,,,,,,,,,,,,,,,,,,,,,,,,,,,,,,,,,,,,,,,,,1.000000e+00,7.864899e-01,1
1.675000e+02,SENSOR_TRACK_UPDATED,radar1,red,simple_radar,radar1.1,0.000000e+00,1.675000e+02,335,5.000000e-01,land,M,,,target1,TARGET,blue,3.806833e+01,-1.172333e+02,-4.00468707e-08,3.42918050e+06,-3.67784776e+06,3.91045774e+06,3.806944e+01,-1.172333e+02,1.52400000e+03,3.42994700e+06,-3.67866978e+06,3.91149434e+06,L,3,,B,,3.806944e+01,-1.172333e+02,1.52400000e+03,3.42994699e+06,-3.67866978e+06,3.91149435e+06,0.000000e+00,0.000000e+00,0.000000e+00,0.000000e+00,0.000000e+00,1.528983e+03,4.257712e-13,1.490027e+00,1.528983e+03,4.257712e-13,1.490027e+00,,,,,,,,0,,,
1.675000e+02,LOCAL_TRACK_UPDATED,radar1,red,radar1.2,0.000000e+00,1.675000e+02,335,5.000000e-01,land,P,,,target1,TARGET,blue,3.806833e+01,-1.172333e+02,-4.00468707e-08,3.42918050e+06,-3.67784776e+06,3.91045774e+06,3.806944e+01,-1.172333e+02,1.52400000e+03,3.42994700e+06,-3.67866978e+06,3.91149434e+06,L,3,,B,,3.806944e+01,-1.172333e+02,1.52400000e+03,3.42994699e+06,-3.67866978e+06,3.91149435e+06,0.000000e+00,0.000000e+00,0.000000e+00,0.000000e+00,0.000000e+00,1.528983e+03,4.257712e-13,1.490027e+00,1.528983e+03,4.257712e-13,1.490027e+00,,,,,,,,0,,,,radar1.1,simple_radar,WSF_GEOMETRIC_SENSOR,default
1.680000e+02,SENSOR_DETECTION_ATTEMPT,radar1,red,target1,simple_radar,default,1,,,,,,,,,,,,WSF_GEOMETRIC_SENSOR,3.806833e+01,-1.172333e+02,-4.00468707e-08,3.42931459e+06,-3.67772277e+06,3.91045770e+06,0.000000e+00,0.000000e+00,0.000000e+00,0.000000e+00,TARGET,3.806944e+01,-1.172333e+02,1.52400000e+03,3.43008112e+06,-3.67854476e+06,3.91149430e+06,0.000000e+00,0.000000e+00,0.000000e+00,0.000000e+00,,,,,,,,,,,,,,,,,,,,,1.528983e+03,4.265784e-13,1.490027e+00,,,1.528983e+03,3.141593e+00,-1.490047e+00,,,,,,,,,,,,,,,,,,,,,,,,,,,,,,,,,,,,,,,,,,,,,,,,,,,,,,,,,1.000000e+00,4.359241e-01,1
1.680000e+02,SENSOR_TRACK_UPDATED,radar1,red,simple_radar,radar1.1,0.000000e+00,1.680000e+02,336,5.000000e-01,land,M,,,target1,TARGET,blue,3.806833e+01,-1.172333e+02,-4.00468707e-08,3.42931459e+06,-3.67772277e+06,3.91045770e+06,3.806944e+01,-1.172333e+02,1.52400000e+03,3.43008112e+06,-3.67854476e+06,3.91149430e+06,L,3,,B,,3.806944e+01,-1.172333e+02,1.52400000e+03,3.43008112e+06,-3.67854476e+06,3.91149430e+06,0.000000e+00,0.000000e+00,0.000000e+00,0.000000e+00,0.000000e+00,1.528983e+03,4.257712e-13,1.490027e+00,1.528983e+03,4.257712e-13,1.490027e+00,,,,,,,,0,,,
1.680000e+02,LOCAL_TRACK_UPDATED,radar1,red,radar1.2,0.000000e+00,1.680000e+02,336,5.000000e-01,land,P,,,target1,TARGET,blue,3.806833e+01,-1.172333e+02,-4.00468707e-08,3.42931459e+06,-3.67772277e+06,3.91045770e+06,3.806944e+01,-1.172333e+02,1.52400000e+03,3.43008112e+06,-3.67854476e+06,3.91149430e+06,L,3,,B,,3.806944e+01,-1.172333e+02,1.52400000e+03,3.43008112e+06,-3.67854476e+06,3.91149430e+06,0.000000e+00,0.000000e+00,0.000000e+00,0.000000e+00,0.000000e+00,1.528983e+03,4.257712e-13,1.490027e+00,1.528983e+03,4.257712e-13,1.490027e+00,,,,,,,,0,,,,radar1.1,simple_radar,WSF_GEOMETRIC_SENSOR,default
1.685000e+02,SENSOR_DETECTION_ATTEMPT,radar1,red,target1,simple_radar,default,1,,,,,,,,,,,,WSF_GEOMETRIC_SENSOR,3.806833e+01,-1.172333e+02,-4.00468707e-08,3.42944869e+06,-3.67759777e+06,3.91045766e+06,0.000000e+00,0.000000e+00,0.000000e+00,0.000000e+00,TARGET,3.806944e+01,-1.172333e+02,1.52400000e+03,3.43021524e+06,-3.67841974e+06,3.91149426e+06,0.000000e+00,0.000000e+00,0.000000e+00,0.000000e+00,,,,,,,,,,,,,,,,,,,,,1.528983e+03,4.265784e-13,1.490027e+00,,,1.528983e+03,3.141593e+00,-1.490047e+00,,,,,,,,,,,,,,,,,,,,,,,,,,,,,,,,,,,,,,,,,,,,,,,,,,,,,,,,,1.000000e+00,4.566442e-01,1
1.685000e+02,SENSOR_TRACK_UPDATED,radar1,red,simple_radar,radar1.1,0.000000e+00,1.685000e+02,337,5.000000e-01,land,M,,,target1,TARGET,blue,3.806833e+01,-1.172333e+02,-4.00468707e-08,3.42944869e+06,-3.67759777e+06,3.91045766e+06,3.806944e+01,-1.172333e+02,1.52400000e+03,3.43021525e+06,-3.67841974e+06,3.91149426e+06,L,3,,B,,3.806944e+01,-1.172333e+02,1.52400000e+03,3.43021524e+06,-3.67841974e+06,3.91149426e+06,0.000000e+00,0.000000e+00,0.000000e+00,0.000000e+00,0.000000e+00,1.528983e+03,4.257712e-13,1.490027e+00,1.528983e+03,4.257712e-13,1.490027e+00,,,,,,,,0,,,
1.685000e+02,LOCAL_TRACK_UPDATED,radar1,red,radar1.2,0.000000e+00,1.685000e+02,337,5.000000e-01,land,P,,,target1,TARGET,blue,3.806833e+01,-1.172333e+02,-4.00468707e-08,3.42944869e+06,-3.67759777e+06,3.91045766e+06,3.806944e+01,-1.172333e+02,1.52400000e+03,3.43021525e+06,-3.67841974e+06,3.91149426e+06,L,3,,B,,3.806944e+01,-1.172333e+02,1.52400000e+03,3.43021524e+06,-3.67841974e+06,3.91149426e+06,0.000000e+00,0.000000e+00,0.000000e+00,0.000000e+00,0.000000e+00,1.528983e+03,4.257712e-13,1.490027e+00,1.528983e+03,4.257712e-13,1.490027e+00,,,,,,,,0,,,,radar1.1,simple_radar,WSF_GEOMETRIC_SENSOR,default
1.690000e+02,SENSOR_DETECTION_ATTEMPT,radar1,red,target1,simple_radar,default,1,,,,,,,,,,,,WSF_GEOMETRIC_SENSOR,3.806833e+01,-1.172333e+02,-4.00468707e-08,3.42958277e+06,-3.67747277e+06,3.91045761e+06,0.000000e+00,0.000000e+00,0.000000e+00,0.000000e+00,TARGET,3.806944e+01,-1.172333e+02,1.52400000e+03,3.43034936e+06,-3.67829471e+06,3.91149422e+06,0.000000e+00,0.000000e+00,0.000000e+00,0.000000e+00,,,,,,,,,,,,,,,,,,,,,1.528983e+03,4.265784e-13,1.490027e+00,,,1.528983e+03,3.141593e+00,-1.490047e+00,,,,,,,,,,,,,,,,,,,,,,,,,,,,,,,,,,,,,,,,,,,,,,,,,,,,,,,,,1.000000e+00,1.112787e-01,1
1.690000e+02,SENSOR_TRACK_UPDATED,radar1,red,simple_radar,radar1.1,0.000000e+00,1.690000e+02,338,5.000000e-01,land,M,,,target1,TARGET,blue,3.806833e+01,-1.172333e+02,-4.00468707e-08,3.42958278e+06,-3.67747277e+06,3.91045761e+06,3.806944e+01,-1.172333e+02,1.52400000e+03,3.43034936e+06,-3.67829471e+06,3.91149421e+06,L,3,,B,,3.806944e+01,-1.172333e+02,1.52400000e+03,3.43034936e+06,-3.67829471e+06,3.91149422e+06,0.000000e+00,0.000000e+00,0.000000e+00,0.000000e+00,0.000000e+00,1.528983e+03,4.257712e-13,1.490027e+00,1.528983e+03,4.257712e-13,1.490027e+00,,,,,,,,0,,,
1.690000e+02,LOCAL_TRACK_UPDATED,radar1,red,radar1.2,0.000000e+00,1.690000e+02,338,5.000000e-01,land,P,,,target1,TARGET,blue,3.806833e+01,-1.172333e+02,-4.00468707e-08,3.42958278e+06,-3.67747277e+06,3.91045761e+06,3.806944e+01,-1.172333e+02,1.52400000e+03,3.43034936e+06,-3.67829471e+06,3.91149421e+06,L,3,,B,,3.806944e+01,-1.172333e+02,1.52400000e+03,3.43034936e+06,-3.67829471e+06,3.91149422e+06,0.000000e+00,0.000000e+00,0.000000e+00,0.000000e+00,0.000000e+00,1.528983e+03,4.257712e-13,1.490027e+00,1.528983e+03,4.257712e-13,1.490027e+00,,,,,,,,0,,,,radar1.1,simple_radar,WSF_GEOMETRIC_SENSOR,default
1.695000e+02,SENSOR_DETECTION_ATTEMPT,radar1,red,target1,simple_radar,default,1,,,,,,,,,,,,WSF_GEOMETRIC_SENSOR,3.806833e+01,-1.172333e+02,-4.00468707e-08,3.42971686e+06,-3.67734777e+06,3.91045757e+06,0.000000e+00,0.000000e+00,0.000000e+00,0.000000e+00,TARGET,3.806944e+01,-1.172333e+02,1.52400000e+03,3.43048347e+06,-3.67816968e+06,3.91149417e+06,0.000000e+00,0.000000e+00,0.000000e+00,0.000000e+00,,,,,,,,,,,,,,,,,,,,,1.528983e+03,4.265784e-13,1.490027e+00,,,1.528983e+03,3.141593e+00,-1.490047e+00,,,,,,,,,,,,,,,,,,,,,,,,,,,,,,,,,,,,,,,,,,,,,,,,,,,,,,,,,1.000000e+00,1.556416e-01,1
1.695000e+02,SENSOR_TRACK_UPDATED,radar1,red,simple_radar,radar1.1,0.000000e+00,1.695000e+02,339,5.000000e-01,land,M,,,target1,TARGET,blue,3.806833e+01,-1.172333e+02,-4.00468707e-08,3.42971686e+06,-3.67734777e+06,3.91045757e+06,3.806944e+01,-1.172333e+02,1.52400000e+03,3.43048348e+06,-3.67816968e+06,3.91149417e+06,L,3,,B,,3.806944e+01,-1.172333e+02,1.52400000e+03,3.43048347e+06,-3.67816968e+06,3.91149417e+06,0.000000e+00,0.000000e+00,0.000000e+00,0.000000e+00,0.000000e+00,1.528983e+03,4.257712e-13,1.490027e+00,1.528983e+03,4.257712e-13,1.490027e+00,,,,,,,,0,,,
1.695000e+02,LOCAL_TRACK_UPDATED,radar1,red,radar1.2,0.000000e+00,1.695000e+02,339,5.000000e-01,land,P,,,target1,TARGET,blue,3.806833e+01,-1.172333e+02,-4.00468707e-08,3.42971686e+06,-3.67734777e+06,3.91045757e+06,3.806944e+01,-1.172333e+02,1.52400000e+03,3.43048348e+06,-3.67816968e+06,3.91149417e+06,L,3,,B,,3.806944e+01,-1.172333e+02,1.52400000e+03,3.43048347e+06,-3.67816968e+06,3.91149417e+06,0.000000e+00,0.000000e+00,0.000000e+00,0.000000e+00,0.000000e+00,1.528983e+03,4.257712e-13,1.490027e+00,1.528983e+03,4.257712e-13,1.490027e+00,,,,,,,,0,,,,radar1.1,simple_radar,WSF_GEOMETRIC_SENSOR,default
1.700000e+02,SENSOR_DETECTION_ATTEMPT,radar1,red,target1,simple_radar,default,1,,,,,,,,,,,,WSF_GEOMETRIC_SENSOR,3.806833e+01,-1.172333e+02,-4.00468707e-08,3.42985094e+06,-3.67722276e+06,3.91045753e+06,0.000000e+00,0.000000e+00,0.000000e+00,0.000000e+00,TARGET,3.806944e+01,-1.172333e+02,1.52400000e+03,3.43061758e+06,-3.67804464e+06,3.91149413e+06,0.000000e+00,0.000000e+00,0.000000e+00,0.000000e+00,,,,,,,,,,,,,,,,,,,,,1.528983e+03,4.265784e-13,1.490027e+00,,,1.528983e+03,3.141593e+00,-1.490047e+00,,,,,,,,,,,,,,,,,,,,,,,,,,,,,,,,,,,,,,,,,,,,,,,,,,,,,,,,,1.000000e+00,8.612462e-01,1
1.700000e+02,SENSOR_TRACK_UPDATED,radar1,red,simple_radar,radar1.1,0.000000e+00,1.700000e+02,340,5.000000e-01,land,M,,,target1,TARGET,blue,3.806833e+01,-1.172333e+02,-4.00468707e-08,3.42985094e+06,-3.67722276e+06,3.91045753e+06,3.806944e+01,-1.172333e+02,1.52400000e+03,3.43061759e+06,-3.67804464e+06,3.91149413e+06,L,3,,B,,3.806944e+01,-1.172333e+02,1.52400000e+03,3.43061758e+06,-3.67804464e+06,3.91149413e+06,0.000000e+00,0.000000e+00,0.000000e+00,0.000000e+00,0.000000e+00,1.528983e+03,4.257712e-13,1.490027e+00,1.528983e+03,4.257712e-13,1.490027e+00,,,,,,,,0,,,
1.700000e+02,LOCAL_TRACK_UPDATED,radar1,red,radar1.2,0.000000e+00,1.700000e+02,340,5.000000e-01,land,P,,,target1,TARGET,blue,3.806833e+01,-1.172333e+02,-4.00468707e-08,3.42985094e+06,-3.67722276e+06,3.91045753e+06,3.806944e+01,-1.172333e+02,1.52400000e+03,3.43061759e+06,-3.67804464e+06,3.91149413e+06,L,3,,B,,3.806944e+01,-1.172333e+02,1.52400000e+03,3.43061758e+06,-3.67804464e+06,3.91149413e+06,0.000000e+00,0.000000e+00,0.000000e+00,0.000000e+00,0.000000e+00,1.528983e+03,4.257712e-13,1.490027e+00,1.528983e+03,4.257712e-13,1.490027e+00,,,,,,,,0,,,,radar1.1,simple_radar,WSF_GEOMETRIC_SENSOR,default
1.705000e+02,SENSOR_DETECTION_ATTEMPT,radar1,red,target1,simple_radar,default,1,,,,,,,,,,,,WSF_GEOMETRIC_SENSOR,3.806833e+01,-1.172333e+02,-4.00468707e-08,3.42998501e+06,-3.67709775e+06,3.91045749e+06,0.000000e+00,0.000000e+00,0.000000e+00,0.000000e+00,TARGET,3.806944e+01,-1.172333e+02,1.52400000e+03,3.43075169e+06,-3.67791960e+06,3.91149409e+06,0.000000e+00,0.000000e+00,0.000000e+00,0.000000e+00,,,,,,,,,,,,,,,,,,,,,1.528983e+03,4.265784e-13,1.490027e+00,,,1.528983e+03,3.141593e+00,-1.490047e+00,,,,,,,,,,,,,,,,,,,,,,,,,,,,,,,,,,,,,,,,,,,,,,,,,,,,,,,,,1.000000e+00,3.285076e-01,1
1.705000e+02,SENSOR_TRACK_UPDATED,radar1,red,simple_radar,radar1.1,0.000000e+00,1.705000e+02,341,5.000000e-01,land,M,,,target1,TARGET,blue,3.806833e+01,-1.172333e+02,-4.00468707e-08,3.42998501e+06,-3.67709775e+06,3.91045748e+06,3.806944e+01,-1.172333e+02,1.52400000e+03,3.43075169e+06,-3.67791960e+06,3.91149409e+06,L,3,,B,,3.806944e+01,-1.172333e+02,1.52400000e+03,3.43075169e+06,-3.67791960e+06,3.91149409e+06,0.000000e+00,0.000000e+00,0.000000e+00,0.000000e+00,0.000000e+00,1.528983e+03,4.257712e-13,1.490027e+00,1.528983e+03,4.257712e-13,1.490027e+00,,,,,,,,0,,,
1.705000e+02,LOCAL_TRACK_UPDATED,radar1,red,radar1.2,0.000000e+00,1.705000e+02,341,5.000000e-01,land,P,,,target1,TARGET,blue,3.806833e+01,-1.172333e+02,-4.00468707e-08,3.42998501e+06,-3.67709775e+06,3.91045748e+06,3.806944e+01,-1.172333e+02,1.52400000e+03,3.43075169e+06,-3.67791960e+06,3.91149409e+06,L,3,,B,,3.806944e+01,-1.172333e+02,1.52400000e+03,3.43075169e+06,-3.67791960e+06,3.91149409e+06,0.000000e+00,0.000000e+00,0.000000e+00,0.000000e+00,0.000000e+00,1.528983e+03,4.257712e-13,1.490027e+00,1.528983e+03,4.257712e-13,1.490027e+00,,,,,,,,0,,,,radar1.1,simple_radar,WSF_GEOMETRIC_SENSOR,default
1.710000e+02,SENSOR_DETECTION_ATTEMPT,radar1,red,target1,simple_radar,default,1,,,,,,,,,,,,WSF_GEOMETRIC_SENSOR,3.806833e+01,-1.172333e+02,-4.00468707e-08,3.43011908e+06,-3.67697273e+06,3.91045744e+06,0.000000e+00,0.000000e+00,0.000000e+00,0.000000e+00,TARGET,3.806944e+01,-1.172333e+02,1.52400000e+03,3.43088579e+06,-3.67779456e+06,3.91149405e+06,0.000000e+00,0.000000e+00,0.000000e+00,0.000000e+00,,,,,,,,,,,,,,,,,,,,,1.528983e+03,4.265784e-13,1.490027e+00,,,1.528983e+03,3.141593e+00,-1.490047e+00,,,,,,,,,,,,,,,,,,,,,,,,,,,,,,,,,,,,,,,,,,,,,,,,,,,,,,,,,1.000000e+00,2.841644e-01,1
1.710000e+02,SENSOR_TRACK_UPDATED,radar1,red,simple_radar,radar1.1,0.000000e+00,1.710000e+02,342,5.000000e-01,land,M,,,target1,TARGET,blue,3.806833e+01,-1.172333e+02,-4.00468707e-08,3.43011908e+06,-3.67697273e+06,3.91045744e+06,3.806944e+01,-1.172333e+02,1.52400000e+03,3.43088579e+06,-3.67779456e+06,3.91149404e+06,L,3,,B,,3.806944e+01,-1.172333e+02,1.52400000e+03,3.43088579e+06,-3.67779456e+06,3.91149405e+06,0.000000e+00,0.000000e+00,0.000000e+00,0.000000e+00,0.000000e+00,1.528983e+03,4.257712e-13,1.490027e+00,1.528983e+03,4.257712e-13,1.490027e+00,,,,,,,,0,,,
1.710000e+02,LOCAL_TRACK_UPDATED,radar1,red,radar1.2,0.000000e+00,1.710000e+02,342,5.000000e-01,land,P,,,target1,TARGET,blue,3.806833e+01,-1.172333e+02,-4.00468707e-08,3.43011908e+06,-3.67697273e+06,3.91045744e+06,3.806944e+01,-1.172333e+02,1.52400000e+03,3.43088579e+06,-3.67779456e+06,3.91149404e+06,L,3,,B,,3.806944e+01,-1.172333e+02,1.52400000e+03,3.43088579e+06,-3.67779456e+06,3.91149405e+06,0.000000e+00,0.000000e+00,0.000000e+00,0.000000e+00,0.000000e+00,1.528983e+03,4.257712e-13,1.490027e+00,1.528983e+03,4.257712e-13,1.490027e+00,,,,,,,,0,,,,radar1.1,simple_radar,WSF_GEOMETRIC_SENSOR,default
1.715000e+02,SENSOR_DETECTION_ATTEMPT,radar1,red,target1,simple_radar,default,1,,,,,,,,,,,,WSF_GEOMETRIC_SENSOR,3.806833e+01,-1.172333e+02,-4.00468707e-08,3.43025314e+06,-3.67684770e+06,3.91045740e+06,0.000000e+00,0.000000e+00,0.000000e+00,0.000000e+00,TARGET,3.806944e+01,-1.172333e+02,1.52400000e+03,3.43101988e+06,-3.67766950e+06,3.91149400e+06,0.000000e+00,0.000000e+00,0.000000e+00,0.000000e+00,,,,,,,,,,,,,,,,,,,,,1.528983e+03,4.265784e-13,1.490027e+00,,,1.528983e+03,3.141593e+00,-1.490047e+00,,,,,,,,,,,,,,,,,,,,,,,,,,,,,,,,,,,,,,,,,,,,,,,,,,,,,,,,,1.000000e+00,5.081088e-01,1
1.715000e+02,SENSOR_TRACK_UPDATED,radar1,red,simple_radar,radar1.1,0.000000e+00,1.715000e+02,343,5.000000e-01,land,M,,,target1,TARGET,blue,3.806833e+01,-1.172333e+02,-4.00468707e-08,3.43025315e+06,-3.67684770e+06,3.91045740e+06,3.806944e+01,-1.172333e+02,1.52400000e+03,3.43101988e+06,-3.67766951e+06,3.91149400e+06,L,3,,B,,3.806944e+01,-1.172333e+02,1.52400000e+03,3.43101988e+06,-3.67766950e+06,3.91149400e+06,0.000000e+00,0.000000e+00,0.000000e+00,0.000000e+00,0.000000e+00,1.528983e+03,4.257712e-13,1.490027e+00,1.528983e+03,4.257712e-13,1.490027e+00,,,,,,,,0,,,
1.715000e+02,LOCAL_TRACK_UPDATED,radar1,red,radar1.2,0.000000e+00,1.715000e+02,343,5.000000e-01,land,P,,,target1,TARGET,blue,3.806833e+01,-1.172333e+02,-4.00468707e-08,3.43025315e+06,-3.67684770e+06,3.91045740e+06,3.806944e+01,-1.172333e+02,1.52400000e+03,3.43101988e+06,-3.67766951e+06,3.91149400e+06,L,3,,B,,3.806944e+01,-1.172333e+02,1.52400000e+03,3.43101988e+06,-3.67766950e+06,3.91149400e+06,0.000000e+00,0.000000e+00,0.000000e+00,0.000000e+00,0.000000e+00,1.528983e+03,4.257712e-13,1.490027e+00,1.528983e+03,4.257712e-13,1.490027e+00,,,,,,,,0,,,,radar1.1,simple_radar,WSF_GEOMETRIC_SENSOR,default
1.720000e+02,SENSOR_DETECTION_ATTEMPT,radar1,red,target1,simple_radar,default,1,,,,,,,,,,,,WSF_GEOMETRIC_SENSOR,3.806833e+01,-1.172333e+02,-4.00468707e-08,3.43038721e+06,-3.67672267e+06,3.91045736e+06,0.000000e+00,0.000000e+00,0.000000e+00,0.000000e+00,TARGET,3.806944e+01,-1.172333e+02,1.52400000e+03,3.43115397e+06,-3.67754445e+06,3.91149396e+06,0.000000e+00,0.000000e+00,0.000000e+00,0.000000e+00,,,,,,,,,,,,,,,,,,,,,1.528983e+03,4.265784e-13,1.490027e+00,,,1.528983e+03,3.141593e+00,-1.490047e+00,,,,,,,,,,,,,,,,,,,,,,,,,,,,,,,,,,,,,,,,,,,,,,,,,,,,,,,,,1.000000e+00,1.967013e-01,1
1.720000e+02,SENSOR_TRACK_UPDATED,radar1,red,simple_radar,radar1.1,0.000000e+00,1.720000e+02,344,5.000000e-01,land,M,,,target1,TARGET,blue,3.806833e+01,-1.172333e+02,-4.00468707e-08,3.43038721e+06,-3.67672268e+06,3.91045735e+06,3.806944e+01,-1.172333e+02,1.52400000e+03,3.43115398e+06,-3.67754445e+06,3.91149396e+06,L,3,,B,,3.806944e+01,-1.172333e+02,1.52400000e+03,3.43115397e+06,-3.67754445e+06,3.91149396e+06,0.000000e+00,0.000000e+00,0.000000e+00,0.000000e+00,0.000000e+00,1.528983e+03,4.257712e-13,1.490027e+00,1.528983e+03,4.257712e-13,1.490027e+00,,,,,,,,0,,,
1.720000e+02,LOCAL_TRACK_UPDATED,radar1,red,radar1.2,0.000000e+00,1.720000e+02,344,5.000000e-01,land,P,,,target1,TARGET,blue,3.806833e+01,-1.172333e+02,-4.00468707e-08,3.43038721e+06,-3.67672268e+06,3.91045735e+06,3.806944e+01,-1.172333e+02,1.52400000e+03,3.43115398e+06,-3.67754445e+06,3.91149396e+06,L,3,,B,,3.806944e+01,-1.172333e+02,1.52400000e+03,3.43115397e+06,-3.67754445e+06,3.91149396e+06,0.000000e+00,0.000000e+00,0.000000e+00,0.000000e+00,0.000000e+00,1.528983e+03,4.257712e-13,1.490027e+00,1.528983e+03,4.257712e-13,1.490027e+00,,,,,,,,0,,,,radar1.1,simple_radar,WSF_GEOMETRIC_SENSOR,default
1.725000e+02,SENSOR_DETECTION_ATTEMPT,radar1,red,target1,simple_radar,default,1,,,,,,,,,,,,WSF_GEOMETRIC_SENSOR,3.806833e+01,-1.172333e+02,-4.00468707e-08,3.43052126e+06,-3.67659764e+06,3.91045731e+06,0.000000e+00,0.000000e+00,0.000000e+00,0.000000e+00,TARGET,3.806944e+01,-1.172333e+02,1.52400000e+03,3.43128806e+06,-3.67741939e+06,3.91149392e+06,0.000000e+00,0.000000e+00,0.000000e+00,0.000000e+00,,,,,,,,,,,,,,,,,,,,,1.528983e+03,4.265784e-13,1.490027e+00,,,1.528983e+03,3.141593e+00,-1.490047e+00,,,,,,,,,,,,,,,,,,,,,,,,,,,,,,,,,,,,,,,,,,,,,,,,,,,,,,,,,1.000000e+00,7.445596e-01,1
1.725000e+02,SENSOR_TRACK_UPDATED,radar1,red,simple_radar,radar1.1,0.000000e+00,1.725000e+02,345,5.000000e-01,land,M,,,target1,TARGET,blue,3.806833e+01,-1.172333e+02,-4.00468707e-08,3.43052126e+06,-3.67659764e+06,3.91045731e+06,3.806944e+01,-1.172333e+02,1.52400000e+03,3.43128806e+06,-3.67741939e+06,3.91149391e+06,L,3,,B,,3.806944e+01,-1.172333e+02,1.52400000e+03,3.43128806e+06,-3.67741939e+06,3.91149392e+06,0.000000e+00,0.000000e+00,0.000000e+00,0.000000e+00,0.000000e+00,1.528983e+03,4.257712e-13,1.490027e+00,1.528983e+03,4.257712e-13,1.490027e+00,,,,,,,,0,,,
1.725000e+02,LOCAL_TRACK_UPDATED,radar1,red,radar1.2,0.000000e+00,1.725000e+02,345,5.000000e-01,land,P,,,target1,TARGET,blue,3.806833e+01,-1.172333e+02,-4.00468707e-08,3.43052126e+06,-3.67659764e+06,3.91045731e+06,3.806944e+01,-1.172333e+02,1.52400000e+03,3.43128806e+06,-3.67741939e+06,3.91149391e+06,L,3,,B,,3.806944e+01,-1.172333e+02,1.52400000e+03,3.43128806e+06,-3.67741939e+06,3.91149392e+06,0.000000e+00,0.000000e+00,0.000000e+00,0.000000e+00,0.000000e+00,1.528983e+03,4.257712e-13,1.490027e+00,1.528983e+03,4.257712e-13,1.490027e+00,,,,,,,,0,,,,radar1.1,simple_radar,WSF_GEOMETRIC_SENSOR,default
1.730000e+02,SENSOR_DETECTION_ATTEMPT,radar1,red,target1,simple_radar,default,1,,,,,,,,,,,,WSF_GEOMETRIC_SENSOR,3.806833e+01,-1.172333e+02,-4.00468707e-08,3.43065531e+06,-3.67647260e+06,3.91045727e+06,0.000000e+00,0.000000e+00,0.000000e+00,0.000000e+00,TARGET,3.806944e+01,-1.172333e+02,1.52400000e+03,3.43142214e+06,-3.67729432e+06,3.91149387e+06,0.000000e+00,0.000000e+00,0.000000e+00,0.000000e+00,,,,,,,,,,,,,,,,,,,,,1.528983e+03,4.265784e-13,1.490027e+00,,,1.528983e+03,3.141593e+00,-1.490047e+00,,,,,,,,,,,,,,,,,,,,,,,,,,,,,,,,,,,,,,,,,,,,,,,,,,,,,,,,,1.000000e+00,4.093683e-01,1
1.730000e+02,SENSOR_TRACK_UPDATED,radar1,red,simple_radar,radar1.1,0.000000e+00,1.730000e+02,346,5.000000e-01,land,M,,,target1,TARGET,blue,3.806833e+01,-1.172333e+02,-4.00468707e-08,3.43065531e+06,-3.67647260e+06,3.91045727e+06,3.806944e+01,-1.172333e+02,1.52400000e+03,3.43142214e+06,-3.67729432e+06,3.91149387e+06,L,3,,B,,3.806944e+01,-1.172333e+02,1.52400000e+03,3.43142214e+06,-3.67729432e+06,3.91149387e+06,0.000000e+00,0.000000e+00,0.000000e+00,0.000000e+00,0.000000e+00,1.528983e+03,4.257712e-13,1.490027e+00,1.528983e+03,4.257712e-13,1.490027e+00,,,,,,,,0,,,
1.730000e+02,LOCAL_TRACK_UPDATED,radar1,red,radar1.2,0.000000e+00,1.730000e+02,346,5.000000e-01,land,P,,,target1,TARGET,blue,3.806833e+01,-1.172333e+02,-4.00468707e-08,3.43065531e+06,-3.67647260e+06,3.91045727e+06,3.806944e+01,-1.172333e+02,1.52400000e+03,3.43142214e+06,-3.67729432e+06,3.91149387e+06,L,3,,B,,3.806944e+01,-1.172333e+02,1.52400000e+03,3.43142214e+06,-3.67729432e+06,3.91149387e+06,0.000000e+00,0.000000e+00,0.000000e+00,0.000000e+00,0.000000e+00,1.528983e+03,4.257712e-13,1.490027e+00,1.528983e+03,4.257712e-13,1.490027e+00,,,,,,,,0,,,,radar1.1,simple_radar,WSF_GEOMETRIC_SENSOR,default
1.735000e+02,SENSOR_DETECTION_ATTEMPT,radar1,red,target1,simple_radar,default,1,,,,,,,,,,,,WSF_GEOMETRIC_SENSOR,3.806833e+01,-1.172333e+02,-4.00468707e-08,3.43078936e+06,-3.67634756e+06,3.91045723e+06,0.000000e+00,0.000000e+00,0.000000e+00,0.000000e+00,TARGET,3.806944e+01,-1.172333e+02,1.52400000e+03,3.43155622e+06,-3.67716925e+06,3.91149383e+06,0.000000e+00,0.000000e+00,0.000000e+00,0.000000e+00,,,,,,,,,,,,,,,,,,,,,1.528983e+03,4.265784e-13,1.490027e+00,,,1.528983e+03,3.141593e+00,-1.490047e+00,,,,,,,,,,,,,,,,,,,,,,,,,,,,,,,,,,,,,,,,,,,,,,,,,,,,,,,,,1.000000e+00,8.153988e-01,1
1.735000e+02,SENSOR_TRACK_UPDATED,radar1,red,simple_radar,radar1.1,0.000000e+00,1.735000e+02,347,5.000000e-01,land,M,,,target1,TARGET,blue,3.806833e+01,-1.172333e+02,-4.00468707e-08,3.43078936e+06,-3.67634756e+06,3.91045722e+06,3.806944e+01,-1.172333e+02,1.52400000e+03,3.43155622e+06,-3.67716925e+06,3.91149383e+06,L,3,,B,,3.806944e+01,-1.172333e+02,1.52400000e+03,3.43155622e+06,-3.67716925e+06,3.91149383e+06,0.000000e+00,0.000000e+00,0.000000e+00,0.000000e+00,0.000000e+00,1.528983e+03,4.257712e-13,1.490027e+00,1.528983e+03,4.257712e-13,1.490027e+00,,,,,,,,0,,,
1.735000e+02,LOCAL_TRACK_UPDATED,radar1,red,radar1.2,0.000000e+00,1.735000e+02,347,5.000000e-01,land,P,,,target1,TARGET,blue,3.806833e+01,-1.172333e+02,-4.00468707e-08,3.43078936e+06,-3.67634756e+06,3.91045722e+06,3.806944e+01,-1.172333e+02,1.52400000e+03,3.43155622e+06,-3.67716925e+06,3.91149383e+06,L,3,,B,,3.806944e+01,-1.172333e+02,1.52400000e+03,3.43155622e+06,-3.67716925e+06,3.91149383e+06,0.000000e+00,0.000000e+00,0.000000e+00,0.000000e+00,0.000000e+00,1.528983e+03,4.257712e-13,1.490027e+00,1.528983e+03,4.257712e-13,1.490027e+00,,,,,,,,0,,,,radar1.1,simple_radar,WSF_GEOMETRIC_SENSOR,default
1.740000e+02,SENSOR_DETECTION_ATTEMPT,radar1,red,target1,simple_radar,default,1,,,,,,,,,,,,WSF_GEOMETRIC_SENSOR,3.806833e+01,-1.172333e+02,-4.00468707e-08,3.43092340e+06,-3.67622251e+06,3.91045718e+06,0.000000e+00,0.000000e+00,0.000000e+00,0.000000e+00,TARGET,3.806944e+01,-1.172333e+02,1.52400000e+03,3.43169029e+06,-3.67704417e+06,3.91149379e+06,0.000000e+00,0.000000e+00,0.000000e+00,0.000000e+00,,,,,,,,,,,,,,,,,,,,,1.528983e+03,4.265784e-13,1.490027e+00,,,1.528983e+03,3.141593e+00,-1.490047e+00,,,,,,,,,,,,,,,,,,,,,,,,,,,,,,,,,,,,,,,,,,,,,,,,,,,,,,,,,1.000000e+00,7.768115e-01,1
1.740000e+02,SENSOR_TRACK_UPDATED,radar1,red,simple_radar,radar1.1,0.000000e+00,1.740000e+02,348,5.000000e-01,land,M,,,target1,TARGET,blue,3.806833e+01,-1.172333e+02,-4.00468707e-08,3.43092340e+06,-3.67622251e+06,3.91045718e+06,3.806944e+01,-1.172333e+02,1.52400000e+03,3.43169029e+06,-3.67704417e+06,3.91149378e+06,L,3,,B,,3.806944e+01,-1.172333e+02,1.52400000e+03,3.43169029e+06,-3.67704417e+06,3.91149379e+06,0.000000e+00,0.000000e+00,0.000000e+00,0.000000e+00,0.000000e+00,1.528983e+03,4.257712e-13,1.490027e+00,1.528983e+03,4.257712e-13,1.490027e+00,,,,,,,,0,,,
1.740000e+02,LOCAL_TRACK_UPDATED,radar1,red,radar1.2,0.000000e+00,1.740000e+02,348,5.000000e-01,land,P,,,target1,TARGET,blue,3.806833e+01,-1.172333e+02,-4.00468707e-08,3.43092340e+06,-3.67622251e+06,3.91045718e+06,3.806944e+01,-1.172333e+02,1.52400000e+03,3.43169029e+06,-3.67704417e+06,3.91149378e+06,L,3,,B,,3.806944e+01,-1.172333e+02,1.52400000e+03,3.43169029e+06,-3.67704417e+06,3.91149379e+06,0.000000e+00,0.000000e+00,0.000000e+00,0.000000e+00,0.000000e+00,1.528983e+03,4.257712e-13,1.490027e+00,1.528983e+03,4.257712e-13,1.490027e+00,,,,,,,,0,,,,radar1.1,simple_radar,WSF_GEOMETRIC_SENSOR,default
1.745000e+02,SENSOR_DETECTION_ATTEMPT,radar1,red,target1,simple_radar,default,1,,,,,,,,,,,,WSF_GEOMETRIC_SENSOR,3.806833e+01,-1.172333e+02,-4.00468707e-08,3.43105744e+06,-3.67609746e+06,3.91045714e+06,0.000000e+00,0.000000e+00,0.000000e+00,0.000000e+00,TARGET,3.806944e+01,-1.172333e+02,1.52400000e+03,3.43182436e+06,-3.67691909e+06,3.91149374e+06,0.000000e+00,0.000000e+00,0.000000e+00,0.000000e+00,,,,,,,,,,,,,,,,,,,,,1.528983e+03,4.265784e-13,1.490027e+00,,,1.528983e+03,3.141593e+00,-1.490047e+00,,,,,,,,,,,,,,,,,,,,,,,,,,,,,,,,,,,,,,,,,,,,,,,,,,,,,,,,,1.000000e+00,7.303948e-02,1
1.745000e+02,SENSOR_TRACK_UPDATED,radar1,red,simple_radar,radar1.1,0.000000e+00,1.745000e+02,349,5.000000e-01,land,M,,,target1,TARGET,blue,3.806833e+01,-1.172333e+02,-4.00468707e-08,3.43105744e+06,-3.67609746e+06,3.91045714e+06,3.806944e+01,-1.172333e+02,1.52400000e+03,3.43182436e+06,-3.67691909e+06,3.91149374e+06,L,3,,B,,3.806944e+01,-1.172333e+02,1.52400000e+03,3.43182436e+06,-3.67691909e+06,3.91149374e+06,0.000000e+00,0.000000e+00,0.000000e+00,0.000000e+00,0.000000e+00,1.528983e+03,4.257712e-13,1.490027e+00,1.528983e+03,4.257712e-13,1.490027e+00,,,,,,,,0,,,
1.745000e+02,LOCAL_TRACK_UPDATED,radar1,red,radar1.2,0.000000e+00,1.745000e+02,349,5.000000e-01,land,P,,,target1,TARGET,blue,3.806833e+01,-1.172333e+02,-4.00468707e-08,3.43105744e+06,-3.67609746e+06,3.91045714e+06,3.806944e+01,-1.172333e+02,1.52400000e+03,3.43182436e+06,-3.67691909e+06,3.91149374e+06,L,3,,B,,3.806944e+01,-1.172333e+02,1.52400000e+03,3.43182436e+06,-3.67691909e+06,3.91149374e+06,0.000000e+00,0.000000e+00,0.000000e+00,0.000000e+00,0.000000e+00,1.528983e+03,4.257712e-13,1.490027e+00,1.528983e+03,4.257712e-13,1.490027e+00,,,,,,,,0,,,,radar1.1,simple_radar,WSF_GEOMETRIC_SENSOR,default
1.750000e+02,SENSOR_DETECTION_ATTEMPT,radar1,red,target1,simple_radar,default,1,,,,,,,,,,,,WSF_GEOMETRIC_SENSOR,3.806833e+01,-1.172333e+02,-4.00468707e-08,3.43119147e+06,-3.67597240e+06,3.91045710e+06,0.000000e+00,0.000000e+00,0.000000e+00,0.000000e+00,TARGET,3.806944e+01,-1.172333e+02,1.52400000e+03,3.43195842e+06,-3.67679401e+06,3.91149370e+06,0.000000e+00,0.000000e+00,0.000000e+00,0.000000e+00,,,,,,,,,,,,,,,,,,,,,1.528983e+03,4.265784e-13,1.490027e+00,,,1.528983e+03,3.141593e+00,-1.490047e+00,,,,,,,,,,,,,,,,,,,,,,,,,,,,,,,,,,,,,,,,,,,,,,,,,,,,,,,,,1.000000e+00,2.411962e-01,1
1.750000e+02,SENSOR_TRACK_UPDATED,radar1,red,simple_radar,radar1.1,0.000000e+00,1.750000e+02,350,5.000000e-01,land,M,,,target1,TARGET,blue,3.806833e+01,-1.172333e+02,-4.00468707e-08,3.43119148e+06,-3.67597240e+06,3.91045710e+06,3.806944e+01,-1.172333e+02,1.52400000e+03,3.43195842e+06,-3.67679401e+06,3.91149370e+06,L,3,,B,,3.806944e+01,-1.172333e+02,1.52400000e+03,3.43195842e+06,-3.67679401e+06,3.91149370e+06,0.000000e+00,0.000000e+00,0.000000e+00,0.000000e+00,0.000000e+00,1.528983e+03,4.257712e-13,1.490027e+00,1.528983e+03,4.257712e-13,1.490027e+00,,,,,,,,0,,,
1.750000e+02,LOCAL_TRACK_UPDATED,radar1,red,radar1.2,0.000000e+00,1.750000e+02,350,5.000000e-01,land,P,,,target1,TARGET,blue,3.806833e+01,-1.172333e+02,-4.00468707e-08,3.43119148e+06,-3.67597240e+06,3.91045710e+06,3.806944e+01,-1.172333e+02,1.52400000e+03,3.43195842e+06,-3.67679401e+06,3.91149370e+06,L,3,,B,,3.806944e+01,-1.172333e+02,1.52400000e+03,3.43195842e+06,-3.67679401e+06,3.91149370e+06,0.000000e+00,0.000000e+00,0.000000e+00,0.000000e+00,0.000000e+00,1.528983e+03,4.257712e-13,1.490027e+00,1.528983e+03,4.257712e-13,1.490027e+00,,,,,,,,0,,,,radar1.1,simple_radar,WSF_GEOMETRIC_SENSOR,default
1.755000e+02,SENSOR_DETECTION_ATTEMPT,radar1,red,target1,simple_radar,default,1,,,,,,,,,,,,WSF_GEOMETRIC_SENSOR,3.806833e+01,-1.172333e+02,-4.00468707e-08,3.43132550e+06,-3.67584734e+06,3.91045705e+06,0.000000e+00,0.000000e+00,0.000000e+00,0.000000e+00,TARGET,3.806944e+01,-1.172333e+02,1.52400000e+03,3.43209248e+06,-3.67666892e+06,3.91149366e+06,0.000000e+00,0.000000e+00,0.000000e+00,0.000000e+00,,,,,,,,,,,,,,,,,,,,,1.528983e+03,4.265784e-13,1.490027e+00,,,1.528983e+03,3.141593e+00,-1.490047e+00,,,,,,,,,,,,,,,,,,,,,,,,,,,,,,,,,,,,,,,,,,,,,,,,,,,,,,,,,1.000000e+00,5.228223e-01,1
1.755000e+02,SENSOR_TRACK_UPDATED,radar1,red,simple_radar,radar1.1,0.000000e+00,1.755000e+02,351,5.000000e-01,land,M,,,target1,TARGET,blue,3.806833e+01,-1.172333e+02,-4.00468707e-08,3.43132550e+06,-3.67584734e+06,3.91045705e+06,3.806944e+01,-1.172333e+02,1.52400000e+03,3.43209248e+06,-3.67666892e+06,3.91149366e+06,L,3,,B,,3.806944e+01,-1.172333e+02,1.52400000e+03,3.43209248e+06,-3.67666892e+06,3.91149366e+06,0.000000e+00,0.000000e+00,0.000000e+00,0.000000e+00,0.000000e+00,1.528983e+03,4.257712e-13,1.490027e+00,1.528983e+03,4.257712e-13,1.490027e+00,,,,,,,,0,,,
1.755000e+02,LOCAL_TRACK_UPDATED,radar1,red,radar1.2,0.000000e+00,1.755000e+02,351,5.000000e-01,land,P,,,target1,TARGET,blue,3.806833e+01,-1.172333e+02,-4.00468707e-08,3.43132550e+06,-3.67584734e+06,3.91045705e+06,3.806944e+01,-1.172333e+02,1.52400000e+03,3.43209248e+06,-3.67666892e+06,3.91149366e+06,L,3,,B,,3.806944e+01,-1.172333e+02,1.52400000e+03,3.43209248e+06,-3.67666892e+06,3.91149366e+06,0.000000e+00,0.000000e+00,0.000000e+00,0.000000e+00,0.000000e+00,1.528983e+03,4.257712e-13,1.490027e+00,1.528983e+03,4.257712e-13,1.490027e+00,,,,,,,,0,,,,radar1.1,simple_radar,WSF_GEOMETRIC_SENSOR,default
1.760000e+02,SENSOR_DETECTION_ATTEMPT,radar1,red,target1,simple_radar,default,1,,,,,,,,,,,,WSF_GEOMETRIC_SENSOR,3.806833e+01,-1.172333e+02,-4.00468707e-08,3.43145953e+06,-3.67572227e+06,3.91045701e+06,0.000000e+00,0.000000e+00,0.000000e+00,0.000000e+00,TARGET,3.806944e+01,-1.172333e+02,1.52400000e+03,3.43222653e+06,-3.67654382e+06,3.91149361e+06,0.000000e+00,0.000000e+00,0.000000e+00,0.000000e+00,,,,,,,,,,,,,,,,,,,,,1.528983e+03,4.265784e-13,1.490027e+00,,,1.528983e+03,3.141593e+00,-1.490047e+00,,,,,,,,,,,,,,,,,,,,,,,,,,,,,,,,,,,,,,,,,,,,,,,,,,,,,,,,,1.000000e+00,7.784834e-01,1
1.760000e+02,SENSOR_TRACK_UPDATED,radar1,red,simple_radar,radar1.1,0.000000e+00,1.760000e+02,352,5.000000e-01,land,M,,,target1,TARGET,blue,3.806833e+01,-1.172333e+02,-4.00468707e-08,3.43145953e+06,-3.67572227e+06,3.91045701e+06,3.806944e+01,-1.172333e+02,1.52400000e+03,3.43222654e+06,-3.67654382e+06,3.91149361e+06,L,3,,B,,3.806944e+01,-1.172333e+02,1.52400000e+03,3.43222653e+06,-3.67654382e+06,3.91149361e+06,0.000000e+00,0.000000e+00,0.000000e+00,0.000000e+00,0.000000e+00,1.528983e+03,4.257712e-13,1.490027e+00,1.528983e+03,4.257712e-13,1.490027e+00,,,,,,,,0,,,
1.760000e+02,LOCAL_TRACK_UPDATED,radar1,red,radar1.2,0.000000e+00,1.760000e+02,352,5.000000e-01,land,P,,,target1,TARGET,blue,3.806833e+01,-1.172333e+02,-4.00468707e-08,3.43145953e+06,-3.67572227e+06,3.91045701e+06,3.806944e+01,-1.172333e+02,1.52400000e+03,3.43222654e+06,-3.67654382e+06,3.91149361e+06,L,3,,B,,3.806944e+01,-1.172333e+02,1.52400000e+03,3.43222653e+06,-3.67654382e+06,3.91149361e+06,0.000000e+00,0.000000e+00,0.000000e+00,0.000000e+00,0.000000e+00,1.528983e+03,4.257712e-13,1.490027e+00,1.528983e+03,4.257712e-13,1.490027e+00,,,,,,,,0,,,,radar1.1,simple_radar,WSF_GEOMETRIC_SENSOR,default
1.765000e+02,SENSOR_DETECTION_ATTEMPT,radar1,red,target1,simple_radar,default,1,,,,,,,,,,,,WSF_GEOMETRIC_SENSOR,3.806833e+01,-1.172333e+02,-4.00468707e-08,3.43159355e+06,-3.67559720e+06,3.91045697e+06,0.000000e+00,0.000000e+00,0.000000e+00,0.000000e+00,TARGET,3.806944e+01,-1.172333e+02,1.52400000e+03,3.43236058e+06,-3.67641872e+06,3.91149357e+06,0.000000e+00,0.000000e+00,0.000000e+00,0.000000e+00,,,,,,,,,,,,,,,,,,,,,1.528983e+03,4.265784e-13,1.490027e+00,,,1.528983e+03,3.141593e+00,-1.490047e+00,,,,,,,,,,,,,,,,,,,,,,,,,,,,,,,,,,,,,,,,,,,,,,,,,,,,,,,,,1.000000e+00,2.443294e-01,1
1.765000e+02,SENSOR_TRACK_UPDATED,radar1,red,simple_radar,radar1.1,0.000000e+00,1.765000e+02,353,5.000000e-01,land,M,,,target1,TARGET,blue,3.806833e+01,-1.172333e+02,-4.00468707e-08,3.43159355e+06,-3.67559720e+06,3.91045697e+06,3.806944e+01,-1.172333e+02,1.52400000e+03,3.43236059e+06,-3.67641872e+06,3.91149357e+06,L,3,,B,,3.806944e+01,-1.172333e+02,1.52400000e+03,3.43236058e+06,-3.67641872e+06,3.91149357e+06,0.000000e+00,0.000000e+00,0.000000e+00,0.000000e+00,0.000000e+00,1.528983e+03,4.257712e-13,1.490027e+00,1.528983e+03,4.257712e-13,1.490027e+00,,,,,,,,0,,,
1.765000e+02,LOCAL_TRACK_UPDATED,radar1,red,radar1.2,0.000000e+00,1.765000e+02,353,5.000000e-01,land,P,,,target1,TARGET,blue,3.806833e+01,-1.172333e+02,-4.00468707e-08,3.43159355e+06,-3.67559720e+06,3.91045697e+06,3.806944e+01,-1.172333e+02,1.52400000e+03,3.43236059e+06,-3.67641872e+06,3.91149357e+06,L,3,,B,,3.806944e+01,-1.172333e+02,1.52400000e+03,3.43236058e+06,-3.67641872e+06,3.91149357e+06,0.000000e+00,0.000000e+00,0.000000e+00,0.000000e+00,0.000000e+00,1.528983e+03,4.257712e-13,1.490027e+00,1.528983e+03,4.257712e-13,1.490027e+00,,,,,,,,0,,,,radar1.1,simple_radar,WSF_GEOMETRIC_SENSOR,default
1.770000e+02,SENSOR_DETECTION_ATTEMPT,radar1,red,target1,simple_radar,default,1,,,,,,,,,,,,WSF_GEOMETRIC_SENSOR,3.806833e+01,-1.172333e+02,-4.00468707e-08,3.43172756e+06,-3.67547212e+06,3.91045693e+06,0.000000e+00,0.000000e+00,0.000000e+00,0.000000e+00,TARGET,3.806944e+01,-1.172333e+02,1.52400000e+03,3.43249463e+06,-3.67629362e+06,3.91149353e+06,0.000000e+00,0.000000e+00,0.000000e+00,0.000000e+00,,,,,,,,,,,,,,,,,,,,,1.528983e+03,4.265784e-13,1.490027e+00,,,1.528983e+03,3.141593e+00,-1.490047e+00,,,,,,,,,,,,,,,,,,,,,,,,,,,,,,,,,,,,,,,,,,,,,,,,,,,,,,,,,1.000000e+00,2.289344e-01,1
1.770000e+02,SENSOR_TRACK_UPDATED,radar1,red,simple_radar,radar1.1,0.000000e+00,1.770000e+02,354,5.000000e-01,land,M,,,target1,TARGET,blue,3.806833e+01,-1.172333e+02,-4.00468707e-08,3.43172756e+06,-3.67547212e+06,3.91045692e+06,3.806944e+01,-1.172333e+02,1.52400000e+03,3.43249463e+06,-3.67629362e+06,3.91149353e+06,L,3,,B,,3.806944e+01,-1.172333e+02,1.52400000e+03,3.43249463e+06,-3.67629362e+06,3.91149353e+06,0.000000e+00,0.000000e+00,0.000000e+00,0.000000e+00,0.000000e+00,1.528983e+03,4.257712e-13,1.490027e+00,1.528983e+03,4.257712e-13,1.490027e+00,,,,,,,,0,,,
1.770000e+02,LOCAL_TRACK_UPDATED,radar1,red,radar1.2,0.000000e+00,1.770000e+02,354,5.000000e-01,land,P,,,target1,TARGET,blue,3.806833e+01,-1.172333e+02,-4.00468707e-08,3.43172756e+06,-3.67547212e+06,3.91045692e+06,3.806944e+01,-1.172333e+02,1.52400000e+03,3.43249463e+06,-3.67629362e+06,3.91149353e+06,L,3,,B,,3.806944e+01,-1.172333e+02,1.52400000e+03,3.43249463e+06,-3.67629362e+06,3.91149353e+06,0.000000e+00,0.000000e+00,0.000000e+00,0.000000e+00,0.000000e+00,1.528983e+03,4.257712e-13,1.490027e+00,1.528983e+03,4.257712e-13,1.490027e+00,,,,,,,,0,,,,radar1.1,simple_radar,WSF_GEOMETRIC_SENSOR,default
1.775000e+02,SENSOR_DETECTION_ATTEMPT,radar1,red,target1,simple_radar,default,1,,,,,,,,,,,,WSF_GEOMETRIC_SENSOR,3.806833e+01,-1.172333e+02,-4.00468707e-08,3.43186157e+06,-3.67534704e+06,3.91045688e+06,0.000000e+00,0.000000e+00,0.000000e+00,0.000000e+00,TARGET,3.806944e+01,-1.172333e+02,1.52400000e+03,3.43262867e+06,-3.67616851e+06,3.91149349e+06,0.000000e+00,0.000000e+00,0.000000e+00,0.000000e+00,,,,,,,,,,,,,,,,,,,,,1.528983e+03,4.265784e-13,1.490027e+00,,,1.528983e+03,3.141593e+00,-1.490047e+00,,,,,,,,,,,,,,,,,,,,,,,,,,,,,,,,,,,,,,,,,,,,,,,,,,,,,,,,,1.000000e+00,8.098902e-01,1
1.775000e+02,SENSOR_TRACK_UPDATED,radar1,red,simple_radar,radar1.1,0.000000e+00,1.775000e+02,355,5.000000e-01,land,M,,,target1,TARGET,blue,3.806833e+01,-1.172333e+02,-4.00468707e-08,3.43186157e+06,-3.67534704e+06,3.91045688e+06,3.806944e+01,-1.172333e+02,1.52400000e+03,3.43262867e+06,-3.67616851e+06,3.91149348e+06,L,3,,B,,3.806944e+01,-1.172333e+02,1.52400000e+03,3.43262867e+06,-3.67616851e+06,3.91149349e+06,0.000000e+00,0.000000e+00,0.000000e+00,0.000000e+00,0.000000e+00,1.528983e+03,4.257712e-13,1.490027e+00,1.528983e+03,4.257712e-13,1.490027e+00,,,,,,,,0,,,
1.775000e+02,LOCAL_TRACK_UPDATED,radar1,red,radar1.2,0.000000e+00,1.775000e+02,355,5.000000e-01,land,P,,,target1,TARGET,blue,3.806833e+01,-1.172333e+02,-4.00468707e-08,3.43186157e+06,-3.67534704e+06,3.91045688e+06,3.806944e+01,-1.172333e+02,1.52400000e+03,3.43262867e+06,-3.67616851e+06,3.91149348e+06,L,3,,B,,3.806944e+01,-1.172333e+02,1.52400000e+03,3.43262867e+06,-3.67616851e+06,3.91149349e+06,0.000000e+00,0.000000e+00,0.000000e+00,0.000000e+00,0.000000e+00,1.528983e+03,4.257712e-13,1.490027e+00,1.528983e+03,4.257712e-13,1.490027e+00,,,,,,,,0,,,,radar1.1,simple_radar,WSF_GEOMETRIC_SENSOR,default
1.780000e+02,SENSOR_DETECTION_ATTEMPT,radar1,red,target1,simple_radar,default,1,,,,,,,,,,,,WSF_GEOMETRIC_SENSOR,3.806833e+01,-1.172333e+02,-4.00468707e-08,3.43199558e+06,-3.67522195e+06,3.91045684e+06,0.000000e+00,0.000000e+00,0.000000e+00,0.000000e+00,TARGET,3.806944e+01,-1.172333e+02,1.52400000e+03,3.43276270e+06,-3.67604339e+06,3.91149344e+06,0.000000e+00,0.000000e+00,0.000000e+00,0.000000e+00,,,,,,,,,,,,,,,,,,,,,1.528983e+03,4.265784e-13,1.490027e+00,,,1.528983e+03,3.141593e+00,-1.490047e+00,,,,,,,,,,,,,,,,,,,,,,,,,,,,,,,,,,,,,,,,,,,,,,,,,,,,,,,,,1.000000e+00,9.873794e-01,1
1.780000e+02,SENSOR_TRACK_UPDATED,radar1,red,simple_radar,radar1.1,0.000000e+00,1.780000e+02,356,5.000000e-01,land,M,,,target1,TARGET,blue,3.806833e+01,-1.172333e+02,-4.00468707e-08,3.43199558e+06,-3.67522195e+06,3.91045684e+06,3.806944e+01,-1.172333e+02,1.52400000e+03,3.43276271e+06,-3.67604339e+06,3.91149344e+06,L,3,,B,,3.806944e+01,-1.172333e+02,1.52400000e+03,3.43276270e+06,-3.67604339e+06,3.91149344e+06,0.000000e+00,0.000000e+00,0.000000e+00,0.000000e+00,0.000000e+00,1.528983e+03,4.257712e-13,1.490027e+00,1.528983e+03,4.257712e-13,1.490027e+00,,,,,,,,0,,,
1.780000e+02,LOCAL_TRACK_UPDATED,radar1,red,radar1.2,0.000000e+00,1.780000e+02,356,5.000000e-01,land,P,,,target1,TARGET,blue,3.806833e+01,-1.172333e+02,-4.00468707e-08,3.43199558e+06,-3.67522195e+06,3.91045684e+06,3.806944e+01,-1.172333e+02,1.52400000e+03,3.43276271e+06,-3.67604339e+06,3.91149344e+06,L,3,,B,,3.806944e+01,-1.172333e+02,1.52400000e+03,3.43276270e+06,-3.67604339e+06,3.91149344e+06,0.000000e+00,0.000000e+00,0.000000e+00,0.000000e+00,0.000000e+00,1.528983e+03,4.257712e-13,1.490027e+00,1.528983e+03,4.257712e-13,1.490027e+00,,,,,,,,0,,,,radar1.1,simple_radar,WSF_GEOMETRIC_SENSOR,default
1.785000e+02,SENSOR_DETECTION_ATTEMPT,radar1,red,target1,simple_radar,default,1,,,,,,,,,,,,WSF_GEOMETRIC_SENSOR,3.806833e+01,-1.172333e+02,-4.00468707e-08,3.43212958e+06,-3.67509686e+06,3.91045680e+06,0.000000e+00,0.000000e+00,0.000000e+00,0.000000e+00,TARGET,3.806944e+01,-1.172333e+02,1.52400000e+03,3.43289674e+06,-3.67591827e+06,3.91149340e+06,0.000000e+00,0.000000e+00,0.000000e+00,0.000000e+00,,,,,,,,,,,,,,,,,,,,,1.528983e+03,4.265784e-13,1.490027e+00,,,1.528983e+03,3.141593e+00,-1.490047e+00,,,,,,,,,,,,,,,,,,,,,,,,,,,,,,,,,,,,,,,,,,,,,,,,,,,,,,,,,1.000000e+00,3.415248e-02,1
1.785000e+02,SENSOR_TRACK_UPDATED,radar1,red,simple_radar,radar1.1,0.000000e+00,1.785000e+02,357,5.000000e-01,land,M,,,target1,TARGET,blue,3.806833e+01,-1.172333e+02,-4.00468707e-08,3.43212958e+06,-3.67509686e+06,3.91045679e+06,3.806944e+01,-1.172333e+02,1.52400000e+03,3.43289674e+06,-3.67591827e+06,3.91149340e+06,L,3,,B,,3.806944e+01,-1.172333e+02,1.52400000e+03,3.43289674e+06,-3.67591827e+06,3.91149340e+06,0.000000e+00,0.000000e+00,0.000000e+00,0.000000e+00,0.000000e+00,1.528983e+03,4.257712e-13,1.490027e+00,1.528983e+03,4.257712e-13,1.490027e+00,,,,,,,,0,,,
1.785000e+02,LOCAL_TRACK_UPDATED,radar1,red,radar1.2,0.000000e+00,1.785000e+02,357,5.000000e-01,land,P,,,target1,TARGET,blue,3.806833e+01,-1.172333e+02,-4.00468707e-08,3.43212958e+06,-3.67509686e+06,3.91045679e+06,3.806944e+01,-1.172333e+02,1.52400000e+03,3.43289674e+06,-3.67591827e+06,3.91149340e+06,L,3,,B,,3.806944e+01,-1.172333e+02,1.52400000e+03,3.43289674e+06,-3.67591827e+06,3.91149340e+06,0.000000e+00,0.000000e+00,0.000000e+00,0.000000e+00,0.000000e+00,1.528983e+03,4.257712e-13,1.490027e+00,1.528983e+03,4.257712e-13,1.490027e+00,,,,,,,,0,,,,radar1.1,simple_radar,WSF_GEOMETRIC_SENSOR,default
1.790000e+02,SENSOR_DETECTION_ATTEMPT,radar1,red,target1,simple_radar,default,1,,,,,,,,,,,,WSF_GEOMETRIC_SENSOR,3.806833e+01,-1.172333e+02,-4.00468707e-08,3.43226358e+06,-3.67497176e+06,3.91045675e+06,0.000000e+00,0.000000e+00,0.000000e+00,0.000000e+00,TARGET,3.806944e+01,-1.172333e+02,1.52400000e+03,3.43303076e+06,-3.67579315e+06,3.91149336e+06,0.000000e+00,0.000000e+00,0.000000e+00,0.000000e+00,,,,,,,,,,,,,,,,,,,,,1.528983e+03,4.265784e-13,1.490027e+00,,,1.528983e+03,3.141593e+00,-1.490047e+00,,,,,,,,,,,,,,,,,,,,,,,,,,,,,,,,,,,,,,,,,,,,,,,,,,,,,,,,,1.000000e+00,8.908808e-02,1
1.790000e+02,SENSOR_TRACK_UPDATED,radar1,red,simple_radar,radar1.1,0.000000e+00,1.790000e+02,358,5.000000e-01,land,M,,,target1,TARGET,blue,3.806833e+01,-1.172333e+02,-4.00468707e-08,3.43226358e+06,-3.67497177e+06,3.91045675e+06,3.806944e+01,-1.172333e+02,1.52400000e+03,3.43303076e+06,-3.67579315e+06,3.91149335e+06,L,3,,B,,3.806944e+01,-1.172333e+02,1.52400000e+03,3.43303076e+06,-3.67579315e+06,3.91149336e+06,0.000000e+00,0.000000e+00,0.000000e+00,0.000000e+00,0.000000e+00,1.528983e+03,4.257712e-13,1.490027e+00,1.528983e+03,4.257712e-13,1.490027e+00,,,,,,,,0,,,
1.790000e+02,LOCAL_TRACK_UPDATED,radar1,red,radar1.2,0.000000e+00,1.790000e+02,358,5.000000e-01,land,P,,,target1,TARGET,blue,3.806833e+01,-1.172333e+02,-4.00468707e-08,3.43226358e+06,-3.67497177e+06,3.91045675e+06,3.806944e+01,-1.172333e+02,1.52400000e+03,3.43303076e+06,-3.67579315e+06,3.91149335e+06,L,3,,B,,3.806944e+01,-1.172333e+02,1.52400000e+03,3.43303076e+06,-3.67579315e+06,3.91149336e+06,0.000000e+00,0.000000e+00,0.000000e+00,0.000000e+00,0.000000e+00,1.528983e+03,4.257712e-13,1.490027e+00,1.528983e+03,4.257712e-13,1.490027e+00,,,,,,,,0,,,,radar1.1,simple_radar,WSF_GEOMETRIC_SENSOR,default
1.795000e+02,SENSOR_DETECTION_ATTEMPT,radar1,red,target1,simple_radar,default,1,,,,,,,,,,,,WSF_GEOMETRIC_SENSOR,3.806833e+01,-1.172333e+02,-4.00468707e-08,3.43239757e+06,-3.67484666e+06,3.91045671e+06,0.000000e+00,0.000000e+00,0.000000e+00,0.000000e+00,TARGET,3.806944e+01,-1.172333e+02,1.52400000e+03,3.43316478e+06,-3.67566802e+06,3.91149331e+06,0.000000e+00,0.000000e+00,0.000000e+00,0.000000e+00,,,,,,,,,,,,,,,,,,,,,1.528983e+03,4.265784e-13,1.490027e+00,,,1.528983e+03,3.141593e+00,-1.490047e+00,,,,,,,,,,,,,,,,,,,,,,,,,,,,,,,,,,,,,,,,,,,,,,,,,,,,,,,,,1.000000e+00,9.661039e-01,1
1.795000e+02,SENSOR_TRACK_UPDATED,radar1,red,simple_radar,radar1.1,0.000000e+00,1.795000e+02,359,5.000000e-01,land,M,,,target1,TARGET,blue,3.806833e+01,-1.172333e+02,-4.00468707e-08,3.43239757e+06,-3.67484666e+06,3.91045671e+06,3.806944e+01,-1.172333e+02,1.52400000e+03,3.43316479e+06,-3.67566802e+06,3.91149331e+06,L,3,,B,,3.806944e+01,-1.172333e+02,1.52400000e+03,3.43316478e+06,-3.67566802e+06,3.91149331e+06,0.000000e+00,0.000000e+00,0.000000e+00,0.000000e+00,0.000000e+00,1.528983e+03,4.257712e-13,1.490027e+00,1.528983e+03,4.257712e-13,1.490027e+00,,,,,,,,0,,,
1.795000e+02,LOCAL_TRACK_UPDATED,radar1,red,radar1.2,0.000000e+00,1.795000e+02,359,5.000000e-01,land,P,,,target1,TARGET,blue,3.806833e+01,-1.172333e+02,-4.00468707e-08,3.43239757e+06,-3.67484666e+06,3.91045671e+06,3.806944e+01,-1.172333e+02,1.52400000e+03,3.43316479e+06,-3.67566802e+06,3.91149331e+06,L,3,,B,,3.806944e+01,-1.172333e+02,1.52400000e+03,3.43316478e+06,-3.67566802e+06,3.91149331e+06,0.000000e+00,0.000000e+00,0.000000e+00,0.000000e+00,0.000000e+00,1.528983e+03,4.257712e-13,1.490027e+00,1.528983e+03,4.257712e-13,1.490027e+00,,,,,,,,0,,,,radar1.1,simple_radar,WSF_GEOMETRIC_SENSOR,default
1.800000e+02,SENSOR_DETECTION_ATTEMPT,radar1,red,target1,simple_radar,default,1,,,,,,,,,,,,WSF_GEOMETRIC_SENSOR,3.806833e+01,-1.172333e+02,-4.00468707e-08,3.43253155e+06,-3.67472156e+06,3.91045667e+06,0.000000e+00,0.000000e+00,0.000000e+00,0.000000e+00,TARGET,3.806944e+01,-1.172333e+02,1.52400000e+03,3.43329880e+06,-3.67554288e+06,3.91149327e+06,0.000000e+00,0.000000e+00,0.000000e+00,0.000000e+00,,,,,,,,,,,,,,,,,,,,,1.528983e+03,4.265784e-13,1.490027e+00,,,1.528983e+03,3.141593e+00,-1.490047e+00,,,,,,,,,,,,,,,,,,,,,,,,,,,,,,,,,,,,,,,,,,,,,,,,,,,,,,,,,1.000000e+00,1.973881e-01,1
1.800000e+02,SENSOR_TRACK_UPDATED,radar1,red,simple_radar,radar1.1,0.000000e+00,1.800000e+02,360,5.000000e-01,land,M,,,target1,TARGET,blue,3.806833e+01,-1.172333e+02,-4.00468707e-08,3.43253156e+06,-3.67472156e+06,3.91045667e+06,3.806944e+01,-1.172333e+02,1.52400000e+03,3.43329880e+06,-3.67554288e+06,3.91149327e+06,L,3,,B,,3.806944e+01,-1.172333e+02,1.52400000e+03,3.43329880e+06,-3.67554288e+06,3.91149327e+06,0.000000e+00,0.000000e+00,0.000000e+00,0.000000e+00,0.000000e+00,1.528983e+03,4.257712e-13,1.490027e+00,1.528983e+03,4.257712e-13,1.490027e+00,,,,,,,,0,,,
1.800000e+02,LOCAL_TRACK_UPDATED,radar1,red,radar1.2,0.000000e+00,1.800000e+02,360,5.000000e-01,land,P,,,target1,TARGET,blue,3.806833e+01,-1.172333e+02,-4.00468707e-08,3.43253156e+06,-3.67472156e+06,3.91045667e+06,3.806944e+01,-1.172333e+02,1.52400000e+03,3.43329880e+06,-3.67554288e+06,3.91149327e+06,L,3,,B,,3.806944e+01,-1.172333e+02,1.52400000e+03,3.43329880e+06,-3.67554288e+06,3.91149327e+06,0.000000e+00,0.000000e+00,0.000000e+00,0.000000e+00,0.000000e+00,1.528983e+03,4.257712e-13,1.490027e+00,1.528983e+03,4.257712e-13,1.490027e+00,,,,,,,,0,,,,radar1.1,simple_radar,WSF_GEOMETRIC_SENSOR,default
1.802500e+02,SIMULATION_COMPLETE,2003,6,1,12,3,2.500000e-01
1.802500e+02,PLATFORM_DELETED,radar1,red,RADAR_WITH_TRACKER,1.000000e+00,3.806833e+01,-1.172333e+02,0.00000000e+00,3.43259855e+06,-3.67465900e+06,3.91045665e+06,0.000,0.000,0.000,0.000,0.000,0.000,0.000,366.630,0.731,0.682,-0.000,0.000,0.000,0.000,0.000,0.027,-0.682,0.731,0.000
1.802500e+02,PLATFORM_DELETED,target1,blue,TARGET,1.000000e+00,3.806944e+01,-1.172333e+02,1.52400000e+03,3.43336581e+06,-3.67548031e+06,3.91149325e+06,0.000,0.000,0.000,0.000,0.000,0.000,0.000,366.712,0.731,0.682,-0.000,0.000,0.000,0.000,0.000,0.027,-0.682,0.731,0.000
